fr24_id;flight;callsign;lat;lon;track;alt;gspeed;vspeed;squawk;timestamp;source;hex;type;reg;painted_as;operating_as;orig_iata;orig_icao;dest_iata;dest_icao;eta
3dfbb575;AA1349;AAL1349;3.281.462;-9.580.302;245;40000;346;0;565;2026-01-20T15:59:57Z;ADSB;ADC65E;B738;N987NN;AAL;AAL;JFK;KJFK;AUS;KAUS;2026-01-20T16:34:08Z
3dfbcb4e;DL2301;DAL2301;3.169.109;-8.577.339;138;39000;502;0;2637;2026-01-20T15:59:58Z;ADSB;A7824E;B753;N583NW;DAL;DAL;MSP;KMSP;TPA;KTPA;2026-01-20T16:44:48Z
3dfc602a;DL2582;DAL2582;3.593.753;-11.538.531;52;39000;436;0;2062;2026-01-20T15:59:59Z;ADSB;A0757F;BCS1;N129DU;DAL;DAL;BUR;KBUR;SLC;KSLC;2026-01-20T16:59:44Z
3dfbebeb;DL8851;DAL8851;3.786.596;-10.055.422;291;40000;368;0;7120;2026-01-20T15:59:59Z;ADSB;A8DEF1;B752;N6706Q;DAL;DAL;ATL;KATL;DEN;KDEN;2026-01-20T16:41:04Z
3dfc6248;UA1384;UAL1384;3.817.987;-10.132.871;278;38025;386;0;2526;2026-01-20T15:59:58Z;ADSB;AC4107;A319;N889UA;UAL;UAL;ICT;KICT;DEN;KDEN;2026-01-20T16:40:32Z
3dfc1f4a;UA1666;UAL1666;3.889.849;-9.825.635;266;38000;377;0;4054;2026-01-20T15:59:58Z;ADSB;A3C775;B738;N34222;UAL;UAL;CVG;KCVG;DEN;KDEN;2026-01-20T16:51:12Z
3dfc46ab;DL853;DAL853;5.901.674;-14.051.558;127;39000;487;0;7270;2026-01-20T15:59:56Z;ESTIMATED;A44502;B738;N3740C;DAL;DAL;ANC;PANC;SEA;KSEA;2026-01-20T18:12:16Z
3dfb8063;BA53;BAW5EA;6.741.064;-1.002.113;222;40000;518;0;2163;2026-01-20T15:59:58Z;ADSB;400774;B772;G-VIIW;BAW;BAW;LHR;EGLL;SEA;KSEA;2026-01-20T19:12:00Z
3dfb5cc2;KL689;KLM689;4.696.329;-8.272.797;221;40000;458;0;747;2026-01-20T15:59:58Z;ADSB;485785;B789;PH-BHN;KLM;KLM;AMS;EHAM;CUN;MMUN;2026-01-20T19:48:16Z
3dfb5a0f;KL661;KLM661;4.788.205;-8.150.236;222;35975;461;64;750;2026-01-20T15:59:59Z;ADSB;4851B0;B789;PH-BHE;KLM;KLM;AMS;EHAM;IAH;KIAH;2026-01-20T19:01:20Z
3dfc25be;AA2896;AAL2896;3.488.567;-7.716.331;207;38000;342;0;1164;2026-01-20T15:59:58Z;ADSB;A35388;B38M;N313SB;AAL;AAL;LGA;KLGA;FLL;KFLL;2026-01-20T17:23:12Z
3dfc2269;UA1886;UAL1886;3.707.104;-7.848.818;54;38950;601;0;4026;2026-01-20T15:59:58Z;ADSB;A05A25;B752;N12125;UAL;UAL;IAH;KIAH;EWR;KEWR;2026-01-20T16:51:12Z
3dfc18c5;AA3052;AAL3052;3.646.143;-7.698.091;193;38050;361;0;555;2026-01-20T15:59:58Z;ADSB;AB4EA8;A319;N828AW;AAL;AAL;DCA;KDCA;FLL;KFLL;2026-01-20T17:40:16Z
3dfb5ea7;UA905;UAL905;4.617.884;-7.120.068;210;38025;386;64;711;2026-01-20T15:59:58Z;ADSB;A9178D;B763;N685UA;UAL;UAL;LHR;EGLL;EWR;KEWR;2026-01-20T17:08:16Z
3dfb6bff;AF636;AFR636P;5.426.134;-7.839.703;225;38000;473;64;756;2026-01-20T15:59:59Z;ADSB;39D2A6;A359;F-HUVG;AFR;AFR;CDG;LFPG;IAH;KIAH;2026-01-20T20:03:12Z
3dfc13ad;UA654;UAL654;3.121.715;-10.122.366;96;39000;527;0;1021;2026-01-20T15:59:57Z;ADSB;A0A8DF;B752;N14107;UAL;UAL;LAX;KLAX;IAH;KIAH;2026-01-20T16:49:04Z
3dfc3751;AA3139;AAL3139;3.157.378;-9.117.719;108;39025;550;0;3074;2026-01-20T15:59:59Z;ADSB;A0480B;A320;N117UW;AAL;AAL;DFW;KDFW;PNS;KPNS;2026-01-20T16:36:16Z
3dfc099d;AA2523;AAL2523;3.426.156;-8.074.487;199;38000;366;0;1573;2026-01-20T15:59:58Z;ADSB;A3B88E;B738;N339PL;AAL;AAL;PHL;KPHL;TPA;KTPA;2026-01-20T17:01:52Z
3dfab1a1;UA830;UAL830;3.621.616;-12.470.112;53;38100;499;-2176;1422;2026-01-20T15:59:57Z;ADSB;A1FCC5;B772;N227UA;UAL;UAL;SYD;YSSY;SFO;KSFO;2026-01-20T16:25:36Z
3dfc5bb8;AA882;AAL882;3.611.591;-11.551.151;304;38000;393;0;1523;2026-01-20T15:59:58Z;ADSB;AB5FDD;A319;N832AW;AAL;AAL;PHX;KPHX;RNO;KRNO;2026-01-20T16:53:20Z
3dfc31b9;DL2947;DAL2947;3.730.962;-12.063.146;166;38975;471;0;3535;2026-01-20T15:59:57Z;ADSB;A39E6B;A319;N332NB;;;PDX;KPDX;LAX;KLAX;2026-01-20T16:42:40Z
3dfc50ea;UA357;UAL357;3.632.732;-10.014.803;317;38000;377;-64;6217;2026-01-20T15:59:57Z;ADSB;A43EA3;B738;N37274;UAL;UAL;DFW;KDFW;DEN;KDEN;2026-01-20T16:53:20Z
3dfc4a66;UA595;UAL595;3.704.711;-10.028.935;297;38000;368;-64;2752;2026-01-20T15:59:58Z;ADSB;A465DF;B738;N38257;UAL;UAL;AUS;KAUS;DEN;KDEN;2026-01-20T16:49:04Z
3dfb1d91;DL166;DAL166;499.006;-12.574.149;127;39000;526;0;7243;2026-01-20T15:59:58Z;ADSB;A65BB7;A359;N509DN;DAL;DAL;HND;RJTT;SEA;KSEA;2026-01-20T16:32:00Z
3dfb554c;KL601;KLM601;5.480.148;-10.545.269;196;38000;543;0;3351;2026-01-20T15:59:58Z;ADSB;485F84;B78X;PH-BKQ;KLM;KLM;AMS;EHAM;LAX;KLAX;2026-01-20T19:01:20Z
3dfb459f;DL57;DAL57;5.757.441;-10.078.397;195;40000;518;-64;1742;2026-01-20T15:59:58Z;ADSB;AB00D6;A333;N808NW;DAL;DAL;AMS;EHAM;SLC;KSLC;2026-01-20T18:29:20Z
3dfbc8a3;UA4200;UAL4200;2.744.371;-7.840.498;5;41000;482;0;5746;2026-01-20T15:59:59Z;ADSB;A8EC57;B763;N674UA;UAL;UAL;MDE;SKRG;EWR;KEWR;2026-01-20T17:53:38Z
3dfc6318;AA2111;AAL2111;3.847.682;-7.763.467;226;38000;331;0;1666;2026-01-20T15:59:57Z;MLAT;AB7270;A319;N837AW;AAL;AAL;LGA;KLGA;CLT;KCLT;2026-01-20T16:44:48Z
3dfb55ab;DL33;DAL33;4.498.454;-7.395.326;222;40000;382;0;706;2026-01-20T15:59:58Z;ADSB;A50E93;A339;N425DX;DAL;DAL;LHR;EGLL;ATL;KATL;2026-01-20T18:22:56Z
3dfb6bb5;AF158;AFR158K;5.552.051;-7.572.934;227;36000;457;0;2403;2026-01-20T15:59:57Z;ADSB;3949F4;B772;F-GSPU;AFR;AFR;CDG;LFPG;DFW;KDFW;2026-01-20T19:41:52Z
3dfc1880;AA1293;AAL1293;3.368.045;-8.446.163;156;39000;471;0;5663;2026-01-20T15:59:58Z;ADSB;A3C291;B38M;N341RW;AAL;AAL;ORD;KORD;MCO;KMCO;2026-01-20T16:57:36Z
3dfc0e0a;AA1283;AAL1283;294.099;-8.113.007;182;38000;422;0;4074;2026-01-20T15:59:58Z;ADSB;A4008E;B38M;N357TY;AAL;AAL;IND;KIND;MIA;KMIA;2026-01-20T16:40:32Z
3dfbe8e0;DL1794;DAL1794;3.059.464;-8.176.443;351;38975;436;0;4614;2026-01-20T15:59:58Z;ADSB;A93D9F;B752;N695DL;DAL;DAL;SJO;MROC;ATL;KATL;2026-01-20T16:40:32Z
3dfbf6a5;AA3317;AAL3317;3.106.137;-8.106.504;180;40000;409;0;2750;2026-01-20T15:59:59Z;ADSB;ACF849;B738;N935AN;AAL;AAL;LGA;KLGA;PBI;KPBI;2026-01-20T16:46:56Z
3dfc6077;UA1119;UAL1119;3.693.794;-1.024.656;139;38800;512;576;3536;2026-01-20T15:59:58Z;ADSB;A1CDD8;B772;N215UA;UAL;UAL;DEN;KDEN;CUN;MMUN;2026-01-20T18:50:40Z
3dfc61e8;UA2609;UAL2609;3.683.446;-10.072.037;316;40000;379;0;634;2026-01-20T15:59:58Z;ADSB;A43EA2;B738;N37273;UAL;UAL;OKC;KOKC;DEN;KDEN;2026-01-20T16:49:04Z
3dfb53b3;UA6;UAL6;5.573.589;-13.833.211;106;39000;534;0;5721;2026-01-20T15:59:58Z;ADSB;A31A76;B789;N29984;UAL;UAL;NRT;RJAA;IAH;KIAH;2026-01-20T20:39:28Z
3dfb71d2;LH454;DLH454;6.752.444;-10.211.465;218;36000;532;0;1710;2026-01-20T15:59:59Z;ADSB;3C4B2A;B748;D-ABYJ;DLH;DLH;FRA;EDDF;SFO;KSFO;2026-01-20T20:11:44Z
3dfb80ef;LH456;DLH456;6.965.086;-9.648.873;219;32000;529;-128;1310;2026-01-20T15:59:58Z;ADSB;3C4B2D;B748;D-ABYM;DLH;DLH;FRA;EDDF;LAX;KLAX;2026-01-20T20:52:16Z
3dfbe9c7;AA3193;AAL3193;3.633.882;-932.308;304;38025;362;-128;2031;2026-01-20T15:59:58Z;ADSB;AC7A33;A319;N9029F;AAL;AAL;MIA;KMIA;EGE;KEGE;2026-01-20T17:50:56Z
3dfc075e;AA2731;AAL2731;3.546.121;-9.013.206;245;38000;376;0;1120;2026-01-20T15:59:58Z;ADSB;AAE958;B788;N802AN;AAL;AAL;PHL;KPHL;DFW;KDFW;2026-01-20T17:01:52Z
3dfc471c;AA1616;AAL1616;3.758.963;-858.176;298;38000;364;0;5751;2026-01-20T15:59:58Z;ADSB;AD8895;B738;N971NN;AAL;AAL;CLT;KCLT;MCI;KMCI;2026-01-20T17:14:40Z
3dfc29a2;UA3895;UAL3895;4.118.536;-8.382.153;264;40000;374;0;7155;2026-01-20T15:59:59Z;ADSB;A8E24D;B752;N67134;UAL;UAL;EWR;KEWR;AMA;KAMA;2026-01-20T18:05:52Z
3dfbfb71;DL1930;DAL1930;2.743.089;-6.725.838;166;39000;440;0;3060;2026-01-20T15:59:56Z;ESTIMATED;A8DE10;B752;N6700;;;JFK;KJFK;STT;TIST;2026-01-20T17:18:56Z
3dfb5e2d;KL623;KLM623;4.726.616;-7.285.769;237;34000;440;0;754;2026-01-20T15:59:57Z;ADSB;485E2E;B78X;PH-BKH;KLM;KLM;AMS;EHAM;ATL;KATL;2026-01-20T18:31:28Z
3dfa9c2b;DL42;DAL42;2.988.674;-12.456.667;57;41000;525;0;2000;2026-01-20T15:59:55Z;ESTIMATED;A6A347;A359;N527DN;DAL;DAL;SYD;YSSY;LAX;KLAX;2026-01-20T17:01:52Z
3dfc21cf;DL830;DAL830;3.355.865;-9.476.532;274;40000;367;0;2001;2026-01-20T15:59:58Z;ADSB;ABD018;A332;N860NW;DAL;DAL;ATL;KATL;SLC;KSLC;2026-01-20T18:16:32Z
3dfb9bef;UA2115;UAL2115;3.927.699;-11.308.281;252;38000;416;0;7172;2026-01-20T15:59:58Z;ADSB;A16E7D;B752;N19117;UAL;UAL;EWR;KEWR;SFO;KSFO;2026-01-20T17:10:24Z
3dfb2fe8;DL120;DAL120;5.590.398;-12.849.789;101;41000;543;0;7425;2026-01-20T15:59:58Z;ADSB;A68946;A359;N520DN;DAL;DAL;HND;RJTT;MSP;KMSP;2026-01-20T19:01:20Z
3dfbb609;DL966;DAL966;476.916;-11.872.883;274;40000;389;0;4021;2026-01-20T15:59:58Z;ADSB;A4A0CD;B738;N398DA;DAL;DAL;CVG;KCVG;SEA;KSEA;2026-01-20T16:29:52Z
3dfb1035;DL274;DAL274;5.318.958;-11.497.977;123;41000;552;0;1337;2026-01-20T15:59:57Z;ADSB;A65800;A359;N508DN;DAL;DAL;HND;RJTT;DTW;KDTW;2026-01-20T18:44:16Z
3dfb5b3f;KL605;KLM373;5.876.225;-11.208.633;204;38000;555;-64;1307;2026-01-20T15:59:59Z;ADSB;486071;B78X;PH-BKL;KLM;KLM;AMS;EHAM;SFO;KSFO;2026-01-20T18:52:48Z
3dfbfe28;UA3929;UAL3929;4.018.263;-9.680.719;92;41000;521;0;3220;2026-01-20T15:59:57Z;ADSB;A2E045;B739;N28478;UAL;UAL;SFO;KSFO;IAD;KIAD;2026-01-20T17:53:04Z
3dfb6660;AF338;AFR338;6.440.039;-10.627.251;216;40000;533;0;3322;2026-01-20T15:59:59Z;ADSB;39D2B3;A359;F-HUVT;AFR;AFR;CDG;LFPG;SEA;KSEA;2026-01-20T18:31:28Z
3dfc2a84;AA1172;AAL1172;3.594.196;-8.320.901;138;38975;508;0;1377;2026-01-20T15:59:57Z;ADSB;AAEF89;A319;N8031M;AAL;AAL;ORD;KORD;STT;TIST;2026-01-20T19:14:08Z
3dfc08be;DL713;DAL713;3.975.806;-9.069.811;263;40000;388;0;7106;2026-01-20T15:59:59Z;ADSB;ABCA08;A332;N859NW;DAL;DAL;JFK;KJFK;LAX;KLAX;2026-01-20T19:31:12Z
3dfbef7c;UA297;UAL297;4.591.676;-9.527.686;279;38000;387;0;3054;2026-01-20T15:59:58Z;ADSB;A2B10C;B38M;N27252;UAL;UAL;EWR;KEWR;BZN;KBZN;2026-01-20T17:48:48Z
3df77bd0;DL274;DAL274;4.221.032;-8.335.698;118;0;0;0;6527;2026-01-20T15:59:56Z;ADSB;A661C7;A359;N510DN;DAL;DAL;HND;RJTT;DTW;KDTW;2026-01-19T18:59:44Z
3dfc1af7;AA1688;AAL1688;3.899.118;-7.699.945;225;38000;346;-64;3461;2026-01-20T15:59:59Z;ADSB;ADECA5;A321;N997AA;AAL;AAL;BOS;KBOS;CLT;KCLT;2026-01-20T16:53:20Z
3dfc5de4;AA142;AAL142;4.389.713;-6.892.731;51;39000;612;0;2610;2026-01-20T15:59:59Z;ADSB;AACAA5;B772;N795AN;AAL;AAL;JFK;KJFK;LHR;EGLL;2026-01-20T21:34:56Z
3dfb6eb6;BA175;BAW7NY;4.653.934;-6.804.918;211;38000;412;0;763;2026-01-20T15:59:58Z;ADSB;4005C1;B772;G-RAES;BAW;BAW;LHR;EGLL;JFK;KJFK;2026-01-20T17:14:40Z
3dfc5ca0;DL1112;DAL1112;3.334.076;-11.502.389;98;39000;503;0;6736;2026-01-20T15:59:58Z;ADSB;A4463E;B738;N3749D;DAL;DAL;LAX;KLAX;MSY;KMSY;2026-01-20T18:42:08Z
3dfbf6a2;UA1898;UAL1898;3.294.106;-9.250.292;188;38000;403;0;1331;2026-01-20T15:59:57Z;ADSB;A35843;B739;N31412;UAL;UAL;BWI;KBWI;IAH;KIAH;2026-01-20T16:42:40Z
3dfc35bc;AA1766;AAL1766;3.422.205;-9.290.336;71;39000;548;0;3065;2026-01-20T15:59:57Z;ADSB;AD1986;B738;N943NN;AAL;AAL;DFW;KDFW;JFK;KJFK;2026-01-20T18:22:56Z
3dfc3057;AA2097;AAL2097;2.802.246;-8.696.725;293;38000;413;0;0;2026-01-20T15:59:51Z;ADSB;A99D89;B77W;N719AN;AAL;AAL;MIA;KMIA;DFW;KDFW;2026-01-20T17:40:16Z
3dfbfc5c;DL8800;DAL8800;2.879.979;-8.311.141;156;39000;466;0;1012;2026-01-20T15:59:59Z;ADSB;ACB878;B739;N919DU;DAL;DAL;MSP;KMSP;MIA;KMIA;2026-01-20T16:39:40Z
3dfbeb3c;DL1368;DAL1368;3.192.096;-8.659.917;232;38025;300;0;7177;2026-01-20T15:59:58Z;ADSB;A3D4C6;A319;N346NB;DAL;DAL;JFK;KJFK;MSY;KMSY;2026-01-20T16:42:40Z
3dfbe93a;UA1256;UAL1256;3.885.544;-10.076.958;269;38000;395;0;7125;2026-01-20T15:59:58Z;ADSB;A288FF;B738;N26210;UAL;UAL;CLT;KCLT;DEN;KDEN;2026-01-20T16:36:16Z
3dfb3347;UA838;UAL838;4.241.957;-13.069.009;127;39000;507;0;6266;2026-01-20T15:59:56Z;ESTIMATED;AA92FF;B772;N78008;UAL;UAL;NRT;RJAA;SFO;KSFO;2026-01-20T17:10:24Z
3dfbf396;UA1116;UAL1116;4.197.527;-11.386.927;247;38000;412;0;3657;2026-01-20T15:59:58Z;ADSB;A28947;B738;N26232;UAL;UAL;MSP;KMSP;SFO;KSFO;2026-01-20T17:16:48Z
3dfb37ee;DL188;DAL188;5.581.633;-15.270.181;81;39000;505;0;7454;2026-01-20T15:59:56Z;ADSB;A69822;A359;N524DN;DAL;DAL;ICN;RKSI;ATL;KATL;2026-01-20T22:09:04Z
3dfc4469;AA2581;AAL2581;3.560.074;-9.482.552;41;39000;496;64;3044;2026-01-20T15:59:58Z;ADSB;AD3FD9;B738;N953AN;AAL;AAL;DFW;KDFW;MKE;KMKE;2026-01-20T17:23:12Z
3dfc2d74;AA249;AAL249;3.625.378;-93.435;218;38000;392;0;6277;2026-01-20T15:59:59Z;ADSB;A3CDE4;B38M;N344TS;AAL;AAL;ORD;KORD;MEX;MMMX;2026-01-20T18:40:00Z
3dfb76b5;AF84;AFR84T;6.628.696;-8.882.557;239;34000;491;0;0;2026-01-20T15:59:56Z;ESTIMATED;3965A0;B77W;F-GZNA;AFR;AFR;CDG;LFPG;SFO;KSFO;2026-01-20T20:43:44Z
3dfb54ee;BA117;BAW17R;4.266.362;-7.318.455;214;36050;386;-1664;751;2026-01-20T15:59:59Z;ADSB;400685;B772;G-VIIM;BAW;BAW;LHR;EGLL;JFK;KJFK;2026-01-20T16:36:16Z
3dfb79f6;BA195;BAW26E;5.157.344;-741.975;236;38000;456;0;767;2026-01-20T15:59:55Z;ADSB;40749B;B789;G-ZBKR;BAW;BAW;LHR;EGLL;IAH;KIAH;2026-01-20T20:03:12Z
3dfbb575;AA1349;AAL1349;3.242.266;-9.618.093;216;40000;373;0;565;2026-01-20T16:04:58Z;ADSB;ADC65E;B738;N987NN;AAL;AAL;JFK;KJFK;AUS;KAUS;2026-01-20T16:36:16Z
3dfbcb4e;DL2301;DAL2301;3.117.115;-852.405;138;39000;492;0;2637;2026-01-20T16:04:58Z;ADSB;A7824E;B753;N583NW;DAL;DAL;MSP;KMSP;TPA;KTPA;2026-01-20T16:44:48Z
3dfc602a;DL2582;DAL2582;3.635.381;-11.486.406;41;38975;427;0;2062;2026-01-20T16:04:59Z;ADSB;A0757F;BCS1;N129DU;DAL;DAL;BUR;KBUR;SLC;KSLC;2026-01-20T17:01:52Z
3dfbebeb;DL8851;DAL8851;380.815;-10.114.814;295;40000;376;-64;7120;2026-01-20T16:04:58Z;ADSB;A8DEF1;B752;N6706Q;DAL;DAL;ATL;KATL;DEN;KDEN;2026-01-20T16:41:56Z
3dfc6248;UA1384;UAL1384;3.843.381;-10.192.566;301;34000;386;-64;2526;2026-01-20T16:04:59Z;ADSB;AC4107;A319;N889UA;UAL;UAL;ICT;KICT;DEN;KDEN;2026-01-20T16:40:32Z
3dfc1f4a;UA1666;UAL1666;3.886.583;-9.892.675;266;38000;379;0;4054;2026-01-20T16:04:58Z;ADSB;A3C775;B738;N34222;UAL;UAL;CVG;KCVG;DEN;KDEN;2026-01-20T16:57:36Z
3dfc46ab;DL853;DAL853;5.859.522;-13.950.699;129;39000;487;0;7270;2026-01-20T16:04:54Z;ESTIMATED;A44502;B738;N3740C;DAL;DAL;ANC;PANC;SEA;KSEA;2026-01-20T18:12:16Z
3dfb8063;BA53;BAW5EA;6.687.131;-10.144.691;221;40000;518;0;2163;2026-01-20T16:04:58Z;ADSB;400774;B772;G-VIIW;BAW;BAW;LHR;EGLL;SEA;KSEA;2026-01-20T19:09:52Z
3dfb5cc2;KL689;KLM689;4.648.967;-8.333.693;221;40000;456;0;747;2026-01-20T16:04:57Z;ADSB;485785;B789;PH-BHN;KLM;KLM;AMS;EHAM;CUN;MMUN;2026-01-20T19:48:16Z
3dfb5a0f;KL661;KLM661;4.741.085;-8.213.844;222;36000;460;-64;750;2026-01-20T16:04:58Z;ADSB;4851B0;B789;PH-BHE;KLM;KLM;AMS;EHAM;IAH;KIAH;2026-01-20T18:57:04Z
3dfc25be;AA2896;AAL2896;3.445.112;-7.741.716;189;38000;375;0;1164;2026-01-20T16:04:59Z;ADSB;A35388;B38M;N313SB;AAL;AAL;LGA;KLGA;FLL;KFLL;2026-01-20T17:25:20Z
3dfc18c5;AA3052;AAL3052;3.598.925;-7.711.958;193;38075;352;0;555;2026-01-20T16:04:58Z;ADSB;AB4EA8;A319;N828AW;AAL;AAL;DCA;KDCA;FLL;KFLL;2026-01-20T17:42:24Z
3dfc2269;UA1886;UAL1886;3.757.292;-7.767.423;32;38950;568;0;4026;2026-01-20T16:04:59Z;ADSB;A05A25;B752;N12125;UAL;UAL;IAH;KIAH;EWR;KEWR;2026-01-20T16:49:04Z
3dfb5ea7;UA905;UAL905;4.571.059;-715.993;210;38025;391;64;711;2026-01-20T16:04:59Z;ADSB;A9178D;B763;N685UA;UAL;UAL;LHR;EGLL;EWR;KEWR;2026-01-20T17:06:08Z
3dfb6bff;AF636;AFR636P;5.382.417;-7.915.163;225;38000;480;0;756;2026-01-20T16:04:42Z;ADSB;39D2A6;A359;F-HUVG;AFR;AFR;CDG;LFPG;IAH;KIAH;2026-01-20T19:48:16Z
3dfc13ad;UA654;UAL654;3.113.223;-10.037.434;96;39000;527;0;1021;2026-01-20T16:04:58Z;ADSB;A0A8DF;B752;N14107;UAL;UAL;LAX;KLAX;IAH;KIAH;2026-01-20T16:49:04Z
3dfc3751;AA3139;AAL3139;3.132.663;-9.033.299;109;38225;548;-896;3074;2026-01-20T16:04:59Z;ADSB;A0480B;A320;N117UW;AAL;AAL;DFW;KDFW;PNS;KPNS;2026-01-20T16:36:16Z
3dfc099d;AA2523;AAL2523;3.378.534;-8.094.351;199;38000;365;0;1573;2026-01-20T16:04:58Z;ADSB;A3B88E;B738;N339PL;AAL;AAL;PHL;KPHL;TPA;KTPA;2026-01-20T17:01:52Z
3dfab1a1;UA830;UAL830;3.663.579;-12.397.231;54;26850;487;-2112;1422;2026-01-20T16:04:59Z;ADSB;A1FCC5;B772;N227UA;UAL;UAL;SYD;YSSY;SFO;KSFO;2026-01-20T16:33:35Z
3dfc31b9;DL2947;DAL2947;3.666.761;-12.042.459;165;39000;475;0;3535;2026-01-20T16:04:59Z;ADSB;A39E6B;A319;N332NB;;;PDX;KPDX;LAX;KLAX;2026-01-20T16:40:32Z
3dfc5bb8;AA882;AAL882;3.642.759;-1.160.684;304;38025;396;0;1523;2026-01-20T16:04:58Z;ADSB;AB5FDD;A319;N832AW;AAL;AAL;PHX;KPHX;RNO;KRNO;2026-01-20T16:53:20Z
3dfc50ea;UA357;UAL357;3.687.831;-10.008.061;14;38000;428;64;6217;2026-01-20T16:04:58Z;ADSB;A43EA3;B738;N37274;UAL;UAL;DFW;KDFW;DEN;KDEN;2026-01-20T16:55:28Z
3dfc4a66;UA595;UAL595;3.728.867;-10.084.452;298;38000;365;0;2752;2026-01-20T16:04:57Z;ADSB;A465DF;B738;N38257;UAL;UAL;AUS;KAUS;DEN;KDEN;2026-01-20T16:49:04Z
3dfb1d91;DL166;DAL166;4.945.116;-12.485.369;128;39000;528;0;7243;2026-01-20T16:04:58Z;ADSB;A65BB7;A359;N509DN;DAL;DAL;HND;RJTT;SEA;KSEA;2026-01-20T16:32:00Z
3dfb554c;KL601;KLM601;5.407.517;-10.582.063;196;37975;543;64;3351;2026-01-20T16:04:59Z;ADSB;485F84;B78X;PH-BKQ;KLM;KLM;AMS;EHAM;LAX;KLAX;2026-01-20T19:01:20Z
3dfb459f;DL57;DAL57;5.688.441;-10.114.067;195;40000;517;0;1742;2026-01-20T16:04:58Z;ADSB;AB00D6;A333;N808NW;DAL;DAL;AMS;EHAM;SLC;KSLC;2026-01-20T18:27:12Z
3dfbc8a3;UA4200;UAL4200;2.811.063;-7.832.666;6;41000;483;0;5746;2026-01-20T16:04:59Z;ADSB;A8EC57;B763;N674UA;UAL;UAL;MDE;SKRG;EWR;KEWR;2026-01-20T17:54:53Z
3dfc6318;AA2111;AAL2111;3.815.463;-7.805.979;226;37100;323;-960;1666;2026-01-20T16:04:59Z;MLAT;AB7270;A319;N837AW;AAL;AAL;LGA;KLGA;CLT;KCLT;2026-01-20T16:46:56Z
3dfb55ab;DL33;DAL33;4.458.714;-7.446.043;222;40000;393;0;706;2026-01-20T16:04:59Z;ADSB;A50E93;A339;N425DX;DAL;DAL;LHR;EGLL;ATL;KATL;2026-01-20T18:20:48Z
3dfb6bb5;AF158;AFR158K;5.513.173;-7.645.394;226;36000;30;0;2403;2026-01-20T16:04:36Z;ADSB;3949F4;B772;F-GSPU;AFR;AFR;CDG;LFPG;DFW;KDFW;2026-01-20T19:41:52Z
3dfc0e0a;AA1283;AAL1283;2.881.009;-8.095.207;161;38000;453;-64;4074;2026-01-20T16:04:58Z;ADSB;A4008E;B38M;N357TY;AAL;AAL;IND;KIND;MIA;KMIA;2026-01-20T16:38:24Z
3dfbe8e0;DL1794;DAL1794;311.088;-8.204.805;333;39000;407;64;4614;2026-01-20T16:04:59Z;ADSB;A93D9F;B752;N695DL;DAL;DAL;SJO;MROC;ATL;KATL;2026-01-20T16:42:40Z
3dfbf6a5;AA3317;AAL3317;3.049.241;-8.108.234;183;35575;405;-960;2750;2026-01-20T16:04:59Z;ADSB;ACF849;B738;N935AN;AAL;AAL;LGA;KLGA;PBI;KPBI;2026-01-20T16:49:04Z
3dfc1880;AA1293;AAL1293;3.307.979;-8.410.841;153;39000;485;0;5663;2026-01-20T16:04:58Z;ADSB;A3C291;B38M;N341RW;AAL;AAL;ORD;KORD;MCO;KMCO;2026-01-20T16:57:36Z
3dfc6077;UA1119;UAL1119;3.639.687;-10.189.574;139;39000;511;0;3536;2026-01-20T16:04:58Z;ADSB;A1CDD8;B772;N215UA;UAL;UAL;DEN;KDEN;CUN;MMUN;2026-01-20T18:48:32Z
3dfc61e8;UA2609;UAL2609;3.719.325;-10.118.782;310;40000;372;-64;634;2026-01-20T16:04:58Z;ADSB;A43EA2;B738;N37273;UAL;UAL;OKC;KOKC;DEN;KDEN;2026-01-20T16:49:04Z
3dfb53b3;UA6;UAL6;5.551.969;-13.707.762;107;39000;537;-64;5721;2026-01-20T16:04:57Z;ADSB;A31A76;B789;N29984;UAL;UAL;NRT;RJAA;IAH;KIAH;2026-01-20T20:37:20Z
3dfb71d2;LH454;DLH454;6.693.979;-1.032.759;217;36000;534;0;1710;2026-01-20T16:04:59Z;ADSB;3C4B2A;B748;D-ABYJ;DLH;DLH;FRA;EDDF;SFO;KSFO;2026-01-20T20:09:36Z
3dfb80ef;LH456;DLH456;6.908.208;-9.777.636;217;32000;523;192;1310;2026-01-20T16:04:59Z;ADSB;3C4B2D;B748;D-ABYM;DLH;DLH;FRA;EDDF;LAX;KLAX;2026-01-20T20:52:16Z
3dfc075e;AA2731;AAL2731;3.524.484;-9.071.101;245;38000;372;0;1120;2026-01-20T16:04:58Z;ADSB;AAE958;B788;N802AN;AAL;AAL;PHL;KPHL;DFW;KDFW;2026-01-20T17:01:52Z
3dfbe9c7;AA3193;AAL3193;3.657.893;-9.376.025;299;38025;354;64;2031;2026-01-20T16:04:57Z;ADSB;AC7A33;A319;N9029F;AAL;AAL;MIA;KMIA;EGE;KEGE;2026-01-20T17:44:32Z
3dfc471c;AA1616;AAL1616;3.782.973;-8.637.118;298;38000;359;0;5751;2026-01-20T16:04:58Z;ADSB;AD8895;B738;N971NN;AAL;AAL;CLT;KCLT;MCI;KMCI;2026-01-20T17:14:40Z
3dfc29a2;UA3895;UAL3895;4.113.184;-8.450.372;263;40000;373;0;7155;2026-01-20T16:04:58Z;ADSB;A8E24D;B752;N67134;UAL;UAL;EWR;KEWR;AMA;KAMA;2026-01-20T18:05:52Z
3dfb5e2d;KL623;KLM623;4.693.192;-7.360.945;236;34000;442;-64;754;2026-01-20T16:04:58Z;ADSB;485E2E;B78X;PH-BKH;KLM;KLM;AMS;EHAM;ATL;KATL;2026-01-20T18:31:28Z
3dfa9c2b;DL42;DAL42;3.027.218;-12.386.169;58;41000;523;0;2000;2026-01-20T16:04:59Z;ESTIMATED;A6A347;A359;N527DN;DAL;DAL;SYD;YSSY;LAX;KLAX;2026-01-20T17:01:52Z
3dfc21cf;DL830;DAL830;3.359.475;-9.537.655;273;40000;368;0;2001;2026-01-20T16:04:58Z;ADSB;ABD018;A332;N860NW;DAL;DAL;ATL;KATL;SLC;KSLC;2026-01-20T18:18:40Z
3dfb9bef;UA2115;UAL2115;3.909.909;-11.379.248;251;38000;420;0;7172;2026-01-20T16:04:58Z;ADSB;A16E7D;B752;N19117;UAL;UAL;EWR;KEWR;SFO;KSFO;2026-01-20T17:12:32Z
3dfb2fe8;DL120;DAL120;5.574.106;-12.719.946;103;41000;536;-64;7425;2026-01-20T16:04:58Z;ADSB;A68946;A359;N520DN;DAL;DAL;HND;RJTT;MSP;KMSP;2026-01-20T18:59:12Z
3dfbb609;DL966;DAL966;4.773.331;-1.195.274;276;40000;389;-64;4021;2026-01-20T16:04:59Z;ADSB;A4A0CD;B738;N398DA;DAL;DAL;CVG;KCVG;SEA;KSEA;2026-01-20T16:32:00Z
3dfb1035;DL274;DAL274;527.584;-11.391.943;124;41000;555;0;1337;2026-01-20T16:04:59Z;ADSB;A65800;A359;N508DN;DAL;DAL;HND;RJTT;DTW;KDTW;2026-01-20T18:44:16Z
3dfb5b3f;KL605;KLM373;5.806.137;-11.267.941;203;37975;554;128;1307;2026-01-20T16:04:57Z;ADSB;486071;B78X;PH-BKL;KLM;KLM;AMS;EHAM;SFO;KSFO;2026-01-20T18:50:40Z
3dfb6660;AF338;AFR338;6.380.722;-10.726.765;215;40000;536;0;3322;2026-01-20T16:04:58Z;ADSB;39D2B3;A359;F-HUVT;AFR;AFR;CDG;LFPG;SEA;KSEA;2026-01-20T18:31:28Z
3dfc2a84;AA1172;AAL1172;3.541.997;-826.157;137;39025;506;0;1377;2026-01-20T16:04:58Z;ADSB;AAEF89;A319;N8031M;AAL;AAL;ORD;KORD;STT;TIST;2026-01-20T19:14:08Z
3dfbfe28;UA3929;UAL3929;4.015.778;-9.586.152;91;41000;526;0;3220;2026-01-20T16:04:58Z;ADSB;A2E045;B739;N28478;UAL;UAL;SFO;KSFO;IAD;KIAD;2026-01-20T17:53:04Z
3dfc08be;DL713;DAL713;3.969.914;-9.138.583;263;40000;387;0;7106;2026-01-20T16:04:58Z;ADSB;ABCA08;A332;N859NW;DAL;DAL;JFK;KJFK;LAX;KLAX;2026-01-20T19:31:12Z
3dfbef7c;UA297;UAL297;4.600.145;-9.603.712;273;38000;388;0;3054;2026-01-20T16:04:57Z;ADSB;A2B10C;B38M;N27252;UAL;UAL;EWR;KEWR;BZN;KBZN;2026-01-20T17:48:48Z
3df77bd0;DL274;DAL274;4.221.032;-8.335.699;118;0;0;0;6527;2026-01-20T16:04:59Z;ADSB;A661C7;A359;N510DN;DAL;DAL;HND;RJTT;DTW;KDTW;2026-01-19T18:59:44Z
3dfc1af7;AA1688;AAL1688;3.864.585;-7.743.146;221;38000;347;-64;3461;2026-01-20T16:04:59Z;ADSB;ADECA5;A321;N997AA;AAL;AAL;BOS;KBOS;CLT;KCLT;2026-01-20T16:53:20Z
3dfc5de4;AA142;AAL142;4.442.457;-680.118;51;39000;605;0;2610;2026-01-20T16:04:58Z;ADSB;AACAA5;B772;N795AN;AAL;AAL;JFK;KJFK;LHR;EGLL;2026-01-20T21:34:56Z
3dfb6eb6;BA175;BAW7NY;4.605.385;-6.847.112;211;38000;408;64;763;2026-01-20T16:04:58Z;ADSB;4005C1;B772;G-RAES;BAW;BAW;LHR;EGLL;JFK;KJFK;2026-01-20T17:14:40Z
3dfc5ca0;DL1112;DAL1112;33.239;-11.421.255;98;39000;488;0;6736;2026-01-20T16:04:57Z;ADSB;A4463E;B738;N3749D;DAL;DAL;LAX;KLAX;MSY;KMSY;2026-01-20T18:40:00Z
3dfbf6a2;UA1898;UAL1898;323.877;-9.260.292;188;38000;401;0;1331;2026-01-20T16:04:58Z;ADSB;A35843;B739;N31412;UAL;UAL;BWI;KBWI;IAH;KIAH;2026-01-20T16:44:48Z
3dfc3057;AA2097;AAL2097;2.825.451;-8.757.778;293;38000;417;0;6073;2026-01-20T16:04:58Z;ADSB;A99D89;B77W;N719AN;AAL;AAL;MIA;KMIA;DFW;KDFW;2026-01-20T17:38:08Z
3dfbfc5c;DL8800;DAL8800;2.820.676;-8.281.478;156;39000;471;0;1012;2026-01-20T16:04:57Z;ADSB;ACB878;B739;N919DU;DAL;DAL;MSP;KMSP;MIA;KMIA;2026-01-20T16:38:38Z
3dfbeb3c;DL1368;DAL1368;3.166.474;-8.698.343;231;38000;301;0;7177;2026-01-20T16:04:57Z;ADSB;A3D4C6;A319;N346NB;DAL;DAL;JFK;KJFK;MSY;KMSY;2026-01-20T16:45:12Z
3dfbe93a;UA1256;UAL1256;3.885.242;-10.148.095;269;35475;401;-1024;7125;2026-01-20T16:04:59Z;ADSB;A288FF;B738;N26210;UAL;UAL;CLT;KCLT;DEN;KDEN;2026-01-20T16:38:24Z
3dfb3347;UA838;UAL838;4.197.528;-12.995.575;128;39000;506;0;0;2026-01-20T16:04:56Z;ADSB;AA92FF;B772;N78008;UAL;UAL;NRT;RJAA;SFO;KSFO;2026-01-20T17:06:08Z
3dfbf396;UA1116;UAL1116;4.175.148;-11.457.854;246;38000;414;0;3657;2026-01-20T16:04:59Z;ADSB;A28947;B738;N26232;UAL;UAL;MSP;KMSP;SFO;KSFO;2026-01-20T17:18:56Z
3dfc35bc;AA1766;AAL1766;3.446.006;-9.201.038;72;39000;562;0;3065;2026-01-20T16:04:59Z;ADSB;AD1986;B738;N943NN;AAL;AAL;DFW;KDFW;JFK;KJFK;2026-01-20T18:25:04Z
3dfc4469;AA2581;AAL2581;3.612.463;-9.425.557;41;39000;505;-64;3044;2026-01-20T16:04:59Z;ADSB;AD3FD9;B738;N953AN;AAL;AAL;DFW;KDFW;MKE;KMKE;2026-01-20T17:23:12Z
3dfc2d74;AA249;AAL249;3.583.786;-9.384.018;218;38000;380;0;6277;2026-01-20T16:04:58Z;ADSB;A3CDE4;B38M;N344TS;AAL;AAL;ORD;KORD;MEX;MMMX;2026-01-20T18:44:16Z
3dfb76b5;AF84;AFR84T;6.592.747;-9.026.015;235;34000;489;0;0;2026-01-20T16:04:59Z;ESTIMATED;3965A0;B77W;F-GZNA;AFR;AFR;CDG;LFPG;SFO;KSFO;2026-01-20T20:43:44Z
3dfb54ee;BA117;BAW17R;4.223.009;-7.357.851;213;28350;355;-1216;751;2026-01-20T16:04:58Z;ADSB;400685;B772;G-VIIM;BAW;BAW;LHR;EGLL;JFK;KJFK;2026-01-20T16:34:20Z
3dfb79f6;BA195;BAW26E;5.121.263;-7.504.608;235;38000;461;-64;767;2026-01-20T16:04:58Z;ADSB;40749B;B789;G-ZBKR;BAW;BAW;LHR;EGLL;IAH;KIAH;2026-01-20T20:01:04Z
3dfbb575;AA1349;AAL1349;3.200.368;-9.654.637;216;38100;360;-960;565;2026-01-20T16:09:58Z;ADSB;ADC65E;B738;N987NN;AAL;AAL;JFK;KJFK;AUS;KAUS;2026-01-20T16:40:32Z
3dfbcb4e;DL2301;DAL2301;306.594;-8.472.426;139;39000;484;0;2637;2026-01-20T16:09:58Z;ADSB;A7824E;B753;N583NW;DAL;DAL;MSP;KMSP;TPA;KTPA;2026-01-20T16:44:48Z
3dfc602a;DL2582;DAL2582;3.681.139;-11.439.594;32;39000;421;-64;2062;2026-01-20T16:09:59Z;ADSB;A0757F;BCS1;N129DU;DAL;DAL;BUR;KBUR;SLC;KSLC;2026-01-20T17:01:52Z
3dfbebeb;DL8851;DAL8851;3.833.661;-10.172.976;302;38150;374;-448;7120;2026-01-20T16:09:57Z;ADSB;A8DEF1;B752;N6706Q;DAL;DAL;ATL;KATL;DEN;KDEN;2026-01-20T16:45:33Z
3dfc6248;UA1384;UAL1384;3.871.791;-10.250.696;301;34000;390;0;2526;2026-01-20T16:09:57Z;ADSB;AC4107;A319;N889UA;UAL;UAL;ICT;KICT;DEN;KDEN;2026-01-20T16:40:32Z
3dfc1f4a;UA1666;UAL1666;3.885.119;-9.960.956;270;38000;386;0;4054;2026-01-20T16:09:58Z;ADSB;A3C775;B738;N34222;UAL;UAL;CVG;KCVG;DEN;KDEN;2026-01-20T16:55:28Z
3dfc46ab;DL853;DAL853;5.814.185;-13.837.776;129;39000;498;0;7270;2026-01-20T16:09:57Z;ADSB;A44502;B738;N3740C;DAL;DAL;ANC;PANC;SEA;KSEA;2026-01-20T18:10:08Z
3dfb8063;BA53;BAW5EA;6.632.493;-10.262.305;220;40000;520;0;2163;2026-01-20T16:09:59Z;ADSB;400774;B772;G-VIIW;BAW;BAW;LHR;EGLL;SEA;KSEA;2026-01-20T19:09:52Z
3dfb5cc2;KL689;KLM689;4.600.854;-8.394.084;220;40000;462;-64;747;2026-01-20T16:09:59Z;ADSB;485785;B789;PH-BHN;KLM;KLM;AMS;EHAM;CUN;MMUN;2026-01-20T19:48:16Z
3dfb5a0f;KL661;KLM661;4.693.504;-8.276.466;221;36000;454;0;750;2026-01-20T16:09:59Z;ADSB;4851B0;B789;PH-BHE;KLM;KLM;AMS;EHAM;IAH;KIAH;2026-01-20T18:59:12Z
3dfc25be;AA2896;AAL2896;3.393.989;-775.169;189;38000;371;0;1164;2026-01-20T16:09:57Z;ADSB;A35388;B38M;N313SB;AAL;AAL;LGA;KLGA;FLL;KFLL;2026-01-20T17:27:28Z
3dfc18c5;AA3052;AAL3052;3.550.176;-7.726.048;193;38075;363;-64;555;2026-01-20T16:09:58Z;ADSB;AB4EA8;A319;N828AW;AAL;AAL;DCA;KDCA;FLL;KFLL;2026-01-20T17:42:24Z
3dfc2269;UA1886;UAL1886;3.823.545;-7.713.471;33;38950;573;0;4026;2026-01-20T16:09:58Z;ADSB;A05A25;B752;N12125;UAL;UAL;IAH;KIAH;EWR;KEWR;2026-01-20T16:49:04Z
3dfb5ea7;UA905;UAL905;4.524.431;-719.885;210;38025;379;0;711;2026-01-20T16:09:59Z;ADSB;A9178D;B763;N685UA;UAL;UAL;LHR;EGLL;EWR;KEWR;2026-01-20T17:06:08Z
3dfb6bff;AF636;AFR636P;5.335.462;-799.272;221;38000;482;0;756;2026-01-20T16:09:54Z;ADSB;39D2A6;A359;F-HUVG;AFR;AFR;CDG;LFPG;IAH;KIAH;2026-01-20T19:39:44Z
3dfc13ad;UA654;UAL654;3.104.247;-9.953.215;97;39000;516;-64;1021;2026-01-20T16:09:58Z;ADSB;A0A8DF;B752;N14107;UAL;UAL;LAX;KLAX;IAH;KIAH;2026-01-20T16:49:04Z
3dfc3751;AA3139;AAL3139;3.113.947;-8.948.488;104;32525;536;-960;3074;2026-01-20T16:09:58Z;ADSB;A0480B;A320;N117UW;AAL;AAL;DFW;KDFW;PNS;KPNS;2026-01-20T16:43:57Z
3dfc099d;AA2523;AAL2523;3.330.286;-8.114.239;198;38000;374;0;1573;2026-01-20T16:09:59Z;ADSB;A3B88E;B738;N339PL;AAL;AAL;PHL;KPHL;TPA;KTPA;2026-01-20T17:01:52Z
3dfc31b9;DL2947;DAL2947;3.603.333;-12.022.339;165;39000;476;0;3535;2026-01-20T16:09:57Z;ADSB;A39E6B;A319;N332NB;;;PDX;KPDX;LAX;KLAX;2026-01-20T16:42:40Z
3dfc5bb8;AA882;AAL882;3.674.238;-11.663.974;304;34750;401;-960;1523;2026-01-20T16:09:59Z;ADSB;AB5FDD;A319;N832AW;AAL;AAL;PHX;KPHX;RNO;KRNO;2026-01-20T16:53:20Z
3dfab1a1;UA830;UAL830;3.698.859;-12.334.769;55;17325;426;-1856;1422;2026-01-20T16:09:58Z;ADSB;A1FCC5;B772;N227UA;UAL;UAL;SYD;YSSY;SFO;KSFO;2026-01-20T16:28:29Z
3dfc50ea;UA357;UAL357;3.728.036;-10.028.151;290;38000;367;0;6217;2026-01-20T16:09:58Z;ADSB;A43EA3;B738;N37274;UAL;UAL;DFW;KDFW;DEN;KDEN;2026-01-20T16:57:36Z
3dfc4a66;UA595;UAL595;3.753.181;-10.141.468;298;38000;378;0;2752;2026-01-20T16:09:58Z;ADSB;A465DF;B738;N38257;UAL;UAL;AUS;KAUS;DEN;KDEN;2026-01-20T16:49:04Z
3dfb1d91;DL166;DAL166;4.900.703;-12.400.608;128;30700;483;-1984;7243;2026-01-20T16:09:58Z;ADSB;A65BB7;A359;N509DN;DAL;DAL;HND;RJTT;SEA;KSEA;2026-01-20T16:42:25Z
3dfb554c;KL601;KLM601;5.335.794;-10.617.085;195;38000;543;-128;3351;2026-01-20T16:09:58Z;ADSB;485F84;B78X;PH-BKQ;KLM;KLM;AMS;EHAM;LAX;KLAX;2026-01-20T19:01:20Z
3dfb459f;DL57;DAL57;5.619.379;-10.148.429;195;40000;521;64;1742;2026-01-20T16:09:58Z;ADSB;AB00D6;A333;N808NW;DAL;DAL;AMS;EHAM;SLC;KSLC;2026-01-20T18:27:12Z
3dfbc8a3;UA4200;UAL4200;2.877.919;-7.824.732;6;41000;488;0;5746;2026-01-20T16:09:59Z;ADSB;A8EC57;B763;N674UA;UAL;UAL;MDE;SKRG;EWR;KEWR;2026-01-20T17:53:34Z
3dfc6318;AA2111;AAL2111;3.782.281;-7.845.377;221;36025;339;64;1666;2026-01-20T16:09:59Z;MLAT;AB7270;A319;N837AW;AAL;AAL;LGA;KLGA;CLT;KCLT;2026-01-20T16:49:04Z
3dfb55ab;DL33;DAL33;4.418.291;-7.496.638;221;40000;390;0;706;2026-01-20T16:09:59Z;ADSB;A50E93;A339;N425DX;DAL;DAL;LHR;EGLL;ATL;KATL;2026-01-20T18:20:48Z
3dfb6bb5;AF158;AFR158K;5.510.936;-7.651.465;242;36000;30;0;2403;2026-01-20T16:09:54Z;ESTIMATED;3949F4;B772;F-GSPU;AFR;AFR;CDG;LFPG;DFW;KDFW;2026-01-20T19:41:52Z
3dfc0e0a;AA1283;AAL1283;2.822.662;-80.68;158;36000;447;0;4074;2026-01-20T16:09:59Z;ADSB;A4008E;B38M;N357TY;AAL;AAL;IND;KIND;MIA;KMIA;2026-01-20T16:40:32Z
3dfbe8e0;DL1794;DAL1794;3.159.584;-8.231.391;353;38950;412;-576;4614;2026-01-20T16:09:59Z;ADSB;A93D9F;B752;N695DL;DAL;DAL;SJO;MROC;ATL;KATL;2026-01-20T16:44:48Z
3dfbf6a5;AA3317;AAL3317;2.992.769;-8.111.596;182;34000;408;0;2750;2026-01-20T16:09:59Z;ADSB;ACF849;B738;N935AN;AAL;AAL;LGA;KLGA;PBI;KPBI;2026-01-20T16:49:04Z
3dfc1880;AA1293;AAL1293;3.249.295;-837.647;153;35800;451;-960;5663;2026-01-20T16:09:57Z;ADSB;A3C291;B38M;N341RW;AAL;AAL;ORD;KORD;MCO;KMCO;2026-01-20T16:59:44Z
3dfc6077;UA1119;UAL1119;3.589.825;-10.126.099;133;39000;516;64;3536;2026-01-20T16:09:59Z;ADSB;A1CDD8;B772;N215UA;UAL;UAL;DEN;KDEN;CUN;MMUN;2026-01-20T18:48:32Z
3dfc61e8;UA2609;UAL2609;3.753.083;-10.168.444;310;40000;381;0;634;2026-01-20T16:09:59Z;ADSB;A43EA2;B738;N37273;UAL;UAL;OKC;KOKC;DEN;KDEN;2026-01-20T16:49:04Z
3dfb53b3;UA6;UAL6;5.528.961;-1.358.306;108;39000;530;-64;5721;2026-01-20T16:09:59Z;ADSB;A31A76;B789;N29984;UAL;UAL;NRT;RJAA;IAH;KIAH;2026-01-20T20:39:28Z
3dfb71d2;LH454;DLH454;6.634.854;-10.437.984;216;36000;531;0;1710;2026-01-20T16:09:59Z;ADSB;3C4B2A;B748;D-ABYJ;DLH;DLH;FRA;EDDF;SFO;KSFO;2026-01-20T20:09:36Z
3dfb80ef;LH456;DLH456;6.851.202;-9.898.185;216;32000;521;128;1310;2026-01-20T16:09:58Z;ADSB;3C4B2D;B748;D-ABYM;DLH;DLH;FRA;EDDF;LAX;KLAX;2026-01-20T20:54:24Z
3dfc075e;AA2731;AAL2731;3.502.734;-9.128.562;247;37975;374;-64;1120;2026-01-20T16:09:58Z;ADSB;AAE958;B788;N802AN;AAL;AAL;PHL;KPHL;DFW;KDFW;2026-01-20T17:04:00Z
3dfbe9c7;AA3193;AAL3193;3.681.561;-9.429.332;298;37975;351;0;2031;2026-01-20T16:09:58Z;ADSB;AC7A33;A319;N9029F;AAL;AAL;MIA;KMIA;EGE;KEGE;2026-01-20T17:44:32Z
3dfc471c;AA1616;AAL1616;3.806.735;-8.692.807;297;38000;365;-64;5751;2026-01-20T16:09:57Z;ADSB;AD8895;B738;N971NN;AAL;AAL;CLT;KCLT;MCI;KMCI;2026-01-20T17:14:40Z
3dfc29a2;UA3895;UAL3895;4.107.495;-8.517.737;263;40000;366;0;7155;2026-01-20T16:09:59Z;ADSB;A8E24D;B752;N67134;UAL;UAL;EWR;KEWR;AMA;KAMA;2026-01-20T18:05:52Z
3dfbfb71;DL1930;DAL1930;2.613.534;-670.337;165;39000;464;0;3060;2026-01-20T16:09:55Z;ESTIMATED;A8DE10;B752;N6700;;;JFK;KJFK;STT;TIST;2026-01-20T17:18:56Z
3dfb5e2d;KL623;KLM623;4.659.439;-743.483;236;34000;438;0;754;2026-01-20T16:09:57Z;ADSB;485E2E;B78X;PH-BKH;KLM;KLM;AMS;EHAM;ATL;KATL;2026-01-20T18:33:36Z
3dfa9c2b;DL42;DAL42;3.064.632;-1.231.653;58;41000;520;0;2000;2026-01-20T16:09:40Z;ADSB;A6A347;A359;N527DN;DAL;DAL;SYD;YSSY;LAX;KLAX;2026-01-20T17:01:52Z
3dfc21cf;DL830;DAL830;3.372.277;-9.597.107;286;40000;371;-128;2001;2026-01-20T16:09:58Z;ADSB;ABD018;A332;N860NW;DAL;DAL;ATL;KATL;SLC;KSLC;2026-01-20T18:16:32Z
3dfb9bef;UA2115;UAL2115;3.891.467;-11.450.668;251;38000;424;0;7172;2026-01-20T16:09:58Z;ADSB;A16E7D;B752;N19117;UAL;UAL;EWR;KEWR;SFO;KSFO;2026-01-20T17:10:24Z
3dfb2fe8;DL120;DAL120;5.556.578;-12.592.023;104;41000;537;0;7425;2026-01-20T16:09:57Z;ADSB;A68946;A359;N520DN;DAL;DAL;HND;RJTT;MSP;KMSP;2026-01-20T18:59:12Z
3dfbb609;DL966;DAL966;4.779.378;-12.031.835;276;33900;387;-3136;4021;2026-01-20T16:09:58Z;ADSB;A4A0CD;B738;N398DA;DAL;DAL;CVG;KCVG;SEA;KSEA;2026-01-20T16:46:33Z
3dfb1035;DL274;DAL274;523.206;-11.288.628;125;41000;560;0;1337;2026-01-20T16:09:58Z;ADSB;A65800;A359;N508DN;DAL;DAL;HND;RJTT;DTW;KDTW;2026-01-20T18:42:08Z
3dfb5b3f;KL605;KLM373;5.735.948;-11.324.836;203;37975;547;-64;1307;2026-01-20T16:09:59Z;ADSB;486071;B78X;PH-BKL;KLM;KLM;AMS;EHAM;SFO;KSFO;2026-01-20T18:54:56Z
3dfb6660;AF338;AFR338;6.320.639;-10.822.292;215;40000;527;-64;3322;2026-01-20T16:09:59Z;ADSB;39D2B3;A359;F-HUVT;AFR;AFR;CDG;LFPG;SEA;KSEA;2026-01-20T18:33:36Z
3dfbef7c;UA297;UAL297;4.603.171;-9.681.367;272;38000;391;0;3054;2026-01-20T16:09:59Z;ADSB;A2B10C;B38M;N27252;UAL;UAL;EWR;KEWR;BZN;KBZN;2026-01-20T17:48:48Z
3dfc2a84;AA1172;AAL1172;3.490.738;-8.204.184;137;38450;505;-960;1377;2026-01-20T16:09:57Z;ADSB;AAEF89;A319;N8031M;AAL;AAL;ORD;KORD;STT;TIST;2026-01-20T19:14:08Z
3dfbfe28;UA3929;UAL3929;4.013.004;-9.490.063;92;41000;529;0;3220;2026-01-20T16:09:59Z;ADSB;A2E045;B739;N28478;UAL;UAL;SFO;KSFO;IAD;KIAD;2026-01-20T17:53:04Z
3dfc08be;DL713;DAL713;3.963.625;-92.072;262;40000;384;0;7106;2026-01-20T16:09:58Z;ADSB;ABCA08;A332;N859NW;DAL;DAL;JFK;KJFK;LAX;KLAX;2026-01-20T19:35:28Z
3df77bd0;DL274;DAL274;4.221.032;-8.335.699;118;0;0;0;6527;2026-01-20T16:09:57Z;ADSB;A661C7;A359;N510DN;DAL;DAL;HND;RJTT;DTW;KDTW;2026-01-19T18:59:44Z
3dfc1af7;AA1688;AAL1688;3.828.796;-7.784.202;221;38025;351;64;3461;2026-01-20T16:09:57Z;ADSB;ADECA5;A321;N997AA;AAL;AAL;BOS;KBOS;CLT;KCLT;2026-01-20T16:53:20Z
3dfc5de4;AA142;AAL142;4.494.279;-67.099;47;39000;600;-64;2610;2026-01-20T16:09:57Z;ADSB;AACAA5;B772;N795AN;AAL;AAL;JFK;KJFK;LHR;EGLL;2026-01-20T21:32:48Z
3dfb6eb6;BA175;BAW7NY;4.557.326;-6.888.013;210;38000;401;0;763;2026-01-20T16:09:58Z;ADSB;4005C1;B772;G-RAES;BAW;BAW;LHR;EGLL;JFK;KJFK;2026-01-20T17:14:40Z
3dfbf6a2;UA1898;UAL1898;3.189.322;-9.278.108;227;38000;342;0;1331;2026-01-20T16:09:58Z;ADSB;A35843;B739;N31412;UAL;UAL;BWI;KBWI;IAH;KIAH;2026-01-20T16:40:32Z
3dfc5ca0;DL1112;DAL1112;33.133;-11.340.749;99;39000;493;0;6736;2026-01-20T16:09:58Z;ADSB;A4463E;B738;N3749D;DAL;DAL;LAX;KLAX;MSY;KMSY;2026-01-20T18:42:08Z
3dfbfc5c;DL8800;DAL8800;2.758.718;-8.263.388;169;39000;460;-64;1012;2026-01-20T16:09:57Z;ADSB;ACB878;B739;N919DU;DAL;DAL;MSP;KMSP;MIA;KMIA;2026-01-20T16:39:49Z
3dfc3057;AA2097;AAL2097;284.789;-8.817.775;292;38000;408;0;6073;2026-01-20T16:09:59Z;ADSB;A99D89;B77W;N719AN;AAL;AAL;MIA;KMIA;DFW;KDFW;2026-01-20T17:40:16Z
3dfbeb3c;DL1368;DAL1368;3.140.625;-8.736.732;231;38000;304;0;7177;2026-01-20T16:09:57Z;ADSB;A3D4C6;A319;N346NB;DAL;DAL;JFK;KJFK;MSY;KMSY;2026-01-20T16:46:39Z
3dfbe93a;UA1256;UAL1256;38.845;-10.220.898;269;34000;414;0;7125;2026-01-20T16:09:58Z;ADSB;A288FF;B738;N26210;UAL;UAL;CLT;KCLT;DEN;KDEN;2026-01-20T16:36:16Z
3dfb3347;UA838;UAL838;4.162.974;-12.915.463;120;39000;503;0;6266;2026-01-20T16:09:54Z;ADSB;AA92FF;B772;N78008;UAL;UAL;NRT;RJAA;SFO;KSFO;2026-01-20T17:08:16Z
3dfbf396;UA1116;UAL1116;4.152.718;-11.528.809;247;38000;415;0;3657;2026-01-20T16:09:59Z;ADSB;A28947;B738;N26232;UAL;UAL;MSP;KMSP;SFO;KSFO;2026-01-20T17:16:48Z
3dfc2d74;AA249;AAL249;3.542.377;-9.423.781;217;38000;377;0;6277;2026-01-20T16:09:58Z;ADSB;A3CDE4;B38M;N344TS;AAL;AAL;ORD;KORD;MEX;MMMX;2026-01-20T18:40:00Z
3dfc35bc;AA1766;AAL1766;3.468.997;-9.111.864;72;39000;556;0;3065;2026-01-20T16:09:57Z;ADSB;AD1986;B738;N943NN;AAL;AAL;DFW;KDFW;JFK;KJFK;2026-01-20T18:20:48Z
3dfc4469;AA2581;AAL2581;3.663.364;-9.367.104;43;39000;499;0;3044;2026-01-20T16:09:58Z;ADSB;AD3FD9;B738;N953AN;AAL;AAL;DFW;KDFW;MKE;KMKE;2026-01-20T17:23:12Z
3dfb76b5;AF84;AFR84T;6.550.622;-9.171.387;234;34000;498;64;3311;2026-01-20T16:09:58Z;ADSB;3965A0;B77W;F-GZNA;AFR;AFR;CDG;LFPG;SFO;KSFO;2026-01-20T20:35:12Z
3dfb54ee;BA117;BAW17R;4.179.572;-7.388.555;199;24575;354;-1152;751;2026-01-20T16:09:58Z;ADSB;400685;B772;G-VIIM;BAW;BAW;LHR;EGLL;JFK;KJFK;2026-01-20T16:35:19Z
3dfb79f6;BA195;BAW26E;5.084.738;-7.587.745;234;38475;459;1024;767;2026-01-20T16:09:59Z;ADSB;40749B;B789;G-ZBKR;BAW;BAW;LHR;EGLL;IAH;KIAH;2026-01-20T19:52:32Z
3dfbb575;AA1349;AAL1349;3.158.183;-9.690.881;216;30575;397;-1984;565;2026-01-20T16:14:59Z;ADSB;ADC65E;B738;N987NN;AAL;AAL;JFK;KJFK;AUS;KAUS;2026-01-20T16:45:47Z
3dfbcb4e;DL2301;DAL2301;3.015.188;-8.421.992;139;37750;483;-960;2637;2026-01-20T16:14:58Z;ADSB;A7824E;B753;N583NW;DAL;DAL;MSP;KMSP;TPA;KTPA;2026-01-20T16:44:48Z
3dfc602a;DL2582;DAL2582;3.730.023;-11.400.279;36;35600;427;-832;2062;2026-01-20T16:14:58Z;ADSB;A0757F;BCS1;N129DU;DAL;DAL;BUR;KBUR;SLC;KSLC;2026-01-20T16:59:44Z
3dfbebeb;DL8851;DAL8851;3.860.791;-10.228.046;301;29975;373;64;7120;2026-01-20T16:14:57Z;ADSB;A8DEF1;B752;N6706Q;DAL;DAL;ATL;KATL;DEN;KDEN;2026-01-20T16:39:49Z
3dfc6248;UA1384;UAL1384;3.900.421;-10.310.254;301;32175;396;-1024;2526;2026-01-20T16:14:58Z;ADSB;AC4107;A319;N889UA;UAL;UAL;ICT;KICT;DEN;KDEN;2026-01-20T16:40:32Z
3dfc1f4a;UA1666;UAL1666;3.885.489;-10.029.216;270;38000;383;0;4054;2026-01-20T16:14:58Z;ADSB;A3C775;B738;N34222;UAL;UAL;CVG;KCVG;DEN;KDEN;2026-01-20T16:57:36Z
3dfc46ab;DL853;DAL853;577.069;-13.737.933;130;39000;499;0;7270;2026-01-20T16:14:59Z;ADSB;A44502;B738;N3740C;DAL;DAL;ANC;PANC;SEA;KSEA;2026-01-20T18:10:08Z
3dfb8063;BA53;BAW5EA;6.577.011;-10.374.916;218;40000;523;0;2163;2026-01-20T16:14:57Z;ADSB;400774;B772;G-VIIW;BAW;BAW;LHR;EGLL;SEA;KSEA;2026-01-20T19:09:52Z
3dfb5cc2;KL689;KLM689;4.552.528;-84.533;220;39975;459;128;747;2026-01-20T16:14:58Z;ADSB;485785;B789;PH-BHN;KLM;KLM;AMS;EHAM;CUN;MMUN;2026-01-20T19:46:08Z
3dfb5a0f;KL661;KLM661;4.646.509;-833.681;221;36000;452;0;750;2026-01-20T16:14:57Z;ADSB;4851B0;B789;PH-BHE;KLM;KLM;AMS;EHAM;IAH;KIAH;2026-01-20T19:01:20Z
3dfb6bff;AF636;AFR636P;5.287.938;-8.070.575;224;38000;475;0;756;2026-01-20T16:14:54Z;ESTIMATED;39D2A6;A359;F-HUVG;AFR;AFR;CDG;LFPG;IAH;KIAH;2026-01-20T19:39:44Z
3dfc25be;AA2896;AAL2896;334.246;-7.762.575;191;38000;381;64;1164;2026-01-20T16:14:59Z;ADSB;A35388;B38M;N313SB;AAL;AAL;LGA;KLGA;FLL;KFLL;2026-01-20T17:27:28Z
3dfc18c5;AA3052;AAL3052;3.501.012;-7.740.126;193;38025;366;0;555;2026-01-20T16:14:59Z;ADSB;AB4EA8;A319;N828AW;AAL;AAL;DCA;KDCA;FLL;KFLL;2026-01-20T17:42:24Z
3dfc2269;UA1886;UAL1886;388.737;-7.652.377;37;34875;567;-2368;4026;2026-01-20T16:14:58Z;ADSB;A05A25;B752;N12125;UAL;UAL;IAH;KIAH;EWR;KEWR;2026-01-20T16:49:04Z
3dfb5ea7;UA905;UAL905;4.478.943;-7.236.106;210;38000;375;0;711;2026-01-20T16:14:59Z;ADSB;A9178D;B763;N685UA;UAL;UAL;LHR;EGLL;EWR;KEWR;2026-01-20T17:01:52Z
3dfc13ad;UA654;UAL654;3.095.207;-9.871.518;95;37000;514;0;1021;2026-01-20T16:14:59Z;ADSB;A0A8DF;B752;N14107;UAL;UAL;LAX;KLAX;IAH;KIAH;2026-01-20T16:49:04Z
3dfc3751;AA3139;AAL3139;3.095.379;-8.864.127;104;22750;517;-2688;3074;2026-01-20T16:14:59Z;ADSB;A0480B;A320;N117UW;AAL;AAL;DFW;KDFW;PNS;KPNS;2026-01-20T16:41:56Z
3dfc099d;AA2523;AAL2523;3.280.634;-8.134.462;198;38000;381;0;1573;2026-01-20T16:14:58Z;ADSB;A3B88E;B738;N339PL;AAL;AAL;PHL;KPHL;TPA;KTPA;2026-01-20T17:06:08Z
3dfc31b9;DL2947;DAL2947;3.541.974;-1.199.227;148;38975;481;0;3535;2026-01-20T16:14:58Z;ADSB;A39E6B;A319;N332NB;;;PDX;KPDX;LAX;KLAX;2026-01-20T16:42:40Z
3dfab1a1;UA830;UAL830;372.768;-12.278.189;73;9675;324;128;1422;2026-01-20T16:14:58Z;ADSB;A1FCC5;B772;N227UA;UAL;UAL;SYD;YSSY;SFO;KSFO;2026-01-20T16:23:59Z
3dfc5bb8;AA882;AAL882;3.713.435;-11.712.357;317;34000;398;0;1523;2026-01-20T16:14:58Z;ADSB;AB5FDD;A319;N832AW;AAL;AAL;PHX;KPHX;RNO;KRNO;2026-01-20T16:53:20Z
3dfc50ea;UA357;UAL357;3.746.301;-10.088.196;290;38000;372;0;6217;2026-01-20T16:14:57Z;ADSB;A43EA3;B738;N37274;UAL;UAL;DFW;KDFW;DEN;KDEN;2026-01-20T16:57:36Z
3dfc4a66;UA595;UAL595;3.777.791;-10.200.379;297;38000;381;-64;2752;2026-01-20T16:14:58Z;ADSB;A465DF;B738;N38257;UAL;UAL;AUS;KAUS;DEN;KDEN;2026-01-20T16:53:20Z
3dfb1d91;DL166;DAL166;4.856.657;-12.333.513;147;21325;434;-1920;7243;2026-01-20T16:14:58Z;ADSB;A65BB7;A359;N509DN;DAL;DAL;HND;RJTT;SEA;KSEA;2026-01-20T16:37:50Z
3dfb554c;KL601;KLM601;5.263.578;-10.651.135;195;37975;540;64;3351;2026-01-20T16:14:58Z;ADSB;485F84;B78X;PH-BKQ;KLM;KLM;AMS;EHAM;LAX;KLAX;2026-01-20T18:59:12Z
3dfb459f;DL57;DAL57;5.549.976;-101.817;194;40000;517;0;1742;2026-01-20T16:14:58Z;ADSB;AB00D6;A333;N808NW;DAL;DAL;AMS;EHAM;SLC;KSLC;2026-01-20T18:27:12Z
3dfbc8a3;UA4200;UAL4200;2.946.213;-7.816.519;6;41000;494;0;5746;2026-01-20T16:14:59Z;ADSB;A8EC57;B763;N674UA;UAL;UAL;MDE;SKRG;EWR;KEWR;2026-01-20T17:51:46Z
3dfc6318;AA2111;AAL2111;3.746.815;-78.84;220;36025;341;0;1666;2026-01-20T16:14:58Z;MLAT;AB7270;A319;N837AW;AAL;AAL;LGA;KLGA;CLT;KCLT;2026-01-20T16:49:04Z
3dfb55ab;DL33;DAL33;4.378.152;-754.594;221;40000;387;0;706;2026-01-20T16:14:58Z;ADSB;A50E93;A339;N425DX;DAL;DAL;LHR;EGLL;ATL;KATL;2026-01-20T18:20:48Z
3dfb6bb5;AF158;AFR158K;5.418.864;-7.812.464;225;36000;464;0;2403;2026-01-20T16:14:58Z;ADSB;3949F4;B772;F-GSPU;AFR;AFR;CDG;LFPG;DFW;KDFW;2026-01-20T19:39:44Z
3dfc0e0a;AA1283;AAL1283;2.764.183;-8.050.058;160;30475;450;-960;4074;2026-01-20T16:14:57Z;ADSB;A4008E;B38M;N357TY;AAL;AAL;IND;KIND;MIA;KMIA;2026-01-20T16:45:22Z
3dfc1880;AA1293;AAL1293;3.192.292;-8.343.505;153;35000;457;0;5663;2026-01-20T16:14:58Z;ADSB;A3C291;B38M;N341RW;AAL;AAL;ORD;KORD;MCO;KMCO;2026-01-20T16:57:36Z
3dfbe8e0;DL1794;DAL1794;3.208.809;-8.257.784;310;35000;395;0;4614;2026-01-20T16:14:58Z;ADSB;A93D9F;B752;N695DL;DAL;DAL;SJO;MROC;ATL;KATL;2026-01-20T16:42:40Z
3dfbf6a5;AA3317;AAL3317;2.934.979;-8.103.058;160;34000;448;-64;2750;2026-01-20T16:14:58Z;ADSB;ACF849;B738;N935AN;AAL;AAL;LGA;KLGA;PBI;KPBI;2026-01-20T16:46:37Z
3dfc6077;UA1119;UAL1119;3.540.527;-10.062.664;133;39000;517;0;3536;2026-01-20T16:14:59Z;ADSB;A1CDD8;B772;N215UA;UAL;UAL;DEN;KDEN;CUN;MMUN;2026-01-20T18:48:32Z
3dfc61e8;UA2609;UAL2609;378.736;-10.218.999;313;39275;374;-1024;634;2026-01-20T16:14:58Z;ADSB;A43EA2;B738;N37273;UAL;UAL;OKC;KOKC;DEN;KDEN;2026-01-20T16:51:12Z
3dfb53b3;UA6;UAL6;5.505.137;-13.462.022;109;39000;531;-64;5721;2026-01-20T16:14:58Z;ADSB;A31A76;B789;N29984;UAL;UAL;NRT;RJAA;IAH;KIAH;2026-01-20T20:39:28Z
3dfb71d2;LH454;DLH454;6.574.294;-10.537.524;210;36000;529;0;1710;2026-01-20T16:14:58Z;ADSB;3C4B2A;B748;D-ABYJ;DLH;DLH;FRA;EDDF;SFO;KSFO;2026-01-20T20:11:44Z
3dfb80ef;LH456;DLH456;6.793.372;-10.012.769;215;32000;515;0;1310;2026-01-20T16:14:58Z;ADSB;3C4B2D;B748;D-ABYM;DLH;DLH;FRA;EDDF;LAX;KLAX;2026-01-20T20:54:24Z
3dfc075e;AA2731;AAL2731;3.484.465;-9.187.933;249;37975;380;0;1120;2026-01-20T16:14:57Z;ADSB;AAE958;B788;N802AN;AAL;AAL;PHL;KPHL;DFW;KDFW;2026-01-20T17:10:24Z
3dfbe9c7;AA3193;AAL3193;3.705.107;-9.483.229;298;38000;357;-64;2031;2026-01-20T16:14:58Z;ADSB;AC7A33;A319;N9029F;AAL;AAL;MIA;KMIA;EGE;KEGE;2026-01-20T17:48:48Z
3dfc471c;AA1616;AAL1616;383.042;-8.749.383;297;38000;363;0;5751;2026-01-20T16:14:59Z;ADSB;AD8895;B738;N971NN;AAL;AAL;CLT;KCLT;MCI;KMCI;2026-01-20T17:14:40Z
3dfc29a2;UA3895;UAL3895;4.101.494;-8.584.064;262;40000;366;0;7155;2026-01-20T16:14:58Z;ADSB;A8E24D;B752;N67134;UAL;UAL;EWR;KEWR;AMA;KAMA;2026-01-20T18:05:52Z
3dfbfb71;DL1930;DAL1930;2.551.478;-668.495;166;39000;464;0;3060;2026-01-20T16:14:54Z;ESTIMATED;A8DE10;B752;N6700;;;JFK;KJFK;STT;TIST;2026-01-20T17:18:56Z
3dfb5e2d;KL623;KLM623;462.523;-7.507.755;235;34000;440;-64;754;2026-01-20T16:14:58Z;ADSB;485E2E;B78X;PH-BKH;KLM;KLM;AMS;EHAM;ATL;KATL;2026-01-20T18:31:28Z
3dfa9c2b;DL42;DAL42;3.101.805;-12.245.196;59;41000;520;0;0;2026-01-20T16:14:55Z;ESTIMATED;A6A347;A359;N527DN;DAL;DAL;SYD;YSSY;LAX;KLAX;2026-01-20T16:55:28Z
3dfc21cf;DL830;DAL830;3.387.355;-9.657.154;286;40000;380;0;2001;2026-01-20T16:14:57Z;ADSB;ABD018;A332;N860NW;DAL;DAL;ATL;KATL;SLC;KSLC;2026-01-20T18:25:04Z
3dfc2a84;AA1172;AAL1172;3.438.851;-8.144.051;136;37950;514;0;1377;2026-01-20T16:14:58Z;ADSB;AAEF89;A319;N8031M;AAL;AAL;ORD;KORD;STT;TIST;2026-01-20T19:14:08Z
3dfb9bef;UA2115;UAL2115;3.872.731;-11.521.213;251;38000;409;64;7172;2026-01-20T16:14:57Z;ADSB;A16E7D;B752;N19117;UAL;UAL;EWR;KEWR;SFO;KSFO;2026-01-20T17:12:32Z
3dfb2fe8;DL120;DAL120;5.537.727;-12.465.298;105;41000;532;64;7425;2026-01-20T16:14:59Z;ADSB;A68946;A359;N520DN;DAL;DAL;HND;RJTT;MSP;KMSP;2026-01-20T19:01:20Z
3dfbb609;DL966;DAL966;4.784.765;-12.109.166;275;20800;345;-2368;4021;2026-01-20T16:14:58Z;ADSB;A4A0CD;B738;N398DA;DAL;DAL;CVG;KCVG;SEA;KSEA;2026-01-20T16:37:40Z
3dfb5b3f;KL605;KLM373;5.666.464;-11.378.892;202;38000;552;0;1307;2026-01-20T16:14:57Z;ADSB;486071;B78X;PH-BKL;KLM;KLM;AMS;EHAM;SFO;KSFO;2026-01-20T18:50:40Z
3dfb1035;DL274;DAL274;5.186.878;-11.186.226;126;41000;557;0;1337;2026-01-20T16:14:57Z;ADSB;A65800;A359;N508DN;DAL;DAL;HND;RJTT;DTW;KDTW;2026-01-20T18:44:16Z
3dfb6660;AF338;AFR338;6.260.359;-10.913.311;214;40000;528;-64;3322;2026-01-20T16:14:59Z;ADSB;39D2B3;A359;F-HUVT;AFR;AFR;CDG;LFPG;SEA;KSEA;2026-01-20T18:33:36Z
3dfbef7c;UA297;UAL297;4.605.655;-9.758.894;272;38000;389;0;3054;2026-01-20T16:14:57Z;ADSB;A2B10C;B38M;N27252;UAL;UAL;EWR;KEWR;BZN;KBZN;2026-01-20T17:48:48Z
3dfc08be;DL713;DAL713;3.956.898;-9.276.044;262;40000;392;0;7106;2026-01-20T16:14:57Z;ADSB;ABCA08;A332;N859NW;DAL;DAL;JFK;KJFK;LAX;KLAX;2026-01-20T19:33:20Z
3dfbfe28;UA3929;UAL3929;4.009.498;-939.519;93;41000;529;0;3220;2026-01-20T16:14:57Z;ADSB;A2E045;B739;N28478;UAL;UAL;SFO;KSFO;IAD;KIAD;2026-01-20T17:50:56Z
3df77bd0;DL274;DAL274;4.221.031;-8.335.698;118;0;0;0;6527;2026-01-20T16:14:55Z;ADSB;A661C7;A359;N510DN;DAL;DAL;HND;RJTT;DTW;KDTW;2026-01-19T18:59:44Z
3dfc1af7;AA1688;AAL1688;3.794.037;-7.825.684;228;38000;335;0;3461;2026-01-20T16:14:57Z;ADSB;ADECA5;A321;N997AA;AAL;AAL;BOS;KBOS;CLT;KCLT;2026-01-20T16:53:20Z
3dfb6eb6;BA175;BAW7NY;4.509.976;-6.927.543;210;38000;398;0;763;2026-01-20T16:14:59Z;ADSB;4005C1;B772;G-RAES;BAW;BAW;LHR;EGLL;JFK;KJFK;2026-01-20T17:16:48Z
3dfc5de4;AA142;AAL142;4.554.368;-6.628.615;44;39000;598;0;2610;2026-01-20T16:14:58Z;ADSB;AACAA5;B772;N795AN;AAL;AAL;JFK;KJFK;LHR;EGLL;2026-01-20T21:34:56Z
3dfbf6a2;UA1898;UAL1898;3.157.061;-9.319.768;227;38000;347;0;1331;2026-01-20T16:14:58Z;ADSB;A35843;B739;N31412;UAL;UAL;BWI;KBWI;IAH;KIAH;2026-01-20T16:46:56Z
3dfc5ca0;DL1112;DAL1112;3.302.225;-11.260.832;99;39000;488;0;6736;2026-01-20T16:14:58Z;ADSB;A4463E;B738;N3749D;DAL;DAL;LAX;KLAX;MSY;KMSY;2026-01-20T18:42:08Z
3dfbfc5c;DL8800;DAL8800;2.696.198;-8.245.593;163;37000;460;64;1012;2026-01-20T16:14:59Z;ADSB;ACB878;B739;N919DU;DAL;DAL;MSP;KMSP;MIA;KMIA;2026-01-20T16:40:39Z
3dfc3057;AA2097;AAL2097;2.869.533;-8.876.578;292;38000;403;0;6073;2026-01-20T16:14:58Z;ADSB;A99D89;B77W;N719AN;AAL;AAL;MIA;KMIA;DFW;KDFW;2026-01-20T17:40:16Z
3dfbeb3c;DL1368;DAL1368;3.114.116;-8.775.674;231;37925;306;-768;7177;2026-01-20T16:14:59Z;ADSB;A3D4C6;A319;N346NB;DAL;DAL;JFK;KJFK;MSY;KMSY;2026-01-20T16:55:14Z
3dfbe93a;UA1256;UAL1256;3.898.453;-10.290.499;285;31025;394;-1088;7125;2026-01-20T16:14:58Z;ADSB;A288FF;B738;N26210;UAL;UAL;CLT;KCLT;DEN;KDEN;2026-01-20T16:40:32Z
3dfb3347;UA838;UAL838;4.125.211;-12.833.105;121;39000;503;0;6266;2026-01-20T16:14:54Z;ADSB;AA92FF;B772;N78008;UAL;UAL;NRT;RJAA;SFO;KSFO;2026-01-20T17:08:16Z
3dfbf396;UA1116;UAL1116;4.130.859;-1.159.892;247;38000;414;0;3657;2026-01-20T16:14:57Z;ADSB;A28947;B738;N26232;UAL;UAL;MSP;KMSP;SFO;KSFO;2026-01-20T17:18:56Z
3dfc2d74;AA249;AAL249;3.503.354;-9.465.723;221;38000;381;0;6277;2026-01-20T16:14:59Z;ADSB;A3CDE4;B38M;N344TS;AAL;AAL;ORD;KORD;MEX;MMMX;2026-01-20T18:35:44Z
3dfc35bc;AA1766;AAL1766;3.491.641;-9.021.063;73;39000;566;0;3065;2026-01-20T16:14:59Z;ADSB;AD1986;B738;N943NN;AAL;AAL;DFW;KDFW;JFK;KJFK;2026-01-20T18:20:48Z
3dfc4469;AA2581;AAL2581;3.713.626;-9.307.904;43;39000;503;0;3044;2026-01-20T16:14:57Z;ADSB;AD3FD9;B738;N953AN;AAL;AAL;DFW;KDFW;MKE;KMKE;2026-01-20T17:18:56Z
3dfb76b5;AF84;AFR84T;6.509.785;-9.303.783;233;34000;489;0;3311;2026-01-20T16:14:59Z;ADSB;3965A0;B77W;F-GZNA;AFR;AFR;CDG;LFPG;SFO;KSFO;2026-01-20T20:37:20Z
3dfb54ee;BA117;BAW17R;4.134.892;-7.408.716;189;20000;349;0;751;2026-01-20T16:14:58Z;ADSB;400685;B772;G-VIIM;BAW;BAW;LHR;EGLL;JFK;KJFK;2026-01-20T16:34:40Z
3dfb79f6;BA195;BAW26E;5.047.989;-766.879;234;40000;459;-64;767;2026-01-20T16:14:58Z;ADSB;40749B;B789;G-ZBKR;BAW;BAW;LHR;EGLL;IAH;KIAH;2026-01-20T19:44:00Z
3dfbb575;AA1349;AAL1349;3.113.091;-9.723.816;198;20125;336;-1536;565;2026-01-20T16:19:58Z;ADSB;ADC65E;B738;N987NN;AAL;AAL;JFK;KJFK;AUS;KAUS;2026-01-20T16:39:56Z
3dfbcb4e;DL2301;DAL2301;2.961.923;-8.376.418;150;34150;463;-640;2637;2026-01-20T16:19:59Z;ADSB;A7824E;B753;N583NW;DAL;DAL;MSP;KMSP;TPA;KTPA;2026-01-20T16:44:48Z
3dfc602a;DL2582;DAL2582;377.764;-11.356.316;36;34975;425;-64;2062;2026-01-20T16:19:59Z;ADSB;A0757F;BCS1;N129DU;DAL;DAL;BUR;KBUR;SLC;KSLC;2026-01-20T16:59:44Z
3dfc6248;UA1384;UAL1384;3.927.612;-10.367.678;301;22450;342;-2304;2526;2026-01-20T16:19:59Z;ADSB;AC4107;A319;N889UA;UAL;UAL;ICT;KICT;DEN;KDEN;2026-01-20T16:38:42Z
3dfc1f4a;UA1666;UAL1666;3.885.511;-10.097.107;269;38000;382;0;4054;2026-01-20T16:19:59Z;ADSB;A3C775;B738;N34222;UAL;UAL;CVG;KCVG;DEN;KDEN;2026-01-20T16:57:36Z
3dfbebeb;DL8851;DAL8851;388.791;-10.284.218;301;30000;373;0;7120;2026-01-20T16:19:58Z;ADSB;A8DEF1;B752;N6706Q;DAL;DAL;ATL;KATL;DEN;KDEN;2026-01-20T16:43:46Z
3dfc46ab;DL853;DAL853;5.725.688;-13.639.084;130;39000;506;0;7270;2026-01-20T16:20:00Z;ADSB;A44502;B738;N3740C;DAL;DAL;ANC;PANC;SEA;KSEA;2026-01-20T18:10:08Z
3dfb8063;BA53;BAW5EA;6.520.345;-10.483.451;218;40000;516;-64;2163;2026-01-20T16:20:00Z;ADSB;400774;B772;G-VIIW;BAW;BAW;LHR;EGLL;SEA;KSEA;2026-01-20T19:09:52Z
3dfb5cc2;KL689;KLM689;4.503.969;-8.511.403;219;40000;452;64;747;2026-01-20T16:19:59Z;ADSB;485785;B789;PH-BHN;KLM;KLM;AMS;EHAM;CUN;MMUN;2026-01-20T19:52:32Z
3dfb5a0f;KL661;KLM661;4.598.918;-8.396.489;220;36000;455;-64;750;2026-01-20T16:19:58Z;ADSB;4851B0;B789;PH-BHE;KLM;KLM;AMS;EHAM;IAH;KIAH;2026-01-20T19:01:20Z
3dfb6bff;AF636;AFR636P;5.237.206;-8.149.818;223;38000;482;0;756;2026-01-20T16:19:59Z;ADSB;39D2A6;A359;F-HUVG;AFR;AFR;CDG;LFPG;IAH;KIAH;2026-01-20T19:39:44Z
3dfc25be;AA2896;AAL2896;3.291.094;-777.545;191;36925;378;-896;1164;2026-01-20T16:19:59Z;ADSB;A35388;B38M;N313SB;AAL;AAL;LGA;KLGA;FLL;KFLL;2026-01-20T17:27:28Z
3dfc18c5;AA3052;AAL3052;3.451.263;-775.415;191;38050;376;0;555;2026-01-20T16:19:58Z;ADSB;AB4EA8;A319;N828AW;AAL;AAL;DCA;KDCA;FLL;KFLL;2026-01-20T17:44:32Z
3dfc2269;UA1886;UAL1886;394.541;-7.587.331;42;25150;534;-2688;4026;2026-01-20T16:19:58Z;ADSB;A05A25;B752;N12125;UAL;UAL;IAH;KIAH;EWR;KEWR;2026-01-20T16:46:08Z
3dfb5ea7;UA905;UAL905;4.433.029;-7.273.028;209;38000;389;64;711;2026-01-20T16:19:59Z;ADSB;A9178D;B763;N685UA;UAL;UAL;LHR;EGLL;EWR;KEWR;2026-01-20T17:08:16Z
3dfc13ad;UA654;UAL654;3.087.117;-9.788.393;96;37000;518;0;1021;2026-01-20T16:19:58Z;ADSB;A0A8DF;B752;N14107;UAL;UAL;LAX;KLAX;IAH;KIAH;2026-01-20T16:49:04Z
3dfc3751;AA3139;AAL3139;3.078.777;-8.791.098;105;11325;408;-1152;3074;2026-01-20T16:19:59Z;ADSB;A0480B;A320;N117UW;AAL;AAL;DFW;KDFW;PNS;KPNS;2026-01-20T16:33:36Z
3dfc099d;AA2523;AAL2523;3.230.283;-8.154.734;198;37100;380;-960;1573;2026-01-20T16:19:59Z;ADSB;A3B88E;B738;N339PL;AAL;AAL;PHL;KPHL;TPA;KTPA;2026-01-20T17:06:08Z
3dfc31b9;DL2947;DAL2947;3.488.567;-119.553;126;30325;475;-2304;3535;2026-01-20T16:19:59Z;ADSB;A39E6B;A319;N332NB;;;PDX;KPDX;LAX;KLAX;2026-01-20T16:52:00Z
3dfab1a1;UA830;UAL830;373.791;-12.233.966;74;7300;241;-1152;1422;2026-01-20T16:19:59Z;ADSB;A1FCC5;B772;N227UA;UAL;UAL;SYD;YSSY;SFO;KSFO;2026-01-20T16:26:59Z
3dfc5bb8;AA882;AAL882;3.755.453;-11.756.762;327;34000;400;0;1523;2026-01-20T16:19:58Z;ADSB;AB5FDD;A319;N832AW;AAL;AAL;PHX;KPHX;RNO;KRNO;2026-01-20T16:53:20Z
3dfc50ea;UA357;UAL357;3.764.845;-10.150.491;290;38000;386;0;6217;2026-01-20T16:19:59Z;ADSB;A43EA3;B738;N37274;UAL;UAL;DFW;KDFW;DEN;KDEN;2026-01-20T16:59:44Z
3dfc4a66;UA595;UAL595;3.811.423;-10.251.694;312;34000;382;-512;3553;2026-01-20T16:19:59Z;ADSB;A465DF;B738;N38257;UAL;UAL;AUS;KAUS;DEN;KDEN;2026-01-20T16:51:12Z
3dfb1d91;DL166;DAL166;4.809.091;-12.289.753;148;12225;376;-1728;7243;2026-01-20T16:19:59Z;ADSB;A65BB7;A359;N509DN;DAL;DAL;HND;RJTT;SEA;KSEA;2026-01-20T16:33:15Z
3dfb554c;KL601;KLM601;5.192.073;-10.685.923;198;38000;536;-64;3351;2026-01-20T16:19:58Z;ADSB;485F84;B78X;PH-BKQ;KLM;KLM;AMS;EHAM;LAX;KLAX;2026-01-20T18:59:12Z
3dfb459f;DL57;DAL57;5.480.008;-1.021.403;194;40000;522;0;1742;2026-01-20T16:19:59Z;ADSB;AB00D6;A333;N808NW;DAL;DAL;AMS;EHAM;SLC;KSLC;2026-01-20T18:27:12Z
3dfbc8a3;UA4200;UAL4200;3.014.309;-7.808.225;5;41000;497;0;5746;2026-01-20T16:19:57Z;ADSB;A8EC57;B763;N674UA;UAL;UAL;MDE;SKRG;EWR;KEWR;2026-01-20T17:51:34Z
3dfc6318;AA2111;AAL2111;3.711.129;-7.922.369;220;30575;351;-960;1666;2026-01-20T16:20:00Z;MLAT;AB7270;A319;N837AW;AAL;AAL;LGA;KLGA;CLT;KCLT;2026-01-20T16:49:04Z
3dfb55ab;DL33;DAL33;4.337.537;-7.594.901;221;40000;392;-64;706;2026-01-20T16:19:58Z;ADSB;A50E93;A339;N425DX;DAL;DAL;LHR;EGLL;ATL;KATL;2026-01-20T18:20:48Z
3dfb6bb5;AF158;AFR158K;5.380.322;-7.877.472;224;36000;20;0;2403;2026-01-20T16:19:24Z;ADSB;3949F4;B772;F-GSPU;AFR;AFR;CDG;LFPG;DFW;KDFW;2026-01-20T19:39:44Z
3dfbf6a5;AA3317;AAL3317;2.876.184;-8.078.923;160;33300;448;-2048;2750;2026-01-20T16:19:59Z;ADSB;ACF849;B738;N935AN;AAL;AAL;LGA;KLGA;PBI;KPBI;2026-01-20T16:47:32Z
3dfc1880;AA1293;AAL1293;3.136.281;-831.183;154;35000;448;0;5663;2026-01-20T16:19:58Z;ADSB;A3C291;B38M;N341RW;AAL;AAL;ORD;KORD;MCO;KMCO;2026-01-20T17:01:52Z
3dfbe8e0;DL1794;DAL1794;3.246.588;-8.306.697;319;28200;427;-768;4614;2026-01-20T16:19:59Z;ADSB;A93D9F;B752;N695DL;DAL;DAL;SJO;MROC;ATL;KATL;2026-01-20T16:47:37Z
3dfc6077;UA1119;UAL1119;3.490.045;-9.999.145;134;39000;524;0;3536;2026-01-20T16:19:58Z;ADSB;A1CDD8;B772;N215UA;UAL;UAL;DEN;KDEN;CUN;MMUN;2026-01-20T18:46:24Z
3dfc61e8;UA2609;UAL2609;3.822.885;-10.267.396;312;34475;376;-960;634;2026-01-20T16:19:58Z;ADSB;A43EA2;B738;N37273;UAL;UAL;OKC;KOKC;DEN;KDEN;2026-01-20T16:51:12Z
3dfb53b3;UA6;UAL6;5.479.985;-13.341.838;110;38975;529;0;5721;2026-01-20T16:19:59Z;ADSB;A31A76;B789;N29984;UAL;UAL;NRT;RJAA;IAH;KIAH;2026-01-20T20:39:28Z
3dfb71d2;LH454;DLH454;6.510.419;-10.627.052;209;36000;537;0;1710;2026-01-20T16:19:59Z;ADSB;3C4B2A;B748;D-ABYJ;DLH;DLH;FRA;EDDF;SFO;KSFO;2026-01-20T20:09:36Z
3dfb80ef;LH456;DLH456;6.735.341;-10.120.818;214;32000;520;0;1310;2026-01-20T16:19:59Z;ADSB;3C4B2D;B748;D-ABYM;DLH;DLH;FRA;EDDF;LAX;KLAX;2026-01-20T20:56:32Z
3dfc075e;AA2731;AAL2731;3.466.708;-9.244.653;248;37975;338;0;1120;2026-01-20T16:19:58Z;ADSB;AAE958;B788;N802AN;AAL;AAL;PHL;KPHL;DFW;KDFW;2026-01-20T17:04:00Z
3dfbe9c7;AA3193;AAL3193;3.728.833;-9.538.441;297;38025;362;0;2031;2026-01-20T16:19:58Z;ADSB;AC7A33;A319;N9029F;AAL;AAL;MIA;KMIA;EGE;KEGE;2026-01-20T17:48:48Z
3dfc471c;AA1616;AAL1616;3.853.981;-8.806.658;297;38000;365;-64;5751;2026-01-20T16:19:58Z;ADSB;AD8895;B738;N971NN;AAL;AAL;CLT;KCLT;MCI;KMCI;2026-01-20T17:14:40Z
3dfc29a2;UA3895;UAL3895;4.090.906;-865.072;256;40000;376;0;7155;2026-01-20T16:19:59Z;ADSB;A8E24D;B752;N67134;UAL;UAL;EWR;KEWR;AMA;KAMA;2026-01-20T18:08:00Z
3dfc0e0a;AA1283;AAL1283;2.706.207;-8.027.244;160;25425;423;-1024;4074;2026-01-20T16:20:00Z;ADSB;A4008E;B38M;N357TY;AAL;AAL;IND;KIND;MIA;KMIA;2026-01-20T16:46:21Z
3dfb5e2d;KL623;KLM623;4.590.372;-7.580.257;235;33975;442;0;754;2026-01-20T16:19:59Z;ADSB;485E2E;B78X;PH-BKH;KLM;KLM;AMS;EHAM;ATL;KATL;2026-01-20T18:31:28Z
3dfa9c2b;DL42;DAL42;3.141.724;-12.167.052;59;41000;516;0;2000;2026-01-20T16:19:59Z;ADSB;A6A347;A359;N527DN;DAL;DAL;SYD;YSSY;LAX;KLAX;2026-01-20T16:59:44Z
3dfc21cf;DL830;DAL830;3.402.293;-9.718.014;286;40000;377;0;2001;2026-01-20T16:19:59Z;ADSB;ABD018;A332;N860NW;DAL;DAL;ATL;KATL;SLC;KSLC;2026-01-20T18:20:48Z
3dfc2a84;AA1172;AAL1172;3.392.424;-807.672;127;38000;523;0;1377;2026-01-20T16:19:59Z;ADSB;AAEF89;A319;N8031M;AAL;AAL;ORD;KORD;STT;TIST;2026-01-20T19:12:00Z
3dfb9bef;UA2115;UAL2115;3.854.466;-11.588.158;250;38000;398;0;7172;2026-01-20T16:20:00Z;ADSB;A16E7D;B752;N19117;UAL;UAL;EWR;KEWR;SFO;KSFO;2026-01-20T17:14:40Z
3dfb2fe8;DL120;DAL120;5.517.832;-12.341.367;106;41000;534;0;7425;2026-01-20T16:20:00Z;ADSB;A68946;A359;N520DN;DAL;DAL;HND;RJTT;MSP;KMSP;2026-01-20T19:01:20Z
3dfbb609;DL966;DAL966;4.785.216;-12.174.986;222;10775;305;-960;4021;2026-01-20T16:19:58Z;ADSB;A4A0CD;B738;N398DA;DAL;DAL;CVG;KCVG;SEA;KSEA;2026-01-20T16:30:48Z
3dfb5b3f;KL605;KLM373;5.595.538;-11.431.873;202;37975;553;64;1307;2026-01-20T16:19:59Z;ADSB;486071;B78X;PH-BKL;KLM;KLM;AMS;EHAM;SFO;KSFO;2026-01-20T18:52:48Z
3dfb1035;DL274;DAL274;5.141.141;-1.108.654;126;41000;555;64;1337;2026-01-20T16:19:58Z;ADSB;A65800;A359;N508DN;DAL;DAL;HND;RJTT;DTW;KDTW;2026-01-20T18:44:16Z
3dfb6660;AF338;AFR338;6.199.371;-11.000.529;210;40000;533;0;3322;2026-01-20T16:19:58Z;ADSB;39D2B3;A359;F-HUVT;AFR;AFR;CDG;LFPG;SEA;KSEA;2026-01-20T18:33:36Z
3dfbef7c;UA297;UAL297;4.607.602;-9.836.147;271;38000;387;0;3054;2026-01-20T16:19:59Z;ADSB;A2B10C;B38M;N27252;UAL;UAL;EWR;KEWR;BZN;KBZN;2026-01-20T17:50:56Z
3dfc08be;DL713;DAL713;3.949.535;-9.346.923;262;40000;397;0;7106;2026-01-20T16:19:59Z;ADSB;ABCA08;A332;N859NW;DAL;DAL;JFK;KJFK;LAX;KLAX;2026-01-20T19:31:12Z
3dfbfe28;UA3929;UAL3929;4.005.121;-9.298.395;93;41000;537;0;3220;2026-01-20T16:19:59Z;ADSB;A2E045;B739;N28478;UAL;UAL;SFO;KSFO;IAD;KIAD;2026-01-20T17:50:56Z
3df77bd0;DL274;DAL274;4.221.032;-8.335.699;118;0;0;0;6527;2026-01-20T16:19:57Z;ADSB;A661C7;A359;N510DN;DAL;DAL;HND;RJTT;DTW;KDTW;2026-01-19T18:59:44Z
3dfc1af7;AA1688;AAL1688;376.352;-7.868.868;228;36575;334;-896;3461;2026-01-20T16:20:00Z;ADSB;ADECA5;A321;N997AA;AAL;AAL;BOS;KBOS;CLT;KCLT;2026-01-20T16:55:28Z
3dfb6eb6;BA175;BAW7NY;4.462.167;-6.966.665;209;38000;397;0;763;2026-01-20T16:19:58Z;ADSB;4005C1;B772;G-RAES;BAW;BAW;LHR;EGLL;JFK;KJFK;2026-01-20T17:16:48Z
3dfc5de4;AA142;AAL142;4.613.713;-654.527;44;39000;598;0;2610;2026-01-20T16:19:59Z;ADSB;AACAA5;B772;N795AN;AAL;AAL;JFK;KJFK;LHR;EGLL;2026-01-20T21:32:48Z
3dfbf6a2;UA1898;UAL1898;3.115.313;-9.352.541;225;36525;359;-1024;1331;2026-01-20T16:20:00Z;ADSB;A35843;B739;N31412;UAL;UAL;BWI;KBWI;IAH;KIAH;2026-01-20T16:49:04Z
3dfc5ca0;DL1112;DAL1112;3.290.675;-11.181.308;99;39000;491;0;6736;2026-01-20T16:19:58Z;ADSB;A4463E;B738;N3749D;DAL;DAL;LAX;KLAX;MSY;KMSY;2026-01-20T18:44:16Z
3dfbfc5c;DL8800;DAL8800;2.644.876;-8.199.299;137;31400;469;-3392;1012;2026-01-20T16:19:59Z;ADSB;ACB878;B739;N919DU;DAL;DAL;MSP;KMSP;MIA;KMIA;2026-01-20T16:41:16Z
3dfc3057;AA2097;AAL2097;2.890.833;-8.935.355;292;38000;402;0;6073;2026-01-20T16:19:58Z;ADSB;A99D89;B77W;N719AN;AAL;AAL;MIA;KMIA;DFW;KDFW;2026-01-20T17:40:16Z
3dfbeb3c;DL1368;DAL1368;3.086.767;-8.815.457;231;34000;328;0;7177;2026-01-20T16:19:58Z;ADSB;A3D4C6;A319;N346NB;DAL;DAL;JFK;KJFK;MSY;KMSY;2026-01-20T16:54:20Z
3dfbe93a;UA1256;UAL1256;3.919.857;-10.351.178;301;25900;352;-1856;7125;2026-01-20T16:19:58Z;ADSB;A288FF;B738;N26210;UAL;UAL;CLT;KCLT;DEN;KDEN;2026-01-20T16:38:24Z
3dfb3347;UA838;UAL838;4.088.008;-12.753.398;121;39000;503;0;6266;2026-01-20T16:19:58Z;ADSB;AA92FF;B772;N78008;UAL;UAL;NRT;RJAA;SFO;KSFO;2026-01-20T17:08:16Z
3dfbf396;UA1116;UAL1116;4.110.023;-11.670.065;249;38000;414;-64;3657;2026-01-20T16:19:59Z;ADSB;A28947;B738;N26232;UAL;UAL;MSP;KMSP;SFO;KSFO;2026-01-20T17:16:48Z
3dfb37ee;DL188;DAL188;5.607.349;-14.767.201;90;39000;525;0;0;2026-01-20T16:20:00Z;ESTIMATED;A69822;A359;N524DN;DAL;DAL;ICN;RKSI;ATL;KATL;2026-01-20T22:06:56Z
3dfc2d74;AA249;AAL249;3.457.251;-949.957;210;38000;383;64;6277;2026-01-20T16:19:59Z;ADSB;A3CDE4;B38M;N344TS;AAL;AAL;ORD;KORD;MEX;MMMX;2026-01-20T18:44:16Z
3dfc35bc;AA1766;AAL1766;3.522.449;-8.933.069;66;39000;567;0;3065;2026-01-20T16:19:59Z;ADSB;AD1986;B738;N943NN;AAL;AAL;DFW;KDFW;JFK;KJFK;2026-01-20T18:18:40Z
3dfc4469;AA2581;AAL2581;3.764.074;-9.247.336;43;39000;495;0;3044;2026-01-20T16:19:59Z;ADSB;AD3FD9;B738;N953AN;AAL;AAL;DFW;KDFW;MKE;KMKE;2026-01-20T17:23:12Z
3dfb76b5;AF84;AFR84T;646.897;-9.428.709;231;34000;485;0;3311;2026-01-20T16:19:57Z;ADSB;3965A0;B77W;F-GZNA;AFR;AFR;CDG;LFPG;SFO;KSFO;2026-01-20T20:39:28Z
3dfb54ee;BA117;BAW17R;4.087.816;-7.410.291;160;18975;316;-512;751;2026-01-20T16:19:58Z;ADSB;400685;B772;G-VIIM;BAW;BAW;LHR;EGLL;JFK;KJFK;2026-01-20T16:38:11Z
3dfb79f6;BA195;BAW26E;5.010.329;-774.934;233;39975;464;64;767;2026-01-20T16:19:58Z;ADSB;40749B;B789;G-ZBKR;BAW;BAW;LHR;EGLL;IAH;KIAH;2026-01-20T19:44:00Z
3dfbb575;AA1349;AAL1349;3.072.238;-9.741.429;206;13025;292;-1280;565;2026-01-20T16:24:59Z;ADSB;ADC65E;B738;N987NN;AAL;AAL;JFK;KJFK;AUS;KAUS;2026-01-20T16:38:57Z
3dfbcb4e;DL2301;DAL2301;2.905.311;-8.340.271;150;23625;474;-2304;2637;2026-01-20T16:24:59Z;ADSB;A7824E;B753;N583NW;DAL;DAL;MSP;KMSP;TPA;KTPA;2026-01-20T16:51:19Z
3dfc602a;DL2582;DAL2582;3.830.058;-11.323.398;23;33000;430;-64;2062;2026-01-20T16:24:58Z;ADSB;A0757F;BCS1;N129DU;DAL;DAL;BUR;KBUR;SLC;KSLC;2026-01-20T16:57:36Z
3dfc1f4a;UA1666;UAL1666;3.885.095;-10.166.402;269;35000;392;64;4054;2026-01-20T16:24:59Z;ADSB;A3C775;B738;N34222;UAL;UAL;CVG;KCVG;DEN;KDEN;2026-01-20T16:57:36Z
3dfc6248;UA1384;UAL1384;3.943.533;-10.417.444;267;14600;286;-1856;2526;2026-01-20T16:24:59Z;ADSB;AC4107;A319;N889UA;UAL;UAL;ICT;KICT;DEN;KDEN;2026-01-20T16:35:07Z
3dfbebeb;DL8851;DAL8851;3.914.363;-10.339.545;301;25400;338;-1152;7120;2026-01-20T16:24:59Z;ADSB;A8DEF1;B752;N6706Q;DAL;DAL;ATL;KATL;DEN;KDEN;2026-01-20T16:45:16Z
3dfc46ab;DL853;DAL853;5.678.865;-13.542.409;135;39000;516;0;7270;2026-01-20T16:24:58Z;ADSB;A44502;B738;N3740C;DAL;DAL;ANC;PANC;SEA;KSEA;2026-01-20T18:10:08Z
3dfb8063;BA53;BAW5EA;6.463.582;-10.586.206;217;40000;523;0;2163;2026-01-20T16:24:59Z;ADSB;400774;B772;G-VIIW;BAW;BAW;LHR;EGLL;SEA;KSEA;2026-01-20T19:07:44Z
3dfb5cc2;KL689;KLM689;4.452.824;-85.646;206;40000;473;64;747;2026-01-20T16:24:59Z;ADSB;485785;B789;PH-BHN;KLM;KLM;AMS;EHAM;CUN;MMUN;2026-01-20T19:48:16Z
3dfb5a0f;KL661;KLM661;4.550.761;-8.455.431;220;36000;456;0;750;2026-01-20T16:24:58Z;ADSB;4851B0;B789;PH-BHE;KLM;KLM;AMS;EHAM;IAH;KIAH;2026-01-20T18:57:04Z
3dfb6bff;AF636;AFR636P;5.188.536;-8.223.511;222;38000;481;0;756;2026-01-20T16:24:59Z;ADSB;39D2A6;A359;F-HUVG;AFR;AFR;CDG;LFPG;IAH;KIAH;2026-01-20T19:39:44Z
3dfc25be;AA2896;AAL2896;3.239.699;-7.788.181;191;36000;378;0;3250;2026-01-20T16:24:58Z;ADSB;A35388;B38M;N313SB;AAL;AAL;LGA;KLGA;FLL;KFLL;2026-01-20T17:31:44Z
3dfc18c5;AA3052;AAL3052;3.399.645;-7.765.514;190;38050;375;-64;555;2026-01-20T16:24:58Z;ADSB;AB4EA8;A319;N828AW;AAL;AAL;DCA;KDCA;FLL;KFLL;2026-01-20T17:44:32Z
3dfc2269;UA1886;UAL1886;3.993.516;-7.529.642;43;13875;402;-1856;4026;2026-01-20T16:25:00Z;ADSB;A05A25;B752;N12125;UAL;UAL;IAH;KIAH;EWR;KEWR;2026-01-20T16:39:57Z
3dfb5ea7;UA905;UAL905;4.386.366;-7.309.852;209;38000;387;64;711;2026-01-20T16:24:59Z;ADSB;A9178D;B763;N685UA;UAL;UAL;LHR;EGLL;EWR;KEWR;2026-01-20T17:10:24Z
3dfc13ad;UA654;UAL654;3.078.474;-9.705.721;97;34200;508;-1472;1021;2026-01-20T16:24:59Z;ADSB;A0A8DF;B752;N14107;UAL;UAL;LAX;KLAX;IAH;KIAH;2026-01-20T16:49:04Z
3dfc31b9;DL2947;DAL2947;3.445.175;-11.906.786;143;19350;396;-2112;3535;2026-01-20T16:24:58Z;ADSB;A39E6B;A319;N332NB;;;PDX;KPDX;LAX;KLAX;2026-01-20T16:45:58Z
3dfc3751;AA3139;AAL3139;3.072.438;-8.740.898;110;5500;272;-256;3074;2026-01-20T16:24:59Z;ADSB;A0480B;A320;N117UW;AAL;AAL;DFW;KDFW;PNS;KPNS;2026-01-20T16:31:32Z
3dfc099d;AA2523;AAL2523;3.180.626;-8.174.461;198;34000;381;0;1573;2026-01-20T16:24:58Z;ADSB;A3B88E;B738;N339PL;AAL;AAL;PHL;KPHL;TPA;KTPA;2026-01-20T17:10:24Z
3dfab1a1;UA830;UAL830;3.755.896;-12.223.295;298;1975;197;-1536;1422;2026-01-20T16:24:59Z;ADSB;A1FCC5;B772;N227UA;UAL;UAL;SYD;YSSY;SFO;KSFO;2026-01-20T16:28:43Z
3dfc5bb8;AA882;AAL882;3.802.364;-11.794.139;327;34025;400;0;1523;2026-01-20T16:24:58Z;ADSB;AB5FDD;A319;N832AW;AAL;AAL;PHX;KPHX;RNO;KRNO;2026-01-20T16:53:20Z
3dfc50ea;UA357;UAL357;3.783.536;-10.213.206;301;38000;386;0;6217;2026-01-20T16:24:58Z;ADSB;A43EA3;B738;N37274;UAL;UAL;DFW;KDFW;DEN;KDEN;2026-01-20T17:01:52Z
3dfc4a66;UA595;UAL595;3.847.298;-10.301.109;312;34000;380;0;3553;2026-01-20T16:24:59Z;ADSB;A465DF;B738;N38257;UAL;UAL;AUS;KAUS;DEN;KDEN;2026-01-20T16:51:12Z
3dfb1d91;DL166;DAL166;4.776.855;-12.253.704;118;6150;265;-832;7243;2026-01-20T16:24:58Z;ADSB;A65BB7;A359;N509DN;DAL;DAL;HND;RJTT;SEA;KSEA;2026-01-20T16:31:24Z
3dfb554c;KL601;KLM601;5.121.384;-10.722.885;197;37975;536;-64;3351;2026-01-20T16:24:59Z;ADSB;485F84;B78X;PH-BKQ;KLM;KLM;AMS;EHAM;LAX;KLAX;2026-01-20T19:01:20Z
3dfb459f;DL57;DAL57;5.410.059;-10.245.212;194;40000;520;0;1742;2026-01-20T16:24:58Z;ADSB;AB00D6;A333;N808NW;DAL;DAL;AMS;EHAM;SLC;KSLC;2026-01-20T18:27:12Z
3dfbc8a3;UA4200;UAL4200;3.083.148;-7.799.728;6;41025;501;0;5746;2026-01-20T16:24:57Z;ADSB;A8EC57;B763;N674UA;UAL;UAL;MDE;SKRG;EWR;KEWR;2026-01-20T17:51:04Z
3dfc6318;AA2111;AAL2111;3.674.678;-7.960.992;220;30000;341;0;1666;2026-01-20T16:24:59Z;MLAT;AB7270;A319;N837AW;AAL;AAL;LGA;KLGA;CLT;KCLT;2026-01-20T16:53:27Z
3dfb55ab;DL33;DAL33;4.293.604;-7.639.011;211;40000;398;0;706;2026-01-20T16:24:59Z;ADSB;A50E93;A339;N425DX;DAL;DAL;LHR;EGLL;ATL;KATL;2026-01-20T18:18:40Z
3dfb6bb5;AF158;AFR158K;5.330.479;-7.963.632;227;36000;473;0;2403;2026-01-20T16:24:55Z;ADSB;3949F4;B772;F-GSPU;AFR;AFR;CDG;LFPG;DFW;KDFW;2026-01-20T19:54:40Z
3dfc6077;UA1119;UAL1119;3.439.307;-993.651;134;39000;524;0;3536;2026-01-20T16:24:57Z;ADSB;A1CDD8;B772;N215UA;UAL;UAL;DEN;KDEN;CUN;MMUN;2026-01-20T18:48:32Z
3dfbf6a5;AA3317;AAL3317;2.816.764;-8.054.826;160;24350;457;-1024;2750;2026-01-20T16:24:58Z;ADSB;ACF849;B738;N935AN;AAL;AAL;LGA;KLGA;PBI;KPBI;2026-01-20T16:51:06Z
3dfc075e;AA2731;AAL2731;3.449.684;-9.298.004;248;38000;341;0;1120;2026-01-20T16:24:58Z;ADSB;AAE958;B788;N802AN;AAL;AAL;PHL;KPHL;DFW;KDFW;2026-01-20T17:04:00Z
3dfc1880;AA1293;AAL1293;3.080.348;-827.766;142;28675;476;-704;5663;2026-01-20T16:25:00Z;ADSB;A3C291;B38M;N341RW;AAL;AAL;ORD;KORD;MCO;KMCO;2026-01-20T16:54:20Z
3dfbe8e0;DL1794;DAL1794;3.286.876;-8.348.505;318;17925;353;-3776;4614;2026-01-20T16:24:59Z;ADSB;A93D9F;B752;N695DL;DAL;DAL;SJO;MROC;ATL;KATL;2026-01-20T16:43:22Z
3dfc61e8;UA2609;UAL2609;3.857.922;-10.315.887;312;34000;370;0;634;2026-01-20T16:24:58Z;ADSB;A43EA2;B738;N37273;UAL;UAL;OKC;KOKC;DEN;KDEN;2026-01-20T16:51:12Z
3dfb53b3;UA6;UAL6;5.453.664;-13.223.169;111;39000;531;0;5721;2026-01-20T16:24:59Z;ADSB;A31A76;B789;N29984;UAL;UAL;NRT;RJAA;IAH;KIAH;2026-01-20T20:41:36Z
3dfb71d2;LH454;DLH454;6.445.894;-1.071.256;209;36000;538;-64;1710;2026-01-20T16:24:58Z;ADSB;3C4B2A;B748;D-ABYJ;DLH;DLH;FRA;EDDF;SFO;KSFO;2026-01-20T20:07:28Z
3dfb80ef;LH456;DLH456;6.675.682;-10.225.298;213;32000;521;64;1310;2026-01-20T16:24:59Z;ADSB;3C4B2D;B748;D-ABYM;DLH;DLH;FRA;EDDF;LAX;KLAX;2026-01-20T20:52:16Z
3dfbe9c7;AA3193;AAL3193;3.752.339;-9.594.197;297;37950;366;0;2031;2026-01-20T16:24:58Z;ADSB;AC7A33;A319;N9029F;AAL;AAL;MIA;KMIA;EGE;KEGE;2026-01-20T17:48:48Z
3dfc471c;AA1616;AAL1616;3.877.159;-8.863.977;297;38000;362;0;5751;2026-01-20T16:24:58Z;ADSB;AD8895;B738;N971NN;AAL;AAL;CLT;KCLT;MCI;KMCI;2026-01-20T17:14:40Z
3dfc29a2;UA3895;UAL3895;4.076.873;-8.717.227;251;40000;381;0;7155;2026-01-20T16:24:58Z;ADSB;A8E24D;B752;N67134;UAL;UAL;EWR;KEWR;AMA;KAMA;2026-01-20T18:18:40Z
3dfc0e0a;AA1283;AAL1283;265.378;-8.009.334;167;15950;367;-2432;4074;2026-01-20T16:24:59Z;ADSB;A4008E;B38M;N357TY;AAL;AAL;IND;KIND;MIA;KMIA;2026-01-20T16:43:49Z
3dfbfb71;DL1930;DAL1930;2.417.424;-666.097;165;39000;479;0;3060;2026-01-20T16:24:59Z;ESTIMATED;A8DE10;B752;N6700;;;JFK;KJFK;STT;TIST;2026-01-20T17:18:56Z
3dfb5e2d;KL623;KLM623;4.557.427;-7.654.614;237;36000;438;-192;754;2026-01-20T16:24:58Z;ADSB;485E2E;B78X;PH-BKH;KLM;KLM;AMS;EHAM;ATL;KATL;2026-01-20T18:31:28Z
3dfa9c2b;DL42;DAL42;3.180.873;-12.098.346;54;41000;507;0;1464;2026-01-20T16:24:59Z;ADSB;A6A347;A359;N527DN;DAL;DAL;SYD;YSSY;LAX;KLAX;2026-01-20T17:01:52Z
3dfc21cf;DL830;DAL830;3.416.835;-9.778.695;285;40000;378;0;2001;2026-01-20T16:24:59Z;ADSB;ABD018;A332;N860NW;DAL;DAL;ATL;KATL;SLC;KSLC;2026-01-20T18:20:48Z
3dfb9bef;UA2115;UAL2115;3.839.508;-11.656.452;254;38000;408;0;7172;2026-01-20T16:24:59Z;ADSB;A16E7D;B752;N19117;UAL;UAL;EWR;KEWR;SFO;KSFO;2026-01-20T17:14:40Z
3dfbb609;DL966;DAL966;4.773.843;-12.228.734;211;4500;250;-512;4021;2026-01-20T16:24:58Z;ADSB;A4A0CD;B738;N398DA;DAL;DAL;CVG;KCVG;SEA;KSEA;2026-01-20T16:28:48Z
3dfb2fe8;DL120;DAL120;5.496.446;-12.217.313;107;41000;539;64;7425;2026-01-20T16:24:59Z;ADSB;A68946;A359;N520DN;DAL;DAL;HND;RJTT;MSP;KMSP;2026-01-20T18:59:12Z
3dfb5b3f;KL605;KLM373;5.524.718;-11.482.716;201;37975;553;64;1307;2026-01-20T16:24:57Z;ADSB;486071;B78X;PH-BKL;KLM;KLM;AMS;EHAM;SFO;KSFO;2026-01-20T18:50:40Z
3dfb1035;DL274;DAL274;509.619;-10.988.007;116;41000;541;0;1337;2026-01-20T16:24:58Z;ADSB;A65800;A359;N508DN;DAL;DAL;HND;RJTT;DTW;KDTW;2026-01-20T18:44:16Z
3dfb6660;AF338;AFR338;6.132.908;-11.069.865;206;40000;538;-64;3322;2026-01-20T16:24:59Z;ADSB;39D2B3;A359;F-HUVT;AFR;AFR;CDG;LFPG;SEA;KSEA;2026-01-20T18:31:28Z
3dfbef7c;UA297;UAL297;4.609.053;-9.913.754;271;38000;394;0;3054;2026-01-20T16:24:58Z;ADSB;A2B10C;B38M;N27252;UAL;UAL;EWR;KEWR;BZN;KBZN;2026-01-20T17:48:48Z
3dfc08be;DL713;DAL713;3.941.801;-9.417.126;261;40000;396;0;7106;2026-01-20T16:24:58Z;ADSB;ABCA08;A332;N859NW;DAL;DAL;JFK;KJFK;LAX;KLAX;2026-01-20T19:31:12Z
3dfbfe28;UA3929;UAL3929;3.999.922;-9.201.599;94;41000;546;0;3220;2026-01-20T16:24:59Z;ADSB;A2E045;B739;N28478;UAL;UAL;SFO;KSFO;IAD;KIAD;2026-01-20T17:48:48Z
3df77bd0;DL274;DAL274;4.221.032;-83.357;118;0;0;0;6527;2026-01-20T16:24:57Z;ADSB;A661C7;A359;N510DN;DAL;DAL;HND;RJTT;DTW;KDTW;2026-01-19T18:59:44Z
3dfc2a84;AA1172;AAL1172;3.348.689;-8.008.265;127;38000;513;0;1377;2026-01-20T16:24:59Z;ADSB;AAEF89;A319;N8031M;AAL;AAL;ORD;KORD;STT;TIST;2026-01-20T19:09:52Z
3dfc1af7;AA1688;AAL1688;3.732.962;-7.911.506;227;34000;324;0;3461;2026-01-20T16:24:59Z;ADSB;ADECA5;A321;N997AA;AAL;AAL;BOS;KBOS;CLT;KCLT;2026-01-20T16:55:28Z
3dfb6eb6;BA175;BAW7NY;4.415.034;-7.004.525;209;38000;391;0;763;2026-01-20T16:24:58Z;ADSB;4005C1;B772;G-RAES;BAW;BAW;LHR;EGLL;JFK;KJFK;2026-01-20T17:16:48Z
3dfc5de4;AA142;AAL142;4.672.322;-6.460.366;45;39000;600;0;2610;2026-01-20T16:24:59Z;ADSB;AACAA5;B772;N795AN;AAL;AAL;JFK;KJFK;LHR;EGLL;2026-01-20T21:30:40Z
3dfbf6a2;UA1898;UAL1898;3.078.514;-9.395.793;225;26675;396;-3072;1331;2026-01-20T16:24:59Z;ADSB;A35843;B739;N31412;UAL;UAL;BWI;KBWI;IAH;KIAH;2026-01-20T16:57:05Z
3dfc5ca0;DL1112;DAL1112;3.278.549;-11.101.382;100;39000;493;0;6736;2026-01-20T16:24:58Z;ADSB;A4463E;B738;N3749D;DAL;DAL;LAX;KLAX;MSY;KMSY;2026-01-20T18:42:08Z
3dfc2d74;AA249;AAL249;3.411.939;-9.531.732;210;38000;372;0;6277;2026-01-20T16:24:59Z;ADSB;A3CDE4;B38M;N344TS;AAL;AAL;ORD;KORD;MEX;MMMX;2026-01-20T18:37:52Z
3dfc3057;AA2097;AAL2097;2.911.908;-8.994.496;291;38000;401;0;6073;2026-01-20T16:24:59Z;ADSB;A99D89;B77W;N719AN;AAL;AAL;MIA;KMIA;DFW;KDFW;2026-01-20T17:40:16Z
3dfbfc5c;DL8800;DAL8800;2.609.267;-8.144.802;115;19000;404;-2240;1012;2026-01-20T16:24:59Z;ADSB;ACB878;B739;N919DU;DAL;DAL;MSP;KMSP;MIA;KMIA;2026-01-20T16:46:58Z
3dfbeb3c;DL1368;DAL1368;3.061.824;-8.860.281;242;29750;343;-960;7177;2026-01-20T16:24:58Z;ADSB;A3D4C6;A319;N346NB;DAL;DAL;JFK;KJFK;MSY;KMSY;2026-01-20T16:52:48Z
3dfbe93a;UA1256;UAL1256;3.943.966;-10.400.146;281;16700;291;-1600;7125;2026-01-20T16:24:58Z;ADSB;A288FF;B738;N26210;UAL;UAL;CLT;KCLT;DEN;KDEN;2026-01-20T16:37:03Z
3dfb3347;UA838;UAL838;4.050.613;-12.674.969;122;39000;509;0;6266;2026-01-20T16:24:59Z;ADSB;AA92FF;B772;N78008;UAL;UAL;NRT;RJAA;SFO;KSFO;2026-01-20T17:08:16Z
3dfbf396;UA1116;UAL1116;408.988;-11.740.196;248;38000;411;0;3657;2026-01-20T16:24:57Z;ADSB;A28947;B738;N26232;UAL;UAL;MSP;KMSP;SFO;KSFO;2026-01-20T17:16:48Z
3dfb37ee;DL188;DAL188;5.607.104;-14.638.969;91;39000;525;0;0;2026-01-20T16:24:55Z;ESTIMATED;A69822;A359;N524DN;DAL;DAL;ICN;RKSI;ATL;KATL;2026-01-20T22:06:56Z
3dfc35bc;AA1766;AAL1766;3.553.752;-8.844.841;66;39000;569;0;3065;2026-01-20T16:24:58Z;ADSB;AD1986;B738;N943NN;AAL;AAL;DFW;KDFW;JFK;KJFK;2026-01-20T18:18:40Z
3dfc4469;AA2581;AAL2581;3.813.387;-9.186.827;43;39000;496;0;3044;2026-01-20T16:24:58Z;ADSB;AD3FD9;B738;N953AN;AAL;AAL;DFW;KDFW;MKE;KMKE;2026-01-20T17:23:12Z
3dfb76b5;AF84;AFR84T;6.426.588;-955.136;230;34000;494;-64;3311;2026-01-20T16:24:59Z;ADSB;3965A0;B77W;F-GZNA;AFR;AFR;CDG;LFPG;SFO;KSFO;2026-01-20T20:39:28Z
3dfb54ee;BA117;BAW17R;4.047.217;-7.394.037;164;11625;288;-1344;751;2026-01-20T16:24:58Z;ADSB;400685;B772;G-VIIM;BAW;BAW;LHR;EGLL;JFK;KJFK;2026-01-20T16:37:10Z
3dfb79f6;BA195;BAW26E;4.971.975;-7.828.931;232;39975;459;0;767;2026-01-20T16:24:59Z;ADSB;40749B;B789;G-ZBKR;BAW;BAW;LHR;EGLL;IAH;KIAH;2026-01-20T19:44:00Z
3dfbb575;AA1349;AAL1349;3.038.315;-9.756.872;184;7425;241;-1024;565;2026-01-20T16:30:00Z;ADSB;ADC65E;B738;N987NN;AAL;AAL;JFK;KJFK;AUS;KAUS;2026-01-20T16:37:50Z
3dfbcb4e;DL2301;DAL2301;285.247;-8.306.881;151;12625;381;-1856;2637;2026-01-20T16:29:59Z;ADSB;A7824E;B753;N583NW;DAL;DAL;MSP;KMSP;TPA;KTPA;2026-01-20T16:45:04Z
3dfc602a;DL2582;DAL2582;3.884.775;-11.293.323;23;33000;421;-64;2062;2026-01-20T16:30:00Z;ADSB;A0757F;BCS1;N129DU;DAL;DAL;BUR;KBUR;SLC;KSLC;2026-01-20T16:57:36Z
3dfc1f4a;UA1666;UAL1666;3.889.905;-10.236.292;290;34000;402;0;4054;2026-01-20T16:29:59Z;ADSB;A3C775;B738;N34222;UAL;UAL;CVG;KCVG;DEN;KDEN;2026-01-20T16:57:36Z
3dfc6248;UA1384;UAL1384;3.950.674;-10.457.886;304;9100;198;-1216;2526;2026-01-20T16:29:59Z;ADSB;AC4107;A319;N889UA;UAL;UAL;ICT;KICT;DEN;KDEN;2026-01-20T16:34:09Z
3dfbebeb;DL8851;DAL8851;3.938.417;-10.388.367;304;19075;302;-1280;7120;2026-01-20T16:29:58Z;ADSB;A8DEF1;B752;N6706Q;DAL;DAL;ATL;KATL;DEN;KDEN;2026-01-20T16:44:03Z
3dfc46ab;DL853;DAL853;5.627.919;-13.452.235;136;39000;511;0;7270;2026-01-20T16:29:59Z;ADSB;A44502;B738;N3740C;DAL;DAL;ANC;PANC;SEA;KSEA;2026-01-20T18:10:08Z
3dfb8063;BA53;BAW5EA;6.405.448;-1.068.594;216;40000;521;64;2163;2026-01-20T16:29:59Z;ADSB;400774;B772;G-VIIW;BAW;BAW;LHR;EGLL;SEA;KSEA;2026-01-20T19:07:44Z
3dfb5cc2;KL689;KLM689;4.394.183;-8.604.352;205;40000;467;0;747;2026-01-20T16:29:59Z;ADSB;485785;B789;PH-BHN;KLM;KLM;AMS;EHAM;CUN;MMUN;2026-01-20T19:46:08Z
3dfb5a0f;KL661;KLM661;4.502.321;-8.513.364;219;36000;455;0;750;2026-01-20T16:29:59Z;ADSB;4851B0;B789;PH-BHE;KLM;KLM;AMS;EHAM;IAH;KIAH;2026-01-20T19:01:20Z
3dfb6bff;AF636;AFR636P;5.139.386;-829.565;222;38000;475;0;756;2026-01-20T16:29:59Z;ADSB;39D2A6;A359;F-HUVG;AFR;AFR;CDG;LFPG;IAH;KIAH;2026-01-20T19:46:08Z
3dfc25be;AA2896;AAL2896;3.187.582;-7.801.205;199;36000;379;0;3250;2026-01-20T16:29:59Z;ADSB;A35388;B38M;N313SB;AAL;AAL;LGA;KLGA;FLL;KFLL;2026-01-20T17:31:44Z
3dfc18c5;AA3052;AAL3052;3.348.097;-7.778.985;195;38075;378;0;555;2026-01-20T16:30:00Z;ADSB;AB4EA8;A319;N828AW;AAL;AAL;DCA;KDCA;FLL;KFLL;2026-01-20T17:44:32Z
3dfc2269;UA1886;UAL1886;4.027.304;-7.488.013;47;7825;300;-1408;4026;2026-01-20T16:29:58Z;ADSB;A05A25;B752;N12125;UAL;UAL;IAH;KIAH;EWR;KEWR;2026-01-20T16:38:03Z
3dfb5ea7;UA905;UAL905;4.340.726;-7.345.235;208;31050;386;-3904;711;2026-01-20T16:29:59Z;ADSB;A9178D;B763;N685UA;UAL;UAL;LHR;EGLL;EWR;KEWR;2026-01-20T17:05:18Z
3dfc13ad;UA654;UAL654;3.066.783;-9.625.187;116;24150;495;-448;1021;2026-01-20T16:29:59Z;ADSB;A0A8DF;B752;N14107;UAL;UAL;LAX;KLAX;IAH;KIAH;2026-01-20T16:55:42Z
3dfc31b9;DL2947;DAL2947;340.937;-1.187.332;138;10550;266;-1024;3535;2026-01-20T16:29:59Z;ADSB;A39E6B;A319;N332NB;;;PDX;KPDX;LAX;KLAX;2026-01-20T16:41:39Z
3dfc3751;AA3139;AAL3139;3.054.362;-8.711.147;168;3475;231;0;3074;2026-01-20T16:30:00Z;ADSB;A0480B;A320;N117UW;AAL;AAL;DFW;KDFW;PNS;KPNS;2026-01-20T16:33:33Z
3dfc099d;AA2523;AAL2523;3.130.047;-8.194.356;198;34000;383;0;1573;2026-01-20T16:30:00Z;ADSB;A3B88E;B738;N339PL;AAL;AAL;PHL;KPHL;TPA;KTPA;2026-01-20T17:10:24Z
3dfab1a1;UA830;UAL830;3.762.286;-12.239.159;239;0;11;0;1422;2026-01-20T16:30:00Z;ADSB;A1FCC5;B772;N227UA;UAL;UAL;SYD;YSSY;SFO;KSFO;2026-01-20T16:28:25Z
3dfc5bb8;AA882;AAL882;3.848.222;-11.833.977;316;31350;403;-960;1523;2026-01-20T16:29:59Z;ADSB;AB5FDD;A319;N832AW;AAL;AAL;PHX;KPHX;RNO;KRNO;2026-01-20T16:55:28Z
3dfc50ea;UA357;UAL357;3.819.997;-10.263.457;312;33500;389;-960;6217;2026-01-20T16:29:59Z;ADSB;A43EA3;B738;N37274;UAL;UAL;DFW;KDFW;DEN;KDEN;2026-01-20T17:01:52Z
3dfc4a66;UA595;UAL595;3.882.761;-10.350.733;312;29650;371;-2112;3553;2026-01-20T16:29:58Z;ADSB;A465DF;B738;N38257;UAL;UAL;AUS;KAUS;DEN;KDEN;2026-01-20T16:49:04Z
3dfb1d91;DL166;DAL166;4.753.891;-1.223.172;180;1650;173;-1024;7243;2026-01-20T16:29:59Z;ADSB;A65BB7;A359;N509DN;DAL;DAL;HND;RJTT;SEA;KSEA;2026-01-20T16:31:30Z
3dfb554c;KL601;KLM601;5.051.308;-10.758.376;197;38000;530;128;3351;2026-01-20T16:29:58Z;ADSB;485F84;B78X;PH-BKQ;KLM;KLM;AMS;EHAM;LAX;KLAX;2026-01-20T19:01:20Z
3dfb459f;DL57;DAL57;5.340.129;-10.275.324;194;40000;517;-64;1742;2026-01-20T16:30:00Z;ADSB;AB00D6;A333;N808NW;DAL;DAL;AMS;EHAM;SLC;KSLC;2026-01-20T18:27:12Z
3dfbc8a3;UA4200;UAL4200;3.152.462;-779.102;6;41000;501;0;5746;2026-01-20T16:29:59Z;ADSB;A8EC57;B763;N674UA;UAL;UAL;MDE;SKRG;EWR;KEWR;2026-01-20T17:51:01Z
3dfc6318;AA2111;AAL2111;3.637.964;-7.996.952;214;28375;322;-1920;1666;2026-01-20T16:29:59Z;MLAT;AB7270;A319;N837AW;AAL;AAL;LGA;KLGA;CLT;KCLT;2026-01-20T16:58:27Z
3dfb55ab;DL33;DAL33;4.246.747;-7.677.265;210;40000;390;0;706;2026-01-20T16:29:58Z;ADSB;A50E93;A339;N425DX;DAL;DAL;LHR;EGLL;ATL;KATL;2026-01-20T18:20:48Z
3dfb6bb5;AF158;AFR158K;528.074;-8.037.437;223;36000;472;0;2403;2026-01-20T16:29:55Z;ESTIMATED;3949F4;B772;F-GSPU;AFR;AFR;CDG;LFPG;DFW;KDFW;2026-01-20T19:54:40Z
3dfc6077;UA1119;UAL1119;3.387.546;-9.873.785;135;39000;523;0;3536;2026-01-20T16:30:00Z;ADSB;A1CDD8;B772;N215UA;UAL;UAL;DEN;KDEN;CUN;MMUN;2026-01-20T18:44:16Z
3dfc075e;AA2731;AAL2731;3.432.199;-9.351.877;248;37975;361;0;1120;2026-01-20T16:29:59Z;ADSB;AAE958;B788;N802AN;AAL;AAL;PHL;KPHL;DFW;KDFW;2026-01-20T17:06:08Z
3dfc1880;AA1293;AAL1293;3.030.002;-8.232.519;142;25575;446;-640;5663;2026-01-20T16:30:00Z;ADSB;A3C291;B38M;N341RW;AAL;AAL;ORD;KORD;MCO;KMCO;2026-01-20T16:55:29Z
3dfbe8e0;DL1794;DAL1794;3.317.899;-8.381.061;318;10650;259;-1472;4614;2026-01-20T16:29:59Z;ADSB;A93D9F;B752;N695DL;DAL;DAL;SJO;MROC;ATL;KATL;2026-01-20T16:39:54Z
3dfc61e8;UA2609;UAL2609;3.893.134;-10.365.404;311;28600;373;-2304;634;2026-01-20T16:29:58Z;ADSB;A43EA2;B738;N37273;UAL;UAL;OKC;KOKC;DEN;KDEN;2026-01-20T16:49:04Z
3dfb53b3;UA6;UAL6;5.426.697;-13.108.173;112;39000;521;-64;5721;2026-01-20T16:29:59Z;ADSB;A31A76;B789;N29984;UAL;UAL;NRT;RJAA;IAH;KIAH;2026-01-20T20:43:44Z
3dfb71d2;LH454;DLH454;6.380.859;-10.794.141;208;36000;532;-64;1710;2026-01-20T16:29:59Z;ADSB;3C4B2A;B748;D-ABYJ;DLH;DLH;FRA;EDDF;SFO;KSFO;2026-01-20T20:09:36Z
3dfb80ef;LH456;DLH456;6.615.871;-1.032.399;213;32000;518;64;1310;2026-01-20T16:29:58Z;ADSB;3C4B2D;B748;D-ABYM;DLH;DLH;FRA;EDDF;LAX;KLAX;2026-01-20T20:52:16Z
3dfbe9c7;AA3193;AAL3193;3.776.331;-9.651.945;297;38000;372;0;2031;2026-01-20T16:30:00Z;ADSB;AC7A33;A319;N9029F;AAL;AAL;MIA;KMIA;EGE;KEGE;2026-01-20T17:46:40Z
3dfc471c;AA1616;AAL1616;3.900.002;-892.171;296;38000;365;0;5751;2026-01-20T16:29:59Z;ADSB;AD8895;B738;N971NN;AAL;AAL;CLT;KCLT;MCI;KMCI;2026-01-20T17:16:48Z
3dfc29a2;UA3895;UAL3895;4.059.802;-8.782.833;250;40000;377;0;7155;2026-01-20T16:29:59Z;ADSB;A8E24D;B752;N67134;UAL;UAL;EWR;KEWR;AMA;KAMA;2026-01-20T18:18:40Z
3dfc0e0a;AA1283;AAL1283;2.609.889;-8.005.727;191;12225;294;-1472;4074;2026-01-20T16:29:58Z;ADSB;A4008E;B38M;N357TY;AAL;AAL;IND;KIND;MIA;KMIA;2026-01-20T16:42:49Z
3dfbf6a5;AA3317;AAL3317;2.761.565;-8.032.084;154;17850;403;-2240;2750;2026-01-20T16:29:59Z;ADSB;ACF849;B738;N935AN;AAL;AAL;LGA;KLGA;PBI;KPBI;2026-01-20T16:50:27Z
3dfbfb71;DL1930;DAL1930;235.373;-6.642.261;165;39000;479;0;3060;2026-01-20T16:29:57Z;ESTIMATED;A8DE10;B752;N6700;;;JFK;KJFK;STT;TIST;2026-01-20T17:18:56Z
3dfb5e2d;KL623;KLM623;4.524.884;-7.726.371;237;35975;432;64;754;2026-01-20T16:29:58Z;ADSB;485E2E;B78X;PH-BKH;KLM;KLM;AMS;EHAM;ATL;KATL;2026-01-20T18:35:44Z
3dfa9c2b;DL42;DAL42;3.222.243;-12.030.326;54;38175;499;-1024;1464;2026-01-20T16:30:00Z;ADSB;A6A347;A359;N527DN;DAL;DAL;SYD;YSSY;LAX;KLAX;2026-01-20T17:01:52Z
3dfc21cf;DL830;DAL830;3.431.126;-9.839.771;285;40000;385;0;2001;2026-01-20T16:29:58Z;ADSB;ABD018;A332;N860NW;DAL;DAL;ATL;KATL;SLC;KSLC;2026-01-20T18:27:12Z
3dfb9bef;UA2115;UAL2115;382.476;-11.723.177;254;38000;380;0;7172;2026-01-20T16:29:59Z;ADSB;A16E7D;B752;N19117;UAL;UAL;EWR;KEWR;SFO;KSFO;2026-01-20T17:16:48Z
3dfbb609;DL966;DAL966;4.746.909;-12.231.786;180;250;154;-896;4021;2026-01-20T16:30:00Z;ADSB;A4A0CD;B738;N398DA;DAL;DAL;CVG;KCVG;SEA;KSEA;2026-01-20T16:30:19Z
3dfb2fe8;DL120;DAL120;5.473.756;-12.094.374;108;41000;534;0;7425;2026-01-20T16:30:00Z;ADSB;A68946;A359;N520DN;DAL;DAL;HND;RJTT;MSP;KMSP;2026-01-20T18:59:12Z
3dfb5b3f;KL605;KLM373;5.452.948;-11.531.599;201;38000;554;64;1307;2026-01-20T16:29:59Z;ADSB;486071;B78X;PH-BKL;KLM;KLM;AMS;EHAM;SFO;KSFO;2026-01-20T18:50:40Z
3dfb1035;DL274;DAL274;5.062.202;-10.882.435;117;41000;536;0;1337;2026-01-20T16:29:59Z;ADSB;A65800;A359;N508DN;DAL;DAL;HND;RJTT;DTW;KDTW;2026-01-20T18:48:32Z
3dfb6660;AF338;AFR338;6.065.094;-11.137.154;205;40000;544;0;3322;2026-01-20T16:30:00Z;ADSB;39D2B3;A359;F-HUVT;AFR;AFR;CDG;LFPG;SEA;KSEA;2026-01-20T18:31:28Z
3dfbef7c;UA297;UAL297;4.609.969;-9.993.191;270;38000;399;0;3054;2026-01-20T16:29:59Z;ADSB;A2B10C;B38M;N27252;UAL;UAL;EWR;KEWR;BZN;KBZN;2026-01-20T17:48:48Z
3dfc08be;DL713;DAL713;3.933.673;-9.486.847;261;40000;393;0;7106;2026-01-20T16:29:58Z;ADSB;ABCA08;A332;N859NW;DAL;DAL;JFK;KJFK;LAX;KLAX;2026-01-20T19:33:20Z
3dfbfe28;UA3929;UAL3929;3.993.805;-9.103.571;94;41000;537;0;3220;2026-01-20T16:29:59Z;ADSB;A2E045;B739;N28478;UAL;UAL;SFO;KSFO;IAD;KIAD;2026-01-20T17:48:48Z
3df77bd0;DL274;DAL274;4.221.032;-83.357;118;0;0;0;6527;2026-01-20T16:29:56Z;ADSB;A661C7;A359;N510DN;DAL;DAL;HND;RJTT;DTW;KDTW;2026-01-19T18:59:44Z
3dfc2a84;AA1172;AAL1172;3.305.162;-794.135;127;37925;508;-640;1377;2026-01-20T16:30:00Z;ADSB;AAEF89;A319;N8031M;AAL;AAL;ORD;KORD;STT;TIST;2026-01-20T19:09:52Z
3dfc1af7;AA1688;AAL1688;3.697.244;-7.947.468;213;32000;346;0;3461;2026-01-20T16:29:59Z;ADSB;ADECA5;A321;N997AA;AAL;AAL;BOS;KBOS;CLT;KCLT;2026-01-20T17:04:00Z
3dfb6eb6;BA175;BAW7NY;4.367.666;-7.041.844;209;38000;389;64;763;2026-01-20T16:29:58Z;ADSB;4005C1;B772;G-RAES;BAW;BAW;LHR;EGLL;JFK;KJFK;2026-01-20T17:16:48Z
3dfc5de4;AA142;AAL142;4.730.644;-6.373.045;45;39000;601;0;2610;2026-01-20T16:30:00Z;ADSB;AACAA5;B772;N795AN;AAL;AAL;JFK;KJFK;LHR;EGLL;2026-01-20T21:30:40Z
3dfbf6a2;UA1898;UAL1898;3.042.119;-943.814;225;14850;322;-1152;1331;2026-01-20T16:29:59Z;ADSB;A35843;B739;N31412;UAL;UAL;BWI;KBWI;IAH;KIAH;2026-01-20T16:47:00Z
3dfc5ca0;DL1112;DAL1112;3.265.826;-11.021.394;100;39000;494;0;6736;2026-01-20T16:29:59Z;ADSB;A4463E;B738;N3749D;DAL;DAL;LAX;KLAX;MSY;KMSY;2026-01-20T18:44:16Z
3dfc2d74;AA249;AAL249;3.366.737;-956.345;210;38000;376;0;6277;2026-01-20T16:30:00Z;ADSB;A3CDE4;B38M;N344TS;AAL;AAL;ORD;KORD;MEX;MMMX;2026-01-20T18:48:32Z
3dfc3057;AA2097;AAL2097;2.944.601;-9.047.225;309;38000;414;0;6073;2026-01-20T16:29:58Z;ADSB;A99D89;B77W;N719AN;AAL;AAL;MIA;KMIA;DFW;KDFW;2026-01-20T17:40:16Z
3dfbfc5c;DL8800;DAL8800;2.587.518;-8.093.733;113;9225;298;-1472;1012;2026-01-20T16:30:00Z;ADSB;ACB878;B739;N919DU;DAL;DAL;MSP;KMSP;MIA;KMIA;2026-01-20T16:40:00Z
3dfbeb3c;DL1368;DAL1368;3.040.096;-8.909.217;247;22650;322;-2496;7177;2026-01-20T16:29:59Z;ADSB;A3D4C6;A319;N346NB;DAL;DAL;JFK;KJFK;MSY;KMSY;2026-01-20T16:49:30Z
3dfbe93a;UA1256;UAL1256;394.878;-10.448.242;289;10775;237;-448;7125;2026-01-20T16:29:58Z;ADSB;A288FF;B738;N26210;UAL;UAL;CLT;KCLT;DEN;KDEN;2026-01-20T16:35:42Z
3dfb3347;UA838;UAL838;401.257;-12.596.474;122;39000;513;0;6266;2026-01-20T16:29:59Z;ADSB;AA92FF;B772;N78008;UAL;UAL;NRT;RJAA;SFO;KSFO;2026-01-20T17:06:08Z
3dfbf396;UA1116;UAL1116;406.611;-11.808.917;242;38000;413;0;3657;2026-01-20T16:29:58Z;ADSB;A28947;B738;N26232;UAL;UAL;MSP;KMSP;SFO;KSFO;2026-01-20T17:18:56Z
3dfc35bc;AA1766;AAL1766;3.584.629;-8.755.297;67;39000;567;0;3065;2026-01-20T16:30:00Z;ADSB;AD1986;B738;N943NN;AAL;AAL;DFW;KDFW;JFK;KJFK;2026-01-20T18:18:40Z
3dfc4469;AA2581;AAL2581;3.863.156;-9.124.432;45;39000;504;0;3044;2026-01-20T16:29:59Z;ADSB;AD3FD9;B738;N953AN;AAL;AAL;DFW;KDFW;MKE;KMKE;2026-01-20T17:21:04Z
3dfb76b5;AF84;AFR84T;638.288;-9.671.133;229;34000;498;0;3311;2026-01-20T16:29:58Z;ADSB;3965A0;B77W;F-GZNA;AFR;AFR;CDG;LFPG;SFO;KSFO;2026-01-20T20:37:20Z
3dfb54ee;BA117;BAW17R;402.736;-7.363.818;44;6150;286;-768;751;2026-01-20T16:29:59Z;ADSB;400685;B772;G-VIIM;BAW;BAW;LHR;EGLL;JFK;KJFK;2026-01-20T16:35:55Z
3dfb79f6;BA195;BAW26E;4.933.495;-7.906.419;232;40000;456;-64;767;2026-01-20T16:29:58Z;ADSB;40749B;B789;G-ZBKR;BAW;BAW;LHR;EGLL;IAH;KIAH;2026-01-20T19:52:32Z
3dfbb575;AA1349;AAL1349;3.006.939;-9.756.431;179;3775;209;-960;565;2026-01-20T16:34:58Z;ADSB;ADC65E;B738;N987NN;AAL;AAL;JFK;KJFK;AUS;KAUS;2026-01-20T16:38:23Z
3dfbcb4e;DL2301;DAL2301;2.816.694;-8.279.394;135;6850;285;-896;2637;2026-01-20T16:34:57Z;ADSB;A7824E;B753;N583NW;DAL;DAL;MSP;KMSP;TPA;KTPA;2026-01-20T16:43:18Z
3dfc602a;DL2582;DAL2582;3.938.237;-11.263.446;23;28625;435;-1984;2062;2026-01-20T16:34:57Z;ADSB;A0757F;BCS1;N129DU;DAL;DAL;BUR;KBUR;SLC;KSLC;2026-01-20T17:00:06Z
3dfc1f4a;UA1666;UAL1666;3.909.722;-10.303.857;290;30300;404;-1024;4054;2026-01-20T16:34:58Z;ADSB;A3C775;B738;N34222;UAL;UAL;CVG;KCVG;DEN;KDEN;2026-01-20T16:57:36Z
3dfbebeb;DL8851;DAL8851;394.492;-10.435.017;279;11900;249;0;7120;2026-01-20T16:34:58Z;ADSB;A8DEF1;B752;N6706Q;DAL;DAL;ATL;KATL;DEN;KDEN;2026-01-20T16:41:36Z
3dfc6248;UA1384;UAL1384;3.975.471;-10.464.281;1;6825;179;-1024;2526;2026-01-20T16:34:59Z;ADSB;AC4107;A319;N889UA;UAL;UAL;ICT;KICT;DEN;KDEN;2026-01-20T16:37:36Z
3dfc46ab;DL853;DAL853;5.576.578;-13.364.993;137;39000;513;0;7270;2026-01-20T16:34:59Z;ADSB;A44502;B738;N3740C;DAL;DAL;ANC;PANC;SEA;KSEA;2026-01-20T18:05:52Z
3dfb8063;BA53;BAW5EA;6.347.081;-10.780.862;215;40000;519;0;2163;2026-01-20T16:34:58Z;ADSB;400774;B772;G-VIIW;BAW;BAW;LHR;EGLL;SEA;KSEA;2026-01-20T19:07:44Z
3dfb5cc2;KL689;KLM689;4.335.896;-8.642.995;205;39975;471;64;747;2026-01-20T16:34:58Z;ADSB;485785;B789;PH-BHN;KLM;KLM;AMS;EHAM;CUN;MMUN;2026-01-20T19:44:00Z
3dfb5a0f;KL661;KLM661;4.453.936;-8.568.257;216;35975;450;-64;750;2026-01-20T16:34:57Z;ADSB;4851B0;B789;PH-BHE;KLM;KLM;AMS;EHAM;IAH;KIAH;2026-01-20T19:01:20Z
3dfb6bff;AF636;AFR636P;5.090.497;-8.365.287;221;38000;476;0;756;2026-01-20T16:34:58Z;ADSB;39D2A6;A359;F-HUVG;AFR;AFR;CDG;LFPG;IAH;KIAH;2026-01-20T19:46:08Z
3dfc25be;AA2896;AAL2896;313.889;-7.824.673;202;36000;383;0;3250;2026-01-20T16:34:58Z;ADSB;A35388;B38M;N313SB;AAL;AAL;LGA;KLGA;FLL;KFLL;2026-01-20T17:36:00Z
3dfc18c5;AA3052;AAL3052;3.298.306;-7.795.222;196;36025;373;0;555;2026-01-20T16:34:57Z;ADSB;AB4EA8;A319;N828AW;AAL;AAL;DCA;KDCA;FLL;KFLL;2026-01-20T17:42:24Z
3dfc2269;UA1886;UAL1886;4.057.796;-7.462.793;11;5600;245;0;4026;2026-01-20T16:34:57Z;ADSB;A05A25;B752;N12125;UAL;UAL;IAH;KIAH;EWR;KEWR;2026-01-20T16:39:59Z
3dfb5ea7;UA905;UAL905;4.294.492;-7.371.973;196;19525;350;-1664;711;2026-01-20T16:34:58Z;ADSB;A9178D;B763;N685UA;UAL;UAL;LHR;EGLL;EWR;KEWR;2026-01-20T16:56:08Z
3dfc13ad;UA654;UAL654;3.033.897;-9.572.048;140;14475;339;-1600;1021;2026-01-20T16:34:57Z;ADSB;A0A8DF;B752;N14107;UAL;UAL;LAX;KLAX;IAH;KIAH;2026-01-20T16:50:50Z
3dfc31b9;DL2947;DAL2947;3.401.816;-11.841.165;78;6125;195;-1280;3535;2026-01-20T16:34:58Z;ADSB;A39E6B;A319;N332NB;;;PDX;KPDX;LAX;KLAX;2026-01-20T16:41:14Z
3dfc3751;AA3139;AAL3139;304.053;-8.717.005;347;775;122;-640;3074;2026-01-20T16:34:58Z;ADSB;A0480B;A320;N117UW;AAL;AAL;DFW;KDFW;PNS;KPNS;2026-01-20T16:35:27Z
3dfc099d;AA2523;AAL2523;307.869;-8.212.592;188;33150;404;-960;1573;2026-01-20T16:34:58Z;ADSB;A3B88E;B738;N339PL;AAL;AAL;PHL;KPHL;TPA;KTPA;2026-01-20T17:10:24Z
3dfab1a1;UA830;UAL830;3.761.911;-12.239.333;208;0;0;0;1422;2026-01-20T16:34:35Z;ADSB;A1FCC5;B772;N227UA;UAL;UAL;SYD;YSSY;SFO;KSFO;2026-01-20T16:28:25Z
3dfc5bb8;AA882;AAL882;3.888.071;-11.883.453;315;23575;391;-2240;1523;2026-01-20T16:34:58Z;ADSB;AB5FDD;A319;N832AW;AAL;AAL;PHX;KPHX;RNO;KRNO;2026-01-20T16:56:10Z
3dfc50ea;UA357;UAL357;3.856.839;-10.314.362;312;31000;367;-64;6217;2026-01-20T16:34:58Z;ADSB;A43EA3;B738;N37274;UAL;UAL;DFW;KDFW;DEN;KDEN;2026-01-20T16:59:44Z
3dfc4a66;UA595;UAL595;3.915.979;-10.395.825;329;19825;322;-1664;3553;2026-01-20T16:34:58Z;ADSB;A465DF;B738;N38257;UAL;UAL;AUS;KAUS;DEN;KDEN;2026-01-20T16:50:58Z
3dfb554c;KL601;KLM601;4.983.059;-10.798.328;201;37975;524;64;3351;2026-01-20T16:34:58Z;ADSB;485F84;B78X;PH-BKQ;KLM;KLM;AMS;EHAM;LAX;KLAX;2026-01-20T19:01:20Z
3dfb459f;DL57;DAL57;5.271.366;-10.303.944;194;40000;513;0;1742;2026-01-20T16:34:58Z;ADSB;AB00D6;A333;N808NW;DAL;DAL;AMS;EHAM;SLC;KSLC;2026-01-20T18:27:12Z
3dfb6bb5;AF158;AFR158K;5.231.007;-8.113.525;222;36000;474;0;2403;2026-01-20T16:34:58Z;ADSB;3949F4;B772;F-GSPU;AFR;AFR;CDG;LFPG;DFW;KDFW;2026-01-20T19:37:36Z
3dfbc8a3;UA4200;UAL4200;3.220.738;-7.788.191;357;41025;485;0;5746;2026-01-20T16:34:58Z;ADSB;A8EC57;B763;N674UA;UAL;UAL;MDE;SKRG;EWR;KEWR;2026-01-20T17:53:27Z
3dfc6318;AA2111;AAL2111;3.601.144;-8.027.219;213;20825;320;-1408;4173;2026-01-20T16:34:58Z;MLAT;AB7270;A319;N837AW;AAL;AAL;LGA;KLGA;CLT;KCLT;2026-01-20T16:56:39Z
3dfb55ab;DL33;DAL33;4.200.563;-7.714.319;210;40000;390;0;706;2026-01-20T16:34:58Z;ADSB;A50E93;A339;N425DX;DAL;DAL;LHR;EGLL;ATL;KATL;2026-01-20T18:22:56Z
3dfc6077;UA1119;UAL1119;3.336.397;-9.812.917;135;39000;526;0;3536;2026-01-20T16:34:58Z;ADSB;A1CDD8;B772;N215UA;UAL;UAL;DEN;KDEN;CUN;MMUN;2026-01-20T18:46:24Z
3dfc1880;AA1293;AAL1293;2.975.935;-8.214.937;170;25000;402;0;5663;2026-01-20T16:34:59Z;ADSB;A3C291;B38M;N341RW;AAL;AAL;ORD;KORD;MCO;KMCO;2026-01-20T16:59:18Z
3dfc075e;AA2731;AAL2731;3.413.992;-9.408.428;249;37925;365;-576;1120;2026-01-20T16:34:57Z;ADSB;AAE958;B788;N802AN;AAL;AAL;PHL;KPHL;DFW;KDFW;2026-01-20T17:08:16Z
3dfbe8e0;DL1794;DAL1794;3.344.957;-8.405.975;339;5775;239;-768;4614;2026-01-20T16:34:57Z;ADSB;A93D9F;B752;N695DL;DAL;DAL;SJO;MROC;ATL;KATL;2026-01-20T16:39:50Z
3dfc61e8;UA2609;UAL2609;3.928.784;-10.404.274;334;19525;291;-1600;634;2026-01-20T16:34:59Z;ADSB;A43EA2;B738;N37273;UAL;UAL;OKC;KOKC;DEN;KDEN;2026-01-20T16:49:27Z
3dfb53b3;UA6;UAL6;5.398.361;-12.995.108;117;38975;521;-64;5721;2026-01-20T16:34:59Z;ADSB;A31A76;B789;N29984;UAL;UAL;NRT;RJAA;IAH;KIAH;2026-01-20T20:43:44Z
3dfb71d2;LH454;DLH454;6.315.328;-10.872.102;207;36000;538;0;1710;2026-01-20T16:34:59Z;ADSB;3C4B2A;B748;D-ABYJ;DLH;DLH;FRA;EDDF;SFO;KSFO;2026-01-20T20:05:20Z
3dfb80ef;LH456;DLH456;6.555.602;-10.417.877;212;32000;516;0;1310;2026-01-20T16:34:59Z;ADSB;3C4B2D;B748;D-ABYM;DLH;DLH;FRA;EDDF;LAX;KLAX;2026-01-20T20:52:16Z
3dfbe9c7;AA3193;AAL3193;3.799.817;-9.709.645;296;38000;373;-64;2031;2026-01-20T16:34:59Z;ADSB;AC7A33;A319;N9029F;AAL;AAL;MIA;KMIA;EGE;KEGE;2026-01-20T17:48:48Z
3dfc471c;AA1616;AAL1616;3.922.687;-8.980.039;296;38000;370;0;5751;2026-01-20T16:34:58Z;ADSB;AD8895;B738;N971NN;AAL;AAL;CLT;KCLT;MCI;KMCI;2026-01-20T17:14:40Z
3dfc29a2;UA3895;UAL3895;4.042.538;-8.847.467;250;40000;376;0;7155;2026-01-20T16:34:59Z;ADSB;A8E24D;B752;N67134;UAL;UAL;EWR;KEWR;AMA;KAMA;2026-01-20T18:12:16Z
3dfc0e0a;AA1283;AAL1283;2.588.635;-8.031.201;298;5625;273;-2048;4074;2026-01-20T16:34:59Z;ADSB;A4008E;B38M;N357TY;AAL;AAL;IND;KIND;MIA;KMIA;2026-01-20T16:42:48Z
3dfbf6a5;AA3317;AAL3317;272.216;-8.006.105;130;8800;289;-1344;2750;2026-01-20T16:34:59Z;ADSB;ACF849;B738;N935AN;AAL;AAL;LGA;KLGA;PBI;KPBI;2026-01-20T16:45:29Z
3dfb5e2d;KL623;KLM623;4.491.672;-7.797.801;236;35975;437;0;754;2026-01-20T16:34:59Z;ADSB;485E2E;B78X;PH-BKH;KLM;KLM;AMS;EHAM;ATL;KATL;2026-01-20T18:33:36Z
3dfa9c2b;DL42;DAL42;326.017;-11.966.869;54;29800;478;-2752;1464;2026-01-20T16:34:59Z;ADSB;A6A347;A359;N527DN;DAL;DAL;SYD;YSSY;LAX;KLAX;2026-01-20T17:06:30Z
3dfc21cf;DL830;DAL830;344.545;-9.902.583;285;40000;392;-64;2001;2026-01-20T16:34:57Z;ADSB;ABD018;A332;N860NW;DAL;DAL;ATL;KATL;SLC;KSLC;2026-01-20T18:27:12Z
3dfb9bef;UA2115;UAL2115;3.810.184;-11.787.865;253;38000;389;-64;7172;2026-01-20T16:34:58Z;ADSB;A16E7D;B752;N19117;UAL;UAL;EWR;KEWR;SFO;KSFO;2026-01-20T17:16:48Z
3dfb5b3f;KL605;KLM373;5.381.089;-11.578.208;200;37975;551;64;1307;2026-01-20T16:34:59Z;ADSB;486071;B78X;PH-BKL;KLM;KLM;AMS;EHAM;SFO;KSFO;2026-01-20T18:50:40Z
3dfb2fe8;DL120;DAL120;5.449.968;-11.973.466;109;41000;535;64;7425;2026-01-20T16:34:59Z;ADSB;A68946;A359;N520DN;DAL;DAL;HND;RJTT;MSP;KMSP;2026-01-20T18:59:12Z
3dfb6660;AF338;AFR338;5.996.515;-11.202.042;205;40000;556;0;3322;2026-01-20T16:34:59Z;ADSB;39D2B3;A359;F-HUVT;AFR;AFR;CDG;LFPG;SEA;KSEA;2026-01-20T18:27:12Z
3dfb1035;DL274;DAL274;5.027.674;-10.779.562;118;41000;540;64;1337;2026-01-20T16:34:57Z;ADSB;A65800;A359;N508DN;DAL;DAL;HND;RJTT;DTW;KDTW;2026-01-20T18:46:24Z
3dfbef7c;UA297;UAL297;4.609.956;-10.071.902;268;38000;394;0;3054;2026-01-20T16:34:59Z;ADSB;A2B10C;B38M;N27252;UAL;UAL;EWR;KEWR;BZN;KBZN;2026-01-20T17:48:48Z
3dfc08be;DL713;DAL713;3.925.154;-955.636;260;40000;393;0;7106;2026-01-20T16:34:59Z;ADSB;ABCA08;A332;N859NW;DAL;DAL;JFK;KJFK;LAX;KLAX;2026-01-20T19:31:12Z
3dfbfe28;UA3929;UAL3929;3.987.012;-9.007.374;95;41000;540;0;3220;2026-01-20T16:34:58Z;ADSB;A2E045;B739;N28478;UAL;UAL;SFO;KSFO;IAD;KIAD;2026-01-20T17:50:56Z
3df77bd0;DL274;DAL274;4.221.033;-8.335.699;118;0;0;0;6527;2026-01-20T16:34:59Z;ADSB;A661C7;A359;N510DN;DAL;DAL;HND;RJTT;DTW;KDTW;2026-01-19T18:59:44Z
3dfc2a84;AA1172;AAL1172;3.261.772;-7.875.874;128;38025;513;-64;1377;2026-01-20T16:34:57Z;ADSB;AAEF89;A319;N8031M;AAL;AAL;ORD;KORD;STT;TIST;2026-01-20T19:09:52Z
3dfc1af7;AA1688;AAL1688;365.834;-7.980.071;213;28000;347;0;3461;2026-01-20T16:34:59Z;ADSB;ADECA5;A321;N997AA;AAL;AAL;BOS;KBOS;CLT;KCLT;2026-01-20T17:06:08Z
3dfb6eb6;BA175;BAW7NY;4.317.874;-7.073.477;199;38000;400;0;763;2026-01-20T16:34:59Z;ADSB;4005C1;B772;G-RAES;BAW;BAW;LHR;EGLL;JFK;KJFK;2026-01-20T17:16:48Z
3dfc5de4;AA142;AAL142;4.787.938;-6.284.365;46;39000;599;0;2610;2026-01-20T16:34:59Z;ADSB;AACAA5;B772;N795AN;AAL;AAL;JFK;KJFK;LHR;EGLL;2026-01-20T21:30:40Z
3dfc5ca0;DL1112;DAL1112;3.252.663;-10.941.866;101;39000;492;0;6736;2026-01-20T16:34:59Z;ADSB;A4463E;B738;N3749D;DAL;DAL;LAX;KLAX;MSY;KMSY;2026-01-20T18:44:16Z
3dfc2d74;AA249;AAL249;3.322.929;-9.593.806;210;38000;356;64;6277;2026-01-20T16:34:59Z;ADSB;A3CDE4;B38M;N344TS;AAL;AAL;ORD;KORD;MEX;MMMX;2026-01-20T18:40:00Z
3dfc3057;AA2097;AAL2097;2.985.013;-9.093.669;316;38000;413;0;6073;2026-01-20T16:34:57Z;ADSB;A99D89;B77W;N719AN;AAL;AAL;MIA;KMIA;DFW;KDFW;2026-01-20T17:40:16Z
3dfbf6a2;UA1898;UAL1898;3.019.075;-9.450.552;183;11175;288;-1472;1331;2026-01-20T16:34:58Z;ADSB;A35843;B739;N31412;UAL;UAL;BWI;KBWI;IAH;KIAH;2026-01-20T16:47:38Z
3dfbeb3c;DL1368;DAL1368;3.023.335;-8.954.813;249;11300;295;-1984;7177;2026-01-20T16:34:59Z;ADSB;A3D4C6;A319;N346NB;DAL;DAL;JFK;KJFK;MSY;KMSY;2026-01-20T16:48:03Z
3dfb3347;UA838;UAL838;3.974.542;-12.519.912;123;38175;497;-1536;6266;2026-01-20T16:34:59Z;ADSB;AA92FF;B772;N78008;UAL;UAL;NRT;RJAA;SFO;KSFO;2026-01-20T17:06:08Z
3dfbe93a;UA1256;UAL1256;3.969.781;-10.466.203;359;7900;180;-896;7125;2026-01-20T16:34:57Z;ADSB;A288FF;B738;N26210;UAL;UAL;CLT;KCLT;DEN;KDEN;2026-01-20T16:38:49Z
3dfbf396;UA1116;UAL1116;4.039.291;-1.187.451;241;38000;408;0;3332;2026-01-20T16:34:57Z;ADSB;A28947;B738;N26232;UAL;UAL;MSP;KMSP;SFO;KSFO;2026-01-20T17:16:48Z
3dfb37ee;DL188;DAL188;5.609.875;-14.378.702;91;39000;521;0;0;2026-01-20T16:34:56Z;ESTIMATED;A69822;A359;N524DN;DAL;DAL;ICN;RKSI;ATL;KATL;2026-01-20T22:04:48Z
3dfb76b5;AF84;AFR84T;6.338.516;-9.786.452;228;34000;493;0;3311;2026-01-20T16:34:56Z;ADSB;3965A0;B77W;F-GZNA;AFR;AFR;CDG;LFPG;SFO;KSFO;2026-01-20T20:35:12Z
3dfc35bc;AA1766;AAL1766;3.614.586;-86.658;67;39000;568;-64;3065;2026-01-20T16:34:59Z;ADSB;AD1986;B738;N943NN;AAL;AAL;DFW;KDFW;JFK;KJFK;2026-01-20T18:18:40Z
3dfc4469;AA2581;AAL2581;3.912.022;-9.062.134;44;39000;497;64;3044;2026-01-20T16:34:58Z;ADSB;AD3FD9;B738;N953AN;AAL;AAL;DFW;KDFW;MKE;KMKE;2026-01-20T17:21:04Z
3dfbfc5c;DL8800;DAL8800;2.577.562;-8.055.872;87;3525;218;-832;1012;2026-01-20T16:34:59Z;ADSB;ACB878;B739;N919DU;DAL;DAL;MSP;KMSP;MIA;KMIA;2026-01-20T16:38:40Z
3dfb54ee;BA117;BAW17R;4.054.919;-7.355.128;300;2625;159;128;751;2026-01-20T16:34:59Z;ADSB;400685;B772;G-VIIM;BAW;BAW;LHR;EGLL;JFK;KJFK;2026-01-20T16:37:02Z
3dfb79f6;BA195;BAW26E;4.894.872;-798.199;231;39975;456;64;767;2026-01-20T16:34:57Z;ADSB;40749B;B789;G-ZBKR;BAW;BAW;LHR;EGLL;IAH;KIAH;2026-01-20T19:54:40Z
3dfbb575;AA1349;AAL1349;3.017.078;-9.767.829;358;250;132;-704;565;2026-01-20T16:39:59Z;ADSB;ADC65E;B738;N987NN;AAL;AAL;JFK;KJFK;AUS;KAUS;2026-01-20T16:40:29Z
3dfbcb4e;DL2301;DAL2301;2.789.047;-8.261.957;182;3575;219;-384;2637;2026-01-20T16:39:57Z;ADSB;A7824E;B753;N583NW;DAL;DAL;MSP;KMSP;TPA;KTPA;2026-01-20T16:43:52Z
3dfc602a;DL2582;DAL2582;3.990.239;-11.233.887;23;19450;366;-1600;2062;2026-01-20T16:39:58Z;ADSB;A0757F;BCS1;N129DU;DAL;DAL;BUR;KBUR;SLC;KSLC;2026-01-20T16:57:19Z
3dfc1f4a;UA1666;UAL1666;3.927.466;-10.365.774;289;22700;342;-2112;4054;2026-01-20T16:39:58Z;ADSB;A3C775;B738;N34222;UAL;UAL;CVG;KCVG;DEN;KDEN;2026-01-20T16:59:53Z
3dfbebeb;DL8851;DAL8851;3.960.223;-10.465.749;340;8950;230;-64;7120;2026-01-20T16:39:57Z;ADSB;A8DEF1;B752;N6706Q;DAL;DAL;ATL;KATL;DEN;KDEN;2026-01-20T16:42:41Z
3dfc46ab;DL853;DAL853;5.524.536;-13.279.808;137;39000;513;0;7270;2026-01-20T16:39:59Z;ADSB;A44502;B738;N3740C;DAL;DAL;ANC;PANC;SEA;KSEA;2026-01-20T18:05:52Z
3dfb8063;BA53;BAW5EA;628.835;-10.871.613;214;40000;518;64;2163;2026-01-20T16:39:59Z;ADSB;400774;B772;G-VIIW;BAW;BAW;LHR;EGLL;SEA;KSEA;2026-01-20T19:05:36Z
3dfb5cc2;KL689;KLM689;4.276.819;-8.681.307;205;40000;469;64;747;2026-01-20T16:39:59Z;ADSB;485785;B789;PH-BHN;KLM;KLM;AMS;EHAM;CUN;MMUN;2026-01-20T19:44:00Z
3dfb5a0f;KL661;KLM661;4.402.929;-8.620.095;215;36000;458;64;750;2026-01-20T16:39:59Z;ADSB;4851B0;B789;PH-BHE;KLM;KLM;AMS;EHAM;IAH;KIAH;2026-01-20T18:57:04Z
3dfb6bff;AF636;AFR636P;5.040.697;-8.434.139;220;38000;474;0;756;2026-01-20T16:39:59Z;ADSB;39D2A6;A359;F-HUVG;AFR;AFR;CDG;LFPG;IAH;KIAH;2026-01-20T19:46:08Z
3dfc25be;AA2896;AAL2896;3.089.193;-7.848.375;202;36000;390;0;3250;2026-01-20T16:39:57Z;ADSB;A35388;B38M;N313SB;AAL;AAL;LGA;KLGA;FLL;KFLL;2026-01-20T17:31:44Z
3dfc18c5;AA3052;AAL3052;3.248.451;-7.812.213;196;36000;374;0;555;2026-01-20T16:39:57Z;ADSB;AB4EA8;A319;N828AW;AAL;AAL;DCA;KDCA;FLL;KFLL;2026-01-20T17:44:32Z
3dfc2269;UA1886;UAL1886;4.088.782;-7.444.855;44;4600;260;0;4026;2026-01-20T16:39:58Z;ADSB;A05A25;B752;N12125;UAL;UAL;IAH;KIAH;EWR;KEWR;2026-01-20T16:44:24Z
3dfb5ea7;UA905;UAL905;4.249.223;-7.391.742;198;15700;336;0;711;2026-01-20T16:39:57Z;ADSB;A9178D;B763;N685UA;UAL;UAL;LHR;EGLL;EWR;KEWR;2026-01-20T16:54:53Z
3dfc31b9;DL2947;DAL2947;3.396.666;-11.826.328;263;2150;165;-1024;3535;2026-01-20T16:39:58Z;ADSB;A39E6B;A319;N332NB;;;PDX;KPDX;LAX;KLAX;2026-01-20T16:42:00Z
3dfc13ad;UA654;UAL654;300.923;-9.535.331;89;8700;252;-64;1021;2026-01-20T16:39:57Z;ADSB;A0A8DF;B752;N14107;UAL;UAL;LAX;KLAX;IAH;KIAH;2026-01-20T16:48:20Z
3dfc3751;AA3139;AAL3139;3.047.459;-8.719.298;5;0;3;0;3074;2026-01-20T16:39:57Z;ADSB;A0480B;A320;N117UW;AAL;AAL;DFW;KDFW;PNS;KPNS;2026-01-20T16:37:12Z
3dfc099d;AA2523;AAL2523;3.021.692;-8.223.157;189;30000;422;0;1573;2026-01-20T16:39:58Z;ADSB;A3B88E;B738;N339PL;AAL;AAL;PHL;KPHL;TPA;KTPA;2026-01-20T17:10:24Z
3dfc5bb8;AA882;AAL882;3.924.074;-11.928.764;315;12000;329;-1856;1523;2026-01-20T16:39:58Z;ADSB;AB5FDD;A319;N832AW;AAL;AAL;PHX;KPHX;RNO;KRNO;2026-01-20T16:49:19Z
3dfc50ea;UA357;UAL357;3.889.165;-10.359.778;311;29125;330;-1536;6217;2026-01-20T16:39:57Z;ADSB;A43EA3;B738;N37274;UAL;UAL;DFW;KDFW;DEN;KDEN;2026-01-20T17:01:52Z
3dfc4a66;UA595;UAL595;393.817;-10.431.354;277;13600;231;-1024;3553;2026-01-20T16:39:58Z;ADSB;A465DF;B738;N38257;UAL;UAL;AUS;KAUS;DEN;KDEN;2026-01-20T16:48:25Z
3dfb1d91;DL166;DAL166;4.743.806;-12.230.938;90;0;0;0;7243;2026-01-20T16:39:59Z;ADSB;A65BB7;A359;N509DN;DAL;DAL;HND;RJTT;SEA;KSEA;2026-01-20T16:32:12Z
3dfb554c;KL601;KLM601;4.915.679;-1.083.948;201;38000;529;0;3351;2026-01-20T16:39:57Z;ADSB;485F84;B78X;PH-BKQ;KLM;KLM;AMS;EHAM;LAX;KLAX;2026-01-20T18:59:12Z
3dfb459f;DL57;DAL57;5.202.383;-10.331.749;193;40000;510;-64;1742;2026-01-20T16:39:58Z;ADSB;AB00D6;A333;N808NW;DAL;DAL;AMS;EHAM;SLC;KSLC;2026-01-20T18:29:20Z
3dfb6bb5;AF158;AFR158K;5.182.274;-8.185.684;222;36000;472;0;2403;2026-01-20T16:39:59Z;ADSB;3949F4;B772;F-GSPU;AFR;AFR;CDG;LFPG;DFW;KDFW;2026-01-20T19:35:28Z
3dfbc8a3;UA4200;UAL4200;3.288.432;-7.792.182;357;41025;490;0;5746;2026-01-20T16:39:58Z;ADSB;A8EC57;B763;N674UA;UAL;UAL;MDE;SKRG;EWR;KEWR;2026-01-20T17:52:59Z
3dfc6318;AA2111;AAL2111;356.795;-8.053.954;212;14550;269;-1216;4173;2026-01-20T16:39:58Z;MLAT;AB7270;A319;N837AW;AAL;AAL;LGA;KLGA;CLT;KCLT;2026-01-20T16:54:44Z
3dfb55ab;DL33;DAL33;415.486;-7.750.362;210;40000;375;0;706;2026-01-20T16:39:58Z;ADSB;A50E93;A339;N425DX;DAL;DAL;LHR;EGLL;ATL;KATL;2026-01-20T18:25:04Z
3dfc6077;UA1119;UAL1119;3.284.111;-9.751.772;135;39000;523;0;3536;2026-01-20T16:39:58Z;ADSB;A1CDD8;B772;N215UA;UAL;UAL;DEN;KDEN;CUN;MMUN;2026-01-20T18:44:16Z
3dfc1880;AA1293;AAL1293;2.921.516;-820.019;151;21125;411;-2240;5663;2026-01-20T16:39:59Z;ADSB;A3C291;B38M;N341RW;AAL;AAL;ORD;KORD;MCO;KMCO;2026-01-20T17:02:39Z
3dfc075e;AA2731;AAL2731;3.397.046;-9.463.124;249;33075;333;-1024;1120;2026-01-20T16:39:57Z;ADSB;AAE958;B788;N802AN;AAL;AAL;PHL;KPHL;DFW;KDFW;2026-01-20T17:12:32Z
3dfbe8e0;DL1794;DAL1794;3.363.217;-8.421.822;269;2475;146;0;4614;2026-01-20T16:39:59Z;ADSB;A93D9F;B752;N695DL;DAL;DAL;SJO;MROC;ATL;KATL;2026-01-20T16:41:56Z
3dfbe9c7;AA3193;AAL3193;3.823.526;-9.768.959;296;38025;380;64;2031;2026-01-20T16:39:59Z;ADSB;AC7A33;A319;N9029F;AAL;AAL;MIA;KMIA;EGE;KEGE;2026-01-20T17:55:12Z
3dfc61e8;UA2609;UAL2609;3.942.076;-10.442.279;282;12625;218;-1472;634;2026-01-20T16:39:59Z;ADSB;A43EA2;B738;N37273;UAL;UAL;OKC;KOKC;DEN;KDEN;2026-01-20T16:48:08Z
3dfb53b3;UA6;UAL6;536.258;-1.288.773;119;39000;527;-64;5721;2026-01-20T16:39:59Z;ADSB;A31A76;B789;N29984;UAL;UAL;NRT;RJAA;IAH;KIAH;2026-01-20T20:41:36Z
3dfb71d2;LH454;DLH454;6.249.233;-10.946.756;206;35975;539;-64;1710;2026-01-20T16:39:57Z;ADSB;3C4B2A;B748;D-ABYJ;DLH;DLH;FRA;EDDF;SFO;KSFO;2026-01-20T20:05:20Z
3dfb80ef;LH456;DLH456;6.495.163;-10.505.841;207;32000;513;0;1310;2026-01-20T16:39:58Z;ADSB;3C4B2D;B748;D-ABYM;DLH;DLH;FRA;EDDF;LAX;KLAX;2026-01-20T20:56:32Z
3dfc471c;AA1616;AAL1616;3.944.925;-904.043;279;38000;376;0;5751;2026-01-20T16:39:57Z;ADSB;AD8895;B738;N971NN;AAL;AAL;CLT;KCLT;MCI;KMCI;2026-01-20T17:16:48Z
3dfc29a2;UA3895;UAL3895;4.024.944;-8.911.654;250;40000;377;0;7155;2026-01-20T16:39:58Z;ADSB;A8E24D;B752;N67134;UAL;UAL;EWR;KEWR;AMA;KAMA;2026-01-20T18:12:16Z
3dfc0e0a;AA1283;AAL1283;2.582.732;-8.035.722;119;775;144;-640;4074;2026-01-20T16:39:58Z;ADSB;A4008E;B38M;N357TY;AAL;AAL;IND;KIND;MIA;KMIA;2026-01-20T16:41:49Z
3dfbf6a5;AA3317;AAL3317;2.687.663;-8.004.732;217;3600;267;-192;2750;2026-01-20T16:39:58Z;ADSB;ACF849;B738;N935AN;AAL;AAL;LGA;KLGA;PBI;KPBI;2026-01-20T16:42:51Z
3dfbfb71;DL1930;DAL1930;2.213.806;-6.622.767;169;39000;490;0;3060;2026-01-20T16:39:58Z;ADSB;A8DE10;B752;N6700;;;JFK;KJFK;STT;TIST;2026-01-20T17:18:56Z
3dfb5e2d;KL623;KLM623;4.458.205;-7.867.973;235;36000;433;0;754;2026-01-20T16:39:59Z;ADSB;485E2E;B78X;PH-BKH;KLM;KLM;AMS;EHAM;ATL;KATL;2026-01-20T18:33:36Z
3dfa9c2b;DL42;DAL42;3.295.051;-11.907.504;55;20425;405;-1408;1464;2026-01-20T16:39:59Z;ADSB;A6A347;A359;N527DN;DAL;DAL;SYD;YSSY;LAX;KLAX;2026-01-20T17:01:04Z
3dfc21cf;DL830;DAL830;3.459.646;-9.966.483;284;40000;396;0;2001;2026-01-20T16:39:58Z;ADSB;ABD018;A332;N860NW;DAL;DAL;ATL;KATL;SLC;KSLC;2026-01-20T18:27:12Z
3dfb9bef;UA2115;UAL2115;3.790.823;-11.847.842;206;38000;420;64;7172;2026-01-20T16:39:59Z;ADSB;A16E7D;B752;N19117;UAL;UAL;EWR;KEWR;SFO;KSFO;2026-01-20T17:14:40Z
3dfbb609;DL966;DAL966;4.744.029;-12.231.364;180;0;0;0;4021;2026-01-20T16:39:57Z;ADSB;A4A0CD;B738;N398DA;DAL;DAL;CVG;KCVG;SEA;KSEA;2026-01-20T16:30:12Z
3dfb5b3f;KL605;KLM373;5.309.679;-11.622.923;200;37975;546;-64;1307;2026-01-20T16:39:57Z;ADSB;486071;B78X;PH-BKL;KLM;KLM;AMS;EHAM;SFO;KSFO;2026-01-20T18:50:40Z
3dfb2fe8;DL120;DAL120;5.425.282;-11.855.396;110;41000;535;0;7425;2026-01-20T16:39:58Z;ADSB;A68946;A359;N520DN;DAL;DAL;HND;RJTT;MSP;KMSP;2026-01-20T19:01:20Z
3dfb6660;AF338;AFR338;5.927.278;-11.265.134;204;40000;553;0;3322;2026-01-20T16:39:58Z;ADSB;39D2B3;A359;F-HUVT;AFR;AFR;CDG;LFPG;SEA;KSEA;2026-01-20T18:27:12Z
3dfb1035;DL274;DAL274;4.993.258;-10.675.148;113;41000;543;0;1337;2026-01-20T16:39:58Z;ADSB;A65800;A359;N508DN;DAL;DAL;HND;RJTT;DTW;KDTW;2026-01-20T18:44:16Z
3dfbef7c;UA297;UAL297;4.608.443;-10.150.413;268;38000;396;-64;3054;2026-01-20T16:39:58Z;ADSB;A2B10C;B38M;N27252;UAL;UAL;EWR;KEWR;BZN;KBZN;2026-01-20T17:48:48Z
3dfc08be;DL713;DAL713;3.916.296;-962.505;260;40000;395;0;7106;2026-01-20T16:39:57Z;ADSB;ABCA08;A332;N859NW;DAL;DAL;JFK;KJFK;LAX;KLAX;2026-01-20T19:33:20Z
3dfbfe28;UA3929;UAL3929;3.984.229;-8.908.911;90;41000;546;0;3220;2026-01-20T16:39:59Z;ADSB;A2E045;B739;N28478;UAL;UAL;SFO;KSFO;IAD;KIAD;2026-01-20T17:53:04Z
3df77bd0;DL274;DAL274;4.221.033;-83.357;118;0;0;0;6527;2026-01-20T16:39:58Z;ADSB;A661C7;A359;N510DN;DAL;DAL;HND;RJTT;DTW;KDTW;2026-01-19T18:59:44Z
3dfc2a84;AA1172;AAL1172;3.223.822;-7.802.827;112;39025;543;0;1377;2026-01-20T16:39:58Z;ADSB;AAEF89;A319;N8031M;AAL;AAL;ORD;KORD;STT;TIST;2026-01-20T19:09:52Z
3dfc1af7;AA1688;AAL1688;3.619.304;-8.012.398;213;24300;344;-1472;3461;2026-01-20T16:39:57Z;ADSB;ADECA5;A321;N997AA;AAL;AAL;BOS;KBOS;CLT;KCLT;2026-01-20T17:06:08Z
3dfb6eb6;BA175;BAW7NY;426.573;-7.098.804;199;38000;396;64;763;2026-01-20T16:39:59Z;ADSB;4005C1;B772;G-RAES;BAW;BAW;LHR;EGLL;JFK;KJFK;2026-01-20T17:16:48Z
3dfc5de4;AA142;AAL142;4.844.298;-6.194.071;47;39000;598;0;2610;2026-01-20T16:39:58Z;ADSB;AACAA5;B772;N795AN;AAL;AAL;JFK;KJFK;LHR;EGLL;2026-01-20T21:30:40Z
3dfc5ca0;DL1112;DAL1112;3.239.016;-10.862.788;101;39000;496;0;6736;2026-01-20T16:39:58Z;ADSB;A4463E;B738;N3749D;DAL;DAL;LAX;KLAX;MSY;KMSY;2026-01-20T18:44:16Z
3dfc2d74;AA249;AAL249;3.280.247;-9.623.029;209;38000;356;0;6277;2026-01-20T16:39:58Z;ADSB;A3CDE4;B38M;N344TS;AAL;AAL;ORD;KORD;MEX;MMMX;2026-01-20T18:40:00Z
3dfbf6a2;UA1898;UAL1898;2.997.725;-9.477.711;300;7550;236;-64;1331;2026-01-20T16:39:58Z;ADSB;A35843;B739;N31412;UAL;UAL;BWI;KBWI;IAH;KIAH;2026-01-20T16:46:39Z
3dfbeb3c;DL1368;DAL1368;3.006.972;-8.994.308;240;4775;263;-1856;7177;2026-01-20T16:39:58Z;ADSB;A3D4C6;A319;N346NB;DAL;DAL;JFK;KJFK;MSY;KMSY;2026-01-20T16:46:03Z
3dfc3057;AA2097;AAL2097;3.026.743;-91.394;316;38000;413;0;6073;2026-01-20T16:39:58Z;ADSB;A99D89;B77W;N719AN;AAL;AAL;MIA;KMIA;DFW;KDFW;2026-01-20T17:40:16Z
3dfb3347;UA838;UAL838;3.937.056;-1.244.622;123;35000;492;0;6266;2026-01-20T16:39:58Z;ADSB;AA92FF;B772;N78008;UAL;UAL;NRT;RJAA;SFO;KSFO;2026-01-20T17:14:11Z
3dfbe93a;UA1256;UAL1256;3.985.875;-10.466.232;2;0;19;0;7125;2026-01-20T16:39:58Z;ADSB;A288FF;B738;N26210;UAL;UAL;CLT;KCLT;DEN;KDEN;2026-01-20T16:38:12Z
3dfbf396;UA1116;UAL1116;4.012.929;-11.939.074;243;38000;403;0;3332;2026-01-20T16:39:57Z;ADSB;A28947;B738;N26232;UAL;UAL;MSP;KMSP;SFO;KSFO;2026-01-20T17:21:04Z
3dfb37ee;DL188;DAL188;560.551;-14.248.824;94;39000;521;0;0;2026-01-20T16:39:57Z;ESTIMATED;A69822;A359;N524DN;DAL;DAL;ICN;RKSI;ATL;KATL;2026-01-20T22:04:48Z
3dfb76b5;AF84;AFR84T;6.294.338;-9.895.191;227;34000;489;0;3311;2026-01-20T16:39:57Z;ADSB;3965A0;B77W;F-GZNA;AFR;AFR;CDG;LFPG;SFO;KSFO;2026-01-20T20:39:28Z
3dfc4469;AA2581;AAL2581;3.964.682;-9.004.803;40;39000;506;64;3044;2026-01-20T16:39:58Z;ADSB;AD3FD9;B738;N953AN;AAL;AAL;DFW;KDFW;MKE;KMKE;2026-01-20T17:21:04Z
3dfc35bc;AA1766;AAL1766;3.643.456;-8.575.624;68;39000;568;0;3065;2026-01-20T16:39:57Z;ADSB;AD1986;B738;N943NN;AAL;AAL;DFW;KDFW;JFK;KJFK;2026-01-20T18:14:24Z
3dfbfc5c;DL8800;DAL8800;2.578.612;-8.031.275;86;0;132;-704;1012;2026-01-20T16:39:57Z;ADSB;ACB878;B739;N919DU;DAL;DAL;MSP;KMSP;MIA;KMIA;2026-01-20T16:40:02Z
3dfb54ee;BA117;BAW17R;4.064.287;-7.375.739;300;0;122;-704;751;2026-01-20T16:39:57Z;ADSB;400685;B772;G-VIIM;BAW;BAW;LHR;EGLL;JFK;KJFK;2026-01-20T16:40:36Z
3dfb79f6;BA195;BAW26E;4.855.408;-8.057.055;231;40000;455;0;767;2026-01-20T16:39:58Z;ADSB;40749B;B789;G-ZBKR;BAW;BAW;LHR;EGLL;IAH;KIAH;2026-01-20T19:54:40Z
3dfbb575;AA1349;AAL1349;3.020.174;-9.767.045;22;0;2;0;565;2026-01-20T16:44:52Z;ADSB;ADC65E;B738;N987NN;AAL;AAL;JFK;KJFK;AUS;KAUS;2026-01-20T16:41:12Z
3dfbcb4e;DL2301;DAL2301;2.780.832;-8.254.765;1;2150;158;-128;2637;2026-01-20T16:44:59Z;ADSB;A7824E;B753;N583NW;DAL;DAL;MSP;KMSP;TPA;KTPA;2026-01-20T16:46:19Z
3dfc1f4a;UA1666;UAL1666;3.943.652;-10.414.818;267;14375;285;-1536;4054;2026-01-20T16:44:58Z;ADSB;A3C775;B738;N34222;UAL;UAL;CVG;KCVG;DEN;KDEN;2026-01-20T16:55:27Z
3dfc6248;UA1384;UAL1384;3.985.587;-10.466.811;270;0;14;0;2526;2026-01-20T16:44:58Z;ADSB;AC4107;A319;N889UA;UAL;UAL;ICT;KICT;DEN;KDEN;2026-01-20T16:38:12Z
3dfbebeb;DL8851;DAL8851;3.984.732;-10.466.052;345;0;30;0;7120;2026-01-20T16:44:59Z;ADSB;A8DEF1;B752;N6706Q;DAL;DAL;ATL;KATL;DEN;KDEN;2026-01-20T16:44:58Z
3dfc46ab;DL853;DAL853;5.471.708;-13.196.652;138;39000;511;64;7270;2026-01-20T16:44:59Z;ADSB;A44502;B738;N3740C;DAL;DAL;ANC;PANC;SEA;KSEA;2026-01-20T18:05:52Z
3dfc602a;DL2582;DAL2582;4.030.692;-11.216.858;14;14375;294;-704;2062;2026-01-20T16:44:58Z;ADSB;A0757F;BCS1;N129DU;DAL;DAL;BUR;KBUR;SLC;KSLC;2026-01-20T16:55:24Z
3dfb8063;BA53;BAW5EA;6.229.202;-10.958.598;213;40000;514;0;2163;2026-01-20T16:44:59Z;ADSB;400774;B772;G-VIIW;BAW;BAW;LHR;EGLL;SEA;KSEA;2026-01-20T19:05:36Z
3dfb5cc2;KL689;KLM689;4.218.503;-8.718.354;204;40000;463;-64;747;2026-01-20T16:44:58Z;ADSB;485785;B789;PH-BHN;KLM;KLM;AMS;EHAM;CUN;MMUN;2026-01-20T19:46:08Z
3dfb5a0f;KL661;KLM661;4.351.429;-8.671.306;215;36000;459;0;750;2026-01-20T16:44:58Z;ADSB;4851B0;B789;PH-BHE;KLM;KLM;AMS;EHAM;IAH;KIAH;2026-01-20T18:59:12Z
3dfb6bff;AF636;AFR636P;499.114;-8.500.701;220;38000;469;0;7111;2026-01-20T16:44:58Z;ADSB;39D2A6;A359;F-HUVG;AFR;AFR;CDG;LFPG;IAH;KIAH;2026-01-20T19:48:16Z
3dfc25be;AA2896;AAL2896;3.038.721;-7.872.166;202;36025;386;64;3250;2026-01-20T16:44:58Z;ADSB;A35388;B38M;N313SB;AAL;AAL;LGA;KLGA;FLL;KFLL;2026-01-20T17:31:44Z
3dfc18c5;AA3052;AAL3052;3.197.543;-7.829.345;195;36050;384;-64;555;2026-01-20T16:44:58Z;ADSB;AB4EA8;A319;N828AW;AAL;AAL;DCA;KDCA;FLL;KFLL;2026-01-20T17:48:48Z
3dfc2269;UA1886;UAL1886;4.088.667;-7.411.072;152;3075;196;-448;4026;2026-01-20T16:44:57Z;ADSB;A05A25;B752;N12125;UAL;UAL;IAH;KIAH;EWR;KEWR;2026-01-20T16:47:51Z
3dfb5ea7;UA905;UAL905;420.455;-7.411.526;198;15700;341;0;711;2026-01-20T16:44:58Z;ADSB;A9178D;B763;N685UA;UAL;UAL;LHR;EGLL;EWR;KEWR;2026-01-20T16:59:53Z
3dfc31b9;DL2947;DAL2947;339.469;-11.842.171;81;0;20;0;3535;2026-01-20T16:44:59Z;ADSB;A39E6B;A319;N332NB;;;PDX;KPDX;LAX;KLAX;2026-01-20T16:43:12Z
3dfc13ad;UA654;UAL654;3.009.197;-94.965;90;6300;236;-896;1021;2026-01-20T16:44:59Z;ADSB;A0A8DF;B752;N14107;UAL;UAL;LAX;KLAX;IAH;KIAH;2026-01-20T16:49:39Z
3dfc099d;AA2523;AAL2523;2.963.269;-8.233.904;188;29225;423;-3776;1573;2026-01-20T16:44:59Z;ADSB;A3B88E;B738;N339PL;AAL;AAL;PHL;KPHL;TPA;KTPA;2026-01-20T17:10:24Z
3dfc5bb8;AA882;AAL882;3.954.491;-11.958.026;343;9350;237;-448;1523;2026-01-20T16:44:58Z;ADSB;AB5FDD;A319;N832AW;AAL;AAL;PHX;KPHX;RNO;KRNO;2026-01-20T16:49:16Z
3dfc50ea;UA357;UAL357;3.918.333;-10.401.485;311;20850;290;-1600;6217;2026-01-20T16:44:59Z;ADSB;A43EA3;B738;N37274;UAL;UAL;DFW;KDFW;DEN;KDEN;2026-01-20T17:00:52Z
3dfc4a66;UA595;UAL595;395.431;-10.462.994;336;8925;225;64;3553;2026-01-20T16:44:59Z;ADSB;A465DF;B738;N38257;UAL;UAL;AUS;KAUS;DEN;KDEN;2026-01-20T16:47:41Z
3dfb1d91;DL166;DAL166;4.743.462;-1.223.056;2;0;0;0;7243;2026-01-20T16:44:58Z;ADSB;A65BB7;A359;N509DN;DAL;DAL;HND;RJTT;SEA;KSEA;2026-01-20T16:32:12Z
3dfb554c;KL601;KLM601;4.847.571;-10.879.887;201;38000;528;64;3351;2026-01-20T16:44:58Z;ADSB;485F84;B78X;PH-BKQ;KLM;KLM;AMS;EHAM;LAX;KLAX;2026-01-20T19:01:20Z
3dfb459f;DL57;DAL57;513.403;-10.358.445;193;40000;507;0;1742;2026-01-20T16:44:58Z;ADSB;AB00D6;A333;N808NW;DAL;DAL;AMS;EHAM;SLC;KSLC;2026-01-20T18:29:20Z
3dfb6bb5;AF158;AFR158K;5.133.585;-8.255.623;221;36000;468;0;2403;2026-01-20T16:44:59Z;ADSB;3949F4;B772;F-GSPU;AFR;AFR;CDG;LFPG;DFW;KDFW;2026-01-20T19:37:36Z
3dfbc8a3;UA4200;UAL4200;3.357.312;-7.796.302;357;41000;497;0;5746;2026-01-20T16:44:59Z;ADSB;A8EC57;B763;N674UA;UAL;UAL;MDE;SKRG;EWR;KEWR;2026-01-20T17:51:59Z
3dfc6318;AA2111;AAL2111;3.536.097;-8.077.841;211;9550;254;64;4173;2026-01-20T16:44:59Z;MLAT;AB7270;A319;N837AW;AAL;AAL;LGA;KLGA;CLT;KCLT;2026-01-20T16:53:47Z
3dfb55ab;DL33;DAL33;4.109.129;-7.785.836;210;40000;380;0;706;2026-01-20T16:44:59Z;ADSB;A50E93;A339;N425DX;DAL;DAL;LHR;EGLL;ATL;KATL;2026-01-20T18:25:04Z
3dfc6077;UA1119;UAL1119;3.231.559;-9.691.382;135;39000;533;0;3536;2026-01-20T16:44:59Z;ADSB;A1CDD8;B772;N215UA;UAL;UAL;DEN;KDEN;CUN;MMUN;2026-01-20T18:44:16Z
3dfc1880;AA1293;AAL1293;2.883.027;-8.159.212;127;12025;334;-1280;5663;2026-01-20T16:44:57Z;ADSB;A3C291;B38M;N341RW;AAL;AAL;ORD;KORD;MCO;KMCO;2026-01-20T16:57:32Z
3dfc075e;AA2731;AAL2731;3.381.065;-9.513.852;249;28625;317;-896;1120;2026-01-20T16:44:59Z;ADSB;AAE958;B788;N802AN;AAL;AAL;PHL;KPHL;DFW;KDFW;2026-01-20T17:14:40Z
3dfbe8e0;DL1794;DAL1794;3.363.184;-8.443.837;270;0;42;0;4614;2026-01-20T16:44:58Z;ADSB;A93D9F;B752;N695DL;DAL;DAL;SJO;MROC;ATL;KATL;2026-01-20T16:44:31Z
3dfbe9c7;AA3193;AAL3193;3.846.899;-9.828.584;296;38000;379;64;2031;2026-01-20T16:44:58Z;ADSB;AC7A33;A319;N9029F;AAL;AAL;MIA;KMIA;EGE;KEGE;2026-01-20T17:57:20Z
3dfc61e8;UA2609;UAL2609;3.962.298;-10.466.296;1;8925;234;-64;634;2026-01-20T16:44:59Z;ADSB;A43EA2;B738;N37273;UAL;UAL;OKC;KOKC;DEN;KDEN;2026-01-20T16:47:45Z
3dfb53b3;UA6;UAL6;5.325.513;-12.781.322;120;39000;534;-128;5721;2026-01-20T16:44:59Z;ADSB;A31A76;B789;N29984;UAL;UAL;NRT;RJAA;IAH;KIAH;2026-01-20T20:39:28Z
3dfb71d2;LH454;DLH454;6.182.643;-11.018.394;206;36000;531;0;1710;2026-01-20T16:44:59Z;ADSB;3C4B2A;B748;D-ABYJ;DLH;DLH;FRA;EDDF;SFO;KSFO;2026-01-20T20:05:20Z
3dfb80ef;LH456;DLH456;6.431.536;-10.580.326;206;32000;512;64;1310;2026-01-20T16:44:58Z;ADSB;3C4B2D;B748;D-ABYM;DLH;DLH;FRA;EDDF;LAX;KLAX;2026-01-20T20:52:16Z
3dfc471c;AA1616;AAL1616;3.949.431;-9.108.374;274;38000;378;0;5751;2026-01-20T16:44:59Z;ADSB;AD8895;B738;N971NN;AAL;AAL;CLT;KCLT;MCI;KMCI;2026-01-20T17:23:12Z
3dfc29a2;UA3895;UAL3895;4.006.851;-8.976.013;249;40000;382;0;7155;2026-01-20T16:44:58Z;ADSB;A8E24D;B752;N67134;UAL;UAL;EWR;KEWR;AMA;KAMA;2026-01-20T18:20:48Z
3dfc0e0a;AA1283;AAL1283;257.994;-8.028.658;87;0;15;0;4074;2026-01-20T16:44:59Z;ADSB;A4008E;B38M;N357TY;AAL;AAL;IND;KIND;MIA;KMIA;2026-01-20T16:41:30Z
3dfbf6a5;AA3317;AAL3317;2.679.719;-8.035.263;276;3625;210;128;2750;2026-01-20T16:44:59Z;ADSB;ACF849;B738;N935AN;AAL;AAL;LGA;KLGA;PBI;KPBI;2026-01-20T16:47:47Z
3dfbfb71;DL1930;DAL1930;2.147.466;-6.603.352;166;39000;495;0;3060;2026-01-20T16:44:58Z;ADSB;A8DE10;B752;N6700;;;JFK;KJFK;STT;TIST;2026-01-20T17:18:56Z
3dfb5e2d;KL623;KLM623;4.422.882;-793.578;228;35975;438;128;754;2026-01-20T16:44:58Z;ADSB;485E2E;B78X;PH-BKH;KLM;KLM;AMS;EHAM;ATL;KATL;2026-01-20T18:35:44Z
3dfa9c2b;DL42;DAL42;3.326.544;-11.855.767;49;15350;356;-64;1464;2026-01-20T16:44:59Z;ADSB;A6A347;A359;N527DN;DAL;DAL;SYD;YSSY;LAX;KLAX;2026-01-20T16:59:55Z
3dfc21cf;DL830;DAL830;3.473.565;-10.030.901;284;40000;396;0;2001;2026-01-20T16:44:59Z;ADSB;ABD018;A332;N860NW;DAL;DAL;ATL;KATL;SLC;KSLC;2026-01-20T18:27:12Z
3dfb9bef;UA2115;UAL2115;3.769.199;-1.189.997;270;36000;373;0;7172;2026-01-20T16:44:58Z;ADSB;A16E7D;B752;N19117;UAL;UAL;EWR;KEWR;SFO;KSFO;2026-01-20T17:14:40Z
3dfb5b3f;KL605;KLM373;5.238.416;-11.665.997;199;38000;549;64;1307;2026-01-20T16:44:58Z;ADSB;486071;B78X;PH-BKL;KLM;KLM;AMS;EHAM;SFO;KSFO;2026-01-20T18:48:32Z
3dfb2fe8;DL120;DAL120;5.399.063;-11.737.066;111;41025;531;0;7425;2026-01-20T16:44:59Z;ADSB;A68946;A359;N520DN;DAL;DAL;HND;RJTT;MSP;KMSP;2026-01-20T18:59:12Z
3dfb6660;AF338;AFR338;5.857.832;-11.325.611;203;40000;545;0;3322;2026-01-20T16:44:59Z;ADSB;39D2B3;A359;F-HUVT;AFR;AFR;CDG;LFPG;SEA;KSEA;2026-01-20T18:27:12Z
3dfb1035;DL274;DAL274;4.963.316;-10.567.942;113;41000;545;64;1337;2026-01-20T16:44:58Z;ADSB;A65800;A359;N508DN;DAL;DAL;HND;RJTT;DTW;KDTW;2026-01-20T18:46:24Z
3dfbef7c;UA297;UAL297;4.606.357;-10.229.618;267;38000;398;0;3054;2026-01-20T16:44:59Z;ADSB;A2B10C;B38M;N27252;UAL;UAL;EWR;KEWR;BZN;KBZN;2026-01-20T17:48:48Z
3dfc08be;DL713;DAL713;3.906.953;-9.694.234;259;40000;390;0;7106;2026-01-20T16:44:58Z;ADSB;ABCA08;A332;N859NW;DAL;DAL;JFK;KJFK;LAX;KLAX;2026-01-20T19:33:20Z
3dfbfe28;UA3929;UAL3929;3.983.963;-8.811.591;90;41000;547;0;3220;2026-01-20T16:44:57Z;ADSB;A2E045;B739;N28478;UAL;UAL;SFO;KSFO;IAD;KIAD;2026-01-20T17:48:48Z
3df77bd0;DL274;DAL274;4.221.032;-8.335.699;118;0;0;0;6527;2026-01-20T16:44:58Z;ADSB;A661C7;A359;N510DN;DAL;DAL;HND;RJTT;DTW;KDTW;2026-01-19T18:59:44Z
3dfc2a84;AA1172;AAL1172;3.175.566;-7.741.974;138;39025;504;0;1377;2026-01-20T16:44:59Z;ADSB;AAEF89;A319;N8031M;AAL;AAL;ORD;KORD;STT;TIST;2026-01-20T19:09:52Z
3dfc1af7;AA1688;AAL1688;3.580.751;-8.043.852;213;17725;278;-1472;3461;2026-01-20T16:44:58Z;ADSB;ADECA5;A321;N997AA;AAL;AAL;BOS;KBOS;CLT;KCLT;2026-01-20T17:02:17Z
3dfb6eb6;BA175;BAW7NY;4.214.117;-7.123.404;199;38000;394;0;763;2026-01-20T16:44:58Z;ADSB;4005C1;B772;G-RAES;BAW;BAW;LHR;EGLL;JFK;KJFK;2026-01-20T17:16:48Z
3dfc5de4;AA142;AAL142;490.014;-6.101.424;47;39000;602;0;2610;2026-01-20T16:44:57Z;ADSB;AACAA5;B772;N795AN;AAL;AAL;JFK;KJFK;LHR;EGLL;2026-01-20T21:28:32Z
3dfc5ca0;DL1112;DAL1112;3.224.781;-10.783.154;102;39000;499;0;6736;2026-01-20T16:44:58Z;ADSB;A4463E;B738;N3749D;DAL;DAL;LAX;KLAX;MSY;KMSY;2026-01-20T18:42:08Z
3dfc2d74;AA249;AAL249;3.237.029;-9.652.308;209;38000;359;64;6277;2026-01-20T16:44:58Z;ADSB;A3CDE4;B38M;N344TS;AAL;AAL;ORD;KORD;MEX;MMMX;2026-01-20T18:40:00Z
3dfbf6a2;UA1898;UAL1898;299.935;-9.507.703;270;3950;182;-832;1331;2026-01-20T16:44:59Z;ADSB;A35843;B739;N31412;UAL;UAL;BWI;KBWI;IAH;KIAH;2026-01-20T16:49:15Z
3dfbeb3c;DL1368;DAL1368;2.986.191;-9.022.064;248;1875;198;128;7177;2026-01-20T16:44:59Z;ADSB;A3D4C6;A319;N346NB;DAL;DAL;JFK;KJFK;MSY;KMSY;2026-01-20T16:45:43Z
3dfc3057;AA2097;AAL2097;3.068.058;-9.185.224;315;38000;409;0;6073;2026-01-20T16:44:58Z;ADSB;A99D89;B77W;N719AN;AAL;AAL;MIA;KMIA;DFW;KDFW;2026-01-20T17:40:16Z
3dfb3347;UA838;UAL838;38.999;-12.375.372;129;35000;474;0;6266;2026-01-20T16:44:58Z;ADSB;AA92FF;B772;N78008;UAL;UAL;NRT;RJAA;SFO;KSFO;2026-01-20T17:19:11Z
3dfbf396;UA1116;UAL1116;3.987.213;-12.005.096;242;38000;401;0;3332;2026-01-20T16:44:58Z;ADSB;A28947;B738;N26232;UAL;UAL;MSP;KMSP;SFO;KSFO;2026-01-20T17:18:56Z
3dfbe93a;UA1256;UAL1256;3.986.014;-10.467.947;182;0;0;0;7125;2026-01-20T16:44:58Z;ADSB;A288FF;B738;N26210;UAL;UAL;CLT;KCLT;DEN;KDEN;2026-01-20T16:38:12Z
3dfb37ee;DL188;DAL188;5.603.912;-14.108.179;93;39000;528;0;3407;2026-01-20T16:44:57Z;ADSB;A69822;A359;N524DN;DAL;DAL;ICN;RKSI;ATL;KATL;2026-01-20T21:58:24Z
3dfb76b5;AF84;AFR84T;6.250.283;-9.999.343;228;34000;489;0;3311;2026-01-20T16:44:53Z;ESTIMATED;3965A0;B77W;F-GZNA;AFR;AFR;CDG;LFPG;SFO;KSFO;2026-01-20T20:39:28Z
3dfc35bc;AA1766;AAL1766;3.672.078;-8.483.397;69;39000;574;0;3065;2026-01-20T16:44:59Z;ADSB;AD1986;B738;N943NN;AAL;AAL;DFW;KDFW;JFK;KJFK;2026-01-20T18:14:24Z
3dfc4469;AA2581;AAL2581;4.017.851;-894.599;40;39000;493;64;3044;2026-01-20T16:44:59Z;ADSB;AD3FD9;B738;N953AN;AAL;AAL;DFW;KDFW;MKE;KMKE;2026-01-20T17:21:04Z
3dfb79f6;BA195;BAW26E;481.544;-8.130.995;230;39975;457;64;767;2026-01-20T16:44:58Z;ADSB;40749B;B789;G-ZBKR;BAW;BAW;LHR;EGLL;IAH;KIAH;2026-01-20T19:52:32Z
3dfb54ee;BA117;BAW17R;4.064.991;-7.378.866;132;0;6;0;751;2026-01-20T16:44:59Z;ADSB;400685;B772;G-VIIM;BAW;BAW;LHR;EGLL;JFK;KJFK;2026-01-20T16:40:32Z
3dfc1f4a;UA1666;UAL1666;3.948.706;-10.456.077;319;8925;218;0;4054;2026-01-20T16:49:58Z;ADSB;A3C775;B738;N34222;UAL;UAL;CVG;KCVG;DEN;KDEN;2026-01-20T16:53:49Z
3dfc46ab;DL853;DAL853;5.419.556;-13.117.281;138;39000;498;64;7270;2026-01-20T16:49:58Z;ADSB;A44502;B738;N3740C;DAL;DAL;ANC;PANC;SEA;KSEA;2026-01-20T18:05:52Z
3dfc602a;DL2582;DAL2582;4.069.867;-11.208.583;355;11600;240;0;2062;2026-01-20T16:49:59Z;ADSB;A0757F;BCS1;N129DU;DAL;DAL;BUR;KBUR;SLC;KSLC;2026-01-20T16:56:57Z
3dfb8063;BA53;BAW5EA;6.166.754;-11.034.991;206;40000;523;64;2163;2026-01-20T16:49:59Z;ADSB;400774;B772;G-VIIW;BAW;BAW;LHR;EGLL;SEA;KSEA;2026-01-20T19:05:36Z
3dfb5cc2;KL689;KLM689;4.160.893;-8.754.218;204;39975;455;0;747;2026-01-20T16:49:58Z;ADSB;485785;B789;PH-BHN;KLM;KLM;AMS;EHAM;CUN;MMUN;2026-01-20T19:48:16Z
3dfb5a0f;KL661;KLM661;42.996;-8.721.733;215;35975;457;64;750;2026-01-20T16:49:59Z;ADSB;4851B0;B789;PH-BHE;KLM;KLM;AMS;EHAM;IAH;KIAH;2026-01-20T18:59:12Z
3dfb6bff;AF636;AFR636P;4.940.924;-8.566.279;219;38000;476;0;7111;2026-01-20T16:49:59Z;ADSB;39D2A6;A359;F-HUVG;AFR;AFR;CDG;LFPG;IAH;KIAH;2026-01-20T19:46:08Z
3dfc25be;AA2896;AAL2896;2.987.215;-7.896.185;202;34975;401;-960;3250;2026-01-20T16:49:57Z;ADSB;A35388;B38M;N313SB;AAL;AAL;LGA;KLGA;FLL;KFLL;2026-01-20T17:31:44Z
3dfc18c5;AA3052;AAL3052;3.145.807;-7.846.506;195;35950;390;-832;555;2026-01-20T16:49:58Z;ADSB;AB4EA8;A319;N828AW;AAL;AAL;DCA;KDCA;FLL;KFLL;2026-01-20T17:48:48Z
3dfb5ea7;UA905;UAL905;4.164.666;-742.893;197;9775;257;-1088;711;2026-01-20T16:49:59Z;ADSB;A9178D;B763;N685UA;UAL;UAL;LHR;EGLL;EWR;KEWR;2026-01-20T17:00:09Z
3dfc13ad;UA654;UAL654;299.935;-9.509.852;270;3625;200;-1088;1021;2026-01-20T16:49:58Z;ADSB;A0A8DF;B752;N14107;UAL;UAL;LAX;KLAX;IAH;KIAH;2026-01-20T16:53:38Z
3dfc099d;AA2523;AAL2523;2.903.371;-8.229.272;174;18150;419;-1920;1573;2026-01-20T16:49:59Z;ADSB;A3B88E;B738;N339PL;AAL;AAL;PHL;KPHL;TPA;KTPA;2026-01-20T17:10:31Z
3dfc5bb8;AA882;AAL882;3.970.794;-11.976.532;198;7125;189;0;1523;2026-01-20T16:49:59Z;ADSB;AB5FDD;A319;N832AW;AAL;AAL;PHX;KPHX;RNO;KRNO;2026-01-20T16:52:17Z
3dfc50ea;UA357;UAL357;3.933.911;-10.442.171;281;13375;231;-1216;6217;2026-01-20T16:49:58Z;ADSB;A43EA3;B738;N37274;UAL;UAL;DFW;KDFW;DEN;KDEN;2026-01-20T16:58:52Z
3dfc4a66;UA595;UAL595;3.981.166;-10.466.071;1;5700;170;-896;3553;2026-01-20T16:49:58Z;ADSB;A465DF;B738;N38257;UAL;UAL;AUS;KAUS;DEN;KDEN;2026-01-20T16:50:43Z
3dfb1d91;DL166;DAL166;4.743.461;-12.230.562;271;0;0;0;7243;2026-01-20T16:49:56Z;ADSB;A65BB7;A359;N509DN;DAL;DAL;HND;RJTT;SEA;KSEA;2026-01-20T16:32:12Z
3dfb554c;KL601;KLM601;4.779.776;-10.918.961;200;37975;530;128;3351;2026-01-20T16:49:58Z;ADSB;485F84;B78X;PH-BKQ;KLM;KLM;AMS;EHAM;LAX;KLAX;2026-01-20T19:01:20Z
3dfb459f;DL57;DAL57;5.065.773;-10.384.285;193;40000;507;0;1742;2026-01-20T16:49:59Z;ADSB;AB00D6;A333;N808NW;DAL;DAL;AMS;EHAM;SLC;KSLC;2026-01-20T18:27:12Z
3dfb6bb5;AF158;AFR158K;5.087.126;-8.320.473;220;36000;464;0;2403;2026-01-20T16:49:55Z;ADSB;3949F4;B772;F-GSPU;AFR;AFR;CDG;LFPG;DFW;KDFW;2026-01-20T19:41:52Z
3dfc6318;AA2111;AAL2111;3.505.368;-8.084.007;251;4425;186;-576;4173;2026-01-20T16:49:58Z;MLAT;AB7270;A319;N837AW;AAL;AAL;LGA;KLGA;CLT;KCLT;2026-01-20T16:54:21Z
3dfbc8a3;UA4200;UAL4200;3.426.748;-7.796.734;1;41000;504;0;5746;2026-01-20T16:49:58Z;ADSB;A8EC57;B763;N674UA;UAL;UAL;MDE;SKRG;EWR;KEWR;2026-01-20T17:52:34Z
3dfb55ab;DL33;DAL33;4.071.165;-7.830.437;229;40000;361;0;706;2026-01-20T16:49:59Z;ADSB;A50E93;A339;N425DX;DAL;DAL;LHR;EGLL;ATL;KATL;2026-01-20T18:16:32Z
3dfc6077;UA1119;UAL1119;3.177.893;-9.630.766;136;39000;536;0;3536;2026-01-20T16:49:59Z;ADSB;A1CDD8;B772;N215UA;UAL;UAL;DEN;KDEN;CUN;MMUN;2026-01-20T18:40:00Z
3dfc1880;AA1293;AAL1293;2.849.245;-8.142.412;180;6325;255;-1408;5663;2026-01-20T16:49:59Z;ADSB;A3C291;B38M;N341RW;AAL;AAL;ORD;KORD;MCO;KMCO;2026-01-20T16:57:05Z
3dfc075e;AA2731;AAL2731;3.365.305;-9.562.797;248;27000;316;0;1120;2026-01-20T16:49:58Z;ADSB;AAE958;B788;N802AN;AAL;AAL;PHL;KPHL;DFW;KDFW;2026-01-20T17:16:48Z
3dfbe8e0;DL1794;DAL1794;3.363.655;-8.442.197;90;0;23;0;4614;2026-01-20T16:49:59Z;ADSB;A93D9F;B752;N695DL;DAL;DAL;SJO;MROC;ATL;KATL;2026-01-20T16:45:12Z
3dfbe9c7;AA3193;AAL3193;3.870.088;-9.888.818;296;38000;381;-64;2031;2026-01-20T16:49:58Z;ADSB;AC7A33;A319;N9029F;AAL;AAL;MIA;KMIA;EGE;KEGE;2026-01-20T17:57:20Z
3dfc61e8;UA2609;UAL2609;3.985.347;-10.466.196;331;0;24;0;634;2026-01-20T16:49:59Z;ADSB;A43EA2;B738;N37273;UAL;UAL;OKC;KOKC;DEN;KDEN;2026-01-20T16:49:41Z
3dfb53b3;UA6;UAL6;5.287.445;-12.676.575;121;39000;535;0;5721;2026-01-20T16:49:58Z;ADSB;A31A76;B789;N29984;UAL;UAL;NRT;RJAA;IAH;KIAH;2026-01-20T20:39:28Z
3dfb71d2;LH454;DLH454;6.116.806;-11.086.111;205;36000;540;-64;1710;2026-01-20T16:49:57Z;ADSB;3C4B2A;B748;D-ABYJ;DLH;DLH;FRA;EDDF;SFO;KSFO;2026-01-20T20:07:28Z
3dfb80ef;LH456;DLH456;6.367.662;-10.651.319;205;32000;511;0;1310;2026-01-20T16:49:59Z;ADSB;3C4B2D;B748;D-ABYM;DLH;DLH;FRA;EDDF;LAX;KLAX;2026-01-20T20:54:24Z
3dfc471c;AA1616;AAL1616;3.953.333;-9.175.055;273;38000;351;0;5751;2026-01-20T16:49:59Z;ADSB;AD8895;B738;N971NN;AAL;AAL;CLT;KCLT;MCI;KMCI;2026-01-20T17:23:12Z
3dfc29a2;UA3895;UAL3895;3.990.137;-9.041.504;252;40000;378;0;7155;2026-01-20T16:49:59Z;ADSB;A8E24D;B752;N67134;UAL;UAL;EWR;KEWR;AMA;KAMA;2026-01-20T18:22:56Z
3dfbf6a5;AA3317;AAL3317;2.670.055;-8.050.327;105;2625;161;-64;2750;2026-01-20T16:49:59Z;ADSB;ACF849;B738;N935AN;AAL;AAL;LGA;KLGA;PBI;KPBI;2026-01-20T16:51:48Z
3dfbfb71;DL1930;DAL1930;2.080.061;-6.587.043;167;39000;500;0;3060;2026-01-20T16:49:58Z;ADSB;A8DE10;B752;N6700;;;JFK;KJFK;STT;TIST;2026-01-20T17:16:48Z
3dfb5e2d;KL623;KLM623;4.381.543;-7.998.818;227;36000;436;64;754;2026-01-20T16:49:59Z;ADSB;485E2E;B78X;PH-BKH;KLM;KLM;AMS;EHAM;ATL;KATL;2026-01-20T18:35:44Z
3dfa9c2b;DL42;DAL42;3.338.303;-11.802.505;46;12375;336;-1600;1464;2026-01-20T16:49:58Z;ADSB;A6A347;A359;N527DN;DAL;DAL;SYD;YSSY;LAX;KLAX;2026-01-20T17:02:57Z
3dfb9bef;UA2115;UAL2115;3.769.743;-11.966.227;270;32350;380;-1472;7172;2026-01-20T16:49:57Z;ADSB;A16E7D;B752;N19117;UAL;UAL;EWR;KEWR;SFO;KSFO;2026-01-20T17:23:49Z
3dfc21cf;DL830;DAL830;3.487.214;-1.009.584;284;40000;402;0;2001;2026-01-20T16:49:58Z;ADSB;ABD018;A332;N860NW;DAL;DAL;ATL;KATL;SLC;KSLC;2026-01-20T18:27:12Z
3dfbb609;DL966;DAL966;4.743.806;-12.231.002;90;0;9;0;4021;2026-01-20T16:49:59Z;ADSB;A4A0CD;B738;N398DA;DAL;DAL;CVG;KCVG;SEA;KSEA;2026-01-20T16:30:12Z
3dfb5b3f;KL605;KLM373;5.166.618;-11.707.937;199;38000;543;0;1307;2026-01-20T16:49:59Z;ADSB;486071;B78X;PH-BKL;KLM;KLM;AMS;EHAM;SFO;KSFO;2026-01-20T18:48:32Z
3dfb2fe8;DL120;DAL120;5.371.611;-11.619.859;112;41000;539;64;7425;2026-01-20T16:49:59Z;ADSB;A68946;A359;N520DN;DAL;DAL;HND;RJTT;MSP;KMSP;2026-01-20T18:57:04Z
3dfb6660;AF338;AFR338;5.788.005;-11.383.803;203;40000;552;0;3322;2026-01-20T16:49:58Z;ADSB;39D2B3;A359;F-HUVT;AFR;AFR;CDG;LFPG;SEA;KSEA;2026-01-20T18:27:12Z
3dfbef7c;UA297;UAL297;4.603.704;-1.030.933;267;38000;401;0;3054;2026-01-20T16:49:59Z;ADSB;A2B10C;B38M;N27252;UAL;UAL;EWR;KEWR;BZN;KBZN;2026-01-20T17:48:48Z
3dfb1035;DL274;DAL274;493.233;-10.461.738;114;41000;547;0;1337;2026-01-20T16:49:59Z;ADSB;A65800;A359;N508DN;DAL;DAL;HND;RJTT;DTW;KDTW;2026-01-20T18:46:24Z
3dfc08be;DL713;DAL713;3.897.354;-9.762.159;259;40000;387;0;7106;2026-01-20T16:49:59Z;ADSB;ABCA08;A332;N859NW;DAL;DAL;JFK;KJFK;LAX;KLAX;2026-01-20T19:35:28Z
3dfbfe28;UA3929;UAL3929;3.984.099;-8.711.707;87;41000;552;0;3220;2026-01-20T16:49:58Z;ADSB;A2E045;B739;N28478;UAL;UAL;SFO;KSFO;IAD;KIAD;2026-01-20T17:48:48Z
3df77bd0;DL274;DAL274;4.221.032;-8.335.699;118;0;0;0;6527;2026-01-20T16:49:57Z;ADSB;A661C7;A359;N510DN;DAL;DAL;HND;RJTT;DTW;KDTW;2026-01-19T18:59:44Z
3dfc2a84;AA1172;AAL1172;3.124.837;-7.689.693;140;38975;487;0;1377;2026-01-20T16:49:54Z;ADSB;AAEF89;A319;N8031M;AAL;AAL;ORD;KORD;STT;TIST;2026-01-20T19:12:00Z
3dfc1af7;AA1688;AAL1688;354.944;-8.067.931;211;11275;262;-1088;3461;2026-01-20T16:49:58Z;ADSB;ADECA5;A321;N997AA;AAL;AAL;BOS;KBOS;CLT;KCLT;2026-01-20T17:00:59Z
3dfb6eb6;BA175;BAW7NY;4.165.029;-7.151.237;219;34250;344;-1664;763;2026-01-20T16:49:59Z;ADSB;4005C1;B772;G-RAES;BAW;BAW;LHR;EGLL;JFK;KJFK;2026-01-20T17:25:20Z
3dfc5de4;AA142;AAL142;4.956.007;-6.005.298;48;39000;601;0;2610;2026-01-20T16:49:59Z;ADSB;AACAA5;B772;N795AN;AAL;AAL;JFK;KJFK;LHR;EGLL;2026-01-20T21:26:24Z
3dfc5ca0;DL1112;DAL1112;3.210.049;-10.704.227;102;39000;494;0;6736;2026-01-20T16:49:57Z;ADSB;A4463E;B738;N3749D;DAL;DAL;LAX;KLAX;MSY;KMSY;2026-01-20T18:44:16Z
3dfc2d74;AA249;AAL249;3.193.707;-968.131;209;38000;357;0;6277;2026-01-20T16:49:58Z;ADSB;A3CDE4;B38M;N344TS;AAL;AAL;ORD;KORD;MEX;MMMX;2026-01-20T18:42:08Z
3dfbf6a2;UA1898;UAL1898;2.999.349;-9.534.431;270;0;66;0;1331;2026-01-20T16:49:59Z;ADSB;A35843;B739;N31412;UAL;UAL;BWI;KBWI;IAH;KIAH;2026-01-20T16:49:25Z
3dfc3057;AA2097;AAL2097;3.108.791;-9.230.965;315;38000;403;0;6073;2026-01-20T16:49:59Z;ADSB;A99D89;B77W;N719AN;AAL;AAL;MIA;KMIA;DFW;KDFW;2026-01-20T17:40:16Z
3dfb3347;UA838;UAL838;3.856.146;-12.319.107;135;26500;414;-1664;6266;2026-01-20T16:49:59Z;ADSB;AA92FF;B772;N78008;UAL;UAL;NRT;RJAA;SFO;KSFO;2026-01-20T17:17:23Z
3dfbf396;UA1116;UAL1116;3.957.145;-12.066.162;246;38025;394;-64;3332;2026-01-20T16:49:58Z;ADSB;A28947;B738;N26232;UAL;UAL;MSP;KMSP;SFO;KSFO;2026-01-20T17:21:04Z
3dfb37ee;DL188;DAL188;5.599.411;-13.976.324;91;39000;536;0;3407;2026-01-20T16:49:59Z;ADSB;A69822;A359;N524DN;DAL;DAL;ICN;RKSI;ATL;KATL;2026-01-20T21:58:24Z
3dfb76b5;AF84;AFR84T;6.202.925;-10.107.008;219;34000;489;0;3311;2026-01-20T16:49:56Z;ESTIMATED;3965A0;B77W;F-GZNA;AFR;AFR;CDG;LFPG;SFO;KSFO;2026-01-20T20:39:28Z
3dfc35bc;AA1766;AAL1766;369.993;-8.390.635;69;39000;571;0;3065;2026-01-20T16:49:59Z;ADSB;AD1986;B738;N943NN;AAL;AAL;DFW;KDFW;JFK;KJFK;2026-01-20T18:14:24Z
3dfc4469;AA2581;AAL2581;4.069.061;-8.888.281;40;36500;485;-2304;3044;2026-01-20T16:49:57Z;ADSB;AD3FD9;B738;N953AN;AAL;AAL;DFW;KDFW;MKE;KMKE;2026-01-20T17:21:04Z
3dfb79f6;BA195;BAW26E;4.774.742;-820.423;230;39975;455;64;767;2026-01-20T16:49:59Z;ADSB;40749B;B789;G-ZBKR;BAW;BAW;LHR;EGLL;IAH;KIAH;2026-01-20T19:52:32Z
3dfc1f4a;UA1666;UAL1666;3.973.906;-10.466.149;1;7100;182;-960;4054;2026-01-20T16:54:59Z;ADSB;A3C775;B738;N34222;UAL;UAL;CVG;KCVG;DEN;KDEN;2026-01-20T16:58:47Z
3dfc46ab;DL853;DAL853;5.367.189;-13.040.311;139;39000;500;0;7270;2026-01-20T16:54:59Z;ADSB;A44502;B738;N3740C;DAL;DAL;ANC;PANC;SEA;KSEA;2026-01-20T18:08:00Z
3dfc602a;DL2582;DAL2582;4.096.909;-11.204.519;112;7175;218;-1216;2062;2026-01-20T16:54:59Z;ADSB;A0757F;BCS1;N129DU;DAL;DAL;BUR;KBUR;SLC;KSLC;2026-01-20T16:58:45Z
3dfb8063;BA53;BAW5EA;6.101.741;-11.101.165;205;40000;530;0;2163;2026-01-20T16:54:57Z;ADSB;400774;B772;G-VIIW;BAW;BAW;LHR;EGLL;SEA;KSEA;2026-01-20T19:03:28Z
3dfb5cc2;KL689;KLM689;4.103.017;-8.789.549;204;39975;462;-64;747;2026-01-20T16:54:58Z;ADSB;485785;B789;PH-BHN;KLM;KLM;AMS;EHAM;CUN;MMUN;2026-01-20T19:50:24Z
3dfb5a0f;KL661;KLM661;4.247.672;-8.771.229;214;35975;454;64;750;2026-01-20T16:54:59Z;ADSB;4851B0;B789;PH-BHE;KLM;KLM;AMS;EHAM;IAH;KIAH;2026-01-20T18:57:04Z
3dfb6bff;AF636;AFR636P;4.890.495;-8.630.331;219;38000;473;0;7111;2026-01-20T16:54:59Z;ADSB;39D2A6;A359;F-HUVG;AFR;AFR;CDG;LFPG;IAH;KIAH;2026-01-20T19:48:16Z
3dfc25be;AA2896;AAL2896;2.930.109;-7.908.519;189;34000;421;0;3250;2026-01-20T16:54:58Z;ADSB;A35388;B38M;N313SB;AAL;AAL;LGA;KLGA;FLL;KFLL;2026-01-20T17:31:44Z
3dfc18c5;AA3052;AAL3052;3.092.528;-7.863.712;195;32025;406;0;555;2026-01-20T16:54:58Z;ADSB;AB4EA8;A319;N828AW;AAL;AAL;DCA;KDCA;FLL;KFLL;2026-01-20T17:48:48Z
3dfb5ea7;UA905;UAL905;4.130.058;-7.438.879;153;5725;286;-640;711;2026-01-20T16:54:58Z;ADSB;A9178D;B763;N685UA;UAL;UAL;LHR;EGLL;EWR;KEWR;2026-01-20T16:59:54Z
3dfc13ad;UA654;UAL654;2.999.339;-9.534.621;258;0;35;0;1021;2026-01-20T16:54:59Z;ADSB;A0A8DF;B752;N14107;UAL;UAL;LAX;KLAX;IAH;KIAH;2026-01-20T16:54:33Z
3dfc099d;AA2523;AAL2523;2.849.681;-8.225.378;179;10625;369;-960;1573;2026-01-20T16:54:58Z;ADSB;A3B88E;B738;N339PL;AAL;AAL;PHL;KPHL;TPA;KTPA;2026-01-20T17:06:21Z
3dfc5bb8;AA882;AAL882;3.950.958;-11.976.923;180;4075;129;-512;1523;2026-01-20T16:54:59Z;ADSB;AB5FDD;A319;N832AW;AAL;AAL;PHX;KPHX;RNO;KRNO;2026-01-20T16:55:32Z
3dfc50ea;UA357;UAL357;3.950.647;-10.469.164;1;9925;203;-192;6217;2026-01-20T16:54:59Z;ADSB;A43EA3;B738;N37274;UAL;UAL;DFW;KDFW;DEN;KDEN;2026-01-20T16:57:42Z
3dfc4a66;UA595;UAL595;3.986.014;-10.466.896;233;0;9;0;3553;2026-01-20T16:54:58Z;ADSB;A465DF;B738;N38257;UAL;UAL;AUS;KAUS;DEN;KDEN;2026-01-20T16:50:24Z
3dfb554c;KL601;KLM601;47.114;-10.957.242;200;38000;522;-64;3351;2026-01-20T16:54:58Z;ADSB;485F84;B78X;PH-BKQ;KLM;KLM;AMS;EHAM;LAX;KLAX;2026-01-20T19:01:20Z
3dfb459f;DL57;DAL57;499.763;-10.409.322;193;40000;499;0;1742;2026-01-20T16:54:58Z;ADSB;AB00D6;A333;N808NW;DAL;DAL;AMS;EHAM;SLC;KSLC;2026-01-20T18:27:12Z
3dfb6bb5;AF158;AFR158K;5.036.476;-8.389.131;220;36000;461;0;2403;2026-01-20T16:54:59Z;ADSB;3949F4;B772;F-GSPU;AFR;AFR;CDG;LFPG;DFW;KDFW;2026-01-20T19:39:44Z
3dfbc8a3;UA4200;UAL4200;3.497.447;-7.794.144;1;41025;513;0;5746;2026-01-20T16:54:58Z;ADSB;A8EC57;B763;N674UA;UAL;UAL;MDE;SKRG;EWR;KEWR;2026-01-20T17:52:11Z
3dfb55ab;DL33;DAL33;4.037.415;-7.881.161;228;40000;374;0;706;2026-01-20T16:54:57Z;ADSB;A50E93;A339;N425DX;DAL;DAL;LHR;EGLL;ATL;KATL;2026-01-20T18:16:32Z
3dfc075e;AA2731;AAL2731;334.931;-9.610.345;238;18450;300;-2560;1120;2026-01-20T16:54:58Z;ADSB;AAE958;B788;N802AN;AAL;AAL;PHL;KPHL;DFW;KDFW;2026-01-20T17:14:40Z
3dfc1880;AA1293;AAL1293;2.823.174;-8.134.999;52;2525;174;-64;5663;2026-01-20T16:54:58Z;ADSB;A3C291;B38M;N341RW;AAL;AAL;ORD;KORD;MCO;KMCO;2026-01-20T16:56:38Z
3dfc6077;UA1119;UAL1119;3.124.484;-9.571.465;136;39000;525;0;3536;2026-01-20T16:54:59Z;ADSB;A1CDD8;B772;N215UA;UAL;UAL;DEN;KDEN;CUN;MMUN;2026-01-20T18:44:16Z
3dfc61e8;UA2609;UAL2609;3.986.018;-10.467.753;177;0;0;0;634;2026-01-20T16:54:50Z;ADSB;A43EA2;B738;N37273;UAL;UAL;OKC;KOKC;DEN;KDEN;2026-01-20T16:49:41Z
3dfbe9c7;AA3193;AAL3193;3.889.824;-9.950.729;285;37975;377;0;2031;2026-01-20T16:54:58Z;ADSB;AC7A33;A319;N9029F;AAL;AAL;MIA;KMIA;EGE;KEGE;2026-01-20T17:57:20Z
3dfb53b3;UA6;UAL6;5.248.169;-12.572.911;122;39000;533;0;5721;2026-01-20T16:54:59Z;ADSB;A31A76;B789;N29984;UAL;UAL;NRT;RJAA;IAH;KIAH;2026-01-20T20:39:28Z
3dfb71d2;LH454;DLH454;604.926;-11.152.374;205;36000;542;0;1710;2026-01-20T16:54:59Z;ADSB;3C4B2A;B748;D-ABYJ;DLH;DLH;FRA;EDDF;SFO;KSFO;2026-01-20T20:05:20Z
3dfb80ef;LH456;DLH456;6.303.387;-10.719.259;205;32000;516;-64;1310;2026-01-20T16:54:59Z;ADSB;3C4B2D;B748;D-ABYM;DLH;DLH;FRA;EDDF;LAX;KLAX;2026-01-20T20:52:16Z
3dfc471c;AA1616;AAL1616;3.956.516;-9.235.836;273;33675;322;-1088;5751;2026-01-20T16:54:58Z;ADSB;AD8895;B738;N971NN;AAL;AAL;CLT;KCLT;MCI;KMCI;2026-01-20T17:23:12Z
3dfc29a2;UA3895;UAL3895;3.974.127;-9.106.268;251;40000;377;0;7155;2026-01-20T16:54:58Z;ADSB;A8E24D;B752;N67134;UAL;UAL;EWR;KEWR;AMA;KAMA;2026-01-20T18:22:56Z
3dfbf6a5;AA3317;AAL3317;2.669.005;-802.657;92;2425;157;-832;2750;2026-01-20T16:54:57Z;ADSB;ACF849;B738;N935AN;AAL;AAL;LGA;KLGA;PBI;KPBI;2026-01-20T16:55:48Z
3dfbfb71;DL1930;DAL1930;2.012.341;-6.570.828;167;30450;493;-3200;3060;2026-01-20T16:54:59Z;ADSB;A8DE10;B752;N6700;;;JFK;KJFK;STT;TIST;2026-01-20T17:28:45Z
3dfb5e2d;KL623;KLM623;4.340.316;-8.060.277;227;35975;439;0;754;2026-01-20T16:54:59Z;ADSB;485E2E;B78X;PH-BKH;KLM;KLM;AMS;EHAM;ATL;KATL;2026-01-20T18:33:36Z
3dfa9c2b;DL42;DAL42;3.375.018;-11.804.322;344;7100;200;-384;1464;2026-01-20T16:54:59Z;ADSB;A6A347;A359;N527DN;DAL;DAL;SYD;YSSY;LAX;KLAX;2026-01-20T17:01:13Z
3dfb9bef;UA2115;UAL2115;3.769.921;-12.033.414;270;29950;397;-704;7172;2026-01-20T16:54:59Z;ADSB;A16E7D;B752;N19117;UAL;UAL;EWR;KEWR;SFO;KSFO;2026-01-20T17:24:11Z
3dfc21cf;DL830;DAL830;3.500.505;-10.160.923;283;40000;395;0;2001;2026-01-20T16:54:58Z;ADSB;ABD018;A332;N860NW;DAL;DAL;ATL;KATL;SLC;KSLC;2026-01-20T18:27:12Z
3dfc08be;DL713;DAL713;3.887.331;-9.830.115;258;40000;393;0;7106;2026-01-20T16:54:59Z;ADSB;ABCA08;A332;N859NW;DAL;DAL;JFK;KJFK;LAX;KLAX;2026-01-20T19:35:28Z
3dfb5b3f;KL605;KLM373;5.096.255;-11.747.673;199;37975;543;0;1307;2026-01-20T16:54:57Z;ADSB;486071;B78X;PH-BKL;KLM;KLM;AMS;EHAM;SFO;KSFO;2026-01-20T18:48:32Z
3dfb2fe8;DL120;DAL120;5.343.187;-11.504.883;113;41000;543;0;7425;2026-01-20T16:54:58Z;ADSB;A68946;A359;N520DN;DAL;DAL;HND;RJTT;MSP;KMSP;2026-01-20T18:57:04Z
3dfb6660;AF338;AFR338;5.717.727;-11.439.922;203;40000;544;0;3322;2026-01-20T16:54:58Z;ADSB;39D2B3;A359;F-HUVT;AFR;AFR;CDG;LFPG;SEA;KSEA;2026-01-20T18:27:12Z
3dfbef7c;UA297;UAL297;4.600.475;-10.389.154;266;38000;406;0;3054;2026-01-20T16:54:57Z;ADSB;A2B10C;B38M;N27252;UAL;UAL;EWR;KEWR;BZN;KBZN;2026-01-20T17:48:48Z
3dfb1035;DL274;DAL274;4.900.568;-10.357.513;115;41000;544;0;1337;2026-01-20T16:54:57Z;ADSB;A65800;A359;N508DN;DAL;DAL;HND;RJTT;DTW;KDTW;2026-01-20T18:46:24Z
3dfbfe28;UA3929;UAL3929;3.986.462;-8.613.108;88;41000;545;0;3220;2026-01-20T16:54:59Z;ADSB;A2E045;B739;N28478;UAL;UAL;SFO;KSFO;IAD;KIAD;2026-01-20T17:50:56Z
3df77bd0;DL274;DAL274;4.221.032;-83.357;118;0;0;0;6527;2026-01-20T16:54:57Z;ADSB;A661C7;A359;N510DN;DAL;DAL;HND;RJTT;DTW;KDTW;2026-01-19T18:59:44Z
3dfc2a84;AA1172;AAL1172;3.072.918;-7.641.518;144;39000;491;0;1377;2026-01-20T16:54:59Z;ADSB;AAEF89;A319;N8031M;AAL;AAL;ORD;KORD;STT;TIST;2026-01-20T19:12:00Z
3dfc1af7;AA1688;AAL1688;3.519.104;-808.295;175;7725;243;-960;3461;2026-01-20T16:54:58Z;ADSB;ADECA5;A321;N997AA;AAL;AAL;BOS;KBOS;CLT;KCLT;2026-01-20T17:02:00Z
3dfb6eb6;BA175;BAW7NY;4.132.335;-7.187.518;219;25175;285;-1856;763;2026-01-20T16:54:59Z;ADSB;4005C1;B772;G-RAES;BAW;BAW;LHR;EGLL;JFK;KJFK;2026-01-20T17:22:22Z
3dfc5de4;AA142;AAL142;5.009.952;-5.908.967;49;39000;597;-64;2610;2026-01-20T16:54:57Z;ADSB;AACAA5;B772;N795AN;AAL;AAL;JFK;KJFK;LHR;EGLL;2026-01-20T21:28:32Z
3dfc5ca0;DL1112;DAL1112;3.194.971;-1.062.451;95;39000;502;0;6736;2026-01-20T16:54:59Z;ADSB;A4463E;B738;N3749D;DAL;DAL;LAX;KLAX;MSY;KMSY;2026-01-20T18:44:16Z
3dfc2d74;AA249;AAL249;3.150.957;-9.709.798;212;38000;354;0;6277;2026-01-20T16:54:58Z;ADSB;A3CDE4;B38M;N344TS;AAL;AAL;ORD;KORD;MEX;MMMX;2026-01-20T18:42:08Z
3dfc3057;AA2097;AAL2097;3.136.775;-928.271;291;38000;375;0;6073;2026-01-20T16:54:59Z;ADSB;A99D89;B77W;N719AN;AAL;AAL;MIA;KMIA;DFW;KDFW;2026-01-20T17:40:16Z
3dfb3347;UA838;UAL838;3.816.573;-12.275.036;166;18500;360;-1664;6266;2026-01-20T16:54:58Z;ADSB;AA92FF;B772;N78008;UAL;UAL;NRT;RJAA;SFO;KSFO;2026-01-20T17:14:44Z
3dfbf396;UA1116;UAL1116;3.948.812;-12.135.468;262;38000;395;0;3332;2026-01-20T16:54:58Z;ADSB;A28947;B738;N26232;UAL;UAL;MSP;KMSP;SFO;KSFO;2026-01-20T17:23:12Z
3dfb37ee;DL188;DAL188;5.595.708;-13.844.646;93;39000;534;-64;3407;2026-01-20T16:54:58Z;ADSB;A69822;A359;N524DN;DAL;DAL;ICN;RKSI;ATL;KATL;2026-01-20T21:56:16Z
3dfb76b5;AF84;AFR84T;6.149.064;-10.197.066;218;34000;489;0;3311;2026-01-20T16:54:59Z;ESTIMATED;3965A0;B77W;F-GZNA;AFR;AFR;CDG;LFPG;SFO;KSFO;2026-01-20T20:39:28Z
3dfc35bc;AA1766;AAL1766;3.726.755;-8.298.237;71;39000;564;0;3065;2026-01-20T16:54:58Z;ADSB;AD1986;B738;N943NN;AAL;AAL;DFW;KDFW;JFK;KJFK;2026-01-20T18:14:24Z
3dfc4469;AA2581;AAL2581;4.124.854;-8.853.516;19;33000;441;0;3044;2026-01-20T16:54:57Z;ADSB;AD3FD9;B738;N953AN;AAL;AAL;DFW;KDFW;MKE;KMKE;2026-01-20T17:26:28Z
3dfb79f6;BA195;BAW26E;4.734.297;-8.275.115;229;40000;453;0;767;2026-01-20T16:54:58Z;ADSB;40749B;B789;G-ZBKR;BAW;BAW;LHR;EGLL;IAH;KIAH;2026-01-20T19:54:40Z
3dfbfc5c;DL8800;DAL8800;2.578.888;-8.027.742;53;0;7;0;1012;2026-01-20T16:54:58Z;ADSB;ACB878;B739;N919DU;DAL;DAL;MSP;KMSP;MIA;KMIA;2026-01-20T16:40:12Z
3dfc6248;UA1384;UAL1384;3.985.816;-104.681;2;0;1;0;2526;2026-01-20T16:59:09Z;ADSB;AC4107;A319;N889UA;UAL;UAL;ICT;KICT;DEN;KDEN;2026-01-20T16:38:12Z
3dfc46ab;DL853;DAL853;531.432;-12.965.434;140;39000;498;0;7270;2026-01-20T16:59:59Z;ADSB;A44502;B738;N3740C;DAL;DAL;ANC;PANC;SEA;KSEA;2026-01-20T18:05:52Z
3dfc602a;DL2582;DAL2582;4.079.091;-11.199.516;92;0;16;0;2062;2026-01-20T16:59:59Z;ADSB;A0757F;BCS1;N129DU;DAL;DAL;BUR;KBUR;SLC;KSLC;2026-01-20T16:59:12Z
3dfb8063;BA53;BAW5EA;6.035.536;-11.165.462;205;40000;536;0;2163;2026-01-20T16:59:59Z;ADSB;400774;B772;G-VIIW;BAW;BAW;LHR;EGLL;SEA;KSEA;2026-01-20T19:03:28Z
3dfb5cc2;KL689;KLM689;4.044.534;-88.229;199;39975;461;0;747;2026-01-20T17:00:00Z;ADSB;485785;B789;PH-BHN;KLM;KLM;AMS;EHAM;CUN;MMUN;2026-01-20T19:48:16Z
3dfb5a0f;KL661;KLM661;4.193.523;-8.815.206;209;35975;460;0;750;2026-01-20T16:59:59Z;ADSB;4851B0;B789;PH-BHE;KLM;KLM;AMS;EHAM;IAH;KIAH;2026-01-20T19:01:20Z
3dfb6bff;AF636;AFR636P;4.839.873;-8.692.911;219;38000;476;0;7111;2026-01-20T16:59:59Z;ADSB;39D2A6;A359;F-HUVG;AFR;AFR;CDG;LFPG;IAH;KIAH;2026-01-20T19:46:08Z
3dfc25be;AA2896;AAL2896;2.871.314;-7.919.236;189;30000;434;0;3250;2026-01-20T16:59:59Z;ADSB;A35388;B38M;N313SB;AAL;AAL;LGA;KLGA;FLL;KFLL;2026-01-20T17:31:44Z
3dfc18c5;AA3052;AAL3052;3.037.477;-7.881.285;195;32025;407;-64;555;2026-01-20T17:00:00Z;ADSB;AB4EA8;A319;N828AW;AAL;AAL;DCA;KDCA;FLL;KFLL;2026-01-20T17:44:32Z
3dfb5ea7;UA905;UAL905;4.097.154;-7.417.072;154;3700;227;-704;711;2026-01-20T16:59:59Z;ADSB;A9178D;B763;N685UA;UAL;UAL;LHR;EGLL;EWR;KEWR;2026-01-20T17:03:36Z
3dfc13ad;UA654;UAL654;2.998.988;-9.533.027;180;0;14;0;1021;2026-01-20T16:59:58Z;ADSB;A0A8DF;B752;N14107;UAL;UAL;LAX;KLAX;IAH;KIAH;2026-01-20T16:55:18Z
3dfc099d;AA2523;AAL2523;2.810.806;-8.241.243;182;6400;288;-832;1573;2026-01-20T16:59:59Z;ADSB;A3B88E;B738;N339PL;AAL;AAL;PHL;KPHL;TPA;KTPA;2026-01-20T17:07:27Z
3dfc5bb8;AA882;AAL882;3.950.787;-11.977.213;219;0;7;0;1523;2026-01-20T16:59:59Z;ADSB;AB5FDD;A319;N832AW;AAL;AAL;PHX;KPHX;RNO;KRNO;2026-01-20T16:55:18Z
3dfc50ea;UA357;UAL357;3.976.698;-10.468.824;356;7175;168;-960;6217;2026-01-20T16:59:58Z;ADSB;A43EA3;B738;N37274;UAL;UAL;DFW;KDFW;DEN;KDEN;2026-01-20T17:02:47Z
3dfc4a66;UA595;UAL595;3.986.009;-10.467.527;270;0;0;0;3553;2026-01-20T16:59:57Z;ADSB;A465DF;B738;N38257;UAL;UAL;AUS;KAUS;DEN;KDEN;2026-01-20T16:50:24Z
3dfb554c;KL601;KLM601;4.641.476;-10.987.614;196;38000;523;128;3351;2026-01-20T17:00:00Z;ADSB;485F84;B78X;PH-BKQ;KLM;KLM;AMS;EHAM;LAX;KLAX;2026-01-20T19:01:20Z
3dfb459f;DL57;DAL57;4.929.987;-10.433.476;193;39975;506;0;1742;2026-01-20T16:59:59Z;ADSB;AB00D6;A333;N808NW;DAL;DAL;AMS;EHAM;SLC;KSLC;2026-01-20T18:29:20Z
3dfb6bb5;AF158;AFR158K;4.987.975;-8.453.059;219;36000;462;0;2403;2026-01-20T16:59:58Z;ADSB;3949F4;B772;F-GSPU;AFR;AFR;CDG;LFPG;DFW;KDFW;2026-01-20T19:41:52Z
3dfc6318;AA2111;AAL2111;3.522.145;-8.094.757;90;0;11;0;4173;2026-01-20T16:59:59Z;ADSB;AB7270;A319;N837AW;AAL;AAL;LGA;KLGA;CLT;KCLT;2026-01-20T16:55:18Z
3dfbc8a3;UA4200;UAL4200;3.568.039;-7.795.898;356;41000;500;0;5746;2026-01-20T17:00:00Z;ADSB;A8EC57;B763;N674UA;UAL;UAL;MDE;SKRG;EWR;KEWR;2026-01-20T17:53:40Z
3dfb55ab;DL33;DAL33;4.003.148;-7.932.204;229;40000;372;64;706;2026-01-20T17:00:00Z;ADSB;A50E93;A339;N425DX;DAL;DAL;LHR;EGLL;ATL;KATL;2026-01-20T18:16:32Z
3dfc075e;AA2731;AAL2731;3.329.779;-9.652.538;251;10075;262;-1216;1120;2026-01-20T17:00:00Z;ADSB;AAE958;B788;N802AN;AAL;AAL;PHL;KPHL;DFW;KDFW;2026-01-20T17:10:22Z
3dfc6077;UA1119;UAL1119;3.071.553;-9.513.643;136;39000;520;0;3536;2026-01-20T17:00:00Z;ADSB;A1CDD8;B772;N215UA;UAL;UAL;DEN;KDEN;CUN;MMUN;2026-01-20T18:44:16Z
3dfbe9c7;AA3193;AAL3193;3.903.899;-10.015.833;285;38000;382;0;2031;2026-01-20T16:59:58Z;ADSB;AC7A33;A319;N9029F;AAL;AAL;MIA;KMIA;EGE;KEGE;2026-01-20T17:57:20Z
3dfb53b3;UA6;UAL6;5.207.996;-12.471.092;123;39000;532;-64;5721;2026-01-20T17:00:00Z;ADSB;A31A76;B789;N29984;UAL;UAL;NRT;RJAA;IAH;KIAH;2026-01-20T20:39:28Z
3dfb71d2;LH454;DLH454;5.980.115;-11.213.745;200;36000;548;0;1710;2026-01-20T17:00:00Z;ADSB;3C4B2A;B748;D-ABYJ;DLH;DLH;FRA;EDDF;SFO;KSFO;2026-01-20T20:03:12Z
3dfb80ef;LH456;DLH456;6.238.916;-10.784.139;204;32000;514;-64;1310;2026-01-20T16:59:59Z;ADSB;3C4B2D;B748;D-ABYM;DLH;DLH;FRA;EDDF;LAX;KLAX;2026-01-20T20:52:16Z
3dfc471c;AA1616;AAL1616;3.959.097;-9.290.523;273;28375;290;-1728;5751;2026-01-20T16:59:58Z;ADSB;AD8895;B738;N971NN;AAL;AAL;CLT;KCLT;MCI;KMCI;2026-01-20T17:27:40Z
3dfc29a2;UA3895;UAL3895;3.957.191;-9.169.769;238;40000;377;0;7155;2026-01-20T16:59:59Z;ADSB;A8E24D;B752;N67134;UAL;UAL;EWR;KEWR;AMA;KAMA;2026-01-20T18:18:40Z
3dfb5e2d;KL623;KLM623;4.295.515;-8.116.673;205;35975;462;64;754;2026-01-20T17:00:00Z;ADSB;485E2E;B78X;PH-BKH;KLM;KLM;AMS;EHAM;ATL;KATL;2026-01-20T18:33:36Z
3dfbf6a5;AA3317;AAL3317;2.668.349;-8.008.894;272;0;14;0;2750;2026-01-20T17:00:00Z;ADSB;ACF849;B738;N935AN;AAL;AAL;LGA;KLGA;PBI;KPBI;2026-01-20T16:58:12Z
3dfbfb71;DL1930;DAL1930;1.950.218;-6.556.076;167;16975;418;-2304;3060;2026-01-20T16:59:58Z;ADSB;A8DE10;B752;N6700;;;JFK;KJFK;STT;TIST;2026-01-20T17:19:20Z
3dfa9c2b;DL42;DAL42;3.396.469;-11.811.149;266;3425;196;0;1464;2026-01-20T16:59:59Z;ADSB;A6A347;A359;N527DN;DAL;DAL;SYD;YSSY;LAX;KLAX;2026-01-20T17:02:42Z
3dfb9bef;UA2115;UAL2115;3.762.785;-12.100.294;260;19100;374;-2240;7172;2026-01-20T16:59:59Z;ADSB;A16E7D;B752;N19117;UAL;UAL;EWR;KEWR;SFO;KSFO;2026-01-20T17:20:50Z
3dfc21cf;DL830;DAL830;3.513.516;-10.226.607;283;40000;403;0;2001;2026-01-20T17:00:00Z;ADSB;ABD018;A332;N860NW;DAL;DAL;ATL;KATL;SLC;KSLC;2026-01-20T18:29:20Z
3dfc08be;DL713;DAL713;3.876.693;-989.917;258;40000;400;0;7106;2026-01-20T16:59:59Z;ADSB;ABCA08;A332;N859NW;DAL;DAL;JFK;KJFK;LAX;KLAX;2026-01-20T19:33:20Z
3dfbb609;DL966;DAL966;4.744.059;-1.223.022;28;0;6;0;4021;2026-01-20T16:59:59Z;ADSB;A4A0CD;B738;N398DA;DAL;DAL;CVG;KCVG;SEA;KSEA;2026-01-20T16:30:12Z
3dfb5b3f;KL605;KLM373;5.025.014;-11.786.617;199;37975;541;128;1307;2026-01-20T16:59:58Z;ADSB;486071;B78X;PH-BKL;KLM;KLM;AMS;EHAM;SFO;KSFO;2026-01-20T18:48:32Z
3dfb6660;AF338;AFR338;5.649.179;-11.492.474;202;40000;533;0;3322;2026-01-20T16:59:59Z;ADSB;39D2B3;A359;F-HUVT;AFR;AFR;CDG;LFPG;SEA;KSEA;2026-01-20T18:29:20Z
3dfb2fe8;DL120;DAL120;5.313.091;-11.389.268;113;41000;541;0;7425;2026-01-20T17:00:00Z;ADSB;A68946;A359;N520DN;DAL;DAL;HND;RJTT;MSP;KMSP;2026-01-20T18:57:04Z
3dfbef7c;UA297;UAL297;4.600.399;-10.470.451;270;38000;407;0;3054;2026-01-20T16:59:59Z;ADSB;A2B10C;B38M;N27252;UAL;UAL;EWR;KEWR;BZN;KBZN;2026-01-20T17:48:48Z
3dfb1035;DL274;DAL274;4.867.776;-10.254.314;116;41000;545;0;1337;2026-01-20T16:59:59Z;ADSB;A65800;A359;N508DN;DAL;DAL;HND;RJTT;DTW;KDTW;2026-01-20T18:48:32Z
3dfbfe28;UA3929;UAL3929;3.987.987;-8.513.879;89;41000;557;0;3220;2026-01-20T16:59:59Z;ADSB;A2E045;B739;N28478;UAL;UAL;SFO;KSFO;IAD;KIAD;2026-01-20T17:48:48Z
3df77bd0;DL274;DAL274;4.221.032;-8.335.699;118;0;0;0;6527;2026-01-20T16:59:56Z;ADSB;A661C7;A359;N510DN;DAL;DAL;HND;RJTT;DTW;KDTW;2026-01-19T18:59:44Z
3dfc2a84;AA1172;AAL1172;3.024.073;-7.591.238;137;39000;491;0;1377;2026-01-20T16:59:54Z;ESTIMATED;AAEF89;A319;N8031M;AAL;AAL;ORD;KORD;STT;TIST;2026-01-20T19:12:00Z
3dfc1af7;AA1688;AAL1688;3.510.421;-8.092.581;356;2325;189;-1216;3461;2026-01-20T16:59:59Z;ADSB;ADECA5;A321;N997AA;AAL;AAL;BOS;KBOS;CLT;KCLT;2026-01-20T17:01:12Z
3dfb6eb6;BA175;BAW7NY;4.107.257;-7.222.843;252;18600;260;-1152;763;2026-01-20T16:59:59Z;ADSB;4005C1;B772;G-RAES;BAW;BAW;LHR;EGLL;JFK;KJFK;2026-01-20T17:18:52Z
3dfc5de4;AA142;AAL142;5.063.452;-5.809.773;50;39000;590;0;2610;2026-01-20T17:00:00Z;ADSB;AACAA5;B772;N795AN;AAL;AAL;JFK;KJFK;LHR;EGLL;2026-01-20T21:26:24Z
3dfc5ca0;DL1112;DAL1112;3.187.733;-10.542.667;100;39000;504;0;6736;2026-01-20T17:00:00Z;ADSB;A4463E;B738;N3749D;DAL;DAL;LAX;KLAX;MSY;KMSY;2026-01-20T18:42:08Z
3dfc2d74;AA249;AAL249;3.108.633;-9.740.742;212;38000;361;0;6277;2026-01-20T16:59:59Z;ADSB;A3CDE4;B38M;N344TS;AAL;AAL;ORD;KORD;MEX;MMMX;2026-01-20T18:44:16Z
3dfc3057;AA2097;AAL2097;315.579;-9.339.252;291;38000;373;0;6073;2026-01-20T16:59:59Z;ADSB;A99D89;B77W;N719AN;AAL;AAL;MIA;KMIA;DFW;KDFW;2026-01-20T17:40:16Z
3dfb3347;UA838;UAL838;3.774.724;-12.251.176;140;10900;303;-448;6266;2026-01-20T16:59:59Z;ADSB;AA92FF;B772;N78008;UAL;UAL;NRT;RJAA;SFO;KSFO;2026-01-20T17:12:19Z
3dfbf396;UA1116;UAL1116;3.925.209;-12.195.433;208;38000;429;0;3332;2026-01-20T17:00:00Z;ADSB;A28947;B738;N26232;UAL;UAL;MSP;KMSP;SFO;KSFO;2026-01-20T17:23:12Z
3dfb37ee;DL188;DAL188;559.048;-13.711.829;94;39000;545;-64;3407;2026-01-20T16:59:58Z;ADSB;A69822;A359;N524DN;DAL;DAL;ICN;RKSI;ATL;KATL;2026-01-20T21:54:08Z
3dfb76b5;AF84;AFR84T;6.108.678;-10.324.931;225;34000;487;0;0;2026-01-20T16:59:59Z;ADSB;3965A0;B77W;F-GZNA;AFR;AFR;CDG;LFPG;SFO;KSFO;2026-01-20T20:37:20Z
3dfc35bc;AA1766;AAL1766;3.746.589;-8.202.572;77;39000;572;0;3065;2026-01-20T16:59:58Z;ADSB;AD1986;B738;N943NN;AAL;AAL;DFW;KDFW;JFK;KJFK;2026-01-20T18:14:24Z
3dfc4469;AA2581;AAL2581;417.933;-8.832.133;357;22875;371;-1472;3044;2026-01-20T16:59:58Z;ADSB;AD3FD9;B738;N953AN;AAL;AAL;DFW;KDFW;MKE;KMKE;2026-01-20T17:23:43Z
3dfb79f6;BA195;BAW26E;4.693.309;-8.345.084;229;39975;452;-64;767;2026-01-20T16:59:59Z;ADSB;40749B;B789;G-ZBKR;BAW;BAW;LHR;EGLL;IAH;KIAH;2026-01-20T19:54:40Z
3dfc1f4a;UA1666;UAL1666;3.985.371;-10.468.272;92;0;1;0;4054;2026-01-20T17:04:59Z;ADSB;A3C775;B738;N34222;UAL;UAL;CVG;KCVG;DEN;KDEN;2026-01-20T16:57:28Z
3dfc46ab;DL853;DAL853;5.263.536;-12.887.614;136;39000;501;0;7270;2026-01-20T17:04:59Z;ADSB;A44502;B738;N3740C;DAL;DAL;ANC;PANC;SEA;KSEA;2026-01-20T18:05:52Z
3dfb8063;BA53;BAW5EA;5.968.109;-11.228.293;204;40000;540;0;2163;2026-01-20T17:04:58Z;ADSB;400774;B772;G-VIIW;BAW;BAW;LHR;EGLL;SEA;KSEA;2026-01-20T19:01:20Z
3dfb5cc2;KL689;KLM689;3.985.072;-8.850.787;199;39975;453;64;747;2026-01-20T17:04:59Z;ADSB;485785;B789;PH-BHN;KLM;KLM;AMS;EHAM;CUN;MMUN;2026-01-20T19:52:32Z
3dfb5a0f;KL661;KLM661;4.138.142;-8.856.616;209;36000;455;64;750;2026-01-20T17:04:58Z;ADSB;4851B0;B789;PH-BHE;KLM;KLM;AMS;EHAM;IAH;KIAH;2026-01-20T19:01:20Z
3dfb6bff;AF636;AFR636P;4.788.782;-8.754.392;218;38000;473;0;7111;2026-01-20T17:04:59Z;ADSB;39D2A6;A359;F-HUVG;AFR;AFR;CDG;LFPG;IAH;KIAH;2026-01-20T19:48:16Z
3dfc25be;AA2896;AAL2896;28.127;-7.932.684;196;30000;430;0;3250;2026-01-20T17:04:59Z;ADSB;A35388;B38M;N313SB;AAL;AAL;LGA;KLGA;FLL;KFLL;2026-01-20T17:33:52Z
3dfc18c5;AA3052;AAL3052;2.982.802;-7.898.513;194;32025;414;0;2313;2026-01-20T17:04:59Z;ADSB;AB4EA8;A319;N828AW;AAL;AAL;DCA;KDCA;FLL;KFLL;2026-01-20T17:46:40Z
3dfb5ea7;UA905;UAL905;4.074.532;-7.413.074;206;775;136;-640;711;2026-01-20T17:04:59Z;ADSB;A9178D;B763;N685UA;UAL;UAL;LHR;EGLL;EWR;KEWR;2026-01-20T17:06:10Z
3dfc13ad;UA654;UAL654;2.998.411;-9.533.804;270;0;0;0;1021;2026-01-20T17:04:05Z;ADSB;A0A8DF;B752;N14107;UAL;UAL;LAX;KLAX;IAH;KIAH;2026-01-20T16:55:18Z
3dfc099d;AA2523;AAL2523;2.779.932;-8.251.694;278;2175;215;-128;1573;2026-01-20T17:04:57Z;ADSB;A3B88E;B738;N339PL;AAL;AAL;PHL;KPHL;TPA;KTPA;2026-01-20T17:07:18Z
3dfc5bb8;AA882;AAL882;3.950.734;-11.977.259;213;0;0;0;1523;2026-01-20T17:04:55Z;ADSB;AB5FDD;A319;N832AW;AAL;AAL;PHX;KPHX;RNO;KRNO;2026-01-20T16:55:18Z
3dfc50ea;UA357;UAL357;3.987.816;-10.468.491;180;0;27;0;6217;2026-01-20T17:04:58Z;ADSB;A43EA3;B738;N37274;UAL;UAL;DFW;KDFW;DEN;KDEN;2026-01-20T17:02:13Z
3dfb1d91;DL166;DAL166;4.743.838;-12.229.842;75;0;3;0;7243;2026-01-20T17:04:59Z;ADSB;A65BB7;A359;N509DN;DAL;DAL;HND;RJTT;SEA;KSEA;2026-01-20T16:32:12Z
3dfb554c;KL601;KLM601;4.572.546;-11.015.998;195;38000;518;64;3351;2026-01-20T17:04:57Z;ADSB;485F84;B78X;PH-BKQ;KLM;KLM;AMS;EHAM;LAX;KLAX;2026-01-20T18:59:12Z
3dfb459f;DL57;DAL57;4.862.155;-1.045.702;192;40000;496;0;1742;2026-01-20T17:04:59Z;ADSB;AB00D6;A333;N808NW;DAL;DAL;AMS;EHAM;SLC;KSLC;2026-01-20T18:27:12Z
3dfb6bb5;AF158;AFR158K;4.938.181;-851.689;219;38000;467;0;2403;2026-01-20T17:04:59Z;ADSB;3949F4;B772;F-GSPU;AFR;AFR;CDG;LFPG;DFW;KDFW;2026-01-20T19:39:44Z
3dfc6318;AA2111;AAL2111;352.207;-8.094.691;171;0;0;0;4173;2026-01-20T17:04:58Z;ADSB;AB7270;A319;N837AW;AAL;AAL;LGA;KLGA;CLT;KCLT;2026-01-20T16:55:18Z
3dfbc8a3;UA4200;UAL4200;3.637.175;-78.013;2;41000;518;0;5746;2026-01-20T17:04:58Z;ADSB;A8EC57;B763;N674UA;UAL;UAL;MDE;SKRG;EWR;KEWR;2026-01-20T17:54:20Z
3dfb55ab;DL33;DAL33;3.965.664;-797.868;214;40000;388;0;706;2026-01-20T17:04:58Z;ADSB;A50E93;A339;N425DX;DAL;DAL;LHR;EGLL;ATL;KATL;2026-01-20T18:22:56Z
3dfc075e;AA2731;AAL2731;3.327.315;-9.692.183;269;4525;228;0;1120;2026-01-20T17:04:58Z;ADSB;AAE958;B788;N802AN;AAL;AAL;PHL;KPHL;DFW;KDFW;2026-01-20T17:08:15Z
3dfc6077;UA1119;UAL1119;3.018.885;-9.456.993;137;39000;516;0;3536;2026-01-20T17:04:59Z;ADSB;A1CDD8;B772;N215UA;UAL;UAL;DEN;KDEN;CUN;MMUN;2026-01-20T18:42:08Z
3dfbe9c7;AA3193;AAL3193;3.917.622;-10.081.366;285;37975;382;0;2031;2026-01-20T17:04:57Z;ADSB;AC7A33;A319;N9029F;AAL;AAL;MIA;KMIA;EGE;KEGE;2026-01-20T17:57:20Z
3dfb53b3;UA6;UAL6;5.167.516;-12.372.432;123;38975;536;0;5721;2026-01-20T17:04:58Z;ADSB;A31A76;B789;N29984;UAL;UAL;NRT;RJAA;IAH;KIAH;2026-01-20T20:39:28Z
3dfb71d2;LH454;DLH454;5.909.988;-11.266.035;200;36000;545;0;1710;2026-01-20T17:04:58Z;ADSB;3C4B2A;B748;D-ABYJ;DLH;DLH;FRA;EDDF;SFO;KSFO;2026-01-20T20:03:12Z
3dfb80ef;LH456;DLH456;6.172.939;-108.474;204;34000;534;0;1310;2026-01-20T17:04:58Z;ADSB;3C4B2D;B748;D-ABYM;DLH;DLH;FRA;EDDF;LAX;KLAX;2026-01-20T20:48:00Z
3dfc471c;AA1616;AAL1616;3.961.535;-9.347.571;272;19575;302;-2048;5751;2026-01-20T17:04:59Z;ADSB;AD8895;B738;N971NN;AAL;AAL;CLT;KCLT;MCI;KMCI;2026-01-20T17:24:24Z
3dfc29a2;UA3895;UAL3895;3.930.955;-9.228.967;239;40000;386;0;7155;2026-01-20T17:04:59Z;ADSB;A8E24D;B752;N67134;UAL;UAL;EWR;KEWR;AMA;KAMA;2026-01-20T18:25:04Z
3dfb5e2d;KL623;KLM623;4.237.811;-8.153.285;205;36000;459;0;754;2026-01-20T17:04:58Z;ADSB;485E2E;B78X;PH-BKH;KLM;KLM;AMS;EHAM;ATL;KATL;2026-01-20T18:29:20Z
3dfbfb71;DL1930;DAL1930;1.901.793;-6.544.654;167;9200;286;-1408;3060;2026-01-20T17:04:59Z;ADSB;A8DE10;B752;N6700;;;JFK;KJFK;STT;TIST;2026-01-20T17:14:23Z
3dfa9c2b;DL42;DAL42;3.393.612;-11.839.485;262;0;114;-128;1464;2026-01-20T17:04:59Z;ADSB;A6A347;A359;N527DN;DAL;DAL;SYD;YSSY;LAX;KLAX;2026-01-20T17:04:54Z
3dfb9bef;UA2115;UAL2115;3.755.504;-12.158.886;261;10250;300;-448;7172;2026-01-20T17:04:58Z;ADSB;A16E7D;B752;N19117;UAL;UAL;EWR;KEWR;SFO;KSFO;2026-01-20T17:16:04Z
3dfc21cf;DL830;DAL830;3.526.364;-10.293.457;282;40000;407;64;2001;2026-01-20T17:04:59Z;ADSB;ABD018;A332;N860NW;DAL;DAL;ATL;KATL;SLC;KSLC;2026-01-20T18:27:12Z
3dfc08be;DL713;DAL713;3.865.437;-9.969.458;258;40000;407;0;7106;2026-01-20T17:04:59Z;ADSB;ABCA08;A332;N859NW;DAL;DAL;JFK;KJFK;LAX;KLAX;2026-01-20T19:31:12Z
3dfb5b3f;KL605;KLM373;495.493;-11.824.252;199;37975;532;0;1307;2026-01-20T17:04:57Z;ADSB;486071;B78X;PH-BKL;KLM;KLM;AMS;EHAM;SFO;KSFO;2026-01-20T18:50:40Z
3dfb6660;AF338;AFR338;5.581.367;-11.542.477;202;40000;537;0;3322;2026-01-20T17:04:58Z;ADSB;39D2B3;A359;F-HUVT;AFR;AFR;CDG;LFPG;SEA;KSEA;2026-01-20T18:27:12Z
3dfb2fe8;DL120;DAL120;528.231;-11.276.799;114;41000;540;-64;7425;2026-01-20T17:04:59Z;ADSB;A68946;A359;N520DN;DAL;DAL;HND;RJTT;MSP;KMSP;2026-01-20T18:59:12Z
3dfbef7c;UA297;UAL297;4.600.328;-10.550.861;269;38000;406;0;3054;2026-01-20T17:04:59Z;ADSB;A2B10C;B38M;N27252;UAL;UAL;EWR;KEWR;BZN;KBZN;2026-01-20T17:46:40Z
3dfb1035;DL274;DAL274;4.834.081;-10.152.501;116;41000;550;0;1337;2026-01-20T17:04:57Z;ADSB;A65800;A359;N508DN;DAL;DAL;HND;RJTT;DTW;KDTW;2026-01-20T18:46:24Z
3dfbfe28;UA3929;UAL3929;3.988.684;-8.412.939;89;41000;567;0;3220;2026-01-20T17:04:58Z;ADSB;A2E045;B739;N28478;UAL;UAL;SFO;KSFO;IAD;KIAD;2026-01-20T17:48:48Z
3df77bd0;DL274;DAL274;4.221.032;-8.335.699;118;0;0;0;6527;2026-01-20T17:04:58Z;ADSB;A661C7;A359;N510DN;DAL;DAL;HND;RJTT;DTW;KDTW;2026-01-19T18:59:44Z
3dfc2a84;AA1172;AAL1172;2.969.376;-7.545.901;141;39000;475;0;0;2026-01-20T17:04:46Z;ADSB;AAEF89;A319;N8031M;AAL;AAL;ORD;KORD;STT;TIST;2026-01-20T19:14:08Z
3dfc1af7;AA1688;AAL1688;3.521.384;-8.094.365;272;0;12;0;3461;2026-01-20T17:04:58Z;ADSB;ADECA5;A321;N997AA;AAL;AAL;BOS;KBOS;CLT;KCLT;2026-01-20T17:02:12Z
3dfb6eb6;BA175;BAW7NY;4.095.859;-7.268.451;251;13000;260;-1152;763;2026-01-20T17:04:59Z;ADSB;4005C1;B772;G-RAES;BAW;BAW;LHR;EGLL;JFK;KJFK;2026-01-20T17:18:10Z
3dfc5de4;AA142;AAL142;5.114.843;-5.710.739;50;39000;588;0;2610;2026-01-20T17:04:58Z;ADSB;AACAA5;B772;N795AN;AAL;AAL;JFK;KJFK;LHR;EGLL;2026-01-20T21:26:24Z
3dfc5ca0;DL1112;DAL1112;3.174.879;-10.460.956;100;39000;518;0;6736;2026-01-20T17:04:59Z;ADSB;A4463E;B738;N3749D;DAL;DAL;LAX;KLAX;MSY;KMSY;2026-01-20T18:40:00Z
3dfc2d74;AA249;AAL249;3.064.481;-9.769.733;207;38000;373;0;6277;2026-01-20T17:04:57Z;ADSB;A3CDE4;B38M;N344TS;AAL;AAL;ORD;KORD;MEX;MMMX;2026-01-20T18:44:16Z
3dfc3057;AA2097;AAL2097;3.171.236;-939.598;286;38000;366;0;6073;2026-01-20T17:04:57Z;ADSB;A99D89;B77W;N719AN;AAL;AAL;MIA;KMIA;DFW;KDFW;2026-01-20T17:40:16Z
3dfb3347;UA838;UAL838;3.745.248;-12.223.681;119;6600;250;-1216;6266;2026-01-20T17:04:58Z;ADSB;AA92FF;B772;N78008;UAL;UAL;NRT;RJAA;SFO;KSFO;2026-01-20T17:12:04Z
3dfbf396;UA1116;UAL1116;3.873.161;-12.231.168;208;32150;423;-2240;3332;2026-01-20T17:04:59Z;ADSB;A28947;B738;N26232;UAL;UAL;MSP;KMSP;SFO;KSFO;2026-01-20T17:21:04Z
3dfb37ee;DL188;DAL188;5.573.932;-1.358.154;103;39000;543;0;3407;2026-01-20T17:04:59Z;ADSB;A69822;A359;N524DN;DAL;DAL;ICN;RKSI;ATL;KATL;2026-01-20T21:54:08Z
3dfb76b5;AF84;AFR84T;6.061.148;-10.424.264;225;34000;492;0;3311;2026-01-20T17:04:59Z;ADSB;3965A0;B77W;F-GZNA;AFR;AFR;CDG;LFPG;SFO;KSFO;2026-01-20T20:37:20Z
3dfc4469;AA2581;AAL2581;4.227.381;-8.835.339;354;16600;328;-128;3044;2026-01-20T17:04:59Z;ADSB;AD3FD9;B738;N953AN;AAL;AAL;DFW;KDFW;MKE;KMKE;2026-01-20T17:20:51Z
3dfb79f6;BA195;BAW26E;4.652.046;-8.413.752;228;39975;458;0;767;2026-01-20T17:04:58Z;ADSB;40749B;B789;G-ZBKR;BAW;BAW;LHR;EGLL;IAH;KIAH;2026-01-20T19:54:40Z
3dfc35bc;AA1766;AAL1766;3.764.498;-8.103.987;77;39000;579;-64;3065;2026-01-20T17:04:58Z;ADSB;AD1986;B738;N943NN;AAL;AAL;DFW;KDFW;JFK;KJFK;2026-01-20T18:10:08Z
3dfc46ab;DL853;DAL853;521.325;-1.281.078;137;39000;496;64;7270;2026-01-20T17:09:58Z;ADSB;A44502;B738;N3740C;DAL;DAL;ANC;PANC;SEA;KSEA;2026-01-20T18:05:52Z
3dfc602a;DL2582;DAL2582;4.078.547;-111.981;354;0;0;0;2062;2026-01-20T17:09:55Z;ADSB;A0757F;BCS1;N129DU;DAL;DAL;BUR;KBUR;SLC;KSLC;2026-01-20T16:59:12Z
3dfb8063;BA53;BAW5EA;5.900.249;-11.288.983;204;40000;539;0;2163;2026-01-20T17:09:58Z;ADSB;400774;B772;G-VIIW;BAW;BAW;LHR;EGLL;SEA;KSEA;2026-01-20T19:01:20Z
3dfb5cc2;KL689;KLM689;392.589;-8.878.076;199;40000;453;64;747;2026-01-20T17:09:57Z;ADSB;485785;B789;PH-BHN;KLM;KLM;AMS;EHAM;CUN;MMUN;2026-01-20T19:52:32Z
3dfb5a0f;KL661;KLM661;4.083.031;-8.897.041;208;36000;451;0;750;2026-01-20T17:09:59Z;ADSB;4851B0;B789;PH-BHE;KLM;KLM;AMS;EHAM;IAH;KIAH;2026-01-20T18:59:12Z
3dfb6bff;AF636;AFR636P;4.736.238;-8.811.549;209;38000;477;0;7111;2026-01-20T17:09:59Z;ADSB;39D2A6;A359;F-HUVG;AFR;AFR;CDG;LFPG;IAH;KIAH;2026-01-20T19:46:08Z
3dfc25be;AA2896;AAL2896;2.755.165;-795.121;196;27175;419;-2880;3250;2026-01-20T17:09:59Z;ADSB;A35388;B38M;N313SB;AAL;AAL;LGA;KLGA;FLL;KFLL;2026-01-20T17:31:44Z
3dfc18c5;AA3052;AAL3052;2.924.767;-7.909.475;189;32025;425;0;2313;2026-01-20T17:09:59Z;ADSB;AB4EA8;A319;N828AW;AAL;AAL;DCA;KDCA;FLL;KFLL;2026-01-20T17:46:40Z
3dfc099d;AA2523;AAL2523;2.796.606;-8.254.229;2;0;142;-256;1573;2026-01-20T17:09:05Z;ADSB;A3B88E;B738;N339PL;AAL;AAL;PHL;KPHL;TPA;KTPA;2026-01-20T17:09:05Z
3dfc5bb8;AA882;AAL882;3.950.734;-11.977.259;213;0;0;0;1523;2026-01-20T17:09:55Z;ADSB;AB5FDD;A319;N832AW;AAL;AAL;PHX;KPHX;RNO;KRNO;2026-01-20T16:55:18Z
3dfc50ea;UA357;UAL357;3.985.309;-10.468.301;90;0;0;0;6217;2026-01-20T17:09:59Z;ADSB;A43EA3;B738;N37274;UAL;UAL;DFW;KDFW;DEN;KDEN;2026-01-20T17:02:13Z
3dfb1d91;DL166;DAL166;474.384;-12.229.831;75;0;0;0;7243;2026-01-20T17:09:05Z;ADSB;A65BB7;A359;N509DN;DAL;DAL;HND;RJTT;SEA;KSEA;2026-01-20T16:32:12Z
3dfb554c;KL601;KLM601;4.501.746;-11.044.395;195;37975;529;-64;3351;2026-01-20T17:09:58Z;ADSB;485F84;B78X;PH-BKQ;KLM;KLM;AMS;EHAM;LAX;KLAX;2026-01-20T18:57:04Z
3dfb459f;DL57;DAL57;4.795.243;-10.479.619;192;40000;498;64;1742;2026-01-20T17:09:58Z;ADSB;AB00D6;A333;N808NW;DAL;DAL;AMS;EHAM;SLC;KSLC;2026-01-20T18:40:00Z
3dfb6bb5;AF158;AFR158K;4.888.171;-8.579.274;219;38000;468;0;2403;2026-01-20T17:09:58Z;ADSB;3949F4;B772;F-GSPU;AFR;AFR;CDG;LFPG;DFW;KDFW;2026-01-20T19:39:44Z
3dfbc8a3;UA4200;UAL4200;3.710.202;-7.782.709;11;41000;536;-64;5746;2026-01-20T17:09:58Z;ADSB;A8EC57;B763;N674UA;UAL;UAL;MDE;SKRG;EWR;KEWR;2026-01-20T17:51:53Z
3dfb55ab;DL33;DAL33;3.921.794;-8.017.876;214;40000;381;0;706;2026-01-20T17:09:59Z;ADSB;A50E93;A339;N425DX;DAL;DAL;LHR;EGLL;ATL;KATL;2026-01-20T18:27:12Z
3dfc075e;AA2731;AAL2731;3.308.179;-9.700.877;180;3775;169;-960;1120;2026-01-20T17:09:59Z;ADSB;AAE958;B788;N802AN;AAL;AAL;PHL;KPHL;DFW;KDFW;2026-01-20T17:13:23Z
3dfc6077;UA1119;UAL1119;2.965.973;-9.402.902;152;39000;481;0;3536;2026-01-20T17:09:59Z;ADSB;A1CDD8;B772;N215UA;UAL;UAL;DEN;KDEN;CUN;MMUN;2026-01-20T18:42:08Z
3dfbe9c7;AA3193;AAL3193;393.102;-10.147.382;284;37975;383;0;2031;2026-01-20T17:09:58Z;ADSB;AC7A33;A319;N9029F;AAL;AAL;MIA;KMIA;EGE;KEGE;2026-01-20T17:57:20Z
3dfb53b3;UA6;UAL6;5.125.341;-12.273.521;124;39000;539;-64;5721;2026-01-20T17:09:59Z;ADSB;A31A76;B789;N29984;UAL;UAL;NRT;RJAA;IAH;KIAH;2026-01-20T20:37:20Z
3dfb71d2;LH454;DLH454;5.838.298;-11.317.154;200;36000;558;0;1710;2026-01-20T17:09:58Z;ADSB;3C4B2A;B748;D-ABYJ;DLH;DLH;FRA;EDDF;SFO;KSFO;2026-01-20T20:01:04Z
3dfb80ef;LH456;DLH456;6.105.056;-10.909.464;203;34000;539;0;1310;2026-01-20T17:09:58Z;ADSB;3C4B2D;B748;D-ABYM;DLH;DLH;FRA;EDDF;LAX;KLAX;2026-01-20T20:45:52Z
3dfc471c;AA1616;AAL1616;3.959.207;-9.398.102;244;10475;250;-896;5751;2026-01-20T17:09:59Z;ADSB;AD8895;B738;N971NN;AAL;AAL;CLT;KCLT;MCI;KMCI;2026-01-20T17:19:35Z
3dfc29a2;UA3895;UAL3895;3.903.712;-92.882;239;40000;387;0;7155;2026-01-20T17:09:59Z;ADSB;A8E24D;B752;N67134;UAL;UAL;EWR;KEWR;AMA;KAMA;2026-01-20T18:27:12Z
3dfb5e2d;KL623;KLM623;4.180.037;-818.919;204;35975;449;64;754;2026-01-20T17:09:59Z;ADSB;485E2E;B78X;PH-BKH;KLM;KLM;AMS;EHAM;ATL;KATL;2026-01-20T18:33:36Z
3dfbfb71;DL1930;DAL1930;1.865.543;-6.531.019;159;5700;268;-640;3060;2026-01-20T17:09:59Z;ADSB;A8DE10;B752;N6700;;;JFK;KJFK;STT;TIST;2026-01-20T17:15:52Z
3dfa9c2b;DL42;DAL42;3.393.478;-11.841.877;261;0;7;0;1464;2026-01-20T17:09:58Z;ADSB;A6A347;A359;N527DN;DAL;DAL;SYD;YSSY;LAX;KLAX;2026-01-20T17:05:27Z
3dfb9bef;UA2115;UAL2115;3.751.319;-12.204.485;291;5150;227;-1792;7172;2026-01-20T17:09:58Z;ADSB;A16E7D;B752;N19117;UAL;UAL;EWR;KEWR;SFO;KSFO;2026-01-20T17:15:43Z
3dfc21cf;DL830;DAL830;3.538.943;-10.361.092;282;40000;412;64;2001;2026-01-20T17:09:58Z;ADSB;ABD018;A332;N860NW;DAL;DAL;ATL;KATL;SLC;KSLC;2026-01-20T18:29:20Z
3dfc08be;DL713;DAL713;3.853.655;-10.040.112;257;40000;408;0;7106;2026-01-20T17:09:59Z;ADSB;ABCA08;A332;N859NW;DAL;DAL;JFK;KJFK;LAX;KLAX;2026-01-20T19:31:12Z
3dfb5b3f;KL605;KLM373;4.884.732;-11.861.086;198;38450;535;704;1307;2026-01-20T17:09:59Z;ADSB;486071;B78X;PH-BKL;KLM;KLM;AMS;EHAM;SFO;KSFO;2026-01-20T18:48:32Z
3dfb6660;AF338;AFR338;5.512.431;-11.591.376;201;40000;540;0;3322;2026-01-20T17:09:59Z;ADSB;39D2B3;A359;F-HUVT;AFR;AFR;CDG;LFPG;SEA;KSEA;2026-01-20T18:27:12Z
3dfb2fe8;DL120;DAL120;5.250.166;-1.116.488;115;41025;548;0;7425;2026-01-20T17:09:58Z;ADSB;A68946;A359;N520DN;DAL;DAL;HND;RJTT;MSP;KMSP;2026-01-20T18:57:04Z
3dfbef7c;UA297;UAL297;4.598.021;-10.631.577;264;38000;407;0;3054;2026-01-20T17:09:59Z;ADSB;A2B10C;B38M;N27252;UAL;UAL;EWR;KEWR;BZN;KBZN;2026-01-20T17:48:48Z
3dfb1035;DL274;DAL274;480.721;-10.046.029;109;41000;549;0;1337;2026-01-20T17:09:59Z;ADSB;A65800;A359;N508DN;DAL;DAL;HND;RJTT;DTW;KDTW;2026-01-20T18:46:24Z
3dfbfe28;UA3929;UAL3929;3.988.493;-8.311.029;90;41000;564;0;3220;2026-01-20T17:09:59Z;ADSB;A2E045;B739;N28478;UAL;UAL;SFO;KSFO;IAD;KIAD;2026-01-20T17:48:48Z
3df77bd0;DL274;DAL274;4.221.032;-8.335.699;118;0;0;0;6527;2026-01-20T17:09:57Z;ADSB;A661C7;A359;N510DN;DAL;DAL;HND;RJTT;DTW;KDTW;2026-01-19T18:59:44Z
3dfc2a84;AA1172;AAL1172;2.915.464;-7.496.558;141;39000;380;0;1377;2026-01-20T17:09:54Z;ADSB;AAEF89;A319;N8031M;AAL;AAL;ORD;KORD;STT;TIST;2026-01-20T19:12:00Z
3dfc1af7;AA1688;AAL1688;3.521.918;-8.094.559;104;0;0;0;3461;2026-01-20T17:09:43Z;ADSB;ADECA5;A321;N997AA;AAL;AAL;BOS;KBOS;CLT;KCLT;2026-01-20T17:02:12Z
3dfb6eb6;BA175;BAW7NY;4.074.664;-7.299.225;242;8250;227;-1088;763;2026-01-20T17:09:58Z;ADSB;4005C1;B772;G-RAES;BAW;BAW;LHR;EGLL;JFK;KJFK;2026-01-20T17:18:24Z
3dfc5de4;AA142;AAL142;5.165.552;-5.609.144;51;39000;583;0;2610;2026-01-20T17:09:58Z;ADSB;AACAA5;B772;N795AN;AAL;AAL;JFK;KJFK;LHR;EGLL;2026-01-20T21:26:24Z
3dfc5ca0;DL1112;DAL1112;3.161.428;-10.378.889;101;39000;511;0;6736;2026-01-20T17:09:59Z;ADSB;A4463E;B738;N3749D;DAL;DAL;LAX;KLAX;MSY;KMSY;2026-01-20T18:42:08Z
3dfc2d74;AA249;AAL249;3.017.814;-9.797.755;207;38000;381;0;6277;2026-01-20T17:09:59Z;ADSB;A3CDE4;B38M;N344TS;AAL;AAL;ORD;KORD;MEX;MMMX;2026-01-20T18:52:48Z
3dfc3057;AA2097;AAL2097;3.185.417;-945.345;286;38000;366;0;6073;2026-01-20T17:09:59Z;ADSB;A99D89;B77W;N719AN;AAL;AAL;MIA;KMIA;DFW;KDFW;2026-01-20T17:40:16Z
3dfb3347;UA838;UAL838;3.755.379;-1.222.205;298;2150;174;-896;6266;2026-01-20T17:09:58Z;ADSB;AA92FF;B772;N78008;UAL;UAL;NRT;RJAA;SFO;KSFO;2026-01-20T17:13:11Z
3dfbf396;UA1116;UAL1116;382.901;-12.270.033;218;21175;356;-1792;3332;2026-01-20T17:09:59Z;ADSB;A28947;B738;N26232;UAL;UAL;MSP;KMSP;SFO;KSFO;2026-01-20T17:31:42Z
3dfb37ee;DL188;DAL188;5.555.102;-13.452.837;105;39000;541;0;3407;2026-01-20T17:09:59Z;ADSB;A69822;A359;N524DN;DAL;DAL;ICN;RKSI;ATL;KATL;2026-01-20T21:56:16Z
3dfb76b5;AF84;AFR84T;6.013.028;-1.052.047;224;34000;488;0;3311;2026-01-20T17:09:58Z;ADSB;3965A0;B77W;F-GZNA;AFR;AFR;CDG;LFPG;SFO;KSFO;2026-01-20T20:35:12Z
3dfc4469;AA2581;AAL2581;4.267.552;-8.841.822;352;9775;279;-1152;3044;2026-01-20T17:09:59Z;ADSB;AD3FD9;B738;N953AN;AAL;AAL;DFW;KDFW;MKE;KMKE;2026-01-20T17:19:42Z
3dfb79f6;BA195;BAW26E;460.778;-8.479.134;224;39975;456;0;767;2026-01-20T17:09:59Z;ADSB;40749B;B789;G-ZBKR;BAW;BAW;LHR;EGLL;IAH;KIAH;2026-01-20T19:44:00Z
3dfc35bc;AA1766;AAL1766;3.781.462;-8.005.229;78;39000;576;0;517;2026-01-20T17:09:58Z;ADSB;AD1986;B738;N943NN;AAL;AAL;DFW;KDFW;JFK;KJFK;2026-01-20T18:10:08Z
3dfc1f4a;UA1666;UAL1666;3.985.342;-10.468.036;2;0;0;0;4054;2026-01-20T17:14:44Z;ADSB;A3C775;B738;N34222;UAL;UAL;CVG;KCVG;DEN;KDEN;2026-01-20T16:57:28Z
3dfc46ab;DL853;DAL853;516.215;-12.735.374;137;39000;501;0;7270;2026-01-20T17:14:58Z;ADSB;A44502;B738;N3740C;DAL;DAL;ANC;PANC;SEA;KSEA;2026-01-20T18:05:52Z
3dfc602a;DL2582;DAL2582;4.078.546;-111.981;354;0;1;0;2062;2026-01-20T17:14:56Z;ADSB;A0757F;BCS1;N129DU;DAL;DAL;BUR;KBUR;SLC;KSLC;2026-01-20T16:59:12Z
3dfb8063;BA53;BAW5EA;5.832.921;-11.346.671;203;40000;536;0;2163;2026-01-20T17:14:58Z;ADSB;400774;B772;G-VIIW;BAW;BAW;LHR;EGLL;SEA;KSEA;2026-01-20T19:01:20Z
3dfb5cc2;KL689;KLM689;3.866.565;-8.904.926;199;40000;450;128;747;2026-01-20T17:14:58Z;ADSB;485785;B789;PH-BHN;KLM;KLM;AMS;EHAM;CUN;MMUN;2026-01-20T19:52:32Z
3dfb5a0f;KL661;KLM661;4.028.224;-8.936.487;208;35975;453;0;750;2026-01-20T17:14:58Z;ADSB;4851B0;B789;PH-BHE;KLM;KLM;AMS;EHAM;IAH;KIAH;2026-01-20T19:01:20Z
3dfb6bff;AF636;AFR636P;4.677.887;-8.859.911;209;38000;487;0;7111;2026-01-20T17:14:59Z;ADSB;39D2A6;A359;F-HUVG;AFR;AFR;CDG;LFPG;IAH;KIAH;2026-01-20T19:44:00Z
3dfc25be;AA2896;AAL2896;2.704.729;-7.967.249;195;18925;347;-1344;3250;2026-01-20T17:14:59Z;ADSB;A35388;B38M;N313SB;AAL;AAL;LGA;KLGA;FLL;KFLL;2026-01-20T17:34:35Z
3dfc18c5;AA3052;AAL3052;2.866.621;-7.920.049;189;32025;424;0;2313;2026-01-20T17:14:59Z;ADSB;AB4EA8;A319;N828AW;AAL;AAL;DCA;KDCA;FLL;KFLL;2026-01-20T17:46:40Z
3dfc5bb8;AA882;AAL882;3.950.735;-11.977.259;213;0;0;0;1523;2026-01-20T17:14:57Z;ADSB;AB5FDD;A319;N832AW;AAL;AAL;PHX;KPHX;RNO;KRNO;2026-01-20T16:55:18Z
3dfc50ea;UA357;UAL357;3.985.283;-10.467.911;90;0;8;0;6217;2026-01-20T17:14:58Z;ADSB;A43EA3;B738;N37274;UAL;UAL;DFW;KDFW;DEN;KDEN;2026-01-20T17:02:13Z
3dfb1d91;DL166;DAL166;4.743.841;-12.229.831;75;0;0;0;7243;2026-01-20T17:14:39Z;ADSB;A65BB7;A359;N509DN;DAL;DAL;HND;RJTT;SEA;KSEA;2026-01-20T16:32:12Z
3dfb554c;KL601;KLM601;4.433.253;-11.071.224;195;38000;514;-64;3351;2026-01-20T17:14:58Z;ADSB;485F84;B78X;PH-BKQ;KLM;KLM;AMS;EHAM;LAX;KLAX;2026-01-20T19:01:20Z
3dfb459f;DL57;DAL57;4.727.515;-10.501.888;192;40000;496;0;1742;2026-01-20T17:14:59Z;ADSB;AB00D6;A333;N808NW;DAL;DAL;AMS;EHAM;SLC;KSLC;2026-01-20T18:37:52Z
3dfb6bb5;AF158;AFR158K;4.837.699;-8.640.581;218;38000;464;-64;2403;2026-01-20T17:14:59Z;ADSB;3949F4;B772;F-GSPU;AFR;AFR;CDG;LFPG;DFW;KDFW;2026-01-20T19:39:44Z
3dfb55ab;DL33;DAL33;3.877.762;-8.056.621;214;40000;386;0;706;2026-01-20T17:14:58Z;ADSB;A50E93;A339;N425DX;DAL;DAL;LHR;EGLL;ATL;KATL;2026-01-20T18:25:04Z
3dfbc8a3;UA4200;UAL4200;3.781.671;-7.747.738;32;41000;588;-64;5746;2026-01-20T17:14:59Z;ADSB;A8EC57;B763;N674UA;UAL;UAL;MDE;SKRG;EWR;KEWR;2026-01-20T17:48:43Z
3dfc075e;AA2731;AAL2731;3.288.172;-9.700.996;185;0;40;64;1120;2026-01-20T17:14:58Z;ADSB;AAE958;B788;N802AN;AAL;AAL;PHL;KPHL;DFW;KDFW;2026-01-20T17:14:12Z
3dfc6077;UA1119;UAL1119;2.905.386;-9.376.977;159;39000;465;0;3536;2026-01-20T17:14:58Z;ADSB;A1CDD8;B772;N215UA;UAL;UAL;DEN;KDEN;CUN;MMUN;2026-01-20T18:46:24Z
3dfbe9c7;AA3193;AAL3193;3.944.197;-10.214.437;284;38000;389;-64;2031;2026-01-20T17:14:58Z;ADSB;AC7A33;A319;N9029F;AAL;AAL;MIA;KMIA;EGE;KEGE;2026-01-20T17:59:28Z
3dfb53b3;UA6;UAL6;508.255;-1.217.689;125;39000;539;-64;5721;2026-01-20T17:14:58Z;ADSB;A31A76;B789;N29984;UAL;UAL;NRT;RJAA;IAH;KIAH;2026-01-20T20:37:20Z
3dfb71d2;LH454;DLH454;5.765.048;-11.367.168;199;36000;571;0;1710;2026-01-20T17:14:57Z;ADSB;3C4B2A;B748;D-ABYJ;DLH;DLH;FRA;EDDF;SFO;KSFO;2026-01-20T19:56:48Z
3dfb80ef;LH456;DLH456;6.037.038;-10.968.819;202;34000;534;0;1310;2026-01-20T17:14:58Z;ADSB;3C4B2D;B748;D-ABYM;DLH;DLH;FRA;EDDF;LAX;KLAX;2026-01-20T20:48:00Z
3dfc471c;AA1616;AAL1616;3.950.563;-9.438.782;253;5650;230;-1600;5751;2026-01-20T17:14:59Z;ADSB;AD8895;B738;N971NN;AAL;AAL;CLT;KCLT;MCI;KMCI;2026-01-20T17:20:42Z
3dfc29a2;UA3895;UAL3895;3.876.279;-9.346.732;238;40000;381;0;7155;2026-01-20T17:14:58Z;ADSB;A8E24D;B752;N67134;UAL;UAL;EWR;KEWR;AMA;KAMA;2026-01-20T18:27:12Z
3dfb5e2d;KL623;KLM623;4.122.415;-8.221.013;195;36000;465;-64;754;2026-01-20T17:14:58Z;ADSB;485E2E;B78X;PH-BKH;KLM;KLM;AMS;EHAM;ATL;KATL;2026-01-20T18:31:28Z
3dfbfb71;DL1930;DAL1930;1.834.099;-6.518.473;154;2725;185;-128;3060;2026-01-20T17:14:59Z;ADSB;A8DE10;B752;N6700;;;JFK;KJFK;STT;TIST;2026-01-20T17:16:54Z
3dfa9c2b;DL42;DAL42;3.394.631;-11.841.805;14;0;9;0;1464;2026-01-20T17:14:58Z;ADSB;A6A347;A359;N527DN;DAL;DAL;SYD;YSSY;LAX;KLAX;2026-01-20T17:05:27Z
3dfb9bef;UA2115;UAL2115;3.760.616;-12.233.925;292;200;135;-768;7172;2026-01-20T17:14:57Z;ADSB;A16E7D;B752;N19117;UAL;UAL;EWR;KEWR;SFO;KSFO;2026-01-20T17:15:25Z
3dfc21cf;DL830;DAL830;3.551.212;-10.429.305;282;40000;411;0;2001;2026-01-20T17:14:57Z;ADSB;ABD018;A332;N860NW;DAL;DAL;ATL;KATL;SLC;KSLC;2026-01-20T18:29:20Z
3dfc08be;DL713;DAL713;3.841.472;-10.110.419;257;40000;410;0;7106;2026-01-20T17:14:57Z;ADSB;ABCA08;A332;N859NW;DAL;DAL;JFK;KJFK;LAX;KLAX;2026-01-20T19:31:12Z
3dfb5b3f;KL605;KLM373;4.815.308;-11.896.456;198;38975;528;64;1307;2026-01-20T17:14:58Z;ADSB;486071;B78X;PH-BKL;KLM;KLM;AMS;EHAM;SFO;KSFO;2026-01-20T18:50:40Z
3dfb6660;AF338;AFR338;5.446.868;-11.650.743;208;40000;532;0;3322;2026-01-20T17:14:59Z;ADSB;39D2B3;A359;F-HUVT;AFR;AFR;CDG;LFPG;SEA;KSEA;2026-01-20T18:27:12Z
3dfb2fe8;DL120;DAL120;5.216.757;-11.053.879;116;41000;543;0;7425;2026-01-20T17:14:57Z;ADSB;A68946;A359;N520DN;DAL;DAL;HND;RJTT;MSP;KMSP;2026-01-20T18:57:04Z
3dfbef7c;UA297;UAL297;4.592.633;-10.711.349;264;38000;401;0;3054;2026-01-20T17:14:59Z;ADSB;A2B10C;B38M;N27252;UAL;UAL;EWR;KEWR;BZN;KBZN;2026-01-20T17:50:56Z
3dfb1035;DL274;DAL274;4.781.748;-9.938.902;109;41000;552;0;1337;2026-01-20T17:14:59Z;ADSB;A65800;A359;N508DN;DAL;DAL;HND;RJTT;DTW;KDTW;2026-01-20T18:46:24Z
3dfbfe28;UA3929;UAL3929;3.987.427;-8.209.869;91;41000;560;-64;3220;2026-01-20T17:14:58Z;ADSB;A2E045;B739;N28478;UAL;UAL;SFO;KSFO;IAD;KIAD;2026-01-20T17:48:48Z
3df77bd0;DL274;DAL274;4.221.032;-8.335.699;118;0;0;0;6527;2026-01-20T17:14:56Z;ADSB;A661C7;A359;N510DN;DAL;DAL;HND;RJTT;DTW;KDTW;2026-01-19T18:59:44Z
3dfc2a84;AA1172;AAL1172;2.867.187;-7.451.349;137;38975;471;0;1377;2026-01-20T17:14:59Z;ADSB;AAEF89;A319;N8031M;AAL;AAL;ORD;KORD;STT;TIST;2026-01-20T19:14:08Z
3dfb6eb6;BA175;BAW7NY;4.057.819;-733.454;251;3625;224;-64;763;2026-01-20T17:14:59Z;ADSB;4005C1;B772;G-RAES;BAW;BAW;LHR;EGLL;JFK;KJFK;2026-01-20T17:18:37Z
3dfc5de4;AA142;AAL142;5.214.824;-5.504.763;56;39000;584;0;2610;2026-01-20T17:14:59Z;ADSB;AACAA5;B772;N795AN;AAL;AAL;JFK;KJFK;LHR;EGLL;2026-01-20T21:26:24Z
3dfc5ca0;DL1112;DAL1112;3.147.528;-10.297.512;101;39000;516;0;6736;2026-01-20T17:14:58Z;ADSB;A4463E;B738;N3749D;DAL;DAL;LAX;KLAX;MSY;KMSY;2026-01-20T18:40:00Z
3dfc2d74;AA249;AAL249;2.970.699;-9.825.746;207;38000;377;64;6277;2026-01-20T17:14:59Z;ADSB;A3CDE4;B38M;N344TS;AAL;AAL;ORD;KORD;MEX;MMMX;2026-01-20T18:54:56Z
3dfc3057;AA2097;AAL2097;3.199.326;-9.511.072;285;38000;367;0;6073;2026-01-20T17:14:59Z;ADSB;A99D89;B77W;N719AN;AAL;AAL;MIA;KMIA;DFW;KDFW;2026-01-20T17:44:32Z
3dfb3347;UA838;UAL838;3.762.307;-12.239.119;253;0;8;0;6266;2026-01-20T17:14:58Z;ADSB;AA92FF;B772;N78008;UAL;UAL;NRT;RJAA;SFO;KSFO;2026-01-20T17:13:23Z
3dfbf396;UA1116;UAL1116;3.784.334;-12.261.375;140;11100;337;-1856;3332;2026-01-20T17:14:58Z;ADSB;A28947;B738;N26232;UAL;UAL;MSP;KMSP;SFO;KSFO;2026-01-20T17:28:08Z
3dfb37ee;DL188;DAL188;553.508;-13.326.358;106;39000;534;0;3407;2026-01-20T17:14:59Z;ADSB;A69822;A359;N524DN;DAL;DAL;ICN;RKSI;ATL;KATL;2026-01-20T21:58:24Z
3dfb76b5;AF84;AFR84T;5.963.928;-10.614.432;223;34000;495;0;3311;2026-01-20T17:14:58Z;ADSB;3965A0;B77W;F-GZNA;AFR;AFR;CDG;LFPG;SFO;KSFO;2026-01-20T20:35:12Z
3dfc4469;AA2581;AAL2581;4.284.193;-8.800.173;72;6775;281;-576;3044;2026-01-20T17:14:58Z;ADSB;AD3FD9;B738;N953AN;AAL;AAL;DFW;KDFW;MKE;KMKE;2026-01-20T17:20:52Z
3dfb79f6;BA195;BAW26E;4.562.734;-8.541.966;224;39975;454;64;767;2026-01-20T17:14:58Z;ADSB;40749B;B789;G-ZBKR;BAW;BAW;LHR;EGLL;IAH;KIAH;2026-01-20T19:54:40Z
3dfc35bc;AA1766;AAL1766;3.782.478;-7.907.001;105;39000;559;-64;517;2026-01-20T17:14:58Z;ADSB;AD1986;B738;N943NN;AAL;AAL;DFW;KDFW;JFK;KJFK;2026-01-20T18:10:08Z
3dfc46ab;DL853;DAL853;5.110.332;-12.661.232;138;39000;505;-64;7270;2026-01-20T17:19:58Z;ADSB;A44502;B738;N3740C;DAL;DAL;ANC;PANC;SEA;KSEA;2026-01-20T18:05:52Z
3dfb8063;BA53;BAW5EA;5.764.782;-11.402.604;203;40000;542;0;2163;2026-01-20T17:19:58Z;ADSB;400774;B772;G-VIIW;BAW;BAW;LHR;EGLL;SEA;KSEA;2026-01-20T19:01:20Z
3dfc602a;DL2582;DAL2582;4.078.547;-111.981;354;0;1;0;2062;2026-01-20T17:19:56Z;ADSB;A0757F;BCS1;N129DU;DAL;DAL;BUR;KBUR;SLC;KSLC;2026-01-20T16:59:12Z
3dfb5cc2;KL689;KLM689;3.804.373;-8.925.392;191;40000;466;64;747;2026-01-20T17:19:58Z;ADSB;485785;B789;PH-BHN;KLM;KLM;AMS;EHAM;CUN;MMUN;2026-01-20T19:48:16Z
3dfb5a0f;KL661;KLM661;3.973.722;-8.976.349;212;35975;441;64;750;2026-01-20T17:19:59Z;ADSB;4851B0;B789;PH-BHE;KLM;KLM;AMS;EHAM;IAH;KIAH;2026-01-20T18:59:12Z
3dfb6bff;AF636;AFR636P;4.619.778;-8.906.817;208;38000;478;0;7111;2026-01-20T17:19:57Z;ADSB;39D2A6;A359;F-HUVG;AFR;AFR;CDG;LFPG;IAH;KIAH;2026-01-20T19:46:08Z
3dfc25be;AA2896;AAL2896;2.660.009;-798.237;200;11400;310;-1408;3250;2026-01-20T17:19:59Z;ADSB;A35388;B38M;N313SB;AAL;AAL;LGA;KLGA;FLL;KFLL;2026-01-20T17:31:40Z
3dfc18c5;AA3052;AAL3052;2.809.051;-793.382;196;32050;425;0;2313;2026-01-20T17:19:58Z;ADSB;AB4EA8;A319;N828AW;AAL;AAL;DCA;KDCA;FLL;KFLL;2026-01-20T17:46:40Z
3dfc5bb8;AA882;AAL882;3.950.734;-11.977.259;213;0;0;0;1523;2026-01-20T17:19:58Z;ADSB;AB5FDD;A319;N832AW;AAL;AAL;PHX;KPHX;RNO;KRNO;2026-01-20T16:55:18Z
3dfb554c;KL601;KLM601;4.364.286;-11.097.585;195;38000;519;64;3351;2026-01-20T17:19:59Z;ADSB;485F84;B78X;PH-BKQ;KLM;KLM;AMS;EHAM;LAX;KLAX;2026-01-20T19:01:20Z
3dfb459f;DL57;DAL57;4.660.149;-10.523.469;192;40000;501;0;1742;2026-01-20T17:19:58Z;ADSB;AB00D6;A333;N808NW;DAL;DAL;AMS;EHAM;SLC;KSLC;2026-01-20T18:37:52Z
3dfb6bb5;AF158;AFR158K;4.787.586;-8.699.869;218;38000;464;-64;2403;2026-01-20T17:19:57Z;ADSB;3949F4;B772;F-GSPU;AFR;AFR;CDG;LFPG;DFW;KDFW;2026-01-20T19:39:44Z
3dfc6318;AA2111;AAL2111;3.522.076;-8.094.681;171;0;0;0;4173;2026-01-20T17:19:30Z;ADSB;AB7270;A319;N837AW;AAL;AAL;LGA;KLGA;CLT;KCLT;2026-01-20T16:55:18Z
3dfb55ab;DL33;DAL33;3.833.478;-8.094.972;214;40000;383;0;706;2026-01-20T17:19:59Z;ADSB;A50E93;A339;N425DX;DAL;DAL;LHR;EGLL;ATL;KATL;2026-01-20T18:27:12Z
3dfbc8a3;UA4200;UAL4200;3.849.419;-7.689.355;37;41000;593;-64;5746;2026-01-20T17:19:59Z;ADSB;A8EC57;B763;N674UA;UAL;UAL;MDE;SKRG;EWR;KEWR;2026-01-20T17:48:26Z
3dfc075e;AA2731;AAL2731;3.287.165;-9.703.162;267;0;16;0;1120;2026-01-20T17:19:58Z;ADSB;AAE958;B788;N802AN;AAL;AAL;PHL;KPHL;DFW;KDFW;2026-01-20T17:14:12Z
3dfc6077;UA1119;UAL1119;2.844.682;-9.351.589;159;39000;463;0;3536;2026-01-20T17:19:59Z;ADSB;A1CDD8;B772;N215UA;UAL;UAL;DEN;KDEN;CUN;MMUN;2026-01-20T18:46:24Z
3dfbe9c7;AA3193;AAL3193;3.957.108;-10.282.422;283;37975;389;-192;2031;2026-01-20T17:19:59Z;ADSB;AC7A33;A319;N9029F;AAL;AAL;MIA;KMIA;EGE;KEGE;2026-01-20T17:57:20Z
3dfb53b3;UA6;UAL6;5.038.479;-12.080.975;126;39000;544;64;5721;2026-01-20T17:19:59Z;ADSB;A31A76;B789;N29984;UAL;UAL;NRT;RJAA;IAH;KIAH;2026-01-20T20:37:20Z
3dfb71d2;LH454;DLH454;5.692.525;-11.414.082;197;36000;544;0;1710;2026-01-20T17:19:58Z;ADSB;3C4B2A;B748;D-ABYJ;DLH;DLH;FRA;EDDF;SFO;KSFO;2026-01-20T20:01:04Z
3dfb80ef;LH456;DLH456;5.967.329;-11.022.244;198;34000;537;64;1310;2026-01-20T17:19:59Z;ADSB;3C4B2D;B748;D-ABYM;DLH;DLH;FRA;EDDF;LAX;KLAX;2026-01-20T20:45:52Z
3dfc29a2;UA3895;UAL3895;3.848.888;-9.404.102;238;40000;374;0;7155;2026-01-20T17:19:59Z;ADSB;A8E24D;B752;N67134;UAL;UAL;EWR;KEWR;AMA;KAMA;2026-01-20T18:22:56Z
3dfc471c;AA1616;AAL1616;3.939.285;-9.469.988;193;2175;159;-256;5751;2026-01-20T17:19:58Z;ADSB;AD8895;B738;N971NN;AAL;AAL;CLT;KCLT;MCI;KMCI;2026-01-20T17:20:54Z
3dfb5e2d;KL623;KLM623;4.060.724;-824.293;195;36000;458;64;754;2026-01-20T17:19:59Z;ADSB;485E2E;B78X;PH-BKH;KLM;KLM;AMS;EHAM;ATL;KATL;2026-01-20T18:29:20Z
3dfbfb71;DL1930;DAL1930;1.833.716;-6.497.814;87;0;127;-256;3060;2026-01-20T17:19:59Z;ADSB;A8DE10;B752;N6700;;;JFK;KJFK;STT;TIST;2026-01-20T17:19:55Z
3dfa9c2b;DL42;DAL42;3.394.542;-11.841.026;261;0;0;0;1464;2026-01-20T17:19:55Z;ADSB;A6A347;A359;N527DN;DAL;DAL;SYD;YSSY;LAX;KLAX;2026-01-20T17:05:27Z
3dfb9bef;UA2115;UAL2115;3.762.278;-12.238.768;298;0;8;0;7172;2026-01-20T17:19:59Z;ADSB;A16E7D;B752;N19117;UAL;UAL;EWR;KEWR;SFO;KSFO;2026-01-20T17:15:23Z
3dfc21cf;DL830;DAL830;3.563.118;-10.497.898;281;40025;414;-64;2001;2026-01-20T17:19:58Z;ADSB;ABD018;A332;N860NW;DAL;DAL;ATL;KATL;SLC;KSLC;2026-01-20T18:31:28Z
3dfc08be;DL713;DAL713;3.828.768;-10.181.036;256;40000;411;0;7106;2026-01-20T17:19:58Z;ADSB;ABCA08;A332;N859NW;DAL;DAL;JFK;KJFK;LAX;KLAX;2026-01-20T19:29:04Z
3dfb5b3f;KL605;KLM373;4.747.039;-11.930.251;198;38975;518;128;1307;2026-01-20T17:19:58Z;ADSB;486071;B78X;PH-BKL;KLM;KLM;AMS;EHAM;SFO;KSFO;2026-01-20T18:50:40Z
3dfb6660;AF338;AFR338;538.255;-1.171.017;208;40000;523;0;3322;2026-01-20T17:19:58Z;ADSB;39D2B3;A359;F-HUVT;AFR;AFR;CDG;LFPG;SEA;KSEA;2026-01-20T18:25:04Z
3dfb2fe8;DL120;DAL120;5.176.328;-10.949.353;127;41000;550;0;7425;2026-01-20T17:19:59Z;ADSB;A68946;A359;N520DN;DAL;DAL;HND;RJTT;MSP;KMSP;2026-01-20T18:57:04Z
3dfbef7c;UA297;UAL297;4.586.731;-10.790.277;263;38000;403;0;3054;2026-01-20T17:19:58Z;ADSB;A2B10C;B38M;N27252;UAL;UAL;EWR;KEWR;BZN;KBZN;2026-01-20T17:48:48Z
3dfb1035;DL274;DAL274;4.755.362;-9.833.073;110;41000;550;0;1337;2026-01-20T17:19:58Z;ADSB;A65800;A359;N508DN;DAL;DAL;HND;RJTT;DTW;KDTW;2026-01-20T18:46:24Z
3df77bd0;DL274;DAL274;4.221.032;-8.335.699;118;0;0;0;6527;2026-01-20T17:19:57Z;ADSB;A661C7;A359;N510DN;DAL;DAL;HND;RJTT;DTW;KDTW;2026-01-19T18:59:44Z
3dfc2a84;AA1172;AAL1172;281.963;-7.400.881;138;38975;471;0;1377;2026-01-20T17:19:57Z;ESTIMATED;AAEF89;A319;N8031M;AAL;AAL;ORD;KORD;STT;TIST;2026-01-20T19:14:08Z
3dfc1af7;AA1688;AAL1688;3.521.918;-8.094.563;104;0;0;0;3461;2026-01-20T17:19:48Z;ADSB;ADECA5;A321;N997AA;AAL;AAL;BOS;KBOS;CLT;KCLT;2026-01-20T17:02:12Z
3dfbfe28;UA3929;UAL3929;39.776;-8.110.376;102;38925;556;-896;3220;2026-01-20T17:19:58Z;ADSB;A2E045;B739;N28478;UAL;UAL;SFO;KSFO;IAD;KIAD;2026-01-20T17:48:48Z
3dfb6eb6;BA175;BAW7NY;4.058.783;-7.363.636;300;2075;136;-832;763;2026-01-20T17:19:59Z;ADSB;4005C1;B772;G-RAES;BAW;BAW;LHR;EGLL;JFK;KJFK;2026-01-20T17:21:02Z
3dfc5de4;AA142;AAL142;5.255.511;-5.392.006;57;39000;580;0;2610;2026-01-20T17:19:58Z;ADSB;AACAA5;B772;N795AN;AAL;AAL;JFK;KJFK;LHR;EGLL;2026-01-20T21:26:24Z
3dfc5ca0;DL1112;DAL1112;3.132.751;-10.214.484;101;39000;522;0;6736;2026-01-20T17:19:59Z;ADSB;A4463E;B738;N3749D;DAL;DAL;LAX;KLAX;MSY;KMSY;2026-01-20T18:40:00Z
3dfc2d74;AA249;AAL249;292.436;-9.852.991;207;38000;373;0;6277;2026-01-20T17:19:59Z;ADSB;A3CDE4;B38M;N344TS;AAL;AAL;ORD;KORD;MEX;MMMX;2026-01-20T18:48:32Z
3dfc3057;AA2097;AAL2097;3.213.012;-9.568.946;285;35550;372;-3328;6073;2026-01-20T17:19:59Z;ADSB;A99D89;B77W;N719AN;AAL;AAL;MIA;KMIA;DFW;KDFW;2026-01-20T17:46:40Z
3dfbf396;UA1116;UAL1116;3.751.593;-12.229.314;132;8525;252;-1728;3332;2026-01-20T17:19:57Z;ADSB;A28947;B738;N26232;UAL;UAL;MSP;KMSP;SFO;KSFO;2026-01-20T17:30:04Z
3dfb37ee;DL188;DAL188;5.514.136;-13.203.261;107;39000;529;0;3407;2026-01-20T17:19:58Z;ADSB;A69822;A359;N524DN;DAL;DAL;ICN;RKSI;ATL;KATL;2026-01-20T22:00:32Z
3dfb76b5;AF84;AFR84T;5.914.055;-10.705.884;222;34000;495;0;3311;2026-01-20T17:19:58Z;ADSB;3965A0;B77W;F-GZNA;AFR;AFR;CDG;LFPG;SFO;KSFO;2026-01-20T20:35:12Z
3dfc4469;AA2581;AAL2581;4.297.195;-8.761.355;314;2750;171;-1344;3044;2026-01-20T17:19:58Z;ADSB;AD3FD9;B738;N953AN;AAL;AAL;DFW;KDFW;MKE;KMKE;2026-01-20T17:22:23Z
3dfb79f6;BA195;BAW26E;4.517.285;-8.603.897;223;40000;451;64;767;2026-01-20T17:19:58Z;ADSB;40749B;B789;G-ZBKR;BAW;BAW;LHR;EGLL;IAH;KIAH;2026-01-20T19:54:40Z
3dfc35bc;AA1766;AAL1766;376.133;-7.811.081;105;39000;574;0;517;2026-01-20T17:19:58Z;ADSB;AD1986;B738;N943NN;AAL;AAL;DFW;KDFW;JFK;KJFK;2026-01-20T18:10:08Z
3dfc46ab;DL853;DAL853;5.057.868;-12.588.469;138;39000;501;64;7270;2026-01-20T17:24:59Z;ADSB;A44502;B738;N3740C;DAL;DAL;ANC;PANC;SEA;KSEA;2026-01-20T18:05:52Z
3dfb8063;BA53;BAW5EA;5.697.203;-11.456.792;205;40000;522;0;2163;2026-01-20T17:24:58Z;ADSB;400774;B772;G-VIIW;BAW;BAW;LHR;EGLL;SEA;KSEA;2026-01-20T19:01:20Z
3dfb5cc2;KL689;KLM689;3.741.739;-8.940.972;191;40000;461;0;747;2026-01-20T17:24:57Z;ADSB;485785;B789;PH-BHN;KLM;KLM;AMS;EHAM;CUN;MMUN;2026-01-20T19:50:24Z
3dfb5a0f;KL661;KLM661;3.921.923;-9.019.092;212;36000;445;-64;750;2026-01-20T17:24:59Z;ADSB;4851B0;B789;PH-BHE;KLM;KLM;AMS;EHAM;IAH;KIAH;2026-01-20T19:01:20Z
3dfb6bff;AF636;AFR636P;4.561.337;-8.952.869;208;38000;478;0;7111;2026-01-20T17:24:58Z;ADSB;39D2A6;A359;F-HUVG;AFR;AFR;CDG;LFPG;IAH;KIAH;2026-01-20T19:46:08Z
3dfc25be;AA2896;AAL2896;2.624.722;-8.001.005;210;7650;280;-512;3250;2026-01-20T17:24:58Z;ADSB;A35388;B38M;N313SB;AAL;AAL;LGA;KLGA;FLL;KFLL;2026-01-20T17:31:50Z
3dfc18c5;AA3052;AAL3052;2.752.354;-7.952.094;196;28525;417;-960;2313;2026-01-20T17:24:58Z;ADSB;AB4EA8;A319;N828AW;AAL;AAL;DCA;KDCA;FLL;KFLL;2026-01-20T17:46:40Z
3dfc5bb8;AA882;AAL882;3.950.734;-11.977.259;213;0;0;0;1523;2026-01-20T17:24:57Z;ADSB;AB5FDD;A319;N832AW;AAL;AAL;PHX;KPHX;RNO;KRNO;2026-01-20T16:55:18Z
3dfb554c;KL601;KLM601;4.296.054;-11.123.029;195;37975;509;0;3351;2026-01-20T17:24:58Z;ADSB;485F84;B78X;PH-BKQ;KLM;KLM;AMS;EHAM;LAX;KLAX;2026-01-20T19:01:20Z
3dfb459f;DL57;DAL57;459.315;-10.544.383;192;40000;489;0;1742;2026-01-20T17:24:57Z;ADSB;AB00D6;A333;N808NW;DAL;DAL;AMS;EHAM;SLC;KSLC;2026-01-20T18:37:52Z
3dfb55ab;DL33;DAL33;3.790.009;-8.132.074;213;40000;376;0;706;2026-01-20T17:24:58Z;ADSB;A50E93;A339;N425DX;DAL;DAL;LHR;EGLL;ATL;KATL;2026-01-20T18:31:28Z
3dfb6bb5;AF158;AFR158K;4.736.888;-8.758.356;217;38000;458;-64;2403;2026-01-20T17:24:59Z;ADSB;3949F4;B772;F-GSPU;AFR;AFR;CDG;LFPG;DFW;KDFW;2026-01-20T19:39:44Z
3dfbc8a3;UA4200;UAL4200;3.912.204;-7.626.257;41;31725;524;-3456;5746;2026-01-20T17:24:57Z;ADSB;A8EC57;B763;N674UA;UAL;UAL;MDE;SKRG;EWR;KEWR;2026-01-20T17:59:11Z
3dfc075e;AA2731;AAL2731;3.289.255;-9.703.319;357;0;20;0;1120;2026-01-20T17:24:59Z;ADSB;AAE958;B788;N802AN;AAL;AAL;PHL;KPHL;DFW;KDFW;2026-01-20T17:14:12Z
3dfc6077;UA1119;UAL1119;2.784.357;-9.326.656;159;39000;464;0;3536;2026-01-20T17:24:59Z;ADSB;A1CDD8;B772;N215UA;UAL;UAL;DEN;KDEN;CUN;MMUN;2026-01-20T18:48:32Z
3dfbe9c7;AA3193;AAL3193;3.972.194;-10.349.085;289;34550;395;-1024;2031;2026-01-20T17:24:58Z;ADSB;AC7A33;A319;N9029F;AAL;AAL;MIA;KMIA;EGE;KEGE;2026-01-20T17:57:20Z
3dfb53b3;UA6;UAL6;4.992.067;-11.988.994;138;39000;551;-64;5721;2026-01-20T17:24:59Z;ADSB;A31A76;B789;N29984;UAL;UAL;NRT;RJAA;IAH;KIAH;2026-01-20T20:35:12Z
3dfb71d2;LH454;DLH454;562.149;-11.455.093;197;36000;539;0;1710;2026-01-20T17:24:58Z;ADSB;3C4B2A;B748;D-ABYJ;DLH;DLH;FRA;EDDF;SFO;KSFO;2026-01-20T20:01:04Z
3dfb80ef;LH456;DLH456;5.896.777;-11.068.764;198;34000;543;0;1310;2026-01-20T17:24:57Z;ADSB;3C4B2D;B748;D-ABYM;DLH;DLH;FRA;EDDF;LAX;KLAX;2026-01-20T20:39:28Z
3dfc29a2;UA3895;UAL3895;3.823.233;-9.460.452;248;40000;368;0;7155;2026-01-20T17:24:57Z;ADSB;A8E24D;B752;N67134;UAL;UAL;EWR;KEWR;AMA;KAMA;2026-01-20T18:25:04Z
3dfb5e2d;KL623;KLM623;3.995.285;-8.245.957;176;36000;479;-64;754;2026-01-20T17:24:58Z;ADSB;485E2E;B78X;PH-BKH;KLM;KLM;AMS;EHAM;ATL;KATL;2026-01-20T18:27:12Z
3dfa9c2b;DL42;DAL42;3.394.542;-11.841.026;261;0;0;0;1464;2026-01-20T17:24:55Z;ADSB;A6A347;A359;N527DN;DAL;DAL;SYD;YSSY;LAX;KLAX;2026-01-20T17:05:27Z
3dfb9bef;UA2115;UAL2115;376.203;-12.238.937;28;0;1;0;7172;2026-01-20T17:24:58Z;ADSB;A16E7D;B752;N19117;UAL;UAL;EWR;KEWR;SFO;KSFO;2026-01-20T17:15:23Z
3dfc21cf;DL830;DAL830;3.599.014;-10.552.888;315;39975;417;64;2001;2026-01-20T17:24:57Z;ADSB;ABD018;A332;N860NW;DAL;DAL;ATL;KATL;SLC;KSLC;2026-01-20T18:29:20Z
3dfc08be;DL713;DAL713;3.815.547;-10.251.846;256;40000;411;-64;7106;2026-01-20T17:24:58Z;ADSB;ABCA08;A332;N859NW;DAL;DAL;JFK;KJFK;LAX;KLAX;2026-01-20T19:31:12Z
3dfb5b3f;KL605;KLM373;4.678.825;-11.962.791;196;38975;517;64;1307;2026-01-20T17:24:58Z;ADSB;486071;B78X;PH-BKL;KLM;KLM;AMS;EHAM;SFO;KSFO;2026-01-20T18:50:40Z
3dfb6660;AF338;AFR338;5.318.349;-1.176.744;207;40000;522;0;3322;2026-01-20T17:24:58Z;ADSB;39D2B3;A359;F-HUVT;AFR;AFR;CDG;LFPG;SEA;KSEA;2026-01-20T18:25:04Z
3dfbef7c;UA297;UAL297;4.580.452;-10.870.189;265;36000;408;0;3054;2026-01-20T17:24:59Z;ADSB;A2B10C;B38M;N27252;UAL;UAL;EWR;KEWR;BZN;KBZN;2026-01-20T17:50:56Z
3dfb2fe8;DL120;DAL120;5.130.289;-10.853.493;127;41000;546;0;7425;2026-01-20T17:24:59Z;ADSB;A68946;A359;N520DN;DAL;DAL;HND;RJTT;MSP;KMSP;2026-01-20T18:57:04Z
3dfb1035;DL274;DAL274;4.727.925;-9.728.036;111;41000;556;0;1337;2026-01-20T17:24:57Z;ADSB;A65800;A359;N508DN;DAL;DAL;HND;RJTT;DTW;KDTW;2026-01-20T18:46:24Z
3df77bd0;DL274;DAL274;4.221.032;-8.335.699;118;0;0;0;6527;2026-01-20T17:24:55Z;ADSB;A661C7;A359;N510DN;DAL;DAL;HND;RJTT;DTW;KDTW;2026-01-19T18:59:44Z
3dfc1af7;AA1688;AAL1688;3.521.918;-8.094.562;104;0;0;0;3461;2026-01-20T17:24:49Z;ADSB;ADECA5;A321;N997AA;AAL;AAL;BOS;KBOS;CLT;KCLT;2026-01-20T17:02:12Z
3dfbfe28;UA3929;UAL3929;3.960.413;-8.011.536;102;37000;561;0;3220;2026-01-20T17:24:59Z;ADSB;A2E045;B739;N28478;UAL;UAL;SFO;KSFO;IAD;KIAD;2026-01-20T17:48:48Z
3dfb6eb6;BA175;BAW7NY;4.065.295;-7.378.625;241;0;12;0;763;2026-01-20T17:24:58Z;ADSB;4005C1;B772;G-RAES;BAW;BAW;LHR;EGLL;JFK;KJFK;2026-01-20T17:23:30Z
3dfc2a84;AA1172;AAL1172;2.759.855;-7.369.101;140;38975;460;0;0;2026-01-20T17:24:56Z;ESTIMATED;AAEF89;A319;N8031M;AAL;AAL;ORD;KORD;STT;TIST;2026-01-20T19:14:08Z
3dfc5de4;AA142;AAL142;5.295.313;-5.288.929;57;39000;575;0;2610;2026-01-20T17:24:56Z;ADSB;AACAA5;B772;N795AN;AAL;AAL;JFK;KJFK;LHR;EGLL;2026-01-20T21:26:24Z
3dfc5ca0;DL1112;DAL1112;3.117.748;-10.132.652;99;39000;528;0;6736;2026-01-20T17:24:57Z;ADSB;A4463E;B738;N3749D;DAL;DAL;LAX;KLAX;MSY;KMSY;2026-01-20T18:40:00Z
3dfc2d74;AA249;AAL249;287.806;-9.879.908;207;38000;380;0;6277;2026-01-20T17:24:58Z;ADSB;A3CDE4;B38M;N344TS;AAL;AAL;ORD;KORD;MEX;MMMX;2026-01-20T18:48:32Z
3dfc3057;AA2097;AAL2097;3.226.279;-9.626.338;285;23025;338;-1984;6073;2026-01-20T17:24:59Z;ADSB;A99D89;B77W;N719AN;AAL;AAL;MIA;KMIA;DFW;KDFW;2026-01-20T17:48:58Z
3dfbf396;UA1116;UAL1116;3.756.917;-12.225.942;298;2100;185;-960;3332;2026-01-20T17:24:58Z;ADSB;A28947;B738;N26232;UAL;UAL;MSP;KMSP;SFO;KSFO;2026-01-20T17:29:28Z
3dfb37ee;DL188;DAL188;5.497.906;-13.080.354;100;39000;520;0;3407;2026-01-20T17:24:57Z;ADSB;A69822;A359;N524DN;DAL;DAL;ICN;RKSI;ATL;KATL;2026-01-20T22:00:32Z
3dfb76b5;AF84;AFR84T;5.863.206;-10.795.299;221;34000;494;0;3311;2026-01-20T17:24:58Z;ADSB;3965A0;B77W;F-GZNA;AFR;AFR;CDG;LFPG;SFO;KSFO;2026-01-20T20:33:04Z
3dfc4469;AA2581;AAL2581;4.294.923;-8.787.617;251;550;133;-704;3044;2026-01-20T17:24:58Z;ADSB;AD3FD9;B738;N953AN;AAL;AAL;DFW;KDFW;MKE;KMKE;2026-01-20T17:24:48Z
3dfb79f6;BA195;BAW26E;4.471.827;-8.664.401;223;39975;454;-64;767;2026-01-20T17:24:58Z;ADSB;40749B;B789;G-ZBKR;BAW;BAW;LHR;EGLL;IAH;KIAH;2026-01-20T19:56:48Z
3dfc35bc;AA1766;AAL1766;374.761;-7.712.484;95;39000;584;0;517;2026-01-20T17:24:57Z;ADSB;AD1986;B738;N943NN;AAL;AAL;DFW;KDFW;JFK;KJFK;2026-01-20T18:10:08Z
3dfc46ab;DL853;DAL853;5.005.728;-12.518.299;139;39000;496;-64;7270;2026-01-20T17:29:58Z;ADSB;A44502;B738;N3740C;DAL;DAL;ANC;PANC;SEA;KSEA;2026-01-20T18:05:52Z
3dfb8063;BA53;BAW5EA;5.633.015;-11.515.778;206;40000;514;0;2163;2026-01-20T17:29:58Z;ADSB;400774;B772;G-VIIW;BAW;BAW;LHR;EGLL;SEA;KSEA;2026-01-20T19:03:28Z
3dfb5cc2;KL689;KLM689;3.678.786;-8.956.335;191;40000;449;64;747;2026-01-20T17:29:59Z;ADSB;485785;B789;PH-BHN;KLM;KLM;AMS;EHAM;CUN;MMUN;2026-01-20T19:48:16Z
3dfb5a0f;KL661;KLM661;3.867.645;-9.056.263;198;35975;460;64;750;2026-01-20T17:29:58Z;ADSB;4851B0;B789;PH-BHE;KLM;KLM;AMS;EHAM;IAH;KIAH;2026-01-20T18:59:12Z
3dfb6bff;AF636;AFR636P;4.503.138;-8.997.635;208;38000;474;64;7111;2026-01-20T17:29:59Z;ADSB;39D2A6;A359;F-HUVG;AFR;AFR;CDG;LFPG;IAH;KIAH;2026-01-20T19:44:00Z
3dfc25be;AA2896;AAL2896;2.612.302;-803.654;188;2675;234;64;3250;2026-01-20T17:29:58Z;ADSB;A35388;B38M;N313SB;AAL;AAL;LGA;KLGA;FLL;KFLL;2026-01-20T17:32:13Z
3dfc18c5;AA3052;AAL3052;2.699.611;-7.968.854;195;20100;363;-2368;2313;2026-01-20T17:29:58Z;ADSB;AB4EA8;A319;N828AW;AAL;AAL;DCA;KDCA;FLL;KFLL;2026-01-20T17:53:01Z
3dfc5bb8;AA882;AAL882;3.950.734;-11.977.261;213;0;0;0;1523;2026-01-20T17:29:57Z;ADSB;AB5FDD;A319;N832AW;AAL;AAL;PHX;KPHX;RNO;KRNO;2026-01-20T16:55:18Z
3dfb1d91;DL166;DAL166;4.743.841;-12.229.831;75;0;0;0;7243;2026-01-20T17:29:59Z;ADSB;A65BB7;A359;N509DN;DAL;DAL;HND;RJTT;SEA;KSEA;2026-01-20T16:32:12Z
3dfb554c;KL601;KLM601;4.227.379;-11.148.045;194;37975;505;-64;3351;2026-01-20T17:29:59Z;ADSB;485F84;B78X;PH-BKQ;KLM;KLM;AMS;EHAM;LAX;KLAX;2026-01-20T18:59:12Z
3dfb459f;DL57;DAL57;4.527.094;-10.564.513;192;37800;485;-576;1742;2026-01-20T17:29:58Z;ADSB;AB00D6;A333;N808NW;DAL;DAL;AMS;EHAM;SLC;KSLC;2026-01-20T18:40:00Z
3dfb55ab;DL33;DAL33;3.746.468;-8.168.705;213;40000;377;0;706;2026-01-20T17:29:58Z;ADSB;A50E93;A339;N425DX;DAL;DAL;LHR;EGLL;ATL;KATL;2026-01-20T18:27:12Z
3dfb6bb5;AF158;AFR158K;4.679.557;-8.804.066;208;38000;472;0;2403;2026-01-20T17:29:58Z;ADSB;3949F4;B772;F-GSPU;AFR;AFR;CDG;LFPG;DFW;KDFW;2026-01-20T19:37:36Z
3dfbc8a3;UA4200;UAL4200;3.967.452;-7.561.108;42;21675;515;-1920;5746;2026-01-20T17:29:58Z;ADSB;A8EC57;B763;N674UA;UAL;UAL;MDE;SKRG;EWR;KEWR;2026-01-20T17:52:14Z
3dfc075e;AA2731;AAL2731;329.035;-9.703.465;278;0;1;0;1120;2026-01-20T17:29:58Z;ADSB;AAE958;B788;N802AN;AAL;AAL;PHL;KPHL;DFW;KDFW;2026-01-20T17:14:12Z
3dfc6077;UA1119;UAL1119;2.723.329;-9.301.739;160;39000;466;0;3536;2026-01-20T17:30:00Z;ADSB;A1CDD8;B772;N215UA;UAL;UAL;DEN;KDEN;CUN;MMUN;2026-01-20T18:46:24Z
3dfbe9c7;AA3193;AAL3193;3.991.231;-10.417.413;289;34000;403;-64;2031;2026-01-20T17:29:58Z;ADSB;AC7A33;A319;N9029F;AAL;AAL;MIA;KMIA;EGE;KEGE;2026-01-20T17:55:12Z
3dfb53b3;UA6;UAL6;4.934.779;-11.910.972;138;39000;550;-128;5721;2026-01-20T17:29:59Z;ADSB;A31A76;B789;N29984;UAL;UAL;NRT;RJAA;IAH;KIAH;2026-01-20T20:35:12Z
3dfb71d2;LH454;DLH454;5.550.344;-1.149.466;197;36000;537;-64;1710;2026-01-20T17:29:58Z;ADSB;3C4B2A;B748;D-ABYJ;DLH;DLH;FRA;EDDF;SFO;KSFO;2026-01-20T20:01:04Z
3dfb80ef;LH456;DLH456;5.825.403;-11.113.815;198;34000;543;0;1310;2026-01-20T17:29:57Z;ADSB;3C4B2D;B748;D-ABYM;DLH;DLH;FRA;EDDF;LAX;KLAX;2026-01-20T20:43:44Z
3dfc29a2;UA3895;UAL3895;3.802.294;-9.520.937;246;40000;380;0;7155;2026-01-20T17:29:58Z;ADSB;A8E24D;B752;N67134;UAL;UAL;EWR;KEWR;AMA;KAMA;2026-01-20T18:25:04Z
3dfb5e2d;KL623;KLM623;3.928.399;-8.240.759;176;35975;488;64;754;2026-01-20T17:29:58Z;ADSB;485E2E;B78X;PH-BKH;KLM;KLM;AMS;EHAM;ATL;KATL;2026-01-20T18:27:12Z
3dfcd075;AA3317;AAL3317;2.668.652;-8.009.286;317;0;0;0;0;2026-01-20T17:29:38Z;ADSB;ACF849;B738;N935AN;AAL;AAL;PBI;KPBI;LGA;KLGA;
3dfa9c2b;DL42;DAL42;3.394.541;-11.841.026;261;0;0;0;1464;2026-01-20T17:29:55Z;ADSB;A6A347;A359;N527DN;DAL;DAL;SYD;YSSY;LAX;KLAX;2026-01-20T17:05:27Z
3dfc21cf;DL830;DAL830;3.641.373;-10.603.741;315;40000;425;0;2001;2026-01-20T17:29:59Z;ADSB;ABD018;A332;N860NW;DAL;DAL;ATL;KATL;SLC;KSLC;2026-01-20T18:31:28Z
3dfc08be;DL713;DAL713;3.801.938;-10.322.281;256;40000;410;0;7106;2026-01-20T17:29:59Z;ADSB;ABCA08;A332;N859NW;DAL;DAL;JFK;KJFK;LAX;KLAX;2026-01-20T19:31:12Z
3dfb5b3f;KL605;KLM373;4.610.617;-11.991.611;196;38975;502;64;1307;2026-01-20T17:29:59Z;ADSB;486071;B78X;PH-BKL;KLM;KLM;AMS;EHAM;SFO;KSFO;2026-01-20T18:48:32Z
3dfb6660;AF338;AFR338;5.253.769;-11.822.113;203;40000;533;0;3322;2026-01-20T17:29:57Z;ADSB;39D2B3;A359;F-HUVT;AFR;AFR;CDG;LFPG;SEA;KSEA;2026-01-20T18:27:12Z
3dfbef7c;UA297;UAL297;4.576.561;-10.942.369;265;25550;307;-2112;3054;2026-01-20T17:29:59Z;ADSB;A2B10C;B38M;N27252;UAL;UAL;EWR;KEWR;BZN;KBZN;2026-01-20T17:54:33Z
3dfb2fe8;DL120;DAL120;5.083.155;-10.758.926;128;41000;546;0;7425;2026-01-20T17:29:58Z;ADSB;A68946;A359;N520DN;DAL;DAL;HND;RJTT;MSP;KMSP;2026-01-20T18:54:56Z
3dfb1035;DL274;DAL274;4.699.206;-9.622.911;112;41000;553;0;1337;2026-01-20T17:29:59Z;ADSB;A65800;A359;N508DN;DAL;DAL;HND;RJTT;DTW;KDTW;2026-01-20T18:46:24Z
3df77bd0;DL274;DAL274;4.221.031;-8.335.701;118;0;0;0;6527;2026-01-20T17:29:55Z;ADSB;A661C7;A359;N510DN;DAL;DAL;HND;RJTT;DTW;KDTW;2026-01-19T18:59:44Z
3dfc1af7;AA1688;AAL1688;3.521.917;-8.094.563;104;0;0;0;3461;2026-01-20T17:29:03Z;ADSB;ADECA5;A321;N997AA;AAL;AAL;BOS;KBOS;CLT;KCLT;2026-01-20T17:02:12Z
3dfbfe28;UA3929;UAL3929;3.942.801;-7.915.434;103;23575;493;-2624;3220;2026-01-20T17:29:59Z;ADSB;A2E045;B739;N28478;UAL;UAL;SFO;KSFO;IAD;KIAD;2026-01-20T17:56:17Z
3dfc2a84;AA1172;AAL1172;2.712.999;-7.319.913;137;38975;460;0;0;2026-01-20T17:29:57Z;ESTIMATED;AAEF89;A319;N8031M;AAL;AAL;ORD;KORD;STT;TIST;2026-01-20T19:14:08Z
3dfc2d74;AA249;AAL249;2.830.069;-9.907.561;207;38000;387;0;6277;2026-01-20T17:29:59Z;ADSB;A3CDE4;B38M;N344TS;AAL;AAL;ORD;KORD;MEX;MMMX;2026-01-20T18:54:56Z
3dfc5ca0;DL1112;DAL1112;3.109.345;-10.046.448;96;39000;534;0;6736;2026-01-20T17:29:59Z;ADSB;A4463E;B738;N3749D;DAL;DAL;LAX;KLAX;MSY;KMSY;2026-01-20T18:40:00Z
3dfc3057;AA2097;AAL2097;3.256.795;-9.666.001;315;13975;313;-1728;6073;2026-01-20T17:29:58Z;ADSB;A99D89;B77W;N719AN;AAL;AAL;MIA;KMIA;DFW;KDFW;2026-01-20T17:44:24Z
3dfb3347;UA838;UAL838;3.762.133;-12.239.274;208;0;12;0;6266;2026-01-20T17:29:58Z;ADSB;AA92FF;B772;N78008;UAL;UAL;NRT;RJAA;SFO;KSFO;2026-01-20T17:13:23Z
3dfb37ee;DL188;DAL188;5.477.614;-12.960.071;109;39000;523;0;3407;2026-01-20T17:30:00Z;ADSB;A69822;A359;N524DN;DAL;DAL;ICN;RKSI;ATL;KATL;2026-01-20T22:04:48Z
3dfb76b5;AF84;AFR84T;5.811.832;-10.882.002;221;34000;495;0;3311;2026-01-20T17:29:59Z;ADSB;3965A0;B77W;F-GZNA;AFR;AFR;CDG;LFPG;SFO;KSFO;2026-01-20T20:30:56Z
3dfc4469;AA2581;AAL2581;4.294.661;-8.789.843;329;0;0;0;3044;2026-01-20T17:29:43Z;ADSB;AD3FD9;B738;N953AN;AAL;AAL;DFW;KDFW;MKE;KMKE;2026-01-20T17:25:12Z
3dfb79f6;BA195;BAW26E;4.425.215;-8.725.047;222;40000;458;0;767;2026-01-20T17:29:59Z;ADSB;40749B;B789;G-ZBKR;BAW;BAW;LHR;EGLL;IAH;KIAH;2026-01-20T19:52:32Z
3dfc35bc;AA1766;AAL1766;3.751.904;-7.609.125;85;39000;592;-64;517;2026-01-20T17:29:59Z;ADSB;AD1986;B738;N943NN;AAL;AAL;DFW;KDFW;JFK;KJFK;2026-01-20T18:10:08Z
3dfc46ab;DL853;DAL853;4.952.846;-12.449.261;140;39000;494;-64;7270;2026-01-20T17:35:00Z;ADSB;A44502;B738;N3740C;DAL;DAL;ANC;PANC;SEA;KSEA;2026-01-20T18:05:52Z
3dfb8063;BA53;BAW5EA;5.569.382;-11.572.057;206;40000;513;0;2163;2026-01-20T17:34:59Z;ADSB;400774;B772;G-VIIW;BAW;BAW;LHR;EGLL;SEA;KSEA;2026-01-20T19:01:20Z
3dfb5cc2;KL689;KLM689;3.617.719;-8.971.021;190;40000;449;-64;747;2026-01-20T17:34:58Z;ADSB;485785;B789;PH-BHN;KLM;KLM;AMS;EHAM;CUN;MMUN;2026-01-20T19:52:32Z
3dfb5a0f;KL661;KLM661;3.807.408;-9.082.169;198;35975;454;0;750;2026-01-20T17:34:59Z;ADSB;4851B0;B789;PH-BHE;KLM;KLM;AMS;EHAM;IAH;KIAH;2026-01-20T18:57:04Z
3dfb6bff;AF636;AFR636P;4.446.451;-904.454;210;38000;480;0;7111;2026-01-20T17:34:59Z;ADSB;39D2A6;A359;F-HUVG;AFR;AFR;CDG;LFPG;IAH;KIAH;2026-01-20T19:46:08Z
3dfc25be;AA2896;AAL2896;2.608.736;-8.014.891;56;1375;165;1600;3250;2026-01-20T17:34:59Z;ADSB;A35388;B38M;N313SB;AAL;AAL;LGA;KLGA;FLL;KFLL;2026-01-20T17:34:47Z
3dfc18c5;AA3052;AAL3052;2.649.458;-7.987.003;202;9975;291;-1216;2313;2026-01-20T17:34:59Z;ADSB;AB4EA8;A319;N828AW;AAL;AAL;DCA;KDCA;FLL;KFLL;2026-01-20T17:46:28Z
3dfc5bb8;AA882;AAL882;3.950.734;-1.197.726;213;0;0;0;1715;2026-01-20T17:34:57Z;ADSB;AB5FDD;A319;N832AW;AAL;AAL;PHX;KPHX;RNO;KRNO;2026-01-20T16:55:18Z
3dfb1d91;DL166;DAL166;4.743.841;-12.229.831;75;0;0;0;7243;2026-01-20T17:34:57Z;ADSB;A65BB7;A359;N509DN;DAL;DAL;HND;RJTT;SEA;KSEA;2026-01-20T16:32:12Z
3dfb554c;KL601;KLM601;4.159.081;-11.172.397;194;38000;509;-64;3351;2026-01-20T17:34:59Z;ADSB;485F84;B78X;PH-BKQ;KLM;KLM;AMS;EHAM;LAX;KLAX;2026-01-20T19:01:20Z
3dfb459f;DL57;DAL57;4.465.594;-10.582.829;191;36000;446;0;1742;2026-01-20T17:34:59Z;ADSB;AB00D6;A333;N808NW;DAL;DAL;AMS;EHAM;SLC;KSLC;2026-01-20T18:44:16Z
3dfb55ab;DL33;DAL33;3.703.263;-8.204.536;213;40000;368;0;706;2026-01-20T17:35:00Z;ADSB;A50E93;A339;N425DX;DAL;DAL;LHR;EGLL;ATL;KATL;2026-01-20T18:22:56Z
3dfb6bb5;AF158;AFR158K;4.621.283;-8.848.842;207;38000;475;0;2403;2026-01-20T17:34:59Z;ADSB;3949F4;B772;F-GSPU;AFR;AFR;CDG;LFPG;DFW;KDFW;2026-01-20T19:39:44Z
3dfbc8a3;UA4200;UAL4200;4.011.269;-7.508.002;43;10650;322;-384;5746;2026-01-20T17:34:59Z;ADSB;A8EC57;B763;N674UA;UAL;UAL;MDE;SKRG;EWR;KEWR;2026-01-20T17:45:12Z
3dfc6077;UA1119;UAL1119;2.663.407;-9.273.032;148;39000;486;0;3536;2026-01-20T17:34:59Z;ADSB;A1CDD8;B772;N215UA;UAL;UAL;DEN;KDEN;CUN;MMUN;2026-01-20T18:44:16Z
3dfb53b3;UA6;UAL6;4.877.344;-11.835.226;139;39000;553;64;5721;2026-01-20T17:34:58Z;ADSB;A31A76;B789;N29984;UAL;UAL;NRT;RJAA;IAH;KIAH;2026-01-20T20:35:12Z
3dfb71d2;LH454;DLH454;5.479.543;-11.532.574;196;36000;533;0;1710;2026-01-20T17:34:58Z;ADSB;3C4B2A;B748;D-ABYJ;DLH;DLH;FRA;EDDF;SFO;KSFO;2026-01-20T20:01:04Z
3dfbe9c7;AA3193;AAL3193;4.007.744;-10.486.322;283;32800;401;-1024;2031;2026-01-20T17:35:00Z;ADSB;AC7A33;A319;N9029F;AAL;AAL;MIA;KMIA;EGE;KEGE;2026-01-20T17:57:20Z
3dfb80ef;LH456;DLH456;5.752.547;-11.157.878;197;34000;549;0;1310;2026-01-20T17:35:00Z;ADSB;3C4B2D;B748;D-ABYM;DLH;DLH;FRA;EDDF;LAX;KLAX;2026-01-20T20:43:44Z
3dfc29a2;UA3895;UAL3895;3.780.535;-9.582.484;245;40000;383;64;7155;2026-01-20T17:35:00Z;ADSB;A8E24D;B752;N67134;UAL;UAL;EWR;KEWR;AMA;KAMA;2026-01-20T18:31:28Z
3dfb5e2d;KL623;KLM623;3.861.736;-8.238.045;191;35975;453;64;754;2026-01-20T17:35:00Z;ADSB;485E2E;B78X;PH-BKH;KLM;KLM;AMS;EHAM;ATL;KATL;2026-01-20T18:29:20Z
3dfcd075;AA3317;AAL3317;2.668.652;-8.009.286;317;0;0;0;0;2026-01-20T17:34:59Z;ADSB;ACF849;B738;N935AN;AAL;AAL;PBI;KPBI;LGA;KLGA;
3dfa9c2b;DL42;DAL42;3.394.542;-11.841.026;261;0;0;0;1464;2026-01-20T17:34:55Z;ADSB;A6A347;A359;N527DN;DAL;DAL;SYD;YSSY;LAX;KLAX;2026-01-20T17:05:27Z
3dfc21cf;DL830;DAL830;3.688.585;-10.646.982;313;40000;418;64;2001;2026-01-20T17:34:59Z;ADSB;ABD018;A332;N860NW;DAL;DAL;ATL;KATL;SLC;KSLC;2026-01-20T18:31:28Z
3dfc08be;DL713;DAL713;378.783;-10.392.834;255;39975;424;64;7106;2026-01-20T17:34:59Z;ADSB;ABCA08;A332;N859NW;DAL;DAL;JFK;KJFK;LAX;KLAX;2026-01-20T19:31:12Z
3dfb5b3f;KL605;KLM373;4.542.393;-12.019.749;195;39000;515;-64;1307;2026-01-20T17:35:00Z;ADSB;486071;B78X;PH-BKL;KLM;KLM;AMS;EHAM;SFO;KSFO;2026-01-20T18:48:32Z
3dfb6660;AF338;AFR338;5.185.849;-11.871.239;203;40000;530;0;3322;2026-01-20T17:34:59Z;ADSB;39D2B3;A359;F-HUVT;AFR;AFR;CDG;LFPG;SEA;KSEA;2026-01-20T18:22:56Z
3dfbef7c;UA297;UAL297;4.572.766;-11.003.549;264;16100;307;-960;3054;2026-01-20T17:34:59Z;ADSB;A2B10C;B38M;N27252;UAL;UAL;EWR;KEWR;BZN;KBZN;2026-01-20T17:47:18Z
3dfb2fe8;DL120;DAL120;5.035.397;-106.665;129;41025;548;-64;7425;2026-01-20T17:34:59Z;ADSB;A68946;A359;N520DN;DAL;DAL;HND;RJTT;MSP;KMSP;2026-01-20T18:57:04Z
3dfb1035;DL274;DAL274;4.669.823;-9.519.949;112;41000;550;0;1337;2026-01-20T17:34:59Z;ADSB;A65800;A359;N508DN;DAL;DAL;HND;RJTT;DTW;KDTW;2026-01-20T18:46:24Z
3df77bd0;DL274;DAL274;4.221.031;-8.335.699;118;0;0;0;6527;2026-01-20T17:35:00Z;ADSB;A661C7;A359;N510DN;DAL;DAL;HND;RJTT;DTW;KDTW;2026-01-19T18:59:44Z
3dfbfe28;UA3929;UAL3929;3.928.995;-7.838.715;109;12250;370;-1856;3220;2026-01-20T17:34:59Z;ADSB;A2E045;B739;N28478;UAL;UAL;SFO;KSFO;IAD;KIAD;2026-01-20T17:49:17Z
3dfc2a84;AA1172;AAL1172;2.650.181;-7.296.001;149;39000;451;0;0;2026-01-20T17:34:59Z;ADSB;AAEF89;A319;N8031M;AAL;AAL;ORD;KORD;STT;TIST;2026-01-20T19:14:08Z
3dfc5de4;AA142;AAL142;5.376.464;-5.060.719;56;39000;566;0;2610;2026-01-20T17:34:59Z;ESTIMATED;AACAA5;B772;N795AN;AAL;AAL;JFK;KJFK;LHR;EGLL;2026-01-20T21:26:24Z
3dfc2d74;AA249;AAL249;2.782.297;-9.934.786;206;38000;385;64;6277;2026-01-20T17:34:59Z;ADSB;A3CDE4;B38M;N344TS;AAL;AAL;ORD;KORD;MEX;MMMX;2026-01-20T18:57:04Z
3dfc5ca0;DL1112;DAL1112;3.100.415;-9.960.162;97;39000;538;0;6736;2026-01-20T17:35:00Z;ADSB;A4463E;B738;N3749D;DAL;DAL;LAX;KLAX;MSY;KMSY;2026-01-20T18:40:00Z
3dfc3057;AA2097;AAL2097;3.286.546;-9.691.477;1;9275;260;-1344;6073;2026-01-20T17:35:00Z;ADSB;A99D89;B77W;N719AN;AAL;AAL;MIA;KMIA;DFW;KDFW;2026-01-20T17:45:04Z
3dfb37ee;DL188;DAL188;5.452.606;-12.841.887;110;39000;531;0;3407;2026-01-20T17:35:00Z;ADSB;A69822;A359;N524DN;DAL;DAL;ICN;RKSI;ATL;KATL;2026-01-20T21:58:24Z
3dfb76b5;AF84;AFR84T;5.760.188;-10.965.738;220;34000;494;0;3311;2026-01-20T17:34:58Z;ADSB;3965A0;B77W;F-GZNA;AFR;AFR;CDG;LFPG;SFO;KSFO;2026-01-20T20:35:12Z
3dfb79f6;BA195;BAW26E;4.378.322;-8.784.681;222;40000;459;64;767;2026-01-20T17:34:58Z;ADSB;40749B;B789;G-ZBKR;BAW;BAW;LHR;EGLL;IAH;KIAH;2026-01-20T19:52:32Z
3dfc35bc;AA1766;AAL1766;3.805.795;-7.543.726;34;39000;565;0;517;2026-01-20T17:34:58Z;ADSB;AD1986;B738;N943NN;AAL;AAL;DFW;KDFW;JFK;KJFK;2026-01-20T18:10:08Z
3dfc46ab;DL853;DAL853;4.900.507;-123.83;140;32700;492;-3200;7270;2026-01-20T17:39:59Z;ADSB;A44502;B738;N3740C;DAL;DAL;ANC;PANC;SEA;KSEA;2026-01-20T18:05:52Z
3dfb8063;BA53;BAW5EA;5.504.644;-11.627.255;205;40000;524;0;2163;2026-01-20T17:39:58Z;ADSB;400774;B772;G-VIIW;BAW;BAW;LHR;EGLL;SEA;KSEA;2026-01-20T19:01:20Z
3dfb5cc2;KL689;KLM689;355.721;-8.985.355;190;40000;442;-64;747;2026-01-20T17:40:00Z;ADSB;485785;B789;PH-BHN;KLM;KLM;AMS;EHAM;CUN;MMUN;2026-01-20T19:56:48Z
3dfb5a0f;KL661;KLM661;3.750.174;-9.106.382;198;38000;430;-64;750;2026-01-20T17:39:58Z;ADSB;4851B0;B789;PH-BHE;KLM;KLM;AMS;EHAM;IAH;KIAH;2026-01-20T19:03:28Z
3dfb6bff;AF636;AFR636P;4.388.917;-9.091.311;210;38000;483;0;7111;2026-01-20T17:39:59Z;ADSB;39D2A6;A359;F-HUVG;AFR;AFR;CDG;LFPG;IAH;KIAH;2026-01-20T19:44:00Z
3dfc25be;AA2896;AAL2896;2.615.533;-8.034.587;269;2675;231;64;3250;2026-01-20T17:39:58Z;ADSB;A35388;B38M;N313SB;AAL;AAL;LGA;KLGA;FLL;KFLL;2026-01-20T17:42:08Z
3dfc18c5;AA3052;AAL3052;2.616.706;-8.009.393;253;5675;287;-64;2313;2026-01-20T17:39:58Z;ADSB;AB4EA8;A319;N828AW;AAL;AAL;DCA;KDCA;FLL;KFLL;2026-01-20T17:45:40Z
3dfc3751;AA3139;AAL3139;3.046.573;-8.718.604;345;0;41;0;1654;2026-01-20T17:39:42Z;ADSB;A0480B;A320;N117UW;AAL;AAL;DFW;KDFW;PNS;KPNS;2026-01-20T16:37:12Z
3dfc5bb8;AA882;AAL882;3.950.735;-1.197.726;213;0;0;0;1715;2026-01-20T17:39:57Z;ADSB;AB5FDD;A319;N832AW;AAL;AAL;PHX;KPHX;RNO;KRNO;2026-01-20T16:55:18Z
3dfb1d91;DL166;DAL166;4.743.842;-12.229.831;75;0;0;0;7243;2026-01-20T17:39:57Z;ADSB;A65BB7;A359;N509DN;DAL;DAL;HND;RJTT;SEA;KSEA;2026-01-20T16:32:12Z
3dfb554c;KL601;KLM601;4.091.125;-111.961;194;37975;502;0;3351;2026-01-20T17:39:58Z;ADSB;485F84;B78X;PH-BKQ;KLM;KLM;AMS;EHAM;LAX;KLAX;2026-01-20T19:01:20Z
3dfb459f;DL57;DAL57;4.405.801;-10.600.257;191;36000;439;0;1742;2026-01-20T17:39:58Z;ADSB;AB00D6;A333;N808NW;DAL;DAL;AMS;EHAM;SLC;KSLC;2026-01-20T18:44:16Z
3dfb55ab;DL33;DAL33;3.660.728;-8.239.326;213;40000;372;0;706;2026-01-20T17:39:58Z;ADSB;A50E93;A339;N425DX;DAL;DAL;LHR;EGLL;ATL;KATL;2026-01-20T18:22:56Z
3dfb6bb5;AF158;AFR158K;456.346;-8.892.217;207;38000;470;0;2403;2026-01-20T17:39:58Z;ADSB;3949F4;B772;F-GSPU;AFR;AFR;CDG;LFPG;DFW;KDFW;2026-01-20T19:37:36Z
3dfbc8a3;UA4200;UAL4200;4.040.186;-7.469.891;46;5600;273;-704;5746;2026-01-20T17:39:59Z;ADSB;A8EC57;B763;N674UA;UAL;UAL;MDE;SKRG;EWR;KEWR;2026-01-20T17:46:45Z
3dfc6077;UA1119;UAL1119;261.111;-92.34;135;39000;487;0;3536;2026-01-20T17:39:56Z;ESTIMATED;A1CDD8;B772;N215UA;UAL;UAL;DEN;KDEN;CUN;MMUN;2026-01-20T18:44:16Z
3dfb53b3;UA6;UAL6;4.822.751;-11.755.118;132;38975;546;0;5721;2026-01-20T17:39:59Z;ADSB;A31A76;B789;N29984;UAL;UAL;NRT;RJAA;IAH;KIAH;2026-01-20T20:35:12Z
3dfb71d2;LH454;DLH454;5.408.263;-11.569.365;196;35975;531;0;1710;2026-01-20T17:40:00Z;ADSB;3C4B2A;B748;D-ABYJ;DLH;DLH;FRA;EDDF;SFO;KSFO;2026-01-20T20:01:04Z
3dfbe9c7;AA3193;AAL3193;4.012.188;-10.555.083;266;23950;388;128;2031;2026-01-20T17:39:58Z;ADSB;AC7A33;A319;N9029F;AAL;AAL;MIA;KMIA;EGE;KEGE;2026-01-20T17:56:41Z
3dfb80ef;LH456;DLH456;568.033;-11.199.772;197;34000;551;0;1310;2026-01-20T17:39:58Z;ADSB;3C4B2D;B748;D-ABYM;DLH;DLH;FRA;EDDF;LAX;KLAX;2026-01-20T20:43:44Z
3dfc29a2;UA3895;UAL3895;3.758.502;-9.643.554;245;40000;387;0;7155;2026-01-20T17:40:00Z;ADSB;A8E24D;B752;N67134;UAL;UAL;EWR;KEWR;AMA;KAMA;2026-01-20T18:33:36Z
3dfb5e2d;KL623;KLM623;380.079;-8.253.014;190;36000;442;0;754;2026-01-20T17:39:59Z;ADSB;485E2E;B78X;PH-BKH;KLM;KLM;AMS;EHAM;ATL;KATL;2026-01-20T18:31:28Z
3dfa9c2b;DL42;DAL42;3.394.542;-11.841.026;261;0;0;0;1464;2026-01-20T17:39:55Z;ADSB;A6A347;A359;N527DN;DAL;DAL;SYD;YSSY;LAX;KLAX;2026-01-20T17:05:27Z
3dfc21cf;DL830;DAL830;3.728.913;-10.700.624;312;40000;425;0;2001;2026-01-20T17:40:00Z;ADSB;ABD018;A332;N860NW;DAL;DAL;ATL;KATL;SLC;KSLC;2026-01-20T18:31:28Z
3dfc08be;DL713;DAL713;3.773.222;-10.463.484;255;40000;411;0;7106;2026-01-20T17:39:59Z;ADSB;ABCA08;A332;N859NW;DAL;DAL;JFK;KJFK;LAX;KLAX;2026-01-20T19:29:04Z
3dfb5b3f;KL605;KLM373;447.387;-12.047.272;195;39000;516;-64;1307;2026-01-20T17:39:59Z;ADSB;486071;B78X;PH-BKL;KLM;KLM;AMS;EHAM;SFO;KSFO;2026-01-20T18:48:32Z
3dfb6660;AF338;AFR338;5.119.042;-11.917.969;203;40000;529;0;3322;2026-01-20T17:39:58Z;ADSB;39D2B3;A359;F-HUVT;AFR;AFR;CDG;LFPG;SEA;KSEA;2026-01-20T18:27:12Z
3dfbef7c;UA297;UAL297;4.568.781;-11.059.319;261;12600;214;-1216;3054;2026-01-20T17:39:58Z;ADSB;A2B10C;B38M;N27252;UAL;UAL;EWR;KEWR;BZN;KBZN;2026-01-20T17:47:24Z
3dfb2fe8;DL120;DAL120;4.990.691;-10.572.447;118;41000;542;0;7425;2026-01-20T17:39:58Z;ADSB;A68946;A359;N520DN;DAL;DAL;HND;RJTT;MSP;KMSP;2026-01-20T18:57:04Z
3dfb1035;DL274;DAL274;4.639.736;-9.418.799;113;41000;554;0;1337;2026-01-20T17:39:58Z;ADSB;A65800;A359;N508DN;DAL;DAL;HND;RJTT;DTW;KDTW;2026-01-20T18:46:24Z
3df77bd0;DL274;DAL274;4.221.033;-8.335.699;118;0;0;0;6527;2026-01-20T17:39:55Z;ADSB;A661C7;A359;N510DN;DAL;DAL;HND;RJTT;DTW;KDTW;2026-01-19T18:59:44Z
3dfbfe28;UA3929;UAL3929;3.894.672;-7.805.792;152;8550;290;0;3220;2026-01-20T17:39:59Z;ADSB;A2E045;B739;N28478;UAL;UAL;SFO;KSFO;IAD;KIAD;2026-01-20T17:47:26Z
3dfc2a84;AA1172;AAL1172;2.592.592;-7.258.762;149;39025;463;0;1377;2026-01-20T17:39:57Z;ADSB;AAEF89;A319;N8031M;AAL;AAL;ORD;KORD;STT;TIST;2026-01-20T19:14:08Z
3dfc2d74;AA249;AAL249;2.733.696;-995.982;196;38000;390;0;6277;2026-01-20T17:39:58Z;ADSB;A3CDE4;B38M;N344TS;AAL;AAL;ORD;KORD;MEX;MMMX;2026-01-20T18:57:04Z
3dfc5ca0;DL1112;DAL1112;3.090.907;-9.874.091;97;39000;540;0;6736;2026-01-20T17:40:00Z;ADSB;A4463E;B738;N3749D;DAL;DAL;LAX;KLAX;MSY;KMSY;2026-01-20T18:42:08Z
3dfc3057;AA2097;AAL2097;3.317.131;-9.697.049;278;4825;191;-768;6073;2026-01-20T17:39:58Z;ADSB;A99D89;B77W;N719AN;AAL;AAL;MIA;KMIA;DFW;KDFW;2026-01-20T17:44:12Z
3dfb37ee;DL188;DAL188;5.426.166;-12.723.933;111;39000;540;-64;3407;2026-01-20T17:39:59Z;ADSB;A69822;A359;N524DN;DAL;DAL;ICN;RKSI;ATL;KATL;2026-01-20T21:56:16Z
3dfb76b5;AF84;AFR84T;5.707.598;-11.047.746;219;36000;510;-64;3311;2026-01-20T17:39:57Z;ADSB;3965A0;B77W;F-GZNA;AFR;AFR;CDG;LFPG;SFO;KSFO;2026-01-20T20:33:04Z
3dfb79f6;BA195;BAW26E;4.331.197;-8.843.307;221;40000;451;0;767;2026-01-20T17:39:59Z;ADSB;40749B;B789;G-ZBKR;BAW;BAW;LHR;EGLL;IAH;KIAH;2026-01-20T19:54:40Z
3dfc35bc;AA1766;AAL1766;3.874.403;-7.514.478;32;36850;559;-1024;517;2026-01-20T17:39:59Z;ADSB;AD1986;B738;N943NN;AAL;AAL;DFW;KDFW;JFK;KJFK;2026-01-20T18:10:08Z
3dfb5cc2;KL689;KLM689;3.497.374;-8.998.649;184;40000;449;-64;747;2026-01-20T17:44:59Z;ADSB;485785;B789;PH-BHN;KLM;KLM;AMS;EHAM;CUN;MMUN;2026-01-20T19:54:40Z
3dfc46ab;DL853;DAL853;4.849.773;-12.327.076;148;21600;429;-2176;7270;2026-01-20T17:44:58Z;ADSB;A44502;B738;N3740C;DAL;DAL;ANC;PANC;SEA;KSEA;2026-01-20T18:08:47Z
3dfb8063;BA53;BAW5EA;5.438.968;-11.681.105;205;40000;523;0;2163;2026-01-20T17:44:59Z;ADSB;400774;B772;G-VIIW;BAW;BAW;LHR;EGLL;SEA;KSEA;2026-01-20T19:01:20Z
3dfb5a0f;KL661;KLM661;3.692.966;-9.130.188;198;38000;442;0;5604;2026-01-20T17:44:58Z;ADSB;4851B0;B789;PH-BHE;KLM;KLM;AMS;EHAM;IAH;KIAH;2026-01-20T19:03:28Z
3dfb6bff;AF636;AFR636P;4.331.845;-9.136.671;209;38000;473;0;7111;2026-01-20T17:44:57Z;ADSB;39D2A6;A359;F-HUVG;AFR;AFR;CDG;LFPG;IAH;KIAH;2026-01-20T19:46:08Z
3dfc18c5;AA3052;AAL3052;2.607.875;-8.033.837;99;2100;195;-576;2313;2026-01-20T17:44:58Z;ADSB;AB4EA8;A319;N828AW;AAL;AAL;DCA;KDCA;FLL;KFLL;2026-01-20T17:46:52Z
3dfc25be;AA2896;AAL2896;260.771;-802.058;90;400;128;-704;3250;2026-01-20T17:44:59Z;ADSB;A35388;B38M;N313SB;AAL;AAL;LGA;KLGA;FLL;KFLL;2026-01-20T17:46:04Z
3dfcdb67;AA3139;AAL3139;3.078.495;-8.729.687;297;10600;308;960;1654;2026-01-20T17:44:59Z;ADSB;A0480B;A320;N117UW;AAL;AAL;PNS;KPNS;DFW;KDFW;2026-01-20T19:16:16Z
3dfc5bb8;AA882;AAL882;3.950.735;-1.197.726;213;0;0;0;1715;2026-01-20T17:44:56Z;ADSB;AB5FDD;A319;N832AW;AAL;AAL;PHX;KPHX;RNO;KRNO;2026-01-20T16:55:18Z
3dfb1d91;DL166;DAL166;4.743.841;-12.229.831;75;0;0;0;7243;2026-01-20T17:44:58Z;ADSB;A65BB7;A359;N509DN;DAL;DAL;HND;RJTT;SEA;KSEA;2026-01-20T16:32:12Z
3dfb554c;KL601;KLM601;4.026.338;-11.229.871;202;37975;504;0;3351;2026-01-20T17:44:59Z;ADSB;485F84;B78X;PH-BKQ;KLM;KLM;AMS;EHAM;LAX;KLAX;2026-01-20T19:01:20Z
3dfb459f;DL57;DAL57;4.346.713;-10.617.136;191;36000;434;0;1742;2026-01-20T17:44:59Z;ADSB;AB00D6;A333;N808NW;DAL;DAL;AMS;EHAM;SLC;KSLC;2026-01-20T18:44:16Z
3dfb55ab;DL33;DAL33;3.617.084;-8.274.553;212;40000;372;0;706;2026-01-20T17:44:58Z;ADSB;A50E93;A339;N425DX;DAL;DAL;LHR;EGLL;ATL;KATL;2026-01-20T18:25:04Z
3dfb6bb5;AF158;AFR158K;4.505.786;-8.934.474;207;38000;467;0;2403;2026-01-20T17:44:57Z;ADSB;3949F4;B772;F-GSPU;AFR;AFR;CDG;LFPG;DFW;KDFW;2026-01-20T19:39:44Z
3dfbc8a3;UA4200;UAL4200;4.072.459;-7.456.664;34;4550;255;0;2772;2026-01-20T17:44:58Z;ADSB;A8EC57;B763;N674UA;UAL;UAL;MDE;SKRG;EWR;KEWR;2026-01-20T17:49:45Z
3dfc6077;UA1119;UAL1119;2.564.202;-9.179.877;134;39000;487;0;3536;2026-01-20T17:44:56Z;ESTIMATED;A1CDD8;B772;N215UA;UAL;UAL;DEN;KDEN;CUN;MMUN;2026-01-20T18:44:16Z
3dfb53b3;UA6;UAL6;4.771.218;-1.167.184;131;38975;553;-64;5721;2026-01-20T17:44:58Z;ADSB;A31A76;B789;N29984;UAL;UAL;NRT;RJAA;IAH;KIAH;2026-01-20T20:35:12Z
3dfb71d2;LH454;DLH454;5.338.136;-11.604.285;196;36000;531;64;1710;2026-01-20T17:44:59Z;ADSB;3C4B2A;B748;D-ABYJ;DLH;DLH;FRA;EDDF;SFO;KSFO;2026-01-20T20:03:12Z
3dfbe9c7;AA3193;AAL3193;4.009.595;-10.606.089;266;17125;265;-1472;2031;2026-01-20T17:44:57Z;ADSB;AC7A33;A319;N9029F;AAL;AAL;MIA;KMIA;EGE;KEGE;2026-01-20T17:56:26Z
3dfb80ef;LH456;DLH456;5.606.891;-11.240.653;197;34000;556;64;1310;2026-01-20T17:44:58Z;ADSB;3C4B2D;B748;D-ABYM;DLH;DLH;FRA;EDDF;LAX;KLAX;2026-01-20T20:39:28Z
3dfc29a2;UA3895;UAL3895;3.736.143;-97.043;244;40000;385;0;7155;2026-01-20T17:44:58Z;ADSB;A8E24D;B752;N67134;UAL;UAL;EWR;KEWR;AMA;KAMA;2026-01-20T18:33:36Z
3dfb5e2d;KL623;KLM623;3.741.175;-8.267.499;190;35975;437;64;754;2026-01-20T17:44:59Z;ADSB;485E2E;B78X;PH-BKH;KLM;KLM;AMS;EHAM;ATL;KATL;2026-01-20T18:33:36Z
3dfcd075;AA3317;AAL3317;2.668.652;-8.009.286;317;0;0;0;2104;2026-01-20T17:44:55Z;ADSB;ACF849;B738;N935AN;AAL;AAL;PBI;KPBI;LGA;KLGA;
3dfa9c2b;DL42;DAL42;3.394.542;-11.841.026;261;0;0;0;1464;2026-01-20T17:44:58Z;ADSB;A6A347;A359;N527DN;DAL;DAL;SYD;YSSY;LAX;KLAX;2026-01-20T17:05:27Z
3dfc21cf;DL830;DAL830;376.853;-10.754.242;312;40000;415;64;2001;2026-01-20T17:44:58Z;ADSB;ABD018;A332;N860NW;DAL;DAL;ATL;KATL;SLC;KSLC;2026-01-20T18:33:36Z
3dfc08be;DL713;DAL713;3.758.469;-10.532.575;254;40000;411;-64;7106;2026-01-20T17:44:58Z;ADSB;ABCA08;A332;N859NW;DAL;DAL;JFK;KJFK;LAX;KLAX;2026-01-20T19:31:12Z
3dfb5b3f;KL605;KLM373;4.405.983;-12.073.916;195;38975;504;-64;1307;2026-01-20T17:44:58Z;ADSB;486071;B78X;PH-BKL;KLM;KLM;AMS;EHAM;SFO;KSFO;2026-01-20T18:48:32Z
3dfb6660;AF338;AFR338;5.052.118;-11.963.309;203;40000;526;0;3322;2026-01-20T17:44:59Z;ADSB;39D2B3;A359;F-HUVT;AFR;AFR;CDG;LFPG;SEA;KSEA;2026-01-20T18:27:12Z
3dfbef7c;UA297;UAL297;456.649;-11.098.931;312;7075;161;-704;3054;2026-01-20T17:44:58Z;ADSB;A2B10C;B38M;N27252;UAL;UAL;EWR;KEWR;BZN;KBZN;2026-01-20T17:48:05Z
3dfb2fe8;DL120;DAL120;495.489;-10.469.407;118;41000;544;-64;7425;2026-01-20T17:44:59Z;ADSB;A68946;A359;N520DN;DAL;DAL;HND;RJTT;MSP;KMSP;2026-01-20T18:57:04Z
3dfb1035;DL274;DAL274;4.610.596;-9.315.448;112;41000;559;0;1337;2026-01-20T17:44:58Z;ADSB;A65800;A359;N508DN;DAL;DAL;HND;RJTT;DTW;KDTW;2026-01-20T18:46:24Z
3df77bd0;DL274;DAL274;4.221.033;-8.335.699;118;0;0;0;6527;2026-01-20T17:44:59Z;ADSB;A661C7;A359;N510DN;DAL;DAL;HND;RJTT;DTW;KDTW;2026-01-19T18:59:44Z
3dfbfe28;UA3929;UAL3929;387.247;-7.769.501;89;5550;272;0;3220;2026-01-20T17:44:58Z;ADSB;A2E045;B739;N28478;UAL;UAL;SFO;KSFO;IAD;KIAD;2026-01-20T17:49:26Z
3dfc2a84;AA1172;AAL1172;2.541.742;-7.222.858;138;39000;463;0;1377;2026-01-20T17:44:56Z;ADSB;AAEF89;A319;N8031M;AAL;AAL;ORD;KORD;STT;TIST;2026-01-20T19:14:08Z
3dfc2d74;AA249;AAL249;2.681.176;-997.697;196;38000;395;0;6277;2026-01-20T17:44:59Z;ADSB;A3CDE4;B38M;N344TS;AAL;AAL;ORD;KORD;MEX;MMMX;2026-01-20T18:57:04Z
3dfc5ca0;DL1112;DAL1112;3.080.836;-9.787.854;98;39000;540;0;6736;2026-01-20T17:44:59Z;ADSB;A4463E;B738;N3749D;DAL;DAL;LAX;KLAX;MSY;KMSY;2026-01-20T18:40:00Z
3dfc3057;AA2097;AAL2097;3.295.944;-9.702.581;180;1025;136;-768;6073;2026-01-20T17:44:58Z;ADSB;A99D89;B77W;N719AN;AAL;AAL;MIA;KMIA;DFW;KDFW;2026-01-20T17:45:41Z
3dfb37ee;DL188;DAL188;5.398.207;-12.605.899;112;39000;537;0;3407;2026-01-20T17:44:58Z;ADSB;A69822;A359;N524DN;DAL;DAL;ICN;RKSI;ATL;KATL;2026-01-20T21:56:16Z
3dfb76b5;AF84;AFR84T;5.649.133;-11.125.347;204;36000;547;0;3311;2026-01-20T17:44:59Z;ADSB;3965A0;B77W;F-GZNA;AFR;AFR;CDG;LFPG;SFO;KSFO;2026-01-20T20:28:48Z
3dfb79f6;BA195;BAW26E;4.284.979;-8.899.551;221;39975;449;0;767;2026-01-20T17:44:58Z;ADSB;40749B;B789;G-ZBKR;BAW;BAW;LHR;EGLL;IAH;KIAH;2026-01-20T19:56:48Z
3dfc35bc;AA1766;AAL1766;3.934.139;-7.453.394;40;23275;508;-2304;517;2026-01-20T17:44:59Z;ADSB;AD1986;B738;N943NN;AAL;AAL;DFW;KDFW;JFK;KJFK;2026-01-20T18:09:29Z
3dfb5cc2;KL689;KLM689;3.434.792;-9.003.445;183;40000;459;0;747;2026-01-20T17:49:58Z;ADSB;485785;B789;PH-BHN;KLM;KLM;AMS;EHAM;CUN;MMUN;2026-01-20T19:52:32Z
3dfc46ab;DL853;DAL853;4.803.374;-12.284.363;148;11825;351;-1600;7270;2026-01-20T17:49:58Z;ADSB;A44502;B738;N3740C;DAL;DAL;ANC;PANC;SEA;KSEA;2026-01-20T18:03:05Z
3dfb8063;BA53;BAW5EA;5.373.436;-11.732.975;204;39975;515;64;2163;2026-01-20T17:49:59Z;ADSB;400774;B772;G-VIIW;BAW;BAW;LHR;EGLL;SEA;KSEA;2026-01-20T19:01:20Z
3dfb5a0f;KL661;KLM661;3.633.572;-9.154.484;198;38000;447;0;5604;2026-01-20T17:49:58Z;ADSB;4851B0;B789;PH-BHE;KLM;KLM;AMS;EHAM;IAH;KIAH;2026-01-20T19:01:20Z
3dfb6bff;AF636;AFR636P;427.457;-9.181.206;209;38000;473;0;7111;2026-01-20T17:49:59Z;ADSB;39D2A6;A359;F-HUVG;AFR;AFR;CDG;LFPG;IAH;KIAH;2026-01-20T19:46:08Z
3dfc25be;AA2896;AAL2896;2.607.365;-8.014.653;208;0;0;0;3250;2026-01-20T17:49:40Z;ADSB;A35388;B38M;N313SB;AAL;AAL;LGA;KLGA;FLL;KFLL;2026-01-20T17:46:12Z
3dfc18c5;AA3052;AAL3052;2.607.811;-8.011.459;83;1975;184;-64;2313;2026-01-20T17:49:59Z;ADSB;AB4EA8;A319;N828AW;AAL;AAL;DCA;KDCA;FLL;KFLL;2026-01-20T17:49:12Z
3dfcdb67;AA3139;AAL3139;3.089.416;-8.787.871;281;19025;393;1472;1654;2026-01-20T17:49:58Z;ADSB;A0480B;A320;N117UW;AAL;AAL;PNS;KPNS;DFW;KDFW;2026-01-20T19:14:08Z
3dfb554c;KL601;KLM601;3.961.752;-11.264.031;202;37975;506;64;3351;2026-01-20T17:49:57Z;ADSB;485F84;B78X;PH-BKQ;KLM;KLM;AMS;EHAM;LAX;KLAX;2026-01-20T19:01:20Z
3dfb1d91;DL166;DAL166;4.743.839;-12.229.831;75;0;0;0;7243;2026-01-20T17:49:59Z;ADSB;A65BB7;A359;N509DN;DAL;DAL;HND;RJTT;SEA;KSEA;2026-01-20T16:32:12Z
3dfb459f;DL57;DAL57;4.302.749;-10.654.678;252;36000;378;-64;1742;2026-01-20T17:49:59Z;ADSB;AB00D6;A333;N808NW;DAL;DAL;AMS;EHAM;SLC;KSLC;2026-01-20T18:44:16Z
3dfb55ab;DL33;DAL33;3.573.514;-8.308.417;205;37550;374;-960;706;2026-01-20T17:49:59Z;ADSB;A50E93;A339;N425DX;DAL;DAL;LHR;EGLL;ATL;KATL;2026-01-20T18:25:04Z
3dfb6bb5;AF158;AFR158K;4.448.243;-897.571;206;38000;468;0;2403;2026-01-20T17:49:58Z;ADSB;3949F4;B772;F-GSPU;AFR;AFR;CDG;LFPG;DFW;KDFW;2026-01-20T19:39:44Z
3dfbc8a3;UA4200;UAL4200;4.093.269;-7.422.307;98;3600;256;-384;2772;2026-01-20T17:49:58Z;ADSB;A8EC57;B763;N674UA;UAL;UAL;MDE;SKRG;EWR;KEWR;2026-01-20T17:53:44Z
3dfc6077;UA1119;UAL1119;2.517.713;-9.126.445;134;39000;487;0;3536;2026-01-20T17:49:54Z;ESTIMATED;A1CDD8;B772;N215UA;UAL;UAL;DEN;KDEN;CUN;MMUN;2026-01-20T18:44:16Z
3dfbe9c7;AA3193;AAL3193;399.803;-10.646.759;219;13650;215;0;2031;2026-01-20T17:49:58Z;ADSB;AC7A33;A319;N9029F;AAL;AAL;MIA;KMIA;EGE;KEGE;2026-01-20T17:55:41Z
3dfb53b3;UA6;UAL6;471.975;-11.587.132;132;38975;563;64;5721;2026-01-20T17:49:58Z;ADSB;A31A76;B789;N29984;UAL;UAL;NRT;RJAA;IAH;KIAH;2026-01-20T20:30:56Z
3dfb71d2;LH454;DLH454;5.267.698;-11.638.171;195;36000;532;64;1710;2026-01-20T17:49:57Z;ADSB;3C4B2A;B748;D-ABYJ;DLH;DLH;FRA;EDDF;SFO;KSFO;2026-01-20T20:01:04Z
3dfb80ef;LH456;DLH456;5.532.994;-11.280.187;196;34000;559;0;1310;2026-01-20T17:49:57Z;ADSB;3C4B2D;B748;D-ABYM;DLH;DLH;FRA;EDDF;LAX;KLAX;2026-01-20T20:39:28Z
3dfc29a2;UA3895;UAL3895;3.713.374;-9.764.917;244;40000;385;-64;7155;2026-01-20T17:49:59Z;ADSB;A8E24D;B752;N67134;UAL;UAL;EWR;KEWR;AMA;KAMA;2026-01-20T18:35:44Z
3dfb5e2d;KL623;KLM623;3.681.738;-8.281.706;190;35975;432;64;754;2026-01-20T17:49:58Z;ADSB;485E2E;B78X;PH-BKH;KLM;KLM;AMS;EHAM;ATL;KATL;2026-01-20T18:31:28Z
3dfcd075;AA3317;AAL3317;2.668.652;-8.009.286;317;0;0;0;2104;2026-01-20T17:49:49Z;ADSB;ACF849;B738;N935AN;AAL;AAL;PBI;KPBI;LGA;KLGA;
3dfa9c2b;DL42;DAL42;3.394.542;-11.841.024;261;0;0;0;1464;2026-01-20T17:49:57Z;ADSB;A6A347;A359;N527DN;DAL;DAL;SYD;YSSY;LAX;KLAX;2026-01-20T17:05:27Z
3dfc08be;DL713;DAL713;3.743.285;-1.060.155;254;40000;414;0;7106;2026-01-20T17:49:57Z;ADSB;ABCA08;A332;N859NW;DAL;DAL;JFK;KJFK;LAX;KLAX;2026-01-20T19:31:12Z
3dfc21cf;DL830;DAL830;3.808.029;-10.808.624;312;40000;417;64;2001;2026-01-20T17:49:58Z;ADSB;ABD018;A332;N860NW;DAL;DAL;ATL;KATL;SLC;KSLC;2026-01-20T18:33:36Z
3dfb5b3f;KL605;KLM373;4.339.142;-12.099.524;195;38975;501;0;1307;2026-01-20T17:49:57Z;ADSB;486071;B78X;PH-BKL;KLM;KLM;AMS;EHAM;SFO;KSFO;2026-01-20T18:50:40Z
3dfb6660;AF338;AFR338;4.984.865;-12.007.478;202;40000;524;0;3322;2026-01-20T17:49:59Z;ADSB;39D2B3;A359;F-HUVT;AFR;AFR;CDG;LFPG;SEA;KSEA;2026-01-20T18:25:04Z
3dfbef7c;UA297;UAL297;457.824;-11.116.084;225;0;8;0;3054;2026-01-20T17:49:58Z;ADSB;A2B10C;B38M;N27252;UAL;UAL;EWR;KEWR;BZN;KBZN;2026-01-20T17:49:12Z
3dfb2fe8;DL120;DAL120;4.918.379;-10.368.311;119;41000;542;0;7425;2026-01-20T17:49:59Z;ADSB;A68946;A359;N520DN;DAL;DAL;HND;RJTT;MSP;KMSP;2026-01-20T18:57:04Z
3dfb1035;DL274;DAL274;4.580.864;-9.212.566;112;41000;558;0;1337;2026-01-20T17:49:58Z;ADSB;A65800;A359;N508DN;DAL;DAL;HND;RJTT;DTW;KDTW;2026-01-20T18:46:24Z
3df77bd0;DL274;DAL274;4.221.033;-8.335.699;118;0;0;0;6527;2026-01-20T17:49:55Z;ADSB;A661C7;A359;N510DN;DAL;DAL;HND;RJTT;DTW;KDTW;2026-01-19T18:59:44Z
3dfbfe28;UA3929;UAL3929;3.888.788;-7.743.707;1;675;137;-704;3220;2026-01-20T17:49:58Z;ADSB;A2E045;B739;N28478;UAL;UAL;SFO;KSFO;IAD;KIAD;2026-01-20T17:51:17Z
3dfc2a84;AA1172;AAL1172;2.478.208;-7.196.481;172;39000;449;0;1377;2026-01-20T17:49:58Z;ADSB;AAEF89;A319;N8031M;AAL;AAL;ORD;KORD;STT;TIST;2026-01-20T19:14:08Z
3dfc5de4;AA142;AAL142;5.467.563;-4.700.825;68;39000;550;0;0;2026-01-20T17:49:54Z;ESTIMATED;AACAA5;B772;N795AN;AAL;AAL;JFK;KJFK;LHR;EGLL;2026-01-20T21:24:16Z
3dfc2d74;AA249;AAL249;2.628.302;-9.994.067;196;38000;397;0;6277;2026-01-20T17:49:58Z;ADSB;A3CDE4;B38M;N344TS;AAL;AAL;ORD;KORD;MEX;MMMX;2026-01-20T18:57:04Z
3dfc5ca0;DL1112;DAL1112;3.070.176;-9.702.131;98;39000;539;0;6736;2026-01-20T17:49:58Z;ADSB;A4463E;B738;N3749D;DAL;DAL;LAX;KLAX;MSY;KMSY;2026-01-20T18:42:08Z
3dfc3057;AA2097;AAL2097;3.287.169;-9.703.019;267;0;17;0;6073;2026-01-20T17:49:58Z;ADSB;A99D89;B77W;N719AN;AAL;AAL;MIA;KMIA;DFW;KDFW;2026-01-20T17:47:12Z
3dfb37ee;DL188;DAL188;5.369.266;-12.490.105;113;39000;531;0;3407;2026-01-20T17:49:59Z;ADSB;A69822;A359;N524DN;DAL;DAL;ICN;RKSI;ATL;KATL;2026-01-20T21:56:16Z
3dfb76b5;AF84;AFR84T;5.580.571;-11.181.387;204;36000;542;0;3311;2026-01-20T17:49:59Z;ADSB;3965A0;B77W;F-GZNA;AFR;AFR;CDG;LFPG;SFO;KSFO;2026-01-20T20:22:24Z
3dfb79f6;BA195;BAW26E;4.237.948;-8.955.627;221;39975;452;64;767;2026-01-20T17:49:57Z;ADSB;40749B;B789;G-ZBKR;BAW;BAW;LHR;EGLL;IAH;KIAH;2026-01-20T19:52:32Z
3dfc35bc;AA1766;AAL1766;3.981.669;-7.401.263;40;12850;395;-2112;517;2026-01-20T17:49:57Z;ADSB;AD1986;B738;N943NN;AAL;AAL;DFW;KDFW;JFK;KJFK;2026-01-20T18:05:43Z
3dfb5cc2;KL689;KLM689;3.372.095;-9.008.183;183;39975;447;64;747;2026-01-20T17:54:57Z;ADSB;485785;B789;PH-BHN;KLM;KLM;AMS;EHAM;CUN;MMUN;2026-01-20T19:56:48Z
3dfc46ab;DL853;DAL853;4.781.264;-12.242.718;86;6850;221;-1216;7270;2026-01-20T17:54:59Z;ADSB;A44502;B738;N3740C;DAL;DAL;ANC;PANC;SEA;KSEA;2026-01-20T18:01:48Z
3dfb8063;BA53;BAW5EA;5.309.637;-1.178.177;204;40000;510;0;2163;2026-01-20T17:54:58Z;ADSB;400774;B772;G-VIIW;BAW;BAW;LHR;EGLL;SEA;KSEA;2026-01-20T19:01:20Z
3dfb5a0f;KL661;KLM661;3.575.153;-9.176.456;198;38000;431;64;5604;2026-01-20T17:54:58Z;ADSB;4851B0;B789;PH-BHE;KLM;KLM;AMS;EHAM;IAH;KIAH;2026-01-20T19:01:20Z
3dfb6bff;AF636;AFR636P;4.218.894;-9.225.909;211;38000;465;0;7111;2026-01-20T17:54:57Z;ADSB;39D2A6;A359;F-HUVG;AFR;AFR;CDG;LFPG;IAH;KIAH;2026-01-20T19:46:08Z
3dfc18c5;AA3052;AAL3052;2.616.866;-8.009.251;232;3675;246;0;2313;2026-01-20T17:54:59Z;ADSB;AB4EA8;A319;N828AW;AAL;AAL;DCA;KDCA;FLL;KFLL;2026-01-20T17:57:52Z
3dfcdb67;AA3139;AAL3139;3.100.938;-8.851.762;281;24975;415;832;1654;2026-01-20T17:54:59Z;ADSB;A0480B;A320;N117UW;AAL;AAL;PNS;KPNS;DFW;KDFW;2026-01-20T19:16:16Z
3dfc5bb8;AA882;AAL882;3.950.804;-11.977.261;90;0;0;0;1715;2026-01-20T17:54:56Z;ADSB;AB5FDD;A319;N832AW;AAL;AAL;PHX;KPHX;RNO;KRNO;2026-01-20T16:55:18Z
3dfb554c;KL601;KLM601;3.896.511;-1.129.787;201;37975;505;64;3351;2026-01-20T17:54:58Z;ADSB;485F84;B78X;PH-BKQ;KLM;KLM;AMS;EHAM;LAX;KLAX;2026-01-20T18:59:12Z
3dfb1d91;DL166;DAL166;474.384;-12.229.829;75;0;0;0;7243;2026-01-20T17:54:55Z;ADSB;A65BB7;A359;N509DN;DAL;DAL;HND;RJTT;SEA;KSEA;2026-01-20T16:32:12Z
3dfb459f;DL57;DAL57;4.286.283;-10.723.055;251;36000;383;64;1742;2026-01-20T17:54:57Z;ADSB;AB00D6;A333;N808NW;DAL;DAL;AMS;EHAM;SLC;KSLC;2026-01-20T18:50:40Z
3dfb55ab;DL33;DAL33;3.527.229;-8.335.001;204;32625;376;-1024;706;2026-01-20T17:54:58Z;ADSB;A50E93;A339;N425DX;DAL;DAL;LHR;EGLL;ATL;KATL;2026-01-20T18:29:20Z
3dfb6bb5;AF158;AFR158K;4.389.565;-9.016.792;206;38000;473;0;2403;2026-01-20T17:54:58Z;ADSB;3949F4;B772;F-GSPU;AFR;AFR;CDG;LFPG;DFW;KDFW;2026-01-20T19:37:36Z
3dfbc8a3;UA4200;UAL4200;4.073.698;-7.408.424;208;1125;154;-1024;2772;2026-01-20T17:54:59Z;ADSB;A8EC57;B763;N674UA;UAL;UAL;MDE;SKRG;EWR;KEWR;2026-01-20T17:56:35Z
3dfc6077;UA1119;UAL1119;2.433.723;-9.125.585;156;39000;465;0;3536;2026-01-20T17:54:57Z;ADSB;A1CDD8;B772;N215UA;UAL;UAL;DEN;KDEN;CUN;MMUN;2026-01-20T18:46:24Z
3dfbe9c7;AA3193;AAL3193;3.975.296;-10.668.085;219;10500;144;-704;2031;2026-01-20T17:54:57Z;ADSB;AC7A33;A319;N9029F;AAL;AAL;MIA;KMIA;EGE;KEGE;2026-01-20T17:59:29Z
3dfb53b3;UA6;UAL6;4.666.634;-11.502.493;132;39000;566;0;5721;2026-01-20T17:54:59Z;ADSB;A31A76;B789;N29984;UAL;UAL;NRT;RJAA;IAH;KIAH;2026-01-20T20:30:56Z
3dfb71d2;LH454;DLH454;5.198.016;-11.670.616;195;36000;519;-64;1710;2026-01-20T17:54:57Z;ADSB;3C4B2A;B748;D-ABYJ;DLH;DLH;FRA;EDDF;SFO;KSFO;2026-01-20T20:03:12Z
3dfb80ef;LH456;DLH456;5.458.902;-11.318.298;196;34000;550;0;1310;2026-01-20T17:54:58Z;ADSB;3C4B2D;B748;D-ABYM;DLH;DLH;FRA;EDDF;LAX;KLAX;2026-01-20T20:41:36Z
3dfc29a2;UA3895;UAL3895;3.689.754;-9.824.284;242;40000;385;0;7155;2026-01-20T17:54:57Z;ADSB;A8E24D;B752;N67134;UAL;UAL;EWR;KEWR;AMA;KAMA;2026-01-20T18:36:13Z
3dfb5e2d;KL623;KLM623;3.622.444;-8.295.683;190;36000;430;-64;754;2026-01-20T17:54:59Z;ADSB;485E2E;B78X;PH-BKH;KLM;KLM;AMS;EHAM;ATL;KATL;2026-01-20T18:33:36Z
3dfcd075;AA3317;AAL3317;2.668.653;-8.009.284;317;0;0;0;2104;2026-01-20T17:54:54Z;ADSB;ACF849;B738;N935AN;AAL;AAL;PBI;KPBI;LGA;KLGA;
3dfa9c2b;DL42;DAL42;3.394.542;-11.841.026;261;0;0;0;1464;2026-01-20T17:54:59Z;ADSB;A6A347;A359;N527DN;DAL;DAL;SYD;YSSY;LAX;KLAX;2026-01-20T17:05:27Z
3dfc08be;DL713;DAL713;3.727.519;-10.671.014;253;40000;418;64;7106;2026-01-20T17:54:57Z;ADSB;ABCA08;A332;N859NW;DAL;DAL;JFK;KJFK;LAX;KLAX;2026-01-20T19:29:04Z
3dfc21cf;DL830;DAL830;3.847.296;-10.863.318;314;40000;424;0;2001;2026-01-20T17:54:58Z;ADSB;ABD018;A332;N860NW;DAL;DAL;ATL;KATL;SLC;KSLC;2026-01-20T18:33:36Z
3dfb5b3f;KL605;KLM373;4.273.132;-12.124.237;195;39000;487;0;1307;2026-01-20T17:54:57Z;ADSB;486071;B78X;PH-BKL;KLM;KLM;AMS;EHAM;SFO;KSFO;2026-01-20T18:50:40Z
3dfb6660;AF338;AFR338;4.920.387;-12.053.685;210;34850;478;-1920;3322;2026-01-20T17:54:58Z;ADSB;39D2B3;A359;F-HUVT;AFR;AFR;CDG;LFPG;SEA;KSEA;2026-01-20T18:25:04Z
3dfb2fe8;DL120;DAL120;4.881.086;-10.268.935;120;41000;543;0;2427;2026-01-20T17:54:58Z;ADSB;A68946;A359;N520DN;DAL;DAL;HND;RJTT;MSP;KMSP;2026-01-20T18:57:04Z
3dfb1035;DL274;DAL274;4.550.386;-9.111.315;113;41000;559;0;1337;2026-01-20T17:54:58Z;ADSB;A65800;A359;N508DN;DAL;DAL;HND;RJTT;DTW;KDTW;2026-01-20T18:46:24Z
3df77bd0;DL274;DAL274;4.221.032;-8.335.699;118;0;0;0;6527;2026-01-20T17:54:55Z;ADSB;A661C7;A359;N510DN;DAL;DAL;HND;RJTT;DTW;KDTW;2026-01-19T18:59:44Z
3dfbfe28;UA3929;UAL3929;3.894.415;-7.744.878;270;0;5;0;3220;2026-01-20T17:54:56Z;ADSB;A2E045;B739;N28478;UAL;UAL;SFO;KSFO;IAD;KIAD;2026-01-20T17:51:12Z
3dfc2a84;AA1172;AAL1172;2.424.898;-715.716;134;39000;494;0;3557;2026-01-20T17:54:58Z;ADSB;AAEF89;A319;N8031M;AAL;AAL;ORD;KORD;STT;TIST;2026-01-20T19:09:52Z
3dfc5de4;AA142;AAL142;5.494.992;-4.575.083;69;39000;550;0;0;2026-01-20T17:54:59Z;ESTIMATED;AACAA5;B772;N795AN;AAL;AAL;JFK;KJFK;LHR;EGLL;2026-01-20T21:24:16Z
3dfc2d74;AA249;AAL249;2.575.635;-10.010.015;180;38000;401;0;6277;2026-01-20T17:54:57Z;ADSB;A3CDE4;B38M;N344TS;AAL;AAL;ORD;KORD;MEX;MMMX;2026-01-20T18:59:12Z
3dfc3057;AA2097;AAL2097;3.288.614;-9.704.648;270;0;20;0;6073;2026-01-20T17:54:58Z;ADSB;A99D89;B77W;N719AN;AAL;AAL;MIA;KMIA;DFW;KDFW;2026-01-20T17:47:12Z
3dfc5ca0;DL1112;DAL1112;305.896;-9.616.511;98;39000;542;0;6736;2026-01-20T17:54:58Z;ADSB;A4463E;B738;N3749D;DAL;DAL;LAX;KLAX;MSY;KMSY;2026-01-20T18:40:00Z
3dfce054;DL1368;DAL1368;3.003.676;-9.023.545;14;1600;187;1536;7427;2026-01-20T17:54:58Z;ADSB;A3D4C6;A319;N346NB;DAL;DAL;MSY;KMSY;JFK;KJFK;
3dfb37ee;DL188;DAL188;5.339.542;-12.377.092;114;39000;535;0;3407;2026-01-20T17:54:58Z;ADSB;A69822;A359;N524DN;DAL;DAL;ICN;RKSI;ATL;KATL;2026-01-20T21:56:16Z
3dfb76b5;AF84;AFR84T;5.512.798;-1.123.466;203;36000;538;0;3311;2026-01-20T17:54:57Z;ADSB;3965A0;B77W;F-GZNA;AFR;AFR;CDG;LFPG;SFO;KSFO;2026-01-20T20:22:24Z
3dfb79f6;BA195;BAW26E;4.190.125;-9.010.258;217;39975;456;0;767;2026-01-20T17:54:57Z;ADSB;40749B;B789;G-ZBKR;BAW;BAW;LHR;EGLL;IAH;KIAH;2026-01-20T19:54:40Z
3dfc35bc;AA1766;AAL1766;4.022.044;-7.381.396;8;8950;277;-1664;517;2026-01-20T17:54:59Z;ADSB;AD1986;B738;N943NN;AAL;AAL;DFW;KDFW;JFK;KJFK;2026-01-20T18:04:49Z
3dfb5cc2;KL689;KLM689;3.309.012;-9.012.875;183;39975;446;0;747;2026-01-20T17:59:59Z;ADSB;485785;B789;PH-BHN;KLM;KLM;AMS;EHAM;CUN;MMUN;2026-01-20T19:52:32Z
3dfc46ab;DL853;DAL853;4.757.886;-12.231.676;180;2350;193;-1024;7270;2026-01-20T17:59:59Z;ADSB;A44502;B738;N3740C;DAL;DAL;ANC;PANC;SEA;KSEA;2026-01-20T18:03:45Z
3dfb8063;BA53;BAW5EA;5.244.571;-11.829.913;204;40000;512;64;2163;2026-01-20T17:59:59Z;ADSB;400774;B772;G-VIIW;BAW;BAW;LHR;EGLL;SEA;KSEA;2026-01-20T18:57:04Z
3dfb5a0f;KL661;KLM661;3.517.616;-9.200.243;198;38000;429;64;5604;2026-01-20T17:59:59Z;ADSB;4851B0;B789;PH-BHE;KLM;KLM;AMS;EHAM;IAH;KIAH;2026-01-20T19:01:20Z
3dfb6bff;AF636;AFR636P;4.164.605;-9.270.398;211;38000;463;64;7111;2026-01-20T17:59:58Z;ADSB;39D2A6;A359;F-HUVG;AFR;AFR;CDG;LFPG;IAH;KIAH;2026-01-20T19:52:32Z
3dfc18c5;AA3052;AAL3052;2.609.972;-8.039.639;143;2725;185;-448;2313;2026-01-20T17:59:59Z;ADSB;AB4EA8;A319;N828AW;AAL;AAL;DCA;KDCA;FLL;KFLL;2026-01-20T18:04:17Z
3dfce97f;UA654;UAL654;2.999.017;-9.534.037;357;0;0;0;0;2026-01-20T17:59:21Z;ADSB;AB890A;A319;N842UA;UAL;UAL;IAH;KIAH;DCA;KDCA;
3dfcdb67;AA3139;AAL3139;3.111.864;-8.914.275;281;30050;389;0;1654;2026-01-20T17:59:58Z;ADSB;A0480B;A320;N117UW;AAL;AAL;PNS;KPNS;DFW;KDFW;2026-01-20T19:16:16Z
3dfb55ab;DL33;DAL33;3.479.727;-8.362.098;205;27550;371;-1920;706;2026-01-20T17:59:59Z;ADSB;A50E93;A339;N425DX;DAL;DAL;LHR;EGLL;ATL;KATL;2026-01-20T18:26:57Z
3dfb554c;KL601;KLM601;3.831.678;-11.330.815;201;37975;501;0;3351;2026-01-20T17:59:58Z;ADSB;485F84;B78X;PH-BKQ;KLM;KLM;AMS;EHAM;LAX;KLAX;2026-01-20T19:01:20Z
3dfc5bb8;AA882;AAL882;3.951.374;-11.977.041;90;0;0;0;1715;2026-01-20T17:59:59Z;ADSB;AB5FDD;A319;N832AW;AAL;AAL;PHX;KPHX;RNO;KRNO;2026-01-20T16:55:18Z
3dfb1d91;DL166;DAL166;4.743.881;-12.229.857;75;0;1;0;7243;2026-01-20T17:59:58Z;ADSB;A65BB7;A359;N509DN;DAL;DAL;HND;RJTT;SEA;KSEA;2026-01-20T16:32:12Z
3dfb459f;DL57;DAL57;4.269.036;-10.792.586;251;36000;386;0;1742;2026-01-20T17:59:59Z;ADSB;AB00D6;A333;N808NW;DAL;DAL;AMS;EHAM;SLC;KSLC;2026-01-20T18:50:40Z
3dfb6bb5;AF158;AFR158K;4.330.764;-905.707;206;38000;468;0;2403;2026-01-20T17:59:59Z;ADSB;3949F4;B772;F-GSPU;AFR;AFR;CDG;LFPG;DFW;KDFW;2026-01-20T19:39:44Z
3dfc6077;UA1119;UAL1119;2.390.552;-9.070.658;122;39000;500;0;3536;2026-01-20T17:59:58Z;ADSB;A1CDD8;B772;N215UA;UAL;UAL;DEN;KDEN;CUN;MMUN;2026-01-20T18:44:16Z
3dfbe9c7;AA3193;AAL3193;396.464;-10.688.324;262;6575;145;-832;2031;2026-01-20T17:59:58Z;ADSB;AC7A33;A319;N9029F;AAL;AAL;MIA;KMIA;EGE;KEGE;2026-01-20T18:00:46Z
3dfb71d2;LH454;DLH454;5.128.693;-11.702.422;199;36000;516;-64;1710;2026-01-20T17:59:59Z;ADSB;3C4B2A;B748;D-ABYJ;DLH;DLH;FRA;EDDF;SFO;KSFO;2026-01-20T20:03:12Z
3dfb53b3;UA6;UAL6;461.494;-11.417.274;131;39000;565;-64;5721;2026-01-20T17:59:59Z;ADSB;A31A76;B789;N29984;UAL;UAL;NRT;RJAA;IAH;KIAH;2026-01-20T20:30:56Z
3dfb80ef;LH456;DLH456;538.669;-11.354.087;196;34000;535;-64;1310;2026-01-20T17:59:59Z;ADSB;3C4B2D;B748;D-ABYM;DLH;DLH;FRA;EDDF;LAX;KLAX;2026-01-20T20:43:44Z
3dfc29a2;UA3895;UAL3895;3.665.071;-9.882.284;241;40000;374;0;7155;2026-01-20T17:59:58Z;ADSB;A8E24D;B752;N67134;UAL;UAL;EWR;KEWR;AMA;KAMA;2026-01-20T18:33:10Z
3dfb5e2d;KL623;KLM623;356.612;-8.312.776;205;32625;399;-1600;754;2026-01-20T17:59:59Z;ADSB;485E2E;B78X;PH-BKH;KLM;KLM;AMS;EHAM;ATL;KATL;2026-01-20T18:35:44Z
3dfa9c2b;DL42;DAL42;3.394.543;-11.841.023;261;0;0;0;1464;2026-01-20T17:59:57Z;ADSB;A6A347;A359;N527DN;DAL;DAL;SYD;YSSY;LAX;KLAX;2026-01-20T17:05:27Z
3dfc08be;DL713;DAL713;3.711.163;-10.740.959;253;40000;419;0;7106;2026-01-20T17:59:57Z;ADSB;ABCA08;A332;N859NW;DAL;DAL;JFK;KJFK;LAX;KLAX;2026-01-20T19:31:12Z
3dfc21cf;DL830;DAL830;3.888.699;-10.916.919;314;39500;419;-1024;2001;2026-01-20T17:59:59Z;ADSB;ABD018;A332;N860NW;DAL;DAL;ATL;KATL;SLC;KSLC;2026-01-20T18:33:36Z
3dfb5b3f;KL605;KLM373;4.207.061;-12.148.432;195;38975;497;-64;1307;2026-01-20T17:59:58Z;ADSB;486071;B78X;PH-BKL;KLM;KLM;AMS;EHAM;SFO;KSFO;2026-01-20T18:50:40Z
3dfb6660;AF338;AFR338;4.862.986;-12.088.228;195;26275;415;-576;3322;2026-01-20T17:59:58Z;ADSB;39D2B3;A359;F-HUVT;AFR;AFR;CDG;LFPG;SEA;KSEA;2026-01-20T18:26:28Z
3dfb2fe8;DL120;DAL120;4.842.708;-10.170.463;120;41000;545;0;2427;2026-01-20T17:59:59Z;ADSB;A68946;A359;N520DN;DAL;DAL;HND;RJTT;MSP;KMSP;2026-01-20T18:57:04Z
3dfb1035;DL274;DAL274;4.518.782;-901.043;114;41000;560;0;1337;2026-01-20T17:59:59Z;ADSB;A65800;A359;N508DN;DAL;DAL;HND;RJTT;DTW;KDTW;2026-01-20T18:46:24Z
3df77bd0;DL274;DAL274;4.221.033;-8.335.699;118;0;0;0;6527;2026-01-20T17:59:55Z;ADSB;A661C7;A359;N510DN;DAL;DAL;HND;RJTT;DTW;KDTW;2026-01-19T18:59:44Z
3dfc1af7;AA1688;AAL1688;352.192;-809.456;104;0;0;0;3461;2026-01-20T17:59:38Z;ADSB;ADECA5;A321;N997AA;AAL;AAL;BOS;KBOS;CLT;KCLT;2026-01-20T17:02:12Z
3dfc2a84;AA1172;AAL1172;2.381.365;-710.612;132;39000;494;0;3557;2026-01-20T17:59:55Z;ADSB;AAEF89;A319;N8031M;AAL;AAL;ORD;KORD;STT;TIST;2026-01-20T19:09:52Z
3dfc2d74;AA249;AAL249;2.518.839;-10.003.363;173;38000;413;0;6277;2026-01-20T17:59:58Z;ADSB;A3CDE4;B38M;N344TS;AAL;AAL;ORD;KORD;MEX;MMMX;2026-01-20T18:57:04Z
3dfc3057;AA2097;AAL2097;3.289.771;-9.704.552;90;0;1;0;6073;2026-01-20T17:59:57Z;ADSB;A99D89;B77W;N719AN;AAL;AAL;MIA;KMIA;DFW;KDFW;2026-01-20T17:47:12Z
3dfc5ca0;DL1112;DAL1112;3.047.118;-9.530.446;99;39000;538;0;6736;2026-01-20T17:59:58Z;ADSB;A4463E;B738;N3749D;DAL;DAL;LAX;KLAX;MSY;KMSY;2026-01-20T18:40:00Z
3dfce054;DL1368;DAL1368;3.035.937;-8.992.112;43;13650;408;3136;7427;2026-01-20T17:59:59Z;ADSB;A3D4C6;A319;N346NB;DAL;DAL;MSY;KMSY;JFK;KJFK;2026-01-20T20:20:16Z
3dfb37ee;DL188;DAL188;5.308.133;-12.263.465;115;39000;539;0;3407;2026-01-20T17:59:59Z;ADSB;A69822;A359;N524DN;DAL;DAL;ICN;RKSI;ATL;KATL;2026-01-20T21:56:16Z
3dfb76b5;AF84;AFR84T;5.444.518;-11.286.368;203;36000;526;0;3311;2026-01-20T17:59:59Z;ADSB;3965A0;B77W;F-GZNA;AFR;AFR;CDG;LFPG;SFO;KSFO;2026-01-20T20:24:32Z
3dfb79f6;BA195;BAW26E;4.139.076;-9.062.616;217;40000;453;64;767;2026-01-20T17:59:59Z;ADSB;40749B;B789;G-ZBKR;BAW;BAW;LHR;EGLL;IAH;KIAH;2026-01-20T19:52:32Z
3dfc35bc;AA1766;AAL1766;4.040.199;-7.343.256;15;2625;211;0;517;2026-01-20T17:59:59Z;ADSB;AD1986;B738;N943NN;AAL;AAL;DFW;KDFW;JFK;KJFK;2026-01-20T18:03:01Z
3dfb5cc2;KL689;KLM689;3.247.124;-901.743;183;40000;448;64;747;2026-01-20T18:05:00Z;ADSB;485785;B789;PH-BHN;KLM;KLM;AMS;EHAM;CUN;MMUN;2026-01-20T19:54:40Z
3dfb5a0f;KL661;KLM661;3.460.023;-9.219.298;189;37975;434;64;5604;2026-01-20T18:04:59Z;ADSB;4851B0;B789;PH-BHE;KLM;KLM;AMS;EHAM;IAH;KIAH;2026-01-20T19:01:20Z
3dfc46ab;DL853;DAL853;4.744.164;-1.223.112;129;0;11;0;7270;2026-01-20T18:04:59Z;ADSB;A44502;B738;N3740C;DAL;DAL;ANC;PANC;SEA;KSEA;2026-01-20T18:02:37Z
3dfb8063;BA53;BAW5EA;5.179.509;-11.876.534;203;40000;510;64;2163;2026-01-20T18:05:00Z;ADSB;400774;B772;G-VIIW;BAW;BAW;LHR;EGLL;SEA;KSEA;2026-01-20T18:57:04Z
3dfb6bff;AF636;AFR636P;4.102.956;-9.304.221;202;38000;480;0;7111;2026-01-20T18:05:00Z;ADSB;39D2A6;A359;F-HUVG;AFR;AFR;CDG;LFPG;IAH;KIAH;2026-01-20T19:46:08Z
3dfc18c5;AA3052;AAL3052;2.607.698;-8.016.222;90;0;138;-256;2313;2026-01-20T18:04:59Z;ADSB;AB4EA8;A319;N828AW;AAL;AAL;DCA;KDCA;FLL;KFLL;2026-01-20T18:04:47Z
3dfce97f;UA654;UAL654;2.999.082;-953.304;120;0;15;0;4002;2026-01-20T18:04:56Z;ADSB;AB890A;A319;N842UA;UAL;UAL;IAH;KIAH;DCA;KDCA;
3dfcdb67;AA3139;AAL3139;3.122.282;-8.976.033;280;30050;388;0;1654;2026-01-20T18:04:59Z;ADSB;A0480B;A320;N117UW;AAL;AAL;PNS;KPNS;DFW;KDFW;2026-01-20T19:16:16Z
3dfb55ab;DL33;DAL33;3.433.054;-8.388.718;206;14000;357;-1536;706;2026-01-20T18:04:58Z;ADSB;A50E93;A339;N425DX;DAL;DAL;LHR;EGLL;ATL;KATL;2026-01-20T18:19:34Z
3dfb554c;KL601;KLM601;3.768.953;-11.366.998;208;37975;493;64;3351;2026-01-20T18:04:58Z;ADSB;485F84;B78X;PH-BKQ;KLM;KLM;AMS;EHAM;LAX;KLAX;2026-01-20T19:01:20Z
3dfcedcf;AA882;AAL882;3.930.382;-11.974.646;134;10625;328;1600;1715;2026-01-20T18:04:59Z;ADSB;AB5FDD;A319;N832AW;AAL;AAL;RNO;KRNO;PHX;KPHX;2026-01-20T19:16:16Z
3dfb1d91;DL166;DAL166;474.384;-12.229.831;75;0;0;0;7243;2026-01-20T18:05:00Z;ADSB;A65BB7;A359;N509DN;DAL;DAL;HND;RJTT;SEA;KSEA;2026-01-20T16:32:12Z
3dfb459f;DL57;DAL57;4.251.297;-10.862.057;250;36000;395;0;1742;2026-01-20T18:04:59Z;ADSB;AB00D6;A333;N808NW;DAL;DAL;AMS;EHAM;SLC;KSLC;2026-01-20T18:50:40Z
3dfb6bb5;AF158;AFR158K;4.272.546;-9.096.092;205;38000;468;0;2403;2026-01-20T18:04:59Z;ADSB;3949F4;B772;F-GSPU;AFR;AFR;CDG;LFPG;DFW;KDFW;2026-01-20T19:39:44Z
3dfc6077;UA1119;UAL1119;2.351.973;-9.007.843;124;39000;491;0;3536;2026-01-20T18:05:00Z;ADSB;A1CDD8;B772;N215UA;UAL;UAL;DEN;KDEN;CUN;MMUN;2026-01-20T18:44:16Z
3dfb71d2;LH454;DLH454;506.152;-11.740.778;199;36000;513;-64;1710;2026-01-20T18:04:58Z;ADSB;3C4B2A;B748;D-ABYJ;DLH;DLH;FRA;EDDF;SFO;KSFO;2026-01-20T20:01:04Z
3dfb53b3;UA6;UAL6;4.563.469;-11.334.849;132;38975;558;64;5721;2026-01-20T18:04:59Z;ADSB;A31A76;B789;N29984;UAL;UAL;NRT;RJAA;IAH;KIAH;2026-01-20T20:35:12Z
3dfb80ef;LH456;DLH456;5.314.934;-11.388.484;197;34000;537;0;1310;2026-01-20T18:05:00Z;ADSB;3C4B2D;B748;D-ABYM;DLH;DLH;FRA;EDDF;LAX;KLAX;2026-01-20T20:43:44Z
3dfc29a2;UA3895;UAL3895;3.640.259;-9.939.507;241;37950;387;-896;7155;2026-01-20T18:05:00Z;ADSB;A8E24D;B752;N67134;UAL;UAL;EWR;KEWR;AMA;KAMA;2026-01-20T18:37:19Z
3dfcedc7;AA1616;AAL1616;3.930.082;-94.719;168;0;0;0;0;2026-01-20T18:04:26Z;ADSB;AD8895;B738;N971NN;AAL;AAL;MCI;KMCI;CLT;KCLT;
3dfb5e2d;KL623;KLM623;3.514.108;-8.342.411;204;25750;418;-1152;754;2026-01-20T18:04:59Z;ADSB;485E2E;B78X;PH-BKH;KLM;KLM;AMS;EHAM;ATL;KATL;2026-01-20T18:30:10Z
3dfcd075;AA3317;AAL3317;2.668.643;-800.983;264;0;11;0;2104;2026-01-20T18:05:00Z;ADSB;ACF849;B738;N935AN;AAL;AAL;PBI;KPBI;LGA;KLGA;
3dfa9c2b;DL42;DAL42;3.394.543;-11.841.025;261;0;0;0;1464;2026-01-20T18:04:53Z;ADSB;A6A347;A359;N527DN;DAL;DAL;SYD;YSSY;LAX;KLAX;2026-01-20T17:05:27Z
3dfc08be;DL713;DAL713;3.694.367;-10.810.798;253;40000;421;0;7106;2026-01-20T18:04:59Z;ADSB;ABCA08;A332;N859NW;DAL;DAL;JFK;KJFK;LAX;KLAX;2026-01-20T19:31:12Z
3dfc21cf;DL830;DAL830;3.929.521;-10.970.703;314;34525;417;-1024;2001;2026-01-20T18:05:00Z;ADSB;ABD018;A332;N860NW;DAL;DAL;ATL;KATL;SLC;KSLC;2026-01-20T18:35:44Z
3dfb5b3f;KL605;KLM373;4.139.607;-12.172.608;194;38975;503;0;1307;2026-01-20T18:05:00Z;ADSB;486071;B78X;PH-BKL;KLM;KLM;AMS;EHAM;SFO;KSFO;2026-01-20T18:48:32Z
3dfb6660;AF338;AFR338;481.235;-12.109.914;196;19800;363;-1728;3322;2026-01-20T18:04:58Z;ADSB;39D2B3;A359;F-HUVT;AFR;AFR;CDG;LFPG;SEA;KSEA;2026-01-20T18:25:05Z
3dfb2fe8;DL120;DAL120;4.807.535;-10.070.013;115;41000;547;0;2427;2026-01-20T18:04:59Z;ADSB;A68946;A359;N520DN;DAL;DAL;HND;RJTT;MSP;KMSP;2026-01-20T18:57:04Z
3dfb1035;DL274;DAL274;4.486.398;-8.911.004;115;41000;562;0;1337;2026-01-20T18:04:58Z;ADSB;A65800;A359;N508DN;DAL;DAL;HND;RJTT;DTW;KDTW;2026-01-20T18:46:24Z
3df77bd0;DL274;DAL274;4.221.032;-8.335.698;118;0;0;0;6527;2026-01-20T18:04:58Z;ADSB;A661C7;A359;N510DN;DAL;DAL;HND;RJTT;DTW;KDTW;2026-01-19T18:59:44Z
3dfc2a84;AA1172;AAL1172;2.335.443;-7.051.099;133;39000;494;0;3557;2026-01-20T18:04:53Z;ESTIMATED;AAEF89;A319;N8031M;AAL;AAL;ORD;KORD;STT;TIST;2026-01-20T19:09:52Z
3dfc5de4;AA142;AAL142;5.542.701;-4.326.949;71;39000;546;0;0;2026-01-20T18:04:56Z;ESTIMATED;AACAA5;B772;N795AN;AAL;AAL;JFK;KJFK;LHR;EGLL;2026-01-20T21:26:24Z
3dfc2d74;AA249;AAL249;2.462.534;-9.998.637;177;38000;402;0;6277;2026-01-20T18:05:00Z;ADSB;A3CDE4;B38M;N344TS;AAL;AAL;ORD;KORD;MEX;MMMX;2026-01-20T18:59:12Z
3dfc5ca0;DL1112;DAL1112;3.034.801;-944.532;99;39000;544;0;6736;2026-01-20T18:04:58Z;ADSB;A4463E;B738;N3749D;DAL;DAL;LAX;KLAX;MSY;KMSY;2026-01-20T18:37:52Z
3dfce054;DL1368;DAL1368;3.081.216;-8.940.119;45;23075;499;1024;7427;2026-01-20T18:04:59Z;ADSB;A3D4C6;A319;N346NB;DAL;DAL;MSY;KMSY;JFK;KJFK;2026-01-20T20:20:16Z
3dfb37ee;DL188;DAL188;5.275.802;-12.152.009;116;39000;536;0;3407;2026-01-20T18:04:59Z;ADSB;A69822;A359;N524DN;DAL;DAL;ICN;RKSI;ATL;KATL;2026-01-20T21:56:16Z
3dfb76b5;AF84;AFR84T;5.378.357;-113.347;203;36000;516;0;3311;2026-01-20T18:05:00Z;ADSB;3965A0;B77W;F-GZNA;AFR;AFR;CDG;LFPG;SFO;KSFO;2026-01-20T20:26:40Z
3dfb79f6;BA195;BAW26E;40.894;-9.112.537;216;39975;451;64;767;2026-01-20T18:04:59Z;ADSB;40749B;B789;G-ZBKR;BAW;BAW;LHR;EGLL;IAH;KIAH;2026-01-20T19:54:40Z
3dfc35bc;AA1766;AAL1766;4.057.982;-7.361.895;300;2450;135;-832;517;2026-01-20T18:04:59Z;ADSB;AD1986;B738;N943NN;AAL;AAL;DFW;KDFW;JFK;KJFK;2026-01-20T18:06:50Z
3dfb5cc2;KL689;KLM689;3.184.309;-9.021.962;183;39975;457;0;747;2026-01-20T18:09:58Z;ADSB;485785;B789;PH-BHN;KLM;KLM;AMS;EHAM;CUN;MMUN;2026-01-20T19:50:24Z
3dfb5a0f;KL661;KLM661;3.400.883;-9.230.638;189;37975;428;-64;5604;2026-01-20T18:09:58Z;ADSB;4851B0;B789;PH-BHE;KLM;KLM;AMS;EHAM;IAH;KIAH;2026-01-20T19:03:28Z
3dfc46ab;DL853;DAL853;4.743.769;-12.229.865;90;0;5;0;7270;2026-01-20T18:09:59Z;ADSB;A44502;B738;N3740C;DAL;DAL;ANC;PANC;SEA;KSEA;2026-01-20T18:02:37Z
3dfb8063;BA53;BAW5EA;5.115.353;-11.921.072;203;40000;507;0;2163;2026-01-20T18:09:57Z;ADSB;400774;B772;G-VIIW;BAW;BAW;LHR;EGLL;SEA;KSEA;2026-01-20T18:59:12Z
3dfb6bff;AF636;AFR636P;4.041.797;-9.336.572;201;38000;480;64;7111;2026-01-20T18:09:58Z;ADSB;39D2A6;A359;F-HUVG;AFR;AFR;CDG;LFPG;IAH;KIAH;2026-01-20T19:48:16Z
3dfc18c5;AA3052;AAL3052;260.734;-8.014.604;208;0;0;0;2313;2026-01-20T18:09:59Z;ADSB;AB4EA8;A319;N828AW;AAL;AAL;DCA;KDCA;FLL;KFLL;2026-01-20T18:05:12Z
3dfcdb67;AA3139;AAL3139;3.131.676;-9.037.683;276;30050;384;0;1654;2026-01-20T18:09:59Z;ADSB;A0480B;A320;N117UW;AAL;AAL;PNS;KPNS;DFW;KDFW;2026-01-20T19:16:16Z
3dfb55ab;DL33;DAL33;3.397.122;-8.409.073;171;9250;294;-1152;706;2026-01-20T18:09:58Z;ADSB;A50E93;A339;N425DX;DAL;DAL;LHR;EGLL;ATL;KATL;2026-01-20T18:18:22Z
3dfb554c;KL601;KLM601;3.709.062;-11.408.215;208;37975;492;0;3351;2026-01-20T18:09:57Z;ADSB;485F84;B78X;PH-BKQ;KLM;KLM;AMS;EHAM;LAX;KLAX;2026-01-20T19:01:20Z
3dfcedcf;AA882;AAL882;3.892.397;-11.924.554;136;22200;430;2176;1715;2026-01-20T18:09:58Z;ADSB;AB5FDD;A319;N832AW;AAL;AAL;RNO;KRNO;PHX;KPHX;2026-01-20T19:26:56Z
3dfb1d91;DL166;DAL166;474.384;-12.229.831;75;0;0;0;7243;2026-01-20T18:09:56Z;ADSB;A65BB7;A359;N509DN;DAL;DAL;HND;RJTT;SEA;KSEA;2026-01-20T16:32:12Z
3dfb459f;DL57;DAL57;4.233.116;-10.931.243;250;33600;376;-960;1742;2026-01-20T18:09:58Z;ADSB;AB00D6;A333;N808NW;DAL;DAL;AMS;EHAM;SLC;KSLC;2026-01-20T18:40:10Z
3dfb6bb5;AF158;AFR158K;4.214.502;-9.134.183;205;38000;465;0;2403;2026-01-20T18:09:58Z;ADSB;3949F4;B772;F-GSPU;AFR;AFR;CDG;LFPG;DFW;KDFW;2026-01-20T19:39:44Z
3dfc6077;UA1119;UAL1119;2.313.684;-894.795;124;39000;479;0;3536;2026-01-20T18:09:59Z;ADSB;A1CDD8;B772;N215UA;UAL;UAL;DEN;KDEN;CUN;MMUN;2026-01-20T18:44:16Z
3dfb5e2d;KL623;KLM623;3.463.342;-8.371.497;205;20150;387;-1920;754;2026-01-20T18:09:58Z;ADSB;485E2E;B78X;PH-BKH;KLM;KLM;AMS;EHAM;ATL;KATL;2026-01-20T18:30:04Z
3dfb71d2;LH454;DLH454;499.493;-11.777.692;199;36000;504;0;1710;2026-01-20T18:09:58Z;ADSB;3C4B2A;B748;D-ABYJ;DLH;DLH;FRA;EDDF;SFO;KSFO;2026-01-20T20:03:12Z
3dfb53b3;UA6;UAL6;4.511.834;-11.254.562;132;38975;559;0;5721;2026-01-20T18:09:59Z;ADSB;A31A76;B789;N29984;UAL;UAL;NRT;RJAA;IAH;KIAH;2026-01-20T20:33:04Z
3dfb80ef;LH456;DLH456;5.244.245;-11.426.534;197;34000;542;-64;1310;2026-01-20T18:09:57Z;ADSB;3C4B2D;B748;D-ABYM;DLH;DLH;FRA;EDDF;LAX;KLAX;2026-01-20T20:41:36Z
3dfc29a2;UA3895;UAL3895;3.613.971;-9.999.066;241;30250;388;-1088;7155;2026-01-20T18:09:59Z;ADSB;A8E24D;B752;N67134;UAL;UAL;EWR;KEWR;AMA;KAMA;2026-01-20T18:37:30Z
3dfcedc7;AA1616;AAL1616;3.930.074;-9.471.907;168;0;0;0;0;2026-01-20T18:09:53Z;ADSB;AD8895;B738;N971NN;AAL;AAL;MCI;KMCI;CLT;KCLT;
3dfcd075;AA3317;AAL3317;2.668.514;-8.010.816;185;0;0;0;2104;2026-01-20T18:09:59Z;ADSB;ACF849;B738;N935AN;AAL;AAL;PBI;KPBI;LGA;KLGA;
3dfa9c2b;DL42;DAL42;3.394.546;-11.841.023;261;0;0;0;1464;2026-01-20T18:09:57Z;ADSB;A6A347;A359;N527DN;DAL;DAL;SYD;YSSY;LAX;KLAX;2026-01-20T17:05:27Z
3dfc08be;DL713;DAL713;3.677.184;-10.880.167;252;40000;421;0;7106;2026-01-20T18:09:57Z;ADSB;ABCA08;A332;N859NW;DAL;DAL;JFK;KJFK;LAX;KLAX;2026-01-20T19:26:56Z
3dfc21cf;DL830;DAL830;396.432;-11.026.261;296;32000;402;0;2001;2026-01-20T18:09:58Z;ADSB;ABD018;A332;N860NW;DAL;DAL;ATL;KATL;SLC;KSLC;2026-01-20T18:35:44Z
3dfb5b3f;KL605;KLM373;4.072.418;-12.196.154;194;38975;503;-64;1307;2026-01-20T18:09:59Z;ADSB;486071;B78X;PH-BKL;KLM;KLM;AMS;EHAM;SFO;KSFO;2026-01-20T18:48:32Z
3dfb6660;AF338;AFR338;4.790.556;-12.164.246;245;13050;300;-1152;3322;2026-01-20T18:09:59Z;ADSB;39D2B3;A359;F-HUVT;AFR;AFR;CDG;LFPG;SEA;KSEA;2026-01-20T18:23:07Z
3dfb2fe8;DL120;DAL120;4.774.463;-9.968.262;116;41000;550;0;2427;2026-01-20T18:09:59Z;ADSB;A68946;A359;N520DN;DAL;DAL;HND;RJTT;MSP;KMSP;2026-01-20T18:57:04Z
3dfb1035;DL274;DAL274;4.452.675;-8.812.797;121;39550;560;-960;1337;2026-01-20T18:09:57Z;ADSB;A65800;A359;N508DN;DAL;DAL;HND;RJTT;DTW;KDTW;2026-01-20T18:44:16Z
3df77bd0;DL274;DAL274;4.221.035;-8.335.699;118;0;0;0;6527;2026-01-20T18:09:58Z;ADSB;A661C7;A359;N510DN;DAL;DAL;HND;RJTT;DTW;KDTW;2026-01-19T18:59:44Z
3dfc2a84;AA1172;AAL1172;2.281.484;-7.000.607;132;39000;499;0;3557;2026-01-20T18:09:56Z;ESTIMATED;AAEF89;A319;N8031M;AAL;AAL;ORD;KORD;STT;TIST;2026-01-20T19:09:52Z
3dfc5de4;AA142;AAL142;5.566.175;-4.200.061;72;39000;546;0;0;2026-01-20T18:09:56Z;ESTIMATED;AACAA5;B772;N795AN;AAL;AAL;JFK;KJFK;LHR;EGLL;2026-01-20T21:26:24Z
3dfc2d74;AA249;AAL249;2.406.923;-9.995.486;176;38000;403;0;6277;2026-01-20T18:09:58Z;ADSB;A3CDE4;B38M;N344TS;AAL;AAL;ORD;KORD;MEX;MMMX;2026-01-20T19:01:20Z
3dfc5ca0;DL1112;DAL1112;3.026.079;-9.358.461;92;38450;543;-1024;6736;2026-01-20T18:09:58Z;ADSB;A4463E;B738;N3749D;DAL;DAL;LAX;KLAX;MSY;KMSY;2026-01-20T18:40:00Z
3dfce054;DL1368;DAL1368;310.962;-8.860.649;76;29475;563;1728;7427;2026-01-20T18:09:58Z;ADSB;A3D4C6;A319;N346NB;DAL;DAL;MSY;KMSY;JFK;KJFK;2026-01-20T20:18:08Z
3dfb37ee;DL188;DAL188;5.242.476;-12.042.326;117;39000;547;0;3407;2026-01-20T18:09:58Z;ADSB;A69822;A359;N524DN;DAL;DAL;ICN;RKSI;ATL;KATL;2026-01-20T21:56:16Z
3dfb76b5;AF84;AFR84T;5.312.718;-11.381.044;202;36000;519;0;3311;2026-01-20T18:09:57Z;ADSB;3965A0;B77W;F-GZNA;AFR;AFR;CDG;LFPG;SFO;KSFO;2026-01-20T20:26:40Z
3dfb79f6;BA195;BAW26E;4.039.133;-9.162.074;216;39975;446;0;767;2026-01-20T18:09:59Z;ADSB;40749B;B789;G-ZBKR;BAW;BAW;LHR;EGLL;IAH;KIAH;2026-01-20T19:52:32Z
3dfcf0c4;AA2581;AAL2581;4.294.661;-8.789.842;329;0;0;0;6522;2026-01-20T18:09:55Z;ADSB;AD3FD9;B738;N953AN;AAL;AAL;MKE;KMKE;DFW;KDFW;
3dfb5cc2;KL689;KLM689;3.121.388;-9.025.159;176;40000;460;-64;747;2026-01-20T18:14:58Z;ADSB;485785;B789;PH-BHN;KLM;KLM;AMS;EHAM;CUN;MMUN;2026-01-20T19:56:48Z
3dfb5a0f;KL661;KLM661;3.342.325;-9.241.469;188;37975;429;64;5604;2026-01-20T18:14:58Z;ADSB;4851B0;B789;PH-BHE;KLM;KLM;AMS;EHAM;IAH;KIAH;2026-01-20T19:03:28Z
3dfb8063;BA53;BAW5EA;5.050.694;-1.196.461;202;40000;507;0;2163;2026-01-20T18:14:59Z;ADSB;400774;B772;G-VIIW;BAW;BAW;LHR;EGLL;SEA;KSEA;2026-01-20T18:59:12Z
3dfb6bff;AF636;AFR636P;3.980.438;-9.368.388;201;38000;469;0;7111;2026-01-20T18:14:58Z;ADSB;39D2A6;A359;F-HUVG;AFR;AFR;CDG;LFPG;IAH;KIAH;2026-01-20T19:46:08Z
3dfc18c5;AA3052;AAL3052;2.607.341;-8.014.604;208;0;0;0;2000;2026-01-20T18:14:58Z;ADSB;AB4EA8;A319;N828AW;AAL;AAL;DCA;KDCA;FLL;KFLL;2026-01-20T18:05:12Z
3dfce97f;UA654;UAL654;3.002.142;-952.743;10;2175;224;2624;4002;2026-01-20T18:15:00Z;ADSB;AB890A;A319;N842UA;UAL;UAL;IAH;KIAH;DCA;KDCA;2026-01-20T20:39:28Z
3dfcdb67;AA3139;AAL3139;313.797;-9.099.624;276;30050;384;0;1654;2026-01-20T18:14:59Z;ADSB;A0480B;A320;N117UW;AAL;AAL;PNS;KPNS;DFW;KDFW;2026-01-20T19:18:24Z
3dfb55ab;DL33;DAL33;3.364.861;-841.519;270;4925;188;-1600;706;2026-01-20T18:14:59Z;ADSB;A50E93;A339;N425DX;DAL;DAL;LHR;EGLL;ATL;KATL;2026-01-20T18:19:00Z
3dfb554c;KL601;KLM601;3.649.516;-1.144.848;208;37975;482;64;3351;2026-01-20T18:14:58Z;ADSB;485F84;B78X;PH-BKQ;KLM;KLM;AMS;EHAM;LAX;KLAX;2026-01-20T18:59:12Z
3dfcedcf;AA882;AAL882;3.847.916;-11.863.706;131;29375;500;960;1715;2026-01-20T18:15:00Z;ADSB;AB5FDD;A319;N832AW;AAL;AAL;RNO;KRNO;PHX;KPHX;2026-01-20T19:22:40Z
3dfb1d91;DL166;DAL166;474.384;-12.229.831;75;0;0;0;7243;2026-01-20T18:14:40Z;ADSB;A65BB7;A359;N509DN;DAL;DAL;HND;RJTT;SEA;KSEA;2026-01-20T16:32:12Z
3dfb459f;DL57;DAL57;4.216.087;-10.994.261;249;30000;353;0;1742;2026-01-20T18:14:58Z;ADSB;AB00D6;A333;N808NW;DAL;DAL;AMS;EHAM;SLC;KSLC;2026-01-20T18:40:07Z
3dfb6bb5;AF158;AFR158K;4.156.453;-9.171.524;205;38000;457;0;2403;2026-01-20T18:14:58Z;ADSB;3949F4;B772;F-GSPU;AFR;AFR;CDG;LFPG;DFW;KDFW;2026-01-20T19:39:44Z
3dfc6077;UA1119;UAL1119;2.276.246;-8.890.142;125;35950;460;-2176;3536;2026-01-20T18:14:58Z;ADSB;A1CDD8;B772;N215UA;UAL;UAL;DEN;KDEN;CUN;MMUN;2026-01-20T18:46:24Z
3dfb5e2d;KL623;KLM623;341.954;-8.397.305;208;12525;269;-512;754;2026-01-20T18:15:00Z;ADSB;485E2E;B78X;PH-BKH;KLM;KLM;AMS;EHAM;ATL;KATL;2026-01-20T18:26:06Z
3dfb71d2;LH454;DLH454;4.928.975;-11.813.197;199;36000;506;-64;1710;2026-01-20T18:14:58Z;ADSB;3C4B2A;B748;D-ABYJ;DLH;DLH;FRA;EDDF;SFO;KSFO;2026-01-20T20:01:04Z
3dfb53b3;UA6;UAL6;4.459.131;-11.174.914;133;38975;551;0;5721;2026-01-20T18:14:59Z;ADSB;A31A76;B789;N29984;UAL;UAL;NRT;RJAA;IAH;KIAH;2026-01-20T20:33:04Z
3dfb80ef;LH456;DLH456;5.172.997;-11.463.409;197;34000;533;-64;1310;2026-01-20T18:14:58Z;ADSB;3C4B2D;B748;D-ABYM;DLH;DLH;FRA;EDDF;LAX;KLAX;2026-01-20T20:41:36Z
3dfc29a2;UA3895;UAL3895;358.894;-10.054.804;240;22600;356;-2304;7155;2026-01-20T18:14:58Z;ADSB;A8E24D;B752;N67134;UAL;UAL;EWR;KEWR;AMA;KAMA;2026-01-20T18:36:16Z
3dfcedc7;AA1616;AAL1616;3.930.072;-9.471.908;168;0;0;0;2152;2026-01-20T18:14:58Z;ADSB;AD8895;B738;N971NN;AAL;AAL;MCI;KMCI;CLT;KCLT;
3dfcd075;AA3317;AAL3317;2.669.453;-8.004.602;64;1750;199;1344;2104;2026-01-20T18:14:58Z;ADSB;ACF849;B738;N935AN;AAL;AAL;PBI;KPBI;LGA;KLGA;
3dfa9c2b;DL42;DAL42;3.394.543;-11.841.026;261;0;0;0;1464;2026-01-20T18:14:58Z;ADSB;A6A347;A359;N527DN;DAL;DAL;SYD;YSSY;LAX;KLAX;2026-01-20T17:05:27Z
3dfb5b3f;KL605;KLM373;4.006.281;-12.218.863;194;38975;492;64;1307;2026-01-20T18:14:58Z;ADSB;486071;B78X;PH-BKL;KLM;KLM;AMS;EHAM;SFO;KSFO;2026-01-20T18:46:24Z
3dfc08be;DL713;DAL713;3.659.377;-10.950.067;252;40000;428;0;7106;2026-01-20T18:14:58Z;ADSB;ABCA08;A332;N859NW;DAL;DAL;JFK;KJFK;LAX;KLAX;2026-01-20T19:29:04Z
3dfc21cf;DL830;DAL830;3.989.387;-11.091.663;296;28725;384;-1280;2001;2026-01-20T18:15:00Z;ADSB;ABD018;A332;N860NW;DAL;DAL;ATL;KATL;SLC;KSLC;2026-01-20T18:37:52Z
3dfb6660;AF338;AFR338;4.777.094;-12.209.704;254;8025;249;-768;3322;2026-01-20T18:14:59Z;ADSB;39D2B3;A359;F-HUVT;AFR;AFR;CDG;LFPG;SEA;KSEA;2026-01-20T18:22:52Z
3dfb2fe8;DL120;DAL120;4.740.335;-9.867.323;116;41000;555;0;2427;2026-01-20T18:14:59Z;ADSB;A68946;A359;N520DN;DAL;DAL;HND;RJTT;MSP;KMSP;2026-01-20T18:57:04Z
3dfb1035;DL274;DAL274;4.411.728;-8.719.254;121;34575;563;-960;1337;2026-01-20T18:14:59Z;ADSB;A65800;A359;N508DN;DAL;DAL;HND;RJTT;DTW;KDTW;2026-01-20T18:44:16Z
3dfc2a84;AA1172;AAL1172;2.227.675;-6.945.097;135;39000;503;0;3557;2026-01-20T18:14:59Z;ADSB;AAEF89;A319;N8031M;AAL;AAL;ORD;KORD;STT;TIST;2026-01-20T19:09:52Z
3dfc5de4;AA142;AAL142;5.588.208;-407.237;73;39000;546;0;0;2026-01-20T18:14:55Z;ESTIMATED;AACAA5;B772;N795AN;AAL;AAL;JFK;KJFK;LHR;EGLL;2026-01-20T21:26:24Z
3dfc2d74;AA249;AAL249;2.350.438;-9.992.315;177;38000;408;0;6277;2026-01-20T18:14:58Z;ADSB;A3CDE4;B38M;N344TS;AAL;AAL;ORD;KORD;MEX;MMMX;2026-01-20T19:01:20Z
3dfc5ca0;DL1112;DAL1112;3.021.826;-9.271.045;93;33725;551;-960;6736;2026-01-20T18:14:59Z;ADSB;A4463E;B738;N3749D;DAL;DAL;LAX;KLAX;MSY;KMSY;2026-01-20T18:37:52Z
3dfce054;DL1368;DAL1368;3.127.927;-8.772.363;74;34925;565;704;7427;2026-01-20T18:14:59Z;ADSB;A3D4C6;A319;N346NB;DAL;DAL;MSY;KMSY;JFK;KJFK;2026-01-20T20:18:08Z
3dfb37ee;DL188;DAL188;5.207.375;-11.931.969;117;39025;547;0;3407;2026-01-20T18:14:59Z;ADSB;A69822;A359;N524DN;DAL;DAL;ICN;RKSI;ATL;KATL;2026-01-20T21:52:00Z
3dfb76b5;AF84;AFR84T;5.246.219;-11.426.445;202;36000;520;0;3311;2026-01-20T18:14:59Z;ADSB;3965A0;B77W;F-GZNA;AFR;AFR;CDG;LFPG;SFO;KSFO;2026-01-20T20:24:32Z
3dfb79f6;BA195;BAW26E;3.989.822;-9.210.526;218;39975;438;64;767;2026-01-20T18:14:59Z;ADSB;40749B;B789;G-ZBKR;BAW;BAW;LHR;EGLL;IAH;KIAH;2026-01-20T19:56:48Z
3dfcf0c4;AA2581;AAL2581;4.294.661;-8.789.843;329;0;0;0;6522;2026-01-20T18:14:56Z;ADSB;AD3FD9;B738;N953AN;AAL;AAL;MKE;KMKE;DFW;KDFW;
3dfc35bc;AA1766;AAL1766;4.064.678;-7.379.329;334;0;0;0;517;2026-01-20T18:14:57Z;ADSB;AD1986;B738;N943NN;AAL;AAL;DFW;KDFW;JFK;KJFK;2026-01-20T18:09:12Z
3dfb5cc2;KL689;KLM689;3.057.976;-9.020.492;176;40000;452;0;747;2026-01-20T18:19:59Z;ADSB;485785;B789;PH-BHN;KLM;KLM;AMS;EHAM;CUN;MMUN;2026-01-20T19:54:40Z
3dfb5a0f;KL661;KLM661;3.282.921;-9.252.334;188;37975;427;64;5604;2026-01-20T18:19:59Z;ADSB;4851B0;B789;PH-BHE;KLM;KLM;AMS;EHAM;IAH;KIAH;2026-01-20T19:03:28Z
3dfb8063;BA53;BAW5EA;4.986.359;-12.006.661;202;40000;500;0;2163;2026-01-20T18:19:58Z;ADSB;400774;B772;G-VIIW;BAW;BAW;LHR;EGLL;SEA;KSEA;2026-01-20T18:57:04Z
3dfb6bff;AF636;AFR636P;3.920.541;-9.398.883;201;38000;460;0;7111;2026-01-20T18:19:59Z;ADSB;39D2A6;A359;F-HUVG;AFR;AFR;CDG;LFPG;IAH;KIAH;2026-01-20T19:48:16Z
3dfc18c5;AA3052;AAL3052;260.734;-8.014.604;208;0;0;0;2000;2026-01-20T18:19:58Z;ADSB;AB4EA8;A319;N828AW;AAL;AAL;DCA;KDCA;FLL;KFLL;2026-01-20T18:05:12Z
3dfcf904;AA2896;AAL2896;2.607.366;-8.014.655;208;0;0;0;0;2026-01-20T18:19:58Z;ADSB;A35388;B38M;N313SB;AAL;AAL;FLL;KFLL;LGA;KLGA;
3dfce97f;UA654;UAL654;3.040.201;-9.501.575;35;15100;392;2112;4002;2026-01-20T18:19:59Z;ADSB;AB890A;A319;N842UA;UAL;UAL;IAH;KIAH;DCA;KDCA;2026-01-20T20:41:36Z
3dfcdb67;AA3139;AAL3139;3.143.944;-9.161.311;276;30050;384;0;1654;2026-01-20T18:19:58Z;ADSB;A0480B;A320;N117UW;AAL;AAL;PNS;KPNS;DFW;KDFW;2026-01-20T19:16:16Z
3dfb55ab;DL33;DAL33;3.364.956;-8.442.407;270;0;90;0;706;2026-01-20T18:19:57Z;ADSB;A50E93;A339;N425DX;DAL;DAL;LHR;EGLL;ATL;KATL;2026-01-20T18:20:01Z
3dfb554c;KL601;KLM601;3.591.836;-11.489.806;199;38000;495;0;3351;2026-01-20T18:19:58Z;ADSB;485F84;B78X;PH-BKQ;KLM;KLM;AMS;EHAM;LAX;KLAX;2026-01-20T18:59:12Z
3dfcedcf;AA882;AAL882;3.801.675;-11.798.313;132;35175;501;1344;1715;2026-01-20T18:19:58Z;ADSB;AB5FDD;A319;N832AW;AAL;AAL;RNO;KRNO;PHX;KPHX;2026-01-20T19:24:48Z
3dfb1d91;DL166;DAL166;474.384;-12.229.831;75;0;0;0;7243;2026-01-20T18:19:59Z;ADSB;A65BB7;A359;N509DN;DAL;DAL;HND;RJTT;SEA;KSEA;2026-01-20T16:32:12Z
3dfb459f;DL57;DAL57;4.198.732;-11.056.841;249;30000;363;0;1742;2026-01-20T18:19:59Z;ADSB;AB00D6;A333;N808NW;DAL;DAL;AMS;EHAM;SLC;KSLC;2026-01-20T18:44:58Z
3dfb6bb5;AF158;AFR158K;4.098.921;-9.207.776;205;38000;461;0;2403;2026-01-20T18:19:59Z;ADSB;3949F4;B772;F-GSPU;AFR;AFR;CDG;LFPG;DFW;KDFW;2026-01-20T19:39:44Z
3dfc6077;UA1119;UAL1119;2.237.265;-8.830.541;125;26575;470;-2176;3536;2026-01-20T18:19:58Z;ADSB;A1CDD8;B772;N215UA;UAL;UAL;DEN;KDEN;CUN;MMUN;2026-01-20T18:47:57Z
3dfb5e2d;KL623;KLM623;338.936;-8.407.265;167;8050;252;-1152;754;2026-01-20T18:19:59Z;ADSB;485E2E;B78X;PH-BKH;KLM;KLM;AMS;EHAM;ATL;KATL;2026-01-20T18:27:48Z
3dfb71d2;LH454;DLH454;4.861.906;-11.848.285;198;36800;511;576;1710;2026-01-20T18:19:59Z;ADSB;3C4B2A;B748;D-ABYJ;DLH;DLH;FRA;EDDF;SFO;KSFO;2026-01-20T20:01:04Z
3dfb80ef;LH456;DLH456;5.102.422;-11.498.759;197;34000;532;-64;1310;2026-01-20T18:20:00Z;ADSB;3C4B2D;B748;D-ABYM;DLH;DLH;FRA;EDDF;LAX;KLAX;2026-01-20T20:41:36Z
3dfb53b3;UA6;UAL6;4.405.769;-11.096.619;133;38975;563;64;5721;2026-01-20T18:19:59Z;ADSB;A31A76;B789;N29984;UAL;UAL;NRT;RJAA;IAH;KIAH;2026-01-20T20:28:48Z
3dfc29a2;UA3895;UAL3895;3.559.071;-10.099.852;218;11800;315;-2240;7155;2026-01-20T18:19:58Z;ADSB;A8E24D;B752;N67134;UAL;UAL;EWR;KEWR;AMA;KAMA;2026-01-20T18:29:54Z
3dfcd075;AA3317;AAL3317;2.695.532;-7.967.523;43;13925;391;2688;2104;2026-01-20T18:20:00Z;ADSB;ACF849;B738;N935AN;AAL;AAL;PBI;KPBI;LGA;KLGA;2026-01-20T20:35:12Z
3dfa9c2b;DL42;DAL42;3.394.544;-11.841.026;261;0;0;0;1464;2026-01-20T18:19:56Z;ADSB;A6A347;A359;N527DN;DAL;DAL;SYD;YSSY;LAX;KLAX;2026-01-20T17:05:27Z
3dfb5b3f;KL605;KLM373;3.942.072;-12.240.515;194;35950;470;-1024;1307;2026-01-20T18:19:58Z;ADSB;486071;B78X;PH-BKL;KLM;KLM;AMS;EHAM;SFO;KSFO;2026-01-20T18:50:40Z
3dfc08be;DL713;DAL713;3.640.911;-11.020.637;251;40000;430;0;7106;2026-01-20T18:19:59Z;ADSB;ABCA08;A332;N859NW;DAL;DAL;JFK;KJFK;LAX;KLAX;2026-01-20T19:26:56Z
3dfc21cf;DL830;DAL830;4.012.404;-11.146.796;276;20100;363;-1856;2001;2026-01-20T18:19:59Z;ADSB;ABD018;A332;N860NW;DAL;DAL;ATL;KATL;SLC;KSLC;2026-01-20T18:37:43Z
3dfb6660;AF338;AFR338;475.863;-12.230.678;180;2575;192;-1024;3322;2026-01-20T18:19:58Z;ADSB;39D2B3;A359;F-HUVT;AFR;AFR;CDG;LFPG;SEA;KSEA;2026-01-20T18:24:49Z
3dfb2fe8;DL120;DAL120;4.705.235;-9.767.416;117;41000;554;0;2427;2026-01-20T18:19:58Z;ADSB;A68946;A359;N520DN;DAL;DAL;HND;RJTT;MSP;KMSP;2026-01-20T18:57:04Z
3dfb1035;DL274;DAL274;4.371.931;-8.627.608;117;31000;563;0;1337;2026-01-20T18:19:59Z;ADSB;A65800;A359;N508DN;DAL;DAL;HND;RJTT;DTW;KDTW;2026-01-20T18:44:16Z
3dfc2a84;AA1172;AAL1172;2.177.568;-6.892.638;135;38975;506;0;3557;2026-01-20T18:19:58Z;ADSB;AAEF89;A319;N8031M;AAL;AAL;ORD;KORD;STT;TIST;2026-01-20T19:09:52Z
3dfc5de4;AA142;AAL142;5.599.424;-3.940.736;85;39000;541;0;0;2026-01-20T18:19:58Z;ESTIMATED;AACAA5;B772;N795AN;AAL;AAL;JFK;KJFK;LHR;EGLL;2026-01-20T21:26:24Z
3dfc2d74;AA249;AAL249;2.293.172;-9.989.115;177;38000;411;0;6277;2026-01-20T18:19:59Z;ADSB;A3CDE4;B38M;N344TS;AAL;AAL;ORD;KORD;MEX;MMMX;2026-01-20T19:01:20Z
3dfc5ca0;DL1112;DAL1112;3.017.176;-9.184.071;93;24550;520;-2688;6736;2026-01-20T18:19:58Z;ADSB;A4463E;B738;N3749D;DAL;DAL;LAX;KLAX;MSY;KMSY;2026-01-20T18:40:00Z
3dfce054;DL1368;DAL1368;3.167.097;-8.694.763;56;34975;558;-64;7427;2026-01-20T18:19:58Z;ADSB;A3D4C6;A319;N346NB;DAL;DAL;MSY;KMSY;JFK;KJFK;2026-01-20T20:16:00Z
3dfb37ee;DL188;DAL188;517.173;-1.182.473;118;39000;544;-64;3407;2026-01-20T18:19:58Z;ADSB;A69822;A359;N524DN;DAL;DAL;ICN;RKSI;ATL;KATL;2026-01-20T21:54:08Z
3dfb76b5;AF84;AFR84T;5.180.058;-11.470.164;201;36000;513;0;3311;2026-01-20T18:19:59Z;ADSB;3965A0;B77W;F-GZNA;AFR;AFR;CDG;LFPG;SFO;KSFO;2026-01-20T20:26:40Z
3dfb79f6;BA195;BAW26E;3.942.613;-9.258.925;218;39975;428;0;767;2026-01-20T18:19:59Z;ADSB;40749B;B789;G-ZBKR;BAW;BAW;LHR;EGLL;IAH;KIAH;2026-01-20T19:58:56Z
3dfcf0c4;AA2581;AAL2581;4.294.662;-8.789.841;329;0;0;0;6522;2026-01-20T18:19:59Z;ADSB;AD3FD9;B738;N953AN;AAL;AAL;MKE;KMKE;DFW;KDFW;
3dfb5cc2;KL689;KLM689;2.995.903;-9.016.006;176;39975;440;0;747;2026-01-20T18:24:59Z;ADSB;485785;B789;PH-BHN;KLM;KLM;AMS;EHAM;CUN;MMUN;2026-01-20T19:56:48Z
3dfb5a0f;KL661;KLM661;3.224.725;-9.262.831;188;37975;425;64;2421;2026-01-20T18:24:58Z;ADSB;4851B0;B789;PH-BHE;KLM;KLM;AMS;EHAM;IAH;KIAH;2026-01-20T19:03:28Z
3dfb8063;BA53;BAW5EA;4.924.049;-1.205.034;210;38050;483;-1216;2163;2026-01-20T18:24:59Z;ADSB;400774;B772;G-VIIW;BAW;BAW;LHR;EGLL;SEA;KSEA;2026-01-20T18:57:04Z
3dfb6bff;AF636;AFR636P;3.861.131;-9.428.571;201;38000;452;64;7111;2026-01-20T18:24:59Z;ADSB;39D2A6;A359;F-HUVG;AFR;AFR;CDG;LFPG;IAH;KIAH;2026-01-20T19:48:16Z
3dfc18c5;AA3052;AAL3052;260.734;-8.014.604;208;0;0;0;2000;2026-01-20T18:24:57Z;ADSB;AB4EA8;A319;N828AW;AAL;AAL;DCA;KDCA;FLL;KFLL;2026-01-20T18:05:12Z
3dfcf904;AA2896;AAL2896;2.607.366;-8.014.653;208;0;0;0;0;2026-01-20T18:24:59Z;ADSB;A35388;B38M;N313SB;AAL;AAL;FLL;KFLL;LGA;KLGA;
3dfce97f;UA654;UAL654;3.087.273;-9.464.614;33;23550;439;768;4002;2026-01-20T18:25:00Z;ADSB;AB890A;A319;N842UA;UAL;UAL;IAH;KIAH;DCA;KDCA;2026-01-20T20:39:28Z
3dfcdb67;AA3139;AAL3139;3.149.692;-9.223.836;275;30050;386;0;1654;2026-01-20T18:24:59Z;ADSB;A0480B;A320;N117UW;AAL;AAL;PNS;KPNS;DFW;KDFW;2026-01-20T19:14:08Z
3dfb554c;KL601;KLM601;3.534.521;-11.529.193;227;37000;457;-768;3351;2026-01-20T18:24:58Z;ADSB;485F84;B78X;PH-BKQ;KLM;KLM;AMS;EHAM;LAX;KLAX;2026-01-20T18:57:04Z
3dfcedcf;AA882;AAL882;3.751.154;-11.739.166;142;37025;498;64;1715;2026-01-20T18:24:58Z;ADSB;AB5FDD;A319;N832AW;AAL;AAL;RNO;KRNO;PHX;KPHX;2026-01-20T19:22:40Z
3dfb1d91;DL166;DAL166;474.384;-12.229.831;75;0;0;0;7243;2026-01-20T18:24:03Z;ADSB;A65BB7;A359;N509DN;DAL;DAL;HND;RJTT;SEA;KSEA;2026-01-20T16:32:12Z
3dfb459f;DL57;DAL57;4.181.282;-11.118.389;248;26025;366;-1664;1742;2026-01-20T18:24:58Z;ADSB;AB00D6;A333;N808NW;DAL;DAL;AMS;EHAM;SLC;KSLC;2026-01-20T18:48:33Z
3dfb6bb5;AF158;AFR158K;4.041.316;-9.243.391;204;38000;456;0;2403;2026-01-20T18:24:59Z;ADSB;3949F4;B772;F-GSPU;AFR;AFR;CDG;LFPG;DFW;KDFW;2026-01-20T19:39:44Z
3dfc6077;UA1119;UAL1119;2.199.623;-8.780.858;137;16475;384;-1920;3536;2026-01-20T18:24:59Z;ADSB;A1CDD8;B772;N215UA;UAL;UAL;DEN;KDEN;CUN;MMUN;2026-01-20T18:42:38Z
3dfb5e2d;KL623;KLM623;3.364.917;-8.422.217;270;3525;167;-128;754;2026-01-20T18:24:59Z;ADSB;485E2E;B78X;PH-BKH;KLM;KLM;AMS;EHAM;ATL;KATL;2026-01-20T18:26:45Z
3dfc29a2;UA3895;UAL3895;3.529.335;-10.128.319;218;7450;255;-704;7155;2026-01-20T18:24:58Z;ADSB;A8E24D;B752;N67134;UAL;UAL;EWR;KEWR;AMA;KAMA;2026-01-20T18:28:51Z
3dfb71d2;LH454;DLH454;4.794.177;-11.882.723;198;37000;521;0;1710;2026-01-20T18:24:58Z;ADSB;3C4B2A;B748;D-ABYJ;DLH;DLH;FRA;EDDF;SFO;KSFO;2026-01-20T20:01:04Z
3dfb80ef;LH456;DLH456;5.031.743;-11.533.057;197;34000;533;0;1310;2026-01-20T18:24:59Z;ADSB;3C4B2D;B748;D-ABYM;DLH;DLH;FRA;EDDF;LAX;KLAX;2026-01-20T20:43:44Z
3dfb53b3;UA6;UAL6;4.351.506;-11.019.128;134;39000;560;-64;5721;2026-01-20T18:24:58Z;ADSB;A31A76;B789;N29984;UAL;UAL;NRT;RJAA;IAH;KIAH;2026-01-20T20:28:48Z
3dfcd075;AA3317;AAL3317;2.738.961;-7.921.507;43;23000;462;0;2104;2026-01-20T18:24:58Z;ADSB;ACF849;B738;N935AN;AAL;AAL;PBI;KPBI;LGA;KLGA;2026-01-20T20:35:12Z
3dfa9c2b;DL42;DAL42;3.394.544;-11.841.025;261;0;0;0;1464;2026-01-20T18:24:57Z;ADSB;A6A347;A359;N527DN;DAL;DAL;SYD;YSSY;LAX;KLAX;2026-01-20T17:05:27Z
3dfb5b3f;KL605;KLM373;3.881.914;-12.260.085;192;29400;421;-1728;1307;2026-01-20T18:24:59Z;ADSB;486071;B78X;PH-BKL;KLM;KLM;AMS;EHAM;SFO;KSFO;2026-01-20T18:55:35Z
3dfc08be;DL713;DAL713;3.621.954;-11.091.167;251;40000;433;0;7106;2026-01-20T18:24:59Z;ADSB;ABCA08;A332;N859NW;DAL;DAL;JFK;KJFK;LAX;KLAX;2026-01-20T19:26:56Z
3dfb6660;AF338;AFR338;4.743.741;-12.230.631;165;0;7;0;3322;2026-01-20T18:24:59Z;ADSB;39D2B3;A359;F-HUVT;AFR;AFR;CDG;LFPG;SEA;KSEA;2026-01-20T18:23:15Z
3dfc21cf;DL830;DAL830;4.037.029;-11.201.229;330;15475;340;-1280;2001;2026-01-20T18:24:59Z;ADSB;ABD018;A332;N860NW;DAL;DAL;ATL;KATL;SLC;KSLC;2026-01-20T18:36:55Z
3dfb2fe8;DL120;DAL120;4.669.078;-9.668.532;118;41000;558;0;2427;2026-01-20T18:24:58Z;ADSB;A68946;A359;N520DN;DAL;DAL;HND;RJTT;MSP;KMSP;2026-01-20T18:54:56Z
3dfb1035;DL274;DAL274;4.336.583;-8.537.364;118;24825;495;-1600;1337;2026-01-20T18:24:58Z;ADSB;A65800;A359;N508DN;DAL;DAL;HND;RJTT;DTW;KDTW;2026-01-20T18:50:26Z
3dfc2a84;AA1172;AAL1172;2.126.716;-683.996;136;39000;508;-64;3557;2026-01-20T18:24:59Z;ADSB;AAEF89;A319;N8031M;AAL;AAL;ORD;KORD;STT;TIST;2026-01-20T19:05:36Z
3dfc2d74;AA249;AAL249;2.236.309;-9.985.983;177;38000;410;0;6277;2026-01-20T18:24:58Z;ADSB;A3CDE4;B38M;N344TS;AAL;AAL;ORD;KORD;MEX;MMMX;2026-01-20T19:01:20Z
3dfc5ca0;DL1112;DAL1112;3.012.502;-9.110.979;100;11550;396;0;6736;2026-01-20T18:24:57Z;ADSB;A4463E;B738;N3749D;DAL;DAL;LAX;KLAX;MSY;KMSY;2026-01-20T18:39:54Z
3dfce054;DL1368;DAL1368;3.210.352;-8.618.187;56;35025;566;0;7427;2026-01-20T18:24:58Z;ADSB;A3D4C6;A319;N346NB;DAL;DAL;MSY;KMSY;JFK;KJFK;2026-01-20T20:13:52Z
3dfb37ee;DL188;DAL188;5.134.863;-11.718.471;119;39000;543;0;3407;2026-01-20T18:24:58Z;ADSB;A69822;A359;N524DN;DAL;DAL;ICN;RKSI;ATL;KATL;2026-01-20T21:56:16Z
3dfb76b5;AF84;AFR84T;5.114.462;-11.512.306;202;36000;508;0;3311;2026-01-20T18:24:58Z;ADSB;3965A0;B77W;F-GZNA;AFR;AFR;CDG;LFPG;SFO;KSFO;2026-01-20T20:26:40Z
3dfb79f6;BA195;BAW26E;389.598;-9.305.859;217;39975;429;64;767;2026-01-20T18:24:59Z;ADSB;40749B;B789;G-ZBKR;BAW;BAW;LHR;EGLL;IAH;KIAH;2026-01-20T20:01:04Z
3dfcf0c4;AA2581;AAL2581;4.294.607;-8.789.796;329;0;0;0;6522;2026-01-20T18:24:55Z;ADSB;AD3FD9;B738;N953AN;AAL;AAL;MKE;KMKE;DFW;KDFW;
3dfb5cc2;KL689;KLM689;2.934.174;-901.159;176;40000;450;64;747;2026-01-20T18:29:58Z;ADSB;485785;B789;PH-BHN;KLM;KLM;AMS;EHAM;CUN;MMUN;2026-01-20T19:56:48Z
3dfb5a0f;KL661;KLM661;3.178.514;-9.292.132;227;38000;375;0;2421;2026-01-20T18:29:58Z;ADSB;4851B0;B789;PH-BHE;KLM;KLM;AMS;EHAM;IAH;KIAH;2026-01-20T19:03:28Z
3dfb8063;BA53;BAW5EA;4.869.186;-12.099.884;210;27250;432;-1984;2163;2026-01-20T18:29:58Z;ADSB;400774;B772;G-VIIW;BAW;BAW;LHR;EGLL;SEA;KSEA;2026-01-20T18:57:49Z
3dfb6bff;AF636;AFR636P;3.804.034;-9.456.611;201;38000;440;64;7111;2026-01-20T18:29:57Z;ADSB;39D2A6;A359;F-HUVG;AFR;AFR;CDG;LFPG;IAH;KIAH;2026-01-20T19:50:24Z
3dfcf904;AA2896;AAL2896;2.607.366;-8.014.653;208;0;0;0;0;2026-01-20T18:29:58Z;ADSB;A35388;B38M;N313SB;AAL;AAL;FLL;KFLL;LGA;KLGA;
3dfc18c5;AA3052;AAL3052;2.607.339;-8.014.604;208;0;0;0;3354;2026-01-20T18:29:55Z;ADSB;AB4EA8;A319;N828AW;AAL;AAL;DCA;KDCA;FLL;KFLL;2026-01-20T18:05:12Z
3dfb554c;KL601;KLM601;349.099;-11.585.197;226;32975;460;-1024;3351;2026-01-20T18:29:58Z;ADSB;485F84;B78X;PH-BKQ;KLM;KLM;AMS;EHAM;LAX;KLAX;2026-01-20T19:03:43Z
3dfce97f;UA654;UAL654;3.124.921;-939.782;63;28600;544;896;4002;2026-01-20T18:29:57Z;ADSB;AB890A;A319;N842UA;UAL;UAL;IAH;KIAH;DCA;KDCA;2026-01-20T20:39:28Z
3dfcdb67;AA3139;AAL3139;3.155.095;-928.586;275;30050;386;0;1654;2026-01-20T18:29:59Z;ADSB;A0480B;A320;N117UW;AAL;AAL;PNS;KPNS;DFW;KDFW;2026-01-20T19:16:16Z
3dfcedcf;AA882;AAL882;3.695.131;-11.689.256;146;37000;496;-64;2025;2026-01-20T18:29:58Z;ADSB;AB5FDD;A319;N832AW;AAL;AAL;RNO;KRNO;PHX;KPHX;2026-01-20T19:22:40Z
3dfb459f;DL57;DAL57;4.163.516;-11.179.488;248;17825;322;-1600;1742;2026-01-20T18:29:58Z;ADSB;AB00D6;A333;N808NW;DAL;DAL;AMS;EHAM;SLC;KSLC;2026-01-20T18:44:49Z
3dfb6bb5;AF158;AFR158K;3.983.838;-9.278.265;205;38000;460;0;2403;2026-01-20T18:29:57Z;ADSB;3949F4;B772;F-GSPU;AFR;AFR;CDG;LFPG;DFW;KDFW;2026-01-20T19:41:52Z
3dfc29a2;UA3895;UAL3895;3.510.253;-10.154.846;312;5600;192;-256;7155;2026-01-20T18:29:59Z;ADSB;A8E24D;B752;N67134;UAL;UAL;EWR;KEWR;AMA;KAMA;2026-01-20T18:32:24Z
3dfc6077;UA1119;UAL1119;2.164.693;-8.746.521;138;8975;290;-1792;3536;2026-01-20T18:29:58Z;ADSB;A1CDD8;B772;N215UA;UAL;UAL;DEN;KDEN;CUN;MMUN;2026-01-20T18:39:02Z
3dfb5e2d;KL623;KLM623;3.364.849;-8.443.484;272;0;11;0;754;2026-01-20T18:29:57Z;ADSB;485E2E;B78X;PH-BKH;KLM;KLM;AMS;EHAM;ATL;KATL;2026-01-20T18:29:12Z
3dfb71d2;LH454;DLH454;4.724.917;-11.916.299;197;37000;524;64;1710;2026-01-20T18:29:59Z;ADSB;3C4B2A;B748;D-ABYJ;DLH;DLH;FRA;EDDF;SFO;KSFO;2026-01-20T20:01:04Z
3dfb53b3;UA6;UAL6;429.733;-10.943.835;134;39025;550;-64;5721;2026-01-20T18:29:59Z;ADSB;A31A76;B789;N29984;UAL;UAL;NRT;RJAA;IAH;KIAH;2026-01-20T20:33:04Z
3dfb80ef;LH456;DLH456;4.961.863;-11.565.924;196;34000;529;-64;1310;2026-01-20T18:29:57Z;ADSB;3C4B2D;B748;D-ABYM;DLH;DLH;FRA;EDDF;LAX;KLAX;2026-01-20T20:43:44Z
3dfcedc7;AA1616;AAL1616;3.931.198;-9.472.105;14;0;26;0;2152;2026-01-20T18:29:55Z;ADSB;AD8895;B738;N971NN;AAL;AAL;MCI;KMCI;CLT;KCLT;
3dfcd075;AA3317;AAL3317;2.793.725;-7.887.376;7;29000;465;0;2104;2026-01-20T18:29:58Z;ADSB;ACF849;B738;N935AN;AAL;AAL;PBI;KPBI;LGA;KLGA;2026-01-20T20:35:12Z
3dfa9c2b;DL42;DAL42;3.394.544;-11.841.026;261;0;0;0;1464;2026-01-20T18:29:56Z;ADSB;A6A347;A359;N527DN;DAL;DAL;SYD;YSSY;LAX;KLAX;2026-01-20T17:05:27Z
3dfb5b3f;KL605;KLM373;3.827.171;-12.271.597;175;20800;380;-1536;1307;2026-01-20T18:29:58Z;ADSB;486071;B78X;PH-BKL;KLM;KLM;AMS;EHAM;SFO;KSFO;2026-01-20T18:51:32Z
3dfc08be;DL713;DAL713;3.608.967;-11.161.589;263;40000;407;64;5646;2026-01-20T18:29:58Z;ADSB;ABCA08;A332;N859NW;DAL;DAL;JFK;KJFK;LAX;KLAX;2026-01-20T19:29:04Z
3dfb6660;AF338;AFR338;474.404;-12.230.235;244;0;3;0;3322;2026-01-20T18:29:58Z;ADSB;39D2B3;A359;F-HUVT;AFR;AFR;CDG;LFPG;SEA;KSEA;2026-01-20T18:23:15Z
3dfc21cf;DL830;DAL830;407.846;-1.120.955;354;10625;239;0;2001;2026-01-20T18:29:57Z;ADSB;ABD018;A332;N860NW;DAL;DAL;ATL;KATL;SLC;KSLC;2026-01-20T18:36:06Z
3dfb2fe8;DL120;DAL120;4.634.866;-9.567.545;117;40425;558;-3200;2427;2026-01-20T18:29:59Z;ADSB;A68946;A359;N520DN;DAL;DAL;HND;RJTT;MSP;KMSP;2026-01-20T18:54:56Z
3dfb1035;DL274;DAL274;4.302.982;-8.464.711;124;18800;411;-1600;1337;2026-01-20T18:29:57Z;ADSB;A65800;A359;N508DN;DAL;DAL;HND;RJTT;DTW;KDTW;2026-01-20T18:48:47Z
3dfc2a84;AA1172;AAL1172;2.077.354;-6.786.166;127;39000;511;0;3557;2026-01-20T18:29:58Z;ADSB;AAEF89;A319;N8031M;AAL;AAL;ORD;KORD;STT;TIST;2026-01-20T19:05:36Z
3dfc2d74;AA249;AAL249;2.178.951;-9.982.832;177;38000;411;0;6277;2026-01-20T18:29:59Z;ADSB;A3CDE4;B38M;N344TS;AAL;AAL;ORD;KORD;MEX;MMMX;2026-01-20T19:01:20Z
3dfc5ca0;DL1112;DAL1112;2.997.918;-9.059.859;108;6400;262;-1856;6736;2026-01-20T18:29:59Z;ADSB;A4463E;B738;N3749D;DAL;DAL;LAX;KLAX;MSY;KMSY;2026-01-20T18:38:13Z
3dfce054;DL1368;DAL1368;3.253.303;-8.540.598;57;37000;562;0;7427;2026-01-20T18:29:59Z;ADSB;A3D4C6;A319;N346NB;DAL;DAL;MSY;KMSY;JFK;KJFK;2026-01-20T20:16:00Z
3dfb76b5;AF84;AFR84T;50.509;-11.558.846;204;36000;506;0;3311;2026-01-20T18:29:58Z;ADSB;3965A0;B77W;F-GZNA;AFR;AFR;CDG;LFPG;SFO;KSFO;2026-01-20T20:26:40Z
3dfb37ee;DL188;DAL188;509.724;-11.614.434;120;39000;542;64;3407;2026-01-20T18:29:58Z;ADSB;A69822;A359;N524DN;DAL;DAL;ICN;RKSI;ATL;KATL;2026-01-20T21:56:16Z
3dfb79f6;BA195;BAW26E;3.849.673;-9.351.694;217;39975;423;0;767;2026-01-20T18:29:57Z;ADSB;40749B;B789;G-ZBKR;BAW;BAW;LHR;EGLL;IAH;KIAH;2026-01-20T20:01:04Z
3dfcf0c4;AA2581;AAL2581;4.294.477;-8.789.925;95;0;7;0;6522;2026-01-20T18:29:58Z;ADSB;AD3FD9;B738;N953AN;AAL;AAL;MKE;KMKE;DFW;KDFW;
3dfb5cc2;KL689;KLM689;287.309;-9.007.949;177;41000;439;0;747;2026-01-20T18:34:57Z;ADSB;485785;B789;PH-BHN;KLM;KLM;AMS;EHAM;CUN;MMUN;2026-01-20T19:58:56Z
3dfb5a0f;KL661;KLM661;3.143.372;-9.337.318;227;38000;380;0;2421;2026-01-20T18:34:57Z;ADSB;4851B0;B789;PH-BHE;KLM;KLM;AMS;EHAM;IAH;KIAH;2026-01-20T19:05:36Z
3dfb8063;BA53;BAW5EA;4.818.189;-12.131.638;192;17600;383;-1856;2163;2026-01-20T18:34:58Z;ADSB;400774;B772;G-VIIW;BAW;BAW;LHR;EGLL;SEA;KSEA;2026-01-20T18:52:49Z
3dfb6bff;AF636;AFR636P;3.747.064;-9.484.121;200;38000;440;0;7111;2026-01-20T18:34:58Z;ADSB;39D2A6;A359;F-HUVG;AFR;AFR;CDG;LFPG;IAH;KIAH;2026-01-20T19:50:24Z
3dfc18c5;AA3052;AAL3052;2.607.339;-8.014.604;208;0;0;0;3354;2026-01-20T18:34:55Z;ADSB;AB4EA8;A319;N828AW;AAL;AAL;DCA;KDCA;FLL;KFLL;2026-01-20T18:05:12Z
3dfcf904;AA2896;AAL2896;2.607.365;-8.014.653;208;0;0;0;1477;2026-01-20T18:34:55Z;ADSB;A35388;B38M;N313SB;AAL;AAL;FLL;KFLL;LGA;KLGA;
3dfb554c;KL601;KLM601;3.448.389;-11.639.248;226;29000;444;0;3351;2026-01-20T18:34:57Z;ADSB;485F84;B78X;PH-BKQ;KLM;KLM;AMS;EHAM;LAX;KLAX;2026-01-20T19:03:37Z
3dfcdb67;AA3139;AAL3139;3.160.189;-9.347.981;275;30025;383;0;1654;2026-01-20T18:34:59Z;ADSB;A0480B;A320;N117UW;AAL;AAL;PNS;KPNS;DFW;KDFW;2026-01-20T19:16:16Z
3dfce97f;UA654;UAL654;3.154.487;-9.314.643;68;29000;555;0;4002;2026-01-20T18:34:59Z;ADSB;AB890A;A319;N842UA;UAL;UAL;IAH;KIAH;DCA;KDCA;2026-01-20T20:37:20Z
3dfcedcf;AA882;AAL882;3.648.299;-11.628.631;116;37000;501;0;2025;2026-01-20T18:34:57Z;ADSB;AB5FDD;A319;N832AW;AAL;AAL;RNO;KRNO;PHX;KPHX;2026-01-20T19:22:40Z
3dfb459f;DL57;DAL57;4.130.498;-11.207.159;186;11325;311;-1280;1742;2026-01-20T18:34:58Z;ADSB;AB00D6;A333;N808NW;DAL;DAL;AMS;EHAM;SLC;KSLC;2026-01-20T18:42:55Z
3dfb6bb5;AF158;AFR158K;39.265;-93.124;204;38000;450;0;2403;2026-01-20T18:34:57Z;ADSB;3949F4;B772;F-GSPU;AFR;AFR;CDG;LFPG;DFW;KDFW;2026-01-20T19:44:00Z
3dfc6077;UA1119;UAL1119;213.476;-8.721.848;152;3725;241;0;3536;2026-01-20T18:34:58Z;ADSB;A1CDD8;B772;N215UA;UAL;UAL;DEN;KDEN;CUN;MMUN;2026-01-20T18:39:11Z
3dfb5e2d;KL623;KLM623;3.363.808;-8.442.206;143;0;9;0;754;2026-01-20T18:34:59Z;ADSB;485E2E;B78X;PH-BKH;KLM;KLM;AMS;EHAM;ATL;KATL;2026-01-20T18:29:12Z
3dfb71d2;LH454;DLH454;4.656.308;-11.948.367;197;37000;519;0;1710;2026-01-20T18:34:57Z;ADSB;3C4B2A;B748;D-ABYJ;DLH;DLH;FRA;EDDF;SFO;KSFO;2026-01-20T19:58:56Z
3dfb53b3;UA6;UAL6;4.244.302;-10.872.134;135;38975;538;128;5721;2026-01-20T18:34:58Z;ADSB;A31A76;B789;N29984;UAL;UAL;NRT;RJAA;IAH;KIAH;2026-01-20T20:35:12Z
3dfb80ef;LH456;DLH456;4.891.402;-11.597.661;195;34000;530;0;1310;2026-01-20T18:34:58Z;ADSB;3C4B2D;B748;D-ABYM;DLH;DLH;FRA;EDDF;LAX;KLAX;2026-01-20T20:41:36Z
3dfcedc7;AA1616;AAL1616;3.920.294;-94.685;121;4525;283;2496;2152;2026-01-20T18:34:58Z;ADSB;AD8895;B738;N971NN;AAL;AAL;MCI;KMCI;CLT;KCLT;
3dfcd075;AA3317;AAL3317;2.858.125;-7.878.301;7;30500;485;1152;2104;2026-01-20T18:34:57Z;ADSB;ACF849;B738;N935AN;AAL;AAL;PBI;KPBI;LGA;KLGA;2026-01-20T20:30:56Z
3dfa9c2b;DL42;DAL42;3.394.544;-11.841.024;261;0;0;0;1464;2026-01-20T18:34:55Z;ADSB;A6A347;A359;N527DN;DAL;DAL;SYD;YSSY;LAX;KLAX;2026-01-20T17:05:27Z
3dfb5b3f;KL605;KLM373;3.780.093;-12.256.885;139;11625;339;-2176;1307;2026-01-20T18:34:59Z;ADSB;486071;B78X;PH-BKL;KLM;KLM;AMS;EHAM;SFO;KSFO;2026-01-20T18:47:38Z
3dfc08be;DL713;DAL713;3.591.887;-11.228.699;248;40000;420;0;5646;2026-01-20T18:34:58Z;ADSB;ABCA08;A332;N859NW;DAL;DAL;JFK;KJFK;LAX;KLAX;2026-01-20T19:31:12Z
3dfb6660;AF338;AFR338;4.743.717;-12.230.577;115;0;8;0;3322;2026-01-20T18:34:59Z;ADSB;39D2B3;A359;F-HUVT;AFR;AFR;CDG;LFPG;SEA;KSEA;2026-01-20T18:23:15Z
3dfc21cf;DL830;DAL830;4.091.212;-11.199.054;167;6000;183;-960;2001;2026-01-20T18:34:58Z;ADSB;ABD018;A332;N860NW;DAL;DAL;ATL;KATL;SLC;KSLC;2026-01-20T18:38:26Z
3dfb2fe8;DL120;DAL120;4.599.766;-9.470.716;118;29475;536;-2048;2427;2026-01-20T18:34:58Z;ADSB;A68946;A359;N520DN;DAL;DAL;HND;RJTT;MSP;KMSP;2026-01-20T19:04:58Z
3dfb1035;DL274;DAL274;4.276.012;-8.406.283;114;12150;320;-1088;1337;2026-01-20T18:34:58Z;ADSB;A65800;A359;N508DN;DAL;DAL;HND;RJTT;DTW;KDTW;2026-01-20T18:46:41Z
3dfc2a84;AA1172;AAL1172;2.033.709;-6.726.524;127;39000;511;0;3557;2026-01-20T18:34:58Z;ADSB;AAEF89;A319;N8031M;AAL;AAL;ORD;KORD;STT;TIST;2026-01-20T19:07:44Z
3dfc5de4;AA142;AAL142;5.606.919;-3.543.797;89;39000;533;0;0;2026-01-20T18:34:59Z;ESTIMATED;AACAA5;B772;N795AN;AAL;AAL;JFK;KJFK;LHR;EGLL;2026-01-20T21:26:24Z
3dfc2d74;AA249;AAL249;2.122.247;-9.979.751;177;36775;410;-1792;6277;2026-01-20T18:34:58Z;ADSB;A3CDE4;B38M;N344TS;AAL;AAL;ORD;KORD;MEX;MMMX;2026-01-20T19:03:28Z
3dfc5ca0;DL1112;DAL1112;2.990.339;-9.027.956;39;1300;162;-768;6736;2026-01-20T18:34:58Z;ADSB;A4463E;B738;N3749D;DAL;DAL;LAX;KLAX;MSY;KMSY;2026-01-20T18:37:05Z
3dfce054;DL1368;DAL1368;3.295.569;-8.462.642;57;37025;567;0;7427;2026-01-20T18:34:57Z;ADSB;A3D4C6;A319;N346NB;DAL;DAL;MSY;KMSY;JFK;KJFK;2026-01-20T20:13:52Z
3dfb76b5;AF84;AFR84T;4.988.175;-11.603.745;204;36000;496;0;3311;2026-01-20T18:34:57Z;ADSB;3965A0;B77W;F-GZNA;AFR;AFR;CDG;LFPG;SFO;KSFO;2026-01-20T20:28:48Z
3dfb37ee;DL188;DAL188;5.058.729;-11.512.165;121;39000;549;-64;3407;2026-01-20T18:34:58Z;ADSB;A69822;A359;N524DN;DAL;DAL;ICN;RKSI;ATL;KATL;2026-01-20T21:52:00Z
3dfb79f6;BA195;BAW26E;3.802.725;-9.397.378;217;39975;427;64;767;2026-01-20T18:34:57Z;ADSB;40749B;B789;G-ZBKR;BAW;BAW;LHR;EGLL;IAH;KIAH;2026-01-20T19:58:56Z
3dfcf0c4;AA2581;AAL2581;4.294.629;-8.788.853;168;0;4;0;6522;2026-01-20T18:34:58Z;ADSB;AD3FD9;B738;N953AN;AAL;AAL;MKE;KMKE;DFW;KDFW;
3dfb5cc2;KL689;KLM689;2.810.939;-9.004.485;176;40975;445;64;747;2026-01-20T18:40:00Z;ADSB;485785;B789;PH-BHN;KLM;KLM;AMS;EHAM;CUN;MMUN;2026-01-20T19:56:48Z
3dfb5a0f;KL661;KLM661;3.088.371;-9.337.528;157;36250;475;-1088;2421;2026-01-20T18:39:58Z;ADSB;4851B0;B789;PH-BHE;KLM;KLM;AMS;EHAM;IAH;KIAH;2026-01-20T19:03:28Z
3dfb8063;BA53;BAW5EA;4.784.065;-12.156.029;295;12075;285;-576;2163;2026-01-20T18:39:58Z;ADSB;400774;B772;G-VIIW;BAW;BAW;LHR;EGLL;SEA;KSEA;2026-01-20T18:52:13Z
3dfb6bff;AF636;AFR636P;3.688.576;-9.511.915;200;38000;459;0;7111;2026-01-20T18:39:59Z;ADSB;39D2A6;A359;F-HUVG;AFR;AFR;CDG;LFPG;IAH;KIAH;2026-01-20T19:50:24Z
3dfc18c5;AA3052;AAL3052;2.607.339;-8.014.604;208;0;0;0;3354;2026-01-20T18:39:56Z;ADSB;AB4EA8;A319;N828AW;AAL;AAL;DCA;KDCA;FLL;KFLL;2026-01-20T18:05:12Z
3dfcf904;AA2896;AAL2896;2.607.366;-8.014.653;208;0;0;0;1477;2026-01-20T18:39:56Z;ADSB;A35388;B38M;N313SB;AAL;AAL;FLL;KFLL;LGA;KLGA;
3dfb554c;KL601;KLM601;3.420.767;-11.699.806;249;22200;388;-2880;3351;2026-01-20T18:39:58Z;ADSB;485F84;B78X;PH-BKQ;KLM;KLM;AMS;EHAM;LAX;KLAX;2026-01-20T19:04:13Z
3dfcdb67;AA3139;AAL3139;3.174.504;-9.409.074;286;30025;389;0;1654;2026-01-20T18:40:00Z;ADSB;A0480B;A320;N117UW;AAL;AAL;PNS;KPNS;DFW;KDFW;2026-01-20T19:16:16Z
3dfce97f;UA654;UAL654;3.182.639;-9.230.345;68;33850;554;1024;4002;2026-01-20T18:39:59Z;ADSB;AB890A;A319;N842UA;UAL;UAL;IAH;KIAH;DCA;KDCA;2026-01-20T20:35:12Z
3dfcedcf;AA882;AAL882;3.616.783;-11.551.154;116;37000;508;64;2025;2026-01-20T18:39:58Z;ADSB;AB5FDD;A319;N832AW;AAL;AAL;RNO;KRNO;PHX;KPHX;2026-01-20T19:20:32Z
3dfb459f;DL57;DAL57;4.094.659;-11.199.323;174;6550;210;-896;1742;2026-01-20T18:39:59Z;ADSB;AB00D6;A333;N808NW;DAL;DAL;AMS;EHAM;SLC;KSLC;2026-01-20T18:44:13Z
3dfb6bb5;AF158;AFR158K;3.870.145;-9.345.359;204;38000;443;0;2403;2026-01-20T18:39:57Z;ADSB;3949F4;B772;F-GSPU;AFR;AFR;CDG;LFPG;DFW;KDFW;2026-01-20T19:46:08Z
3dfc6077;UA1119;UAL1119;2.112.561;-8.699.474;124;2275;181;-960;3536;2026-01-20T18:39:59Z;ADSB;A1CDD8;B772;N215UA;UAL;UAL;DEN;KDEN;CUN;MMUN;2026-01-20T18:41:56Z
3dfb71d2;LH454;DLH454;4.587.728;-11.979.568;197;37025;512;0;1710;2026-01-20T18:39:59Z;ADSB;3C4B2A;B748;D-ABYJ;DLH;DLH;FRA;EDDF;SFO;KSFO;2026-01-20T19:58:56Z
3dfb53b3;UA6;UAL6;4.189.897;-10.800.353;135;39000;557;-64;5721;2026-01-20T18:39:58Z;ADSB;A31A76;B789;N29984;UAL;UAL;NRT;RJAA;IAH;KIAH;2026-01-20T20:30:56Z
3dfb80ef;LH456;DLH456;4.820.526;-11.626.072;194;36000;525;0;1310;2026-01-20T18:39:58Z;ADSB;3C4B2D;B748;D-ABYM;DLH;DLH;FRA;EDDF;LAX;KLAX;2026-01-20T20:37:20Z
3dfcedc7;AA1616;AAL1616;3.909.182;-9.407.214;95;17425;439;2496;2152;2026-01-20T18:39:59Z;ADSB;AD8895;B738;N971NN;AAL;AAL;MCI;KMCI;CLT;KCLT;2026-01-20T20:11:44Z
3dfcd075;AA3317;AAL3317;2.925.343;-7.868.629;7;31000;480;0;2104;2026-01-20T18:39:58Z;ADSB;ACF849;B738;N935AN;AAL;AAL;PBI;KPBI;LGA;KLGA;2026-01-20T20:30:56Z
3dfa9c2b;DL42;DAL42;3.394.543;-11.841.026;261;0;0;0;1464;2026-01-20T18:39:51Z;ADSB;A6A347;A359;N527DN;DAL;DAL;SYD;YSSY;LAX;KLAX;2026-01-20T17:05:27Z
3dfb5b3f;KL605;KLM373;3.762.031;-12.211.065;120;5075;268;-1792;1307;2026-01-20T18:39:58Z;ADSB;486071;B78X;PH-BKL;KLM;KLM;AMS;EHAM;SFO;KSFO;2026-01-20T18:46:22Z
3dfc08be;DL713;DAL713;3.570.099;-11.295.353;247;40000;418;0;5646;2026-01-20T18:40:00Z;ADSB;ABCA08;A332;N859NW;DAL;DAL;JFK;KJFK;LAX;KLAX;2026-01-20T19:31:12Z
3dfb6660;AF338;AFR338;4.743.969;-12.229.829;61;0;1;0;3322;2026-01-20T18:40:00Z;ADSB;39D2B3;A359;F-HUVT;AFR;AFR;CDG;LFPG;SEA;KSEA;2026-01-20T18:23:15Z
3dfb2fe8;DL120;DAL120;4.566.151;-9.381.132;118;19375;464;-1984;2427;2026-01-20T18:39:58Z;ADSB;A68946;A359;N520DN;DAL;DAL;HND;RJTT;MSP;KMSP;2026-01-20T18:59:29Z
3dfb1035;DL274;DAL274;4.258.727;-8.354.691;124;5625;282;-64;1337;2026-01-20T18:39:58Z;ADSB;A65800;A359;N508DN;DAL;DAL;HND;RJTT;DTW;KDTW;2026-01-20T18:45:54Z
3dfc2a84;AA1172;AAL1172;1.988.339;-6.668.731;135;36425;513;-3136;3557;2026-01-20T18:39:58Z;ADSB;AAEF89;A319;N8031M;AAL;AAL;ORD;KORD;STT;TIST;2026-01-20T19:07:44Z
3dfc2d74;AA249;AAL249;2.062.055;-9.977.338;178;26800;422;-1472;6277;2026-01-20T18:39:58Z;ADSB;A3CDE4;B38M;N344TS;AAL;AAL;ORD;KORD;MEX;MMMX;2026-01-20T19:00:31Z
3dfce054;DL1368;DAL1368;3.338.058;-8.382.574;57;37025;570;0;7427;2026-01-20T18:39:59Z;ADSB;A3D4C6;A319;N346NB;DAL;DAL;MSY;KMSY;JFK;KJFK;2026-01-20T20:13:52Z
3dfb76b5;AF84;AFR84T;492.559;-11.647.192;204;36000;494;0;3311;2026-01-20T18:39:59Z;ADSB;3965A0;B77W;F-GZNA;AFR;AFR;CDG;LFPG;SFO;KSFO;2026-01-20T20:30:56Z
3dfb37ee;DL188;DAL188;5.018.946;-11.410.608;121;39000;547;0;3407;2026-01-20T18:39:59Z;ADSB;A69822;A359;N524DN;DAL;DAL;ICN;RKSI;ATL;KATL;2026-01-20T21:52:00Z
3dfb79f6;BA195;BAW26E;3.752.264;-9.439.758;213;40000;432;64;767;2026-01-20T18:40:00Z;ADSB;40749B;B789;G-ZBKR;BAW;BAW;LHR;EGLL;IAH;KIAH;2026-01-20T19:58:56Z
3dfcf0c4;AA2581;AAL2581;4.273.878;-8.811.678;207;10375;302;960;6522;2026-01-20T18:39:58Z;ADSB;AD3FD9;B738;N953AN;AAL;AAL;MKE;KMKE;DFW;KDFW;2026-01-20T20:43:44Z
3dfb5cc2;KL689;KLM689;2.750.186;-9.000.928;177;41000;443;0;747;2026-01-20T18:44:59Z;ADSB;485785;B789;PH-BHN;KLM;KLM;AMS;EHAM;CUN;MMUN;2026-01-20T19:56:48Z
3dfb5a0f;KL661;KLM661;3.061.042;-9.369.723;264;30950;324;-1856;2421;2026-01-20T18:44:58Z;ADSB;4851B0;B789;PH-BHE;KLM;KLM;AMS;EHAM;IAH;KIAH;2026-01-20T19:17:51Z
3dfb8063;BA53;BAW5EA;4.775.487;-12.208.416;247;6275;288;-2560;2163;2026-01-20T18:44:58Z;ADSB;400774;B772;G-VIIW;BAW;BAW;LHR;EGLL;SEA;KSEA;2026-01-20T18:51:30Z
3dfb6bff;AF636;AFR636P;3.629.552;-953.947;200;38025;450;0;7111;2026-01-20T18:44:58Z;ADSB;39D2A6;A359;F-HUVG;AFR;AFR;CDG;LFPG;IAH;KIAH;2026-01-20T19:48:16Z
3dfcf904;AA2896;AAL2896;2.607.365;-8.014.655;208;0;0;0;1477;2026-01-20T18:44:57Z;ADSB;A35388;B38M;N313SB;AAL;AAL;FLL;KFLL;LGA;KLGA;
3dfc18c5;AA3052;AAL3052;2.607.341;-8.014.606;208;0;0;0;3354;2026-01-20T18:44:54Z;ADSB;AB4EA8;A319;N828AW;AAL;AAL;DCA;KDCA;FLL;KFLL;2026-01-20T18:05:12Z
3dfb554c;KL601;KLM601;3.405.399;-11.757.414;252;11825;304;-1152;3351;2026-01-20T18:44:58Z;ADSB;485F84;B78X;PH-BKQ;KLM;KLM;AMS;EHAM;LAX;KLAX;2026-01-20T18:57:50Z
3dfcdb67;AA3139;AAL3139;3.189.345;-9.469.501;285;30050;386;0;1654;2026-01-20T18:44:59Z;ADSB;A0480B;A320;N117UW;AAL;AAL;PNS;KPNS;DFW;KDFW;2026-01-20T19:18:24Z
3dfce97f;UA654;UAL654;3.218.333;-9.151.572;67;35025;554;-64;4002;2026-01-20T18:44:59Z;ADSB;AB890A;A319;N842UA;UAL;UAL;IAH;KIAH;DCA;KDCA;2026-01-20T20:35:12Z
3dfcedcf;AA882;AAL882;3.584.706;-11.474.133;117;36975;498;0;2025;2026-01-20T18:44:59Z;ADSB;AB5FDD;A319;N832AW;AAL;AAL;RNO;KRNO;PHX;KPHX;2026-01-20T19:22:40Z
3dfb459f;DL57;DAL57;4.078.304;-11.197.627;177;0;3;0;1742;2026-01-20T18:44:58Z;ADSB;AB00D6;A333;N808NW;DAL;DAL;AMS;EHAM;SLC;KSLC;2026-01-20T18:43:12Z
3dfb6bb5;AF158;AFR158K;3.814.825;-9.377.159;204;38000;432;0;2403;2026-01-20T18:44:58Z;ADSB;3949F4;B772;F-GSPU;AFR;AFR;CDG;LFPG;DFW;KDFW;2026-01-20T19:44:00Z
3dfc6077;UA1119;UAL1119;2.103.997;-8.686.098;303;0;0;0;3536;2026-01-20T18:44:59Z;ADSB;A1CDD8;B772;N215UA;UAL;UAL;DEN;KDEN;CUN;MMUN;2026-01-20T18:43:31Z
3dfb71d2;LH454;DLH454;4.520.435;-1.200.941;197;37000;502;0;1710;2026-01-20T18:44:59Z;ADSB;3C4B2A;B748;D-ABYJ;DLH;DLH;FRA;EDDF;SFO;KSFO;2026-01-20T20:01:04Z
3dfb53b3;UA6;UAL6;4.134.174;-10.728.693;136;38975;548;0;5721;2026-01-20T18:44:59Z;ADSB;A31A76;B789;N29984;UAL;UAL;NRT;RJAA;IAH;KIAH;2026-01-20T20:33:04Z
3dfb80ef;LH456;DLH456;4.749.553;-11.653.684;194;36000;528;0;1310;2026-01-20T18:44:59Z;ADSB;3C4B2D;B748;D-ABYM;DLH;DLH;FRA;EDDF;LAX;KLAX;2026-01-20T20:41:36Z
3dfcedc7;AA1616;AAL1616;3.903.484;-9.321.704;95;27775;522;1536;2152;2026-01-20T18:44:59Z;ADSB;AD8895;B738;N971NN;AAL;AAL;MCI;KMCI;CLT;KCLT;2026-01-20T20:11:44Z
3dfcd075;AA3317;AAL3317;2.991.161;-7.859.296;7;31000;479;0;2104;2026-01-20T18:44:57Z;ADSB;ACF849;B738;N935AN;AAL;AAL;PBI;KPBI;LGA;KLGA;2026-01-20T20:33:04Z
3dfa9c2b;DL42;DAL42;3.394.544;-11.841.026;261;0;0;0;1464;2026-01-20T18:44:54Z;ADSB;A6A347;A359;N527DN;DAL;DAL;SYD;YSSY;LAX;KLAX;2026-01-20T17:05:27Z
3dfc08be;DL713;DAL713;3.547.728;-11.362.238;247;40000;429;0;5646;2026-01-20T18:44:59Z;ADSB;ABCA08;A332;N859NW;DAL;DAL;JFK;KJFK;LAX;KLAX;2026-01-20T19:29:04Z
3dfb5b3f;KL605;KLM373;3.760.862;-12.234.542;297;75;149;-832;1307;2026-01-20T18:44:59Z;ADSB;486071;B78X;PH-BKL;KLM;KLM;AMS;EHAM;SFO;KSFO;2026-01-20T18:45:24Z
3dfc21cf;DL830;DAL830;4.078.642;-11.198.033;174;0;0;0;2001;2026-01-20T18:44:54Z;ADSB;ABD018;A332;N860NW;DAL;DAL;ATL;KATL;SLC;KSLC;2026-01-20T18:38:12Z
3dfb2fe8;DL120;DAL120;4.518.514;-9.339.444;159;12400;386;-1024;2427;2026-01-20T18:44:59Z;ADSB;A68946;A359;N520DN;DAL;DAL;HND;RJTT;MSP;KMSP;2026-01-20T18:56:56Z
3dfb1035;DL274;DAL274;4.234.126;-8.328.223;198;2625;159;0;1337;2026-01-20T18:44:58Z;ADSB;A65800;A359;N508DN;DAL;DAL;HND;RJTT;DTW;KDTW;2026-01-20T18:46:22Z
3dfc2a84;AA1172;AAL1172;1.942.951;-6.618.873;133;20625;428;-2560;3557;2026-01-20T18:44:58Z;ADSB;AAEF89;A319;N8031M;AAL;AAL;ORD;KORD;STT;TIST;2026-01-20T19:09:04Z
3dfc2d74;AA249;AAL249;2.011.446;-9.974.031;169;20475;335;-1088;6277;2026-01-20T18:44:57Z;ADSB;A3CDE4;B38M;N344TS;AAL;AAL;ORD;KORD;MEX;MMMX;2026-01-20T18:58:50Z
3dfce054;DL1368;DAL1368;3.379.464;-8.302.849;58;36975;564;64;7427;2026-01-20T18:44:59Z;ADSB;A3D4C6;A319;N346NB;DAL;DAL;MSY;KMSY;JFK;KJFK;2026-01-20T20:13:52Z
3dfb76b5;AF84;AFR84T;4.863.554;-11.690.993;204;36000;497;0;3311;2026-01-20T18:44:58Z;ADSB;3965A0;B77W;F-GZNA;AFR;AFR;CDG;LFPG;SFO;KSFO;2026-01-20T20:28:48Z
3dfb37ee;DL188;DAL188;4.978.548;-1.131.136;122;39000;548;0;3407;2026-01-20T18:44:59Z;ADSB;A69822;A359;N524DN;DAL;DAL;ICN;RKSI;ATL;KATL;2026-01-20T21:54:08Z
3dfb79f6;BA195;BAW26E;3.702.514;-9.480.532;213;39975;432;64;767;2026-01-20T18:44:59Z;ADSB;40749B;B789;G-ZBKR;BAW;BAW;LHR;EGLL;IAH;KIAH;2026-01-20T19:58:56Z
3dfcf0c4;AA2581;AAL2581;4.219.734;-8.808.426;169;22450;436;1856;6522;2026-01-20T18:44:59Z;ADSB;AD3FD9;B738;N953AN;AAL;AAL;MKE;KMKE;DFW;KDFW;2026-01-20T20:43:44Z
3dfb5cc2;KL689;KLM689;2.685.259;-8.997.181;177;41000;530;0;747;2026-01-20T18:49:55Z;ADSB;485785;B789;PH-BHN;KLM;KLM;AMS;EHAM;CUN;MMUN;2026-01-20T19:56:48Z
3dfb5a0f;KL661;KLM661;3.056.201;-9.422.771;263;22450;335;-1856;2421;2026-01-20T18:49:57Z;ADSB;4851B0;B789;PH-BHE;KLM;KLM;AMS;EHAM;IAH;KIAH;2026-01-20T19:14:08Z
3dfb8063;BA53;BAW5EA;475.438;-12.231.713;180;1675;177;-1024;2163;2026-01-20T18:49:58Z;ADSB;400774;B772;G-VIIW;BAW;BAW;LHR;EGLL;SEA;KSEA;2026-01-20T18:53:09Z
3dfb6bff;AF636;AFR636P;3.571.041;-956.638;200;38000;449;0;7111;2026-01-20T18:49:59Z;ADSB;39D2A6;A359;F-HUVG;AFR;AFR;CDG;LFPG;IAH;KIAH;2026-01-20T19:48:16Z
3dfcf904;AA2896;AAL2896;2.607.365;-8.014.655;208;0;0;0;1477;2026-01-20T18:49:58Z;ADSB;A35388;B38M;N313SB;AAL;AAL;FLL;KFLL;LGA;KLGA;
3dfc18c5;AA3052;AAL3052;260.742;-801.459;278;0;0;0;3354;2026-01-20T18:49:55Z;ADSB;AB4EA8;A319;N828AW;AAL;AAL;DCA;KDCA;FLL;KFLL;2026-01-20T18:05:12Z
3dfb554c;KL601;KLM601;3.399.037;-11.802.007;263;6175;220;-1216;3351;2026-01-20T18:49:57Z;ADSB;485F84;B78X;PH-BKQ;KLM;KLM;AMS;EHAM;LAX;KLAX;2026-01-20T18:56:06Z
3dfcdb67;AA3139;AAL3139;3.205.678;-9.529.629;292;30050;391;0;1654;2026-01-20T18:49:58Z;ADSB;A0480B;A320;N117UW;AAL;AAL;PNS;KPNS;DFW;KDFW;2026-01-20T19:16:16Z
3dfce97f;UA654;UAL654;3.247.223;-9.067.045;68;35000;560;64;4002;2026-01-20T18:49:58Z;ADSB;AB890A;A319;N842UA;UAL;UAL;IAH;KIAH;DCA;KDCA;2026-01-20T20:35:12Z
3dfcedcf;AA882;AAL882;3.554.224;-11.402.567;117;34550;459;-960;2025;2026-01-20T18:49:58Z;ADSB;AB5FDD;A319;N832AW;AAL;AAL;RNO;KRNO;PHX;KPHX;2026-01-20T19:22:40Z
3dfb6bb5;AF158;AFR158K;3.760.667;-9.407.772;204;38000;427;0;2403;2026-01-20T18:49:58Z;ADSB;3949F4;B772;F-GSPU;AFR;AFR;CDG;LFPG;DFW;KDFW;2026-01-20T19:46:08Z
3dfc6077;UA1119;UAL1119;2.103.999;-8.686.101;303;0;0;0;3536;2026-01-20T18:49:56Z;ADSB;A1CDD8;B772;N215UA;UAL;UAL;DEN;KDEN;CUN;MMUN;2026-01-20T18:43:31Z
3dfb71d2;LH454;DLH454;4.454.526;-12.037.929;197;37000;500;0;1710;2026-01-20T18:49:57Z;ADSB;3C4B2A;B748;D-ABYJ;DLH;DLH;FRA;EDDF;SFO;KSFO;2026-01-20T20:01:04Z
3dfb53b3;UA6;UAL6;4.079.732;-10.660.431;136;39000;535;64;5721;2026-01-20T18:49:57Z;ADSB;A31A76;B789;N29984;UAL;UAL;NRT;RJAA;IAH;KIAH;2026-01-20T20:35:12Z
3dfb80ef;LH456;DLH456;4.679.263;-11.680.286;194;36000;526;128;1310;2026-01-20T18:49:57Z;ADSB;3C4B2D;B748;D-ABYM;DLH;DLH;FRA;EDDF;LAX;KLAX;2026-01-20T20:41:36Z
3dfcedc7;AA1616;AAL1616;3.883.681;-9.229.871;111;35150;550;1600;2152;2026-01-20T18:49:58Z;ADSB;AD8895;B738;N971NN;AAL;AAL;MCI;KMCI;CLT;KCLT;2026-01-20T20:09:36Z
3dfcd075;AA3317;AAL3317;3.057.404;-7.849.554;8;31000;479;0;2104;2026-01-20T18:49:58Z;ADSB;ACF849;B738;N935AN;AAL;AAL;PBI;KPBI;LGA;KLGA;2026-01-20T20:33:04Z
3dfa9c2b;DL42;DAL42;3.394.544;-11.841.026;261;0;0;0;1464;2026-01-20T18:49:50Z;ADSB;A6A347;A359;N527DN;DAL;DAL;SYD;YSSY;LAX;KLAX;2026-01-20T17:05:27Z
3dfc08be;DL713;DAL713;352.494;-11.428.894;247;40000;430;0;5646;2026-01-20T18:49:57Z;ADSB;ABCA08;A332;N859NW;DAL;DAL;JFK;KJFK;LAX;KLAX;2026-01-20T19:29:04Z
3dfb5b3f;KL605;KLM373;3.761.283;-12.238.216;194;0;19;0;1307;2026-01-20T18:49:58Z;ADSB;486071;B78X;PH-BKL;KLM;KLM;AMS;EHAM;SFO;KSFO;2026-01-20T18:45:12Z
3dfc21cf;DL830;DAL830;4.078.642;-11.198.033;174;0;0;0;2001;2026-01-20T18:49:05Z;ADSB;ABD018;A332;N860NW;DAL;DAL;ATL;KATL;SLC;KSLC;2026-01-20T18:38:12Z
3dfb2fe8;DL120;DAL120;4.491.867;-9.298.654;117;4750;263;-2496;2427;2026-01-20T18:49:57Z;ADSB;A68946;A359;N520DN;DAL;DAL;HND;RJTT;MSP;KMSP;2026-01-20T18:56:58Z
3dfb1035;DL274;DAL274;4.220.676;-8.337.966;180;0;29;0;1337;2026-01-20T18:49:59Z;ADSB;A65800;A359;N508DN;DAL;DAL;HND;RJTT;DTW;KDTW;2026-01-20T18:49:12Z
3dfc2a84;AA1172;AAL1172;1.905.718;-6.578.239;133;11250;344;-1600;3557;2026-01-20T18:49:58Z;ADSB;AAEF89;A319;N8031M;AAL;AAL;ORD;KORD;STT;TIST;2026-01-20T19:02:50Z
3dfc5de4;AA142;AAL142;5.602.161;-3.151.074;92;39000;529;0;0;2026-01-20T18:49:55Z;ESTIMATED;AACAA5;B772;N795AN;AAL;AAL;JFK;KJFK;LHR;EGLL;2026-01-20T21:22:08Z
3dfc2d74;AA249;AAL249;1.976.445;-9.951.911;127;15925;289;-704;6277;2026-01-20T18:49:58Z;ADSB;A3CDE4;B38M;N344TS;AAL;AAL;ORD;KORD;MEX;MMMX;2026-01-20T18:58:34Z
3dfce054;DL1368;DAL1368;3.421.408;-8.222.678;57;37025;573;0;7427;2026-01-20T18:49:58Z;ADSB;A3D4C6;A319;N346NB;DAL;DAL;MSY;KMSY;JFK;KJFK;2026-01-20T20:09:36Z
3dfb76b5;AF84;AFR84T;4.801.053;-11.734.133;204;36000;496;0;3311;2026-01-20T18:49:58Z;ADSB;3965A0;B77W;F-GZNA;AFR;AFR;CDG;LFPG;SFO;KSFO;2026-01-20T20:26:40Z
3dfb37ee;DL188;DAL188;4.937.338;-11.213.837;123;39000;550;64;3407;2026-01-20T18:49:58Z;ADSB;A69822;A359;N524DN;DAL;DAL;ICN;RKSI;ATL;KATL;2026-01-20T21:52:00Z
3dfb79f6;BA195;BAW26E;3.651.828;-952.143;212;39975;435;64;767;2026-01-20T18:49:59Z;ADSB;40749B;B789;G-ZBKR;BAW;BAW;LHR;EGLL;IAH;KIAH;2026-01-20T19:58:56Z
3dfcf0c4;AA2581;AAL2581;4.167.091;-8.816.119;213;32000;380;1024;6522;2026-01-20T18:49:57Z;ADSB;AD3FD9;B738;N953AN;AAL;AAL;MKE;KMKE;DFW;KDFW;2026-01-20T20:43:44Z
3dfb5cc2;KL689;KLM689;262.855;-8.993.922;177;41000;447;0;747;2026-01-20T18:54:59Z;ESTIMATED;485785;B789;PH-BHN;KLM;KLM;AMS;EHAM;CUN;MMUN;2026-01-20T19:56:48Z
3dfb5a0f;KL661;KLM661;3.039.684;-9.470.759;230;14675;324;-1536;2421;2026-01-20T18:54:59Z;ADSB;4851B0;B789;PH-BHE;KLM;KLM;AMS;EHAM;IAH;KIAH;2026-01-20T19:10:39Z
3dfb6bff;AF636;AFR636P;3.513.698;-9.592.331;200;38000;435;0;7111;2026-01-20T18:54:58Z;ADSB;39D2A6;A359;F-HUVG;AFR;AFR;CDG;LFPG;IAH;KIAH;2026-01-20T19:52:32Z
3dfcf904;AA2896;AAL2896;2.607.422;-8.014.593;284;0;0;0;1477;2026-01-20T18:54:45Z;ADSB;A35388;B38M;N313SB;AAL;AAL;FLL;KFLL;LGA;KLGA;
3dfc18c5;AA3052;AAL3052;2.607.493;-8.015.577;270;0;10;0;3354;2026-01-20T18:54:58Z;ADSB;AB4EA8;A319;N828AW;AAL;AAL;DCA;KDCA;FLL;KFLL;2026-01-20T18:05:12Z
3dfb554c;KL601;KLM601;3.395.725;-11.835.143;263;775;157;-832;3351;2026-01-20T18:54:57Z;ADSB;485F84;B78X;PH-BKQ;KLM;KLM;AMS;EHAM;LAX;KLAX;2026-01-20T18:56:31Z
3dfcedcf;AA882;AAL882;3.518.509;-11.335.082;123;29450;462;-1856;2025;2026-01-20T18:54:58Z;ADSB;AB5FDD;A319;N832AW;AAL;AAL;RNO;KRNO;PHX;KPHX;2026-01-20T19:22:40Z
3dfcdb67;AA3139;AAL3139;3.225.907;-9.588.834;291;29425;391;-960;1654;2026-01-20T18:54:58Z;ADSB;A0480B;A320;N117UW;AAL;AAL;PNS;KPNS;DFW;KDFW;2026-01-20T19:16:16Z
3dfce97f;UA654;UAL654;3.275.652;-8.981.609;68;34975;562;0;4002;2026-01-20T18:54:58Z;ADSB;AB890A;A319;N842UA;UAL;UAL;IAH;KIAH;DCA;KDCA;2026-01-20T20:35:12Z
3dfb6bb5;AF158;AFR158K;3.706.308;-943.802;203;38000;435;0;2403;2026-01-20T18:54:57Z;ADSB;3949F4;B772;F-GSPU;AFR;AFR;CDG;LFPG;DFW;KDFW;2026-01-20T19:46:08Z
3dfb53b3;UA6;UAL6;4.026.755;-10.595.458;137;39000;511;-64;5721;2026-01-20T18:54:57Z;ADSB;A31A76;B789;N29984;UAL;UAL;NRT;RJAA;IAH;KIAH;2026-01-20T20:39:28Z
3dfb71d2;LH454;DLH454;4.388.297;-1.206.592;196;37000;497;0;1710;2026-01-20T18:54:58Z;ADSB;3C4B2A;B748;D-ABYJ;DLH;DLH;FRA;EDDF;SFO;KSFO;2026-01-20T19:58:56Z
3dfb80ef;LH456;DLH456;4.608.838;-11.706.221;194;36000;521;0;1310;2026-01-20T18:54:57Z;ADSB;3C4B2D;B748;D-ABYM;DLH;DLH;FRA;EDDF;LAX;KLAX;2026-01-20T20:39:28Z
3dfcedc7;AA1616;AAL1616;3.860.271;-913.952;108;37000;532;0;2152;2026-01-20T18:54:57Z;ADSB;AD8895;B738;N971NN;AAL;AAL;MCI;KMCI;CLT;KCLT;2026-01-20T20:09:36Z
3dfcd075;AA3317;AAL3317;3.123.245;-7.838.805;8;31000;479;64;2104;2026-01-20T18:54:58Z;ADSB;ACF849;B738;N935AN;AAL;AAL;PBI;KPBI;LGA;KLGA;2026-01-20T20:35:12Z
3dfa9c2b;DL42;DAL42;3.394.544;-11.841.026;261;0;0;0;1464;2026-01-20T18:54:58Z;ADSB;A6A347;A359;N527DN;DAL;DAL;SYD;YSSY;LAX;KLAX;2026-01-20T17:05:27Z
3dfc08be;DL713;DAL713;3.501.026;-11.496.231;242;40000;437;0;5646;2026-01-20T18:54:59Z;ADSB;ABCA08;A332;N859NW;DAL;DAL;JFK;KJFK;LAX;KLAX;2026-01-20T19:29:04Z
3dfb5b3f;KL605;KLM373;3.761.232;-12.238.916;284;0;1;0;1307;2026-01-20T18:54:55Z;ADSB;486071;B78X;PH-BKL;KLM;KLM;AMS;EHAM;SFO;KSFO;2026-01-20T18:45:12Z
3dfb2fe8;DL120;DAL120;4.483.856;-9.312.038;299;2125;130;-832;2427;2026-01-20T18:54:58Z;ADSB;A68946;A359;N520DN;DAL;DAL;HND;RJTT;MSP;KMSP;2026-01-20T18:57:05Z
3dfb1035;DL274;DAL274;422.058;-8.336.214;45;0;18;0;1337;2026-01-20T18:54:57Z;ADSB;A65800;A359;N508DN;DAL;DAL;HND;RJTT;DTW;KDTW;2026-01-20T18:49:12Z
3dfc2a84;AA1172;AAL1172;1.878.085;-6.548.254;133;6825;269;-1408;3557;2026-01-20T18:54:57Z;ADSB;AAEF89;A319;N8031M;AAL;AAL;ORD;KORD;STT;TIST;2026-01-20T19:03:02Z
3dfc2d74;AA249;AAL249;1.949.878;-9.923.505;178;11675;238;-1024;6277;2026-01-20T18:54:57Z;ADSB;A3CDE4;B38M;N344TS;AAL;AAL;ORD;KORD;MEX;MMMX;2026-01-20T18:59:46Z
3dfb76b5;AF84;AFR84T;4.738.838;-1.177.595;204;36000;495;64;3311;2026-01-20T18:54:56Z;ADSB;3965A0;B77W;F-GZNA;AFR;AFR;CDG;LFPG;SFO;KSFO;2026-01-20T20:26:40Z
3dfb37ee;DL188;DAL188;4.895.311;-11.117.924;124;39000;541;0;3407;2026-01-20T18:54:58Z;ADSB;A69822;A359;N524DN;DAL;DAL;ICN;RKSI;ATL;KATL;2026-01-20T21:52:00Z
3dfb79f6;BA195;BAW26E;3.600.387;-9.562.243;212;39675;438;-448;767;2026-01-20T18:54:59Z;ADSB;40749B;B789;G-ZBKR;BAW;BAW;LHR;EGLL;IAH;KIAH;2026-01-20T19:56:48Z
3dfcf0c4;AA2581;AAL2581;4.118.774;-885.779;212;36800;408;1024;6522;2026-01-20T18:54:58Z;ADSB;AD3FD9;B738;N953AN;AAL;AAL;MKE;KMKE;DFW;KDFW;2026-01-20T20:43:44Z
3dfce054;DL1368;DAL1368;3.462.735;-8.140.179;59;37000;577;64;7427;2026-01-20T18:54:58Z;ADSB;A3D4C6;A319;N346NB;DAL;DAL;MSY;KMSY;JFK;KJFK;2026-01-20T20:09:36Z
3dfb5a0f;KL661;KLM661;3.015.258;-950.385;230;8575;256;-704;2421;2026-01-20T18:59:58Z;ADSB;4851B0;B789;PH-BHE;KLM;KLM;AMS;EHAM;IAH;KIAH;2026-01-20T19:08:35Z
3dfb6bff;AF636;AFR636P;3.456.476;-9.617.844;200;38000;437;-64;7111;2026-01-20T18:59:59Z;ADSB;39D2A6;A359;F-HUVG;AFR;AFR;CDG;LFPG;IAH;KIAH;2026-01-20T19:50:24Z
3dfc18c5;AA3052;AAL3052;2.607.607;-8.016.647;271;0;0;0;3354;2026-01-20T18:59:55Z;ADSB;AB4EA8;A319;N828AW;AAL;AAL;DCA;KDCA;FLL;KFLL;2026-01-20T18:05:12Z
3dfcf904;AA2896;AAL2896;2.607.478;-8.014.645;312;0;9;0;1477;2026-01-20T18:59:59Z;ADSB;A35388;B38M;N313SB;AAL;AAL;FLL;KFLL;LGA;KLGA;
3dfb554c;KL601;KLM601;3.394.353;-11.841.841;104;0;9;0;3351;2026-01-20T18:59:58Z;ADSB;485F84;B78X;PH-BKQ;KLM;KLM;AMS;EHAM;LAX;KLAX;2026-01-20T18:56:12Z
3dfcedcf;AA882;AAL882;3.483.192;-11.271.098;124;25725;437;-832;2025;2026-01-20T18:59:59Z;ADSB;AB5FDD;A319;N832AW;AAL;AAL;RNO;KRNO;PHX;KPHX;2026-01-20T19:25:23Z
3dfcdb67;AA3139;AAL3139;3.244.994;-9.645.621;291;18200;337;-2112;1654;2026-01-20T18:59:59Z;ADSB;A0480B;A320;N117UW;AAL;AAL;PNS;KPNS;DFW;KDFW;2026-01-20T19:19:09Z
3dfce97f;UA654;UAL654;330.384;-8.894.576;69;35025;569;0;4002;2026-01-20T18:59:58Z;ADSB;AB890A;A319;N842UA;UAL;UAL;IAH;KIAH;DCA;KDCA;2026-01-20T20:35:12Z
3dfb6bb5;AF158;AFR158K;3.659.088;-9.482.329;218;38000;424;0;2403;2026-01-20T18:59:59Z;ADSB;3949F4;B772;F-GSPU;AFR;AFR;CDG;LFPG;DFW;KDFW;2026-01-20T19:46:08Z
3dfb53b3;UA6;UAL6;3.974.276;-10.532.599;137;39000;515;-192;5721;2026-01-20T18:59:59Z;ADSB;A31A76;B789;N29984;UAL;UAL;NRT;RJAA;IAH;KIAH;2026-01-20T20:39:28Z
3dfb71d2;LH454;DLH454;432.218;-12.093.214;196;37000;492;0;1710;2026-01-20T18:59:59Z;ADSB;3C4B2A;B748;D-ABYJ;DLH;DLH;FRA;EDDF;SFO;KSFO;2026-01-20T20:01:04Z
3dfb80ef;LH456;DLH456;4.538.084;-1.173.159;193;36000;520;0;1310;2026-01-20T18:59:59Z;ADSB;3C4B2D;B748;D-ABYM;DLH;DLH;FRA;EDDF;LAX;KLAX;2026-01-20T20:39:28Z
3dfcedc7;AA1616;AAL1616;3.836.863;-90.504;108;37000;530;-64;2152;2026-01-20T18:59:59Z;ADSB;AD8895;B738;N971NN;AAL;AAL;MCI;KMCI;CLT;KCLT;2026-01-20T20:11:44Z
3dfcd075;AA3317;AAL3317;3.189.647;-7.827.819;8;31000;478;0;2104;2026-01-20T18:59:59Z;ADSB;ACF849;B738;N935AN;AAL;AAL;PBI;KPBI;LGA;KLGA;2026-01-20T20:30:56Z
3dfa9c2b;DL42;DAL42;3.394.544;-11.841.026;261;0;0;0;1464;2026-01-20T18:59:48Z;ADSB;A6A347;A359;N527DN;DAL;DAL;SYD;YSSY;LAX;KLAX;2026-01-20T17:05:27Z
3dfc08be;DL713;DAL713;3.480.959;-11.562.606;282;37350;415;-704;5646;2026-01-20T18:59:58Z;ADSB;ABCA08;A332;N859NW;DAL;DAL;JFK;KJFK;LAX;KLAX;2026-01-20T19:26:56Z
3dfb2fe8;DL120;DAL120;44.882;-9.321.775;120;0;7;0;2427;2026-01-20T19:00:00Z;ADSB;A68946;A359;N520DN;DAL;DAL;HND;RJTT;MSP;KMSP;2026-01-20T18:57:27Z
3dfb1035;DL274;DAL274;4.220.809;-8.335.863;118;0;0;0;1337;2026-01-20T18:59:59Z;ADSB;A65800;A359;N508DN;DAL;DAL;HND;RJTT;DTW;KDTW;2026-01-20T18:49:12Z
3dfc2a84;AA1172;AAL1172;1.855.726;-6.530.389;173;2925;209;0;3557;2026-01-20T18:59:59Z;ADSB;AAEF89;A319;N8031M;AAL;AAL;ORD;KORD;STT;TIST;2026-01-20T19:02:06Z
3dfc2d74;AA249;AAL249;1.942.982;-9.908.093;59;6950;166;-576;6277;2026-01-20T18:59:57Z;ADSB;A3CDE4;B38M;N344TS;AAL;AAL;ORD;KORD;MEX;MMMX;2026-01-20T18:59:49Z
3dfb76b5;AF84;AFR84T;467.477;-11.817.886;203;37000;500;0;3311;2026-01-20T18:59:58Z;ADSB;3965A0;B77W;F-GZNA;AFR;AFR;CDG;LFPG;SFO;KSFO;2026-01-20T20:26:40Z
3dfb37ee;DL188;DAL188;4.851.883;-11.022.295;124;39000;559;-64;3407;2026-01-20T18:59:58Z;ADSB;A69822;A359;N524DN;DAL;DAL;ICN;RKSI;ATL;KATL;2026-01-20T21:49:52Z
3dfb79f6;BA195;BAW26E;3.546.829;-9.595.184;197;38000;444;-64;767;2026-01-20T18:59:58Z;ADSB;40749B;B789;G-ZBKR;BAW;BAW;LHR;EGLL;IAH;KIAH;2026-01-20T19:56:48Z
3dfcf0c4;AA2581;AAL2581;407.005;-8.898.987;212;38000;414;0;6522;2026-01-20T18:59:58Z;ADSB;AD3FD9;B738;N953AN;AAL;AAL;MKE;KMKE;DFW;KDFW;2026-01-20T20:43:44Z
3dfce054;DL1368;DAL1368;3.499.228;-8.052.519;66;37000;587;0;7427;2026-01-20T18:59:59Z;ADSB;A3D4C6;A319;N346NB;DAL;DAL;MSY;KMSY;JFK;KJFK;2026-01-20T20:09:36Z
3dfb5cc2;KL689;KLM689;2.503.194;-8.987.009;177;40975;444;0;747;2026-01-20T19:04:54Z;ADSB;485785;B789;PH-BHN;KLM;KLM;AMS;EHAM;CUN;MMUN;2026-01-20T19:56:48Z
3dfb5a0f;KL661;KLM661;3.009.256;-9.540.662;270;5900;211;-448;2421;2026-01-20T19:05:00Z;ADSB;4851B0;B789;PH-BHE;KLM;KLM;AMS;EHAM;IAH;KIAH;2026-01-20T19:10:29Z
3dfb6bff;AF636;AFR636P;3.400.369;-9.642.493;199;38000;423;0;7111;2026-01-20T19:04:59Z;ADSB;39D2A6;A359;F-HUVG;AFR;AFR;CDG;LFPG;IAH;KIAH;2026-01-20T19:52:32Z
3dfb8063;BA53;BAW5EA;4.743.777;-12.230.239;16;0;3;0;2163;2026-01-20T19:04:59Z;ADSB;400774;B772;G-VIIW;BAW;BAW;LHR;EGLL;SEA;KSEA;2026-01-20T18:52:22Z
3dfcf904;AA2896;AAL2896;2.607.626;-8.016.647;2;0;15;0;1477;2026-01-20T19:04:59Z;ADSB;A35388;B38M;N313SB;AAL;AAL;FLL;KFLL;LGA;KLGA;
3dfd1efd;AA3052;AAL3052;2.611.896;-79.945;54;7850;281;2816;3354;2026-01-20T19:04:59Z;MLAT;AB4EA8;A319;N828AW;AAL;AAL;FLL;KFLL;DCA;KDCA;
3dfb554c;KL601;KLM601;3.394.283;-11.841.552;70;0;1;0;3351;2026-01-20T19:05:00Z;ADSB;485F84;B78X;PH-BKQ;KLM;KLM;AMS;EHAM;LAX;KLAX;2026-01-20T18:56:12Z
3dfcedcf;AA882;AAL882;3.442.818;-11.222.624;165;18675;372;-1600;2025;2026-01-20T19:04:59Z;ADSB;AB5FDD;A319;N832AW;AAL;AAL;RNO;KRNO;PHX;KPHX;2026-01-20T19:24:26Z
3dfcdb67;AA3139;AAL3139;3.275.155;-9.686.691;316;11625;279;-128;1654;2026-01-20T19:04:58Z;ADSB;A0480B;A320;N117UW;AAL;AAL;PNS;KPNS;DFW;KDFW;2026-01-20T19:15:40Z
3dfce97f;UA654;UAL654;3.331.534;-8.806.618;69;35000;570;0;4002;2026-01-20T19:04:58Z;ADSB;AB890A;A319;N842UA;UAL;UAL;IAH;KIAH;DCA;KDCA;2026-01-20T20:33:04Z
3dfb6bb5;AF158;AFR158K;3.613.417;-9.527.303;218;38000;414;0;2403;2026-01-20T19:04:58Z;ADSB;3949F4;B772;F-GSPU;AFR;AFR;CDG;LFPG;DFW;KDFW;2026-01-20T19:46:08Z
3dfb53b3;UA6;UAL6;3.919.963;-10.468.902;137;39000;530;-64;5721;2026-01-20T19:05:00Z;ADSB;A31A76;B789;N29984;UAL;UAL;NRT;RJAA;IAH;KIAH;2026-01-20T20:35:12Z
3dfb71d2;LH454;DLH454;4.257.779;-12.119.212;196;37000;485;64;1710;2026-01-20T19:04:58Z;ADSB;3C4B2A;B748;D-ABYJ;DLH;DLH;FRA;EDDF;SFO;KSFO;2026-01-20T20:01:04Z
3dfb80ef;LH456;DLH456;4.468.987;-1.175.575;193;36000;506;64;1310;2026-01-20T19:04:59Z;ADSB;3C4B2D;B748;D-ABYM;DLH;DLH;FRA;EDDF;LAX;KLAX;2026-01-20T20:41:36Z
3dfcedc7;AA1616;AAL1616;3.812.335;-8.960.031;109;37000;548;0;2152;2026-01-20T19:04:59Z;ADSB;AD8895;B738;N971NN;AAL;AAL;MCI;KMCI;CLT;KCLT;2026-01-20T20:09:36Z
3dfcd075;AA3317;AAL3317;3.255.597;-7.817.893;7;31000;480;0;2104;2026-01-20T19:04:58Z;ADSB;ACF849;B738;N935AN;AAL;AAL;PBI;KPBI;LGA;KLGA;2026-01-20T20:30:56Z
3dfa9c2b;DL42;DAL42;3.394.544;-11.841.025;261;0;0;0;1464;2026-01-20T19:04:57Z;ADSB;A6A347;A359;N527DN;DAL;DAL;SYD;YSSY;LAX;KLAX;2026-01-20T17:05:27Z
3dfc08be;DL713;DAL713;3.454.032;-11.625.893;235;30675;446;-1984;5646;2026-01-20T19:04:58Z;ADSB;ABCA08;A332;N859NW;DAL;DAL;JFK;KJFK;LAX;KLAX;2026-01-20T19:36:34Z
3dfb2fe8;DL120;DAL120;4.488.098;-932.112;50;0;0;0;2427;2026-01-20T19:04:58Z;ADSB;A68946;A359;N520DN;DAL;DAL;HND;RJTT;MSP;KMSP;2026-01-20T18:57:27Z
3dfb1035;DL274;DAL274;422.081;-8.335.865;118;0;0;0;1337;2026-01-20T19:04:59Z;ADSB;A65800;A359;N508DN;DAL;DAL;HND;RJTT;DTW;KDTW;2026-01-20T18:49:12Z
3dfc2a84;AA1172;AAL1172;1.833.171;-6.518.194;119;2725;176;-192;3557;2026-01-20T19:04:59Z;ADSB;AAEF89;A319;N8031M;AAL;AAL;ORD;KORD;STT;TIST;2026-01-20T19:06:54Z
3dfc5de4;AA142;AAL142;5.581.113;-2.764.808;97;39000;520;0;0;2026-01-20T19:04:58Z;ESTIMATED;AACAA5;B772;N795AN;AAL;AAL;JFK;KJFK;LHR;EGLL;2026-01-20T21:22:08Z
3dfc2d74;AA249;AAL249;1.943.782;-990.773;244;0;1;0;6277;2026-01-20T19:04:59Z;ADSB;A3CDE4;B38M;N344TS;AAL;AAL;ORD;KORD;MEX;MMMX;2026-01-20T19:00:12Z
3dfb79f6;BA195;BAW26E;3.488.187;-9.617.409;197;38000;441;-64;767;2026-01-20T19:04:59Z;ADSB;40749B;B789;G-ZBKR;BAW;BAW;LHR;EGLL;IAH;KIAH;2026-01-20T19:58:56Z
3dfb76b5;AF84;AFR84T;4.610.906;-11.858.608;203;37000;501;0;3311;2026-01-20T19:04:59Z;ADSB;3965A0;B77W;F-GZNA;AFR;AFR;CDG;LFPG;SFO;KSFO;2026-01-20T20:24:32Z
3dfb37ee;DL188;DAL188;4.807.012;-10.926.939;125;39000;556;0;3407;2026-01-20T19:04:59Z;ADSB;A69822;A359;N524DN;DAL;DAL;ICN;RKSI;ATL;KATL;2026-01-20T21:52:00Z
3dfcf0c4;AA2581;AAL2581;4.022.416;-8.938.551;212;38000;397;0;6522;2026-01-20T19:04:59Z;ADSB;AD3FD9;B738;N953AN;AAL;AAL;MKE;KMKE;DFW;KDFW;2026-01-20T20:43:44Z
3dfce054;DL1368;DAL1368;3.532.077;-7.961.145;66;37000;590;-64;7427;2026-01-20T19:04:59Z;ADSB;A3D4C6;A319;N346NB;DAL;DAL;MSY;KMSY;JFK;KJFK;2026-01-20T20:09:36Z
3dfb5cc2;KL689;KLM689;2.441.155;-8.983.606;177;41000;447;0;747;2026-01-20T19:10:00Z;ADSB;485785;B789;PH-BHN;KLM;KLM;AMS;EHAM;CUN;MMUN;2026-01-20T19:56:48Z
3dfb5a0f;KL661;KLM661;3.006.907;-9.574.464;195;2575;216;-64;2421;2026-01-20T19:09:59Z;ADSB;4851B0;B789;PH-BHE;KLM;KLM;AMS;EHAM;IAH;KIAH;2026-01-20T19:11:53Z
3dfb6bff;AF636;AFR636P;3.344.701;-9.666.612;199;38000;423;0;7111;2026-01-20T19:09:59Z;ADSB;39D2A6;A359;F-HUVG;AFR;AFR;CDG;LFPG;IAH;KIAH;2026-01-20T19:52:32Z
3dfcf904;AA2896;AAL2896;2.615.456;-7.989.071;54;8175;292;1856;1477;2026-01-20T19:09:59Z;ADSB;A35388;B38M;N313SB;AAL;AAL;FLL;KFLL;LGA;KLGA;2026-01-20T21:26:24Z
3dfd1efd;AA3052;AAL3052;2.646.303;-794.831;46;16700;454;1920;3354;2026-01-20T19:09:58Z;MLAT;AB4EA8;A319;N828AW;AAL;AAL;FLL;KFLL;DCA;KDCA;2026-01-20T21:00:48Z
3dfb554c;KL601;KLM601;3.394.281;-11.841.555;70;0;0;0;3351;2026-01-20T19:09:57Z;ADSB;485F84;B78X;PH-BKQ;KLM;KLM;AMS;EHAM;LAX;KLAX;2026-01-20T18:56:12Z
3dfcedcf;AA882;AAL882;3.395.869;-11.215.107;185;10225;308;-1472;2025;2026-01-20T19:09:58Z;ADSB;AB5FDD;A319;N832AW;AAL;AAL;RNO;KRNO;PHX;KPHX;2026-01-20T19:21:16Z
3dfcdb67;AA3139;AAL3139;3.308.142;-9.692.397;352;5600;245;0;1654;2026-01-20T19:09:58Z;ADSB;A0480B;A320;N117UW;AAL;AAL;PNS;KPNS;DFW;KDFW;2026-01-20T19:14:57Z
3dfce97f;UA654;UAL654;335.896;-8.716.928;70;35000;575;0;4002;2026-01-20T19:10:00Z;ADSB;AB890A;A319;N842UA;UAL;UAL;IAH;KIAH;DCA;KDCA;2026-01-20T20:30:56Z
3dfb6bb5;AF158;AFR158K;3.557.019;-9.542.228;171;37000;481;0;2403;2026-01-20T19:09:59Z;ADSB;3949F4;B772;F-GSPU;AFR;AFR;CDG;LFPG;DFW;KDFW;2026-01-20T19:39:44Z
3dfb53b3;UA6;UAL6;3.865.092;-10.405.969;138;38975;539;0;5721;2026-01-20T19:09:58Z;ADSB;A31A76;B789;N29984;UAL;UAL;NRT;RJAA;IAH;KIAH;2026-01-20T20:35:12Z
3dfb71d2;LH454;DLH454;4.193.463;-12.144.619;196;37000;470;0;1710;2026-01-20T19:10:00Z;ADSB;3C4B2A;B748;D-ABYJ;DLH;DLH;FRA;EDDF;SFO;KSFO;2026-01-20T20:01:04Z
3dfb80ef;LH456;DLH456;4.400.322;-1.177.917;193;36000;511;-64;1310;2026-01-20T19:10:00Z;ADSB;3C4B2D;B748;D-ABYM;DLH;DLH;FRA;EDDF;LAX;KLAX;2026-01-20T20:41:36Z
3dfcedc7;AA1616;AAL1616;3.786.903;-8.869.501;109;37000;549;0;2152;2026-01-20T19:09:59Z;ADSB;AD8895;B738;N971NN;AAL;AAL;MCI;KMCI;CLT;KCLT;2026-01-20T20:09:36Z
3dfcd075;AA3317;AAL3317;3.321.632;-7.808.101;7;31000;477;0;2104;2026-01-20T19:09:58Z;ADSB;ACF849;B738;N935AN;AAL;AAL;PBI;KPBI;LGA;KLGA;2026-01-20T20:30:56Z
3dfa9c2b;DL42;DAL42;3.394.544;-11.841.026;261;0;0;0;1464;2026-01-20T19:09:54Z;ADSB;A6A347;A359;N527DN;DAL;DAL;SYD;YSSY;LAX;KLAX;2026-01-20T17:05:27Z
3dfc08be;DL713;DAL713;3.426.315;-11.685.412;244;23400;377;-1408;5646;2026-01-20T19:09:58Z;ADSB;ABCA08;A332;N859NW;DAL;DAL;JFK;KJFK;LAX;KLAX;2026-01-20T19:34:11Z
3dfb2fe8;DL120;DAL120;4.488.099;-9.321.119;50;0;0;0;2427;2026-01-20T19:09:57Z;ADSB;A68946;A359;N520DN;DAL;DAL;HND;RJTT;MSP;KMSP;2026-01-20T18:57:27Z
3dfb1035;DL274;DAL274;4.220.808;-8.335.866;118;0;0;0;1337;2026-01-20T19:09:58Z;ADSB;A65800;A359;N508DN;DAL;DAL;HND;RJTT;DTW;KDTW;2026-01-20T18:49:12Z
3dfc2a84;AA1172;AAL1172;1.833.673;-6.498.732;87;75;119;-768;3557;2026-01-20T19:10:00Z;ADSB;AAEF89;A319;N8031M;AAL;AAL;ORD;KORD;STT;TIST;2026-01-20T19:10:36Z
3dfc5de4;AA142;AAL142;5.571.275;-2.639.161;98;39000;520;0;0;2026-01-20T19:09:56Z;ESTIMATED;AACAA5;B772;N795AN;AAL;AAL;JFK;KJFK;LHR;EGLL;2026-01-20T21:22:08Z
3dfb79f6;BA195;BAW26E;3.429.803;-963.918;197;38000;433;0;767;2026-01-20T19:10:00Z;ADSB;40749B;B789;G-ZBKR;BAW;BAW;LHR;EGLL;IAH;KIAH;2026-01-20T19:58:56Z
3dfb76b5;AF84;AFR84T;4.547.795;-11.897.852;203;37000;496;0;3311;2026-01-20T19:09:58Z;ADSB;3965A0;B77W;F-GZNA;AFR;AFR;CDG;LFPG;SFO;KSFO;2026-01-20T20:26:40Z
3dfb37ee;DL188;DAL188;4.761.912;-10.834.337;126;38950;556;64;3407;2026-01-20T19:09:58Z;ADSB;A69822;A359;N524DN;DAL;DAL;ICN;RKSI;ATL;KATL;2026-01-20T21:49:52Z
3dfcf0c4;AA2581;AAL2581;3.975.128;-8.977.138;211;38000;403;0;6522;2026-01-20T19:10:00Z;ADSB;AD3FD9;B738;N953AN;AAL;AAL;MKE;KMKE;DFW;KDFW;2026-01-20T20:41:36Z
3dfce054;DL1368;DAL1368;3.564.761;-7.867.601;67;37025;601;-64;7427;2026-01-20T19:09:59Z;ADSB;A3D4C6;A319;N346NB;DAL;DAL;MSY;KMSY;JFK;KJFK;2026-01-20T20:09:36Z
3dfb5cc2;KL689;KLM689;2.377.958;-8.980.396;177;41000;448;-64;747;2026-01-20T19:14:58Z;ADSB;485785;B789;PH-BHN;KLM;KLM;AMS;EHAM;CUN;MMUN;2026-01-20T19:58:56Z
3dfb5a0f;KL661;KLM661;30.007;-9.549.359;90;2050;170;-832;2421;2026-01-20T19:14:59Z;ADSB;4851B0;B789;PH-BHE;KLM;KLM;AMS;EHAM;IAH;KIAH;2026-01-20T19:16:41Z
3dfb6bff;AF636;AFR636P;3.282.468;-9.667.252;174;38000;460;0;7111;2026-01-20T19:14:59Z;ADSB;39D2A6;A359;F-HUVG;AFR;AFR;CDG;LFPG;IAH;KIAH;2026-01-20T19:50:24Z
3dfcf904;AA2896;AAL2896;264.857;-7.945.644;46;15700;406;0;1477;2026-01-20T19:14:58Z;ADSB;A35388;B38M;N313SB;AAL;AAL;FLL;KFLL;LGA;KLGA;2026-01-20T21:28:32Z
3dfd1efd;AA3052;AAL3052;2.701.783;-790.622;31;23950;508;1664;3354;2026-01-20T19:14:58Z;MLAT;AB4EA8;A319;N828AW;AAL;AAL;FLL;KFLL;DCA;KDCA;2026-01-20T21:00:48Z
3dfb554c;KL601;KLM601;3.394.288;-1.184.155;70;0;0;0;3351;2026-01-20T19:14:57Z;ADSB;485F84;B78X;PH-BKQ;KLM;KLM;AMS;EHAM;LAX;KLAX;2026-01-20T18:56:12Z
3dfcedcf;AA882;AAL882;3.359.568;-1.122.226;190;7175;228;-448;2025;2026-01-20T19:14:59Z;ADSB;AB5FDD;A319;N832AW;AAL;AAL;RNO;KRNO;PHX;KPHX;2026-01-20T19:20:52Z
3dfcdb67;AA3139;AAL3139;329.978;-9.702.559;180;1875;168;-960;1654;2026-01-20T19:14:59Z;ADSB;A0480B;A320;N117UW;AAL;AAL;PNS;KPNS;DFW;KDFW;2026-01-20T19:17:11Z
3dfb6bb5;AF158;AFR158K;3.491.931;-9.530.135;173;37000;466;0;2403;2026-01-20T19:14:59Z;ADSB;3949F4;B772;F-GSPU;AFR;AFR;CDG;LFPG;DFW;KDFW;2026-01-20T19:41:52Z
3dfce97f;UA654;UAL654;3.385.245;-8.626.498;71;35000;579;0;4002;2026-01-20T19:14:59Z;ADSB;AB890A;A319;N842UA;UAL;UAL;IAH;KIAH;DCA;KDCA;2026-01-20T20:30:56Z
3dfb53b3;UA6;UAL6;3.809.523;-10.343.568;138;38975;525;64;5721;2026-01-20T19:14:59Z;ADSB;A31A76;B789;N29984;UAL;UAL;NRT;RJAA;IAH;KIAH;2026-01-20T20:37:20Z
3dfb71d2;LH454;DLH454;4.131.702;-12.168.518;196;37000;465;0;1710;2026-01-20T19:14:59Z;ADSB;3C4B2A;B748;D-ABYJ;DLH;DLH;FRA;EDDF;SFO;KSFO;2026-01-20T20:01:04Z
3dfb80ef;LH456;DLH456;4.332.342;-11.801.821;193;36000;498;0;1310;2026-01-20T19:14:59Z;ADSB;3C4B2D;B748;D-ABYM;DLH;DLH;FRA;EDDF;LAX;KLAX;2026-01-20T20:43:44Z
3dfcedc7;AA1616;AAL1616;3.760.439;-8.778.548;110;37000;561;0;2152;2026-01-20T19:14:59Z;ADSB;AD8895;B738;N971NN;AAL;AAL;MCI;KMCI;CLT;KCLT;2026-01-20T20:09:36Z
3dfcd075;AA3317;AAL3317;3.387.607;-7.798.151;7;31000;477;0;3645;2026-01-20T19:14:59Z;ADSB;ACF849;B738;N935AN;AAL;AAL;PBI;KPBI;LGA;KLGA;2026-01-20T20:30:56Z
3dfa9c2b;DL42;DAL42;3.394.544;-11.841.026;261;0;0;0;1464;2026-01-20T19:14:59Z;ADSB;A6A347;A359;N527DN;DAL;DAL;SYD;YSSY;LAX;KLAX;2026-01-20T17:05:27Z
3dfc08be;DL713;DAL713;3.409.379;-11.741.478;253;15075;330;-896;5646;2026-01-20T19:14:59Z;ADSB;ABCA08;A332;N859NW;DAL;DAL;JFK;KJFK;LAX;KLAX;2026-01-20T19:31:39Z
3dfb2fe8;DL120;DAL120;4.488.099;-9.321.119;50;0;0;0;0;2026-01-20T19:14:58Z;ADSB;A68946;A359;N520DN;DAL;DAL;HND;RJTT;MSP;KMSP;2026-01-20T18:57:27Z
3dfb1035;DL274;DAL274;4.220.809;-8.335.865;118;0;0;0;1337;2026-01-20T19:14:58Z;ADSB;A65800;A359;N508DN;DAL;DAL;HND;RJTT;DTW;KDTW;2026-01-20T18:49:12Z
3dfc5de4;AA142;AAL142;5.560.015;-2.512.786;99;39000;520;0;0;2026-01-20T19:14:57Z;ESTIMATED;AACAA5;B772;N795AN;AAL;AAL;JFK;KJFK;LHR;EGLL;2026-01-20T21:22:08Z
3dfb79f6;BA195;BAW26E;337.305;-9.660.049;196;37975;431;64;767;2026-01-20T19:14:58Z;ADSB;40749B;B789;G-ZBKR;BAW;BAW;LHR;EGLL;IAH;KIAH;2026-01-20T19:58:56Z
3dfb76b5;AF84;AFR84T;448.569;-11.935.534;203;37000;482;64;3311;2026-01-20T19:14:57Z;ADSB;3965A0;B77W;F-GZNA;AFR;AFR;CDG;LFPG;SFO;KSFO;2026-01-20T20:26:40Z
3dfb37ee;DL188;DAL188;4.715.909;-10.743.022;126;39000;557;64;3407;2026-01-20T19:14:59Z;ADSB;A69822;A359;N524DN;DAL;DAL;ICN;RKSI;ATL;KATL;2026-01-20T21:52:00Z
3dfcf0c4;AA2581;AAL2581;3.927.738;-9.015.283;211;38000;405;0;6522;2026-01-20T19:14:58Z;ADSB;AD3FD9;B738;N953AN;AAL;AAL;MKE;KMKE;DFW;KDFW;2026-01-20T20:43:44Z
3dfce054;DL1368;DAL1368;3.597.862;-7.773.823;58;37000;596;0;7427;2026-01-20T19:14:59Z;ADSB;A3D4C6;A319;N346NB;DAL;DAL;MSY;KMSY;JFK;KJFK;2026-01-20T20:07:28Z
3dfb5cc2;KL689;KLM689;231.524;-897.586;156;40975;469;64;747;2026-01-20T19:19:58Z;ADSB;485785;B789;PH-BHN;KLM;KLM;AMS;EHAM;CUN;MMUN;2026-01-20T19:58:56Z
3dfb5a0f;KL661;KLM661;3.000.153;-9.532.617;126;0;21;0;2421;2026-01-20T19:19:58Z;ADSB;4851B0;B789;PH-BHE;KLM;KLM;AMS;EHAM;IAH;KIAH;2026-01-20T19:18:18Z
3dfb6bff;AF636;AFR636P;321.979;-96.596;174;35350;433;-1024;7111;2026-01-20T19:19:59Z;ADSB;39D2A6;A359;F-HUVG;AFR;AFR;CDG;LFPG;IAH;KIAH;2026-01-20T19:50:24Z
3dfcf904;AA2896;AAL2896;2.697.139;-790.938;31;21775;457;1344;1477;2026-01-20T19:19:57Z;ADSB;A35388;B38M;N313SB;AAL;AAL;FLL;KFLL;LGA;KLGA;2026-01-20T21:26:24Z
3dfd1efd;AA3052;AAL3052;2.768.296;-7.888.104;6;30650;489;960;3354;2026-01-20T19:19:57Z;MLAT;AB4EA8;A319;N828AW;AAL;AAL;FLL;KFLL;DCA;KDCA;2026-01-20T20:58:40Z
3dfb554c;KL601;KLM601;3.394.286;-1.184.155;70;0;0;0;3351;2026-01-20T19:19:59Z;ADSB;485F84;B78X;PH-BKQ;KLM;KLM;AMS;EHAM;LAX;KLAX;2026-01-20T18:56:12Z
3dfcedcf;AA882;AAL882;3.344.089;-11.208.746;90;1950;136;-640;2025;2026-01-20T19:19:59Z;ADSB;AB5FDD;A319;N832AW;AAL;AAL;RNO;KRNO;PHX;KPHX;2026-01-20T19:21:49Z
3dfcdb67;AA3139;AAL3139;328.835;-9.702.808;180;0;26;0;1654;2026-01-20T19:19:59Z;ADSB;A0480B;A320;N117UW;AAL;AAL;PNS;KPNS;DFW;KDFW;2026-01-20T19:16:41Z
3dfb6bb5;AF158;AFR158K;3.434.088;-9.537.047;220;33600;388;-896;2403;2026-01-20T19:19:59Z;ADSB;3949F4;B772;F-GSPU;AFR;AFR;CDG;LFPG;DFW;KDFW;2026-01-20T19:53:00Z
3dfce97f;UA654;UAL654;341.082;-8.534.875;71;35000;582;0;4002;2026-01-20T19:19:58Z;ADSB;AB890A;A319;N842UA;UAL;UAL;IAH;KIAH;DCA;KDCA;2026-01-20T20:30:56Z
3dfb53b3;UA6;UAL6;3.754.615;-10.283.209;139;39000;526;-64;5721;2026-01-20T19:19:59Z;ADSB;A31A76;B789;N29984;UAL;UAL;NRT;RJAA;IAH;KIAH;2026-01-20T20:37:20Z
3dfb71d2;LH454;DLH454;4.068.889;-12.192.346;195;37000;475;0;1710;2026-01-20T19:20:00Z;ADSB;3C4B2A;B748;D-ABYJ;DLH;DLH;FRA;EDDF;SFO;KSFO;2026-01-20T19:58:56Z
3dfb80ef;LH456;DLH456;4.265.079;-11.823.716;193;36000;498;0;1310;2026-01-20T19:19:58Z;ADSB;3C4B2D;B748;D-ABYM;DLH;DLH;FRA;EDDF;LAX;KLAX;2026-01-20T20:43:44Z
3dfcedc7;AA1616;AAL1616;3.740.987;-8.684.412;113;33550;544;-960;2152;2026-01-20T19:19:58Z;ADSB;AD8895;B738;N971NN;AAL;AAL;MCI;KMCI;CLT;KCLT;2026-01-20T20:09:36Z
3dfcd075;AA3317;AAL3317;3.453.538;-7.787.796;7;31000;476;0;3645;2026-01-20T19:19:59Z;ADSB;ACF849;B738;N935AN;AAL;AAL;PBI;KPBI;LGA;KLGA;2026-01-20T20:28:48Z
3dfa9c2b;DL42;DAL42;3.394.543;-11.841.026;261;0;0;0;1464;2026-01-20T19:19:58Z;ADSB;A6A347;A359;N527DN;DAL;DAL;SYD;YSSY;LAX;KLAX;2026-01-20T17:05:27Z
3dfc08be;DL713;DAL713;3.398.657;-11.788.963;263;8150;279;-1536;5646;2026-01-20T19:19:59Z;ADSB;ABCA08;A332;N859NW;DAL;DAL;JFK;KJFK;LAX;KLAX;2026-01-20T19:29:13Z
3dfb2fe8;DL120;DAL120;4.488.099;-9.321.119;50;0;0;0;0;2026-01-20T19:19:56Z;ADSB;A68946;A359;N520DN;DAL;DAL;HND;RJTT;MSP;KMSP;2026-01-20T18:57:27Z
3dfb1035;DL274;DAL274;4.220.809;-8.335.867;118;0;0;0;1337;2026-01-20T19:19:59Z;ADSB;A65800;A359;N508DN;DAL;DAL;HND;RJTT;DTW;KDTW;2026-01-20T18:49:12Z
3dfc5de4;AA142;AAL142;5.546.056;-238.805;100;39000;520;0;0;2026-01-20T19:19:55Z;ESTIMATED;AACAA5;B772;N795AN;AAL;AAL;JFK;KJFK;LHR;EGLL;2026-01-20T21:22:08Z
3dfb79f6;BA195;BAW26E;3.311.265;-9.665.031;176;37975;465;-128;767;2026-01-20T19:19:58Z;ADSB;40749B;B789;G-ZBKR;BAW;BAW;LHR;EGLL;IAH;KIAH;2026-01-20T19:56:48Z
3dfb76b5;AF84;AFR84T;4.423.543;-11.972.378;202;37000;483;0;3311;2026-01-20T19:19:59Z;ADSB;3965A0;B77W;F-GZNA;AFR;AFR;CDG;LFPG;SFO;KSFO;2026-01-20T20:26:40Z
3dfb37ee;DL188;DAL188;4.669.562;-10.653.985;127;39025;554;64;3407;2026-01-20T19:19:58Z;ADSB;A69822;A359;N524DN;DAL;DAL;ICN;RKSI;ATL;KATL;2026-01-20T21:52:00Z
3dfcf0c4;AA2581;AAL2581;388.559;-9.058.449;221;38000;382;0;6522;2026-01-20T19:19:59Z;ADSB;AD3FD9;B738;N953AN;AAL;AAL;MKE;KMKE;DFW;KDFW;2026-01-20T20:43:44Z
3dfce054;DL1368;DAL1368;3.652.782;-7.701.048;42;37025;579;64;7427;2026-01-20T19:19:58Z;ADSB;A3D4C6;A319;N346NB;DAL;DAL;MSY;KMSY;JFK;KJFK;2026-01-20T20:09:36Z
3dfb5cc2;KL689;KLM689;2.279.251;-8.916.135;119;39000;473;-128;747;2026-01-20T19:24:57Z;ADSB;485785;B789;PH-BHN;KLM;KLM;AMS;EHAM;CUN;MMUN;2026-01-20T19:54:40Z
3dfb6bff;AF636;AFR636P;3.160.506;-9.652.486;174;29550;418;-1856;7111;2026-01-20T19:24:58Z;ADSB;39D2A6;A359;F-HUVG;AFR;AFR;CDG;LFPG;IAH;KIAH;2026-01-20T19:55:44Z
3dfcf904;AA2896;AAL2896;2.758.932;-7.888.828;6;28575;489;1152;1477;2026-01-20T19:24:57Z;ADSB;A35388;B38M;N313SB;AAL;AAL;FLL;KFLL;LGA;KLGA;2026-01-20T21:26:24Z
3dfd1efd;AA3052;AAL3052;2.835.624;-787.877;7;35000;478;64;3354;2026-01-20T19:24:58Z;MLAT;AB4EA8;A319;N828AW;AAL;AAL;FLL;KFLL;DCA;KDCA;2026-01-20T20:58:40Z
3dfcedcf;AA882;AAL882;334.383;-1.119.992;205;0;1;0;2025;2026-01-20T19:24:47Z;ADSB;AB5FDD;A319;N832AW;AAL;AAL;RNO;KRNO;PHX;KPHX;2026-01-20T19:22:12Z
3dfcdb67;AA3139;AAL3139;3.288.559;-9.703.198;2;0;20;0;1654;2026-01-20T19:24:58Z;ADSB;A0480B;A320;N117UW;AAL;AAL;PNS;KPNS;DFW;KDFW;2026-01-20T19:16:41Z
3dfb6bb5;AF158;AFR158K;3.393.756;-9.577.325;219;27300;369;-2112;2403;2026-01-20T19:24:57Z;ADSB;3949F4;B772;F-GSPU;AFR;AFR;CDG;LFPG;DFW;KDFW;2026-01-20T19:52:31Z
3dfce97f;UA654;UAL654;3.435.892;-8.442.001;72;35025;586;0;4002;2026-01-20T19:24:58Z;ADSB;AB890A;A319;N842UA;UAL;UAL;IAH;KIAH;DCA;KDCA;2026-01-20T20:26:40Z
3dfb71d2;LH454;DLH454;4.006.618;-12.215.515;195;37000;459;0;1710;2026-01-20T19:24:58Z;ADSB;3C4B2A;B748;D-ABYJ;DLH;DLH;FRA;EDDF;SFO;KSFO;2026-01-20T19:58:56Z
3dfb80ef;LH456;DLH456;4.197.485;-11.845.235;193;36000;508;0;1310;2026-01-20T19:24:58Z;ADSB;3C4B2D;B748;D-ABYM;DLH;DLH;FRA;EDDF;LAX;KLAX;2026-01-20T20:43:44Z
3dfb53b3;UA6;UAL6;3.699.651;-10.224.029;139;39000;528;-64;5721;2026-01-20T19:24:57Z;ADSB;A31A76;B789;N29984;UAL;UAL;NRT;RJAA;IAH;KIAH;2026-01-20T20:37:20Z
3dfcedc7;AA1616;AAL1616;3.710.851;-8.597.518;113;33000;539;0;2152;2026-01-20T19:24:59Z;ADSB;AD8895;B738;N971NN;AAL;AAL;MCI;KMCI;CLT;KCLT;2026-01-20T20:05:20Z
3dfcd075;AA3317;AAL3317;3.519.373;-777.146;15;31000;498;0;3645;2026-01-20T19:24:58Z;ADSB;ACF849;B738;N935AN;AAL;AAL;PBI;KPBI;LGA;KLGA;2026-01-20T20:26:40Z
3dfa9c2b;DL42;DAL42;3.394.544;-11.841.026;261;0;0;0;1464;2026-01-20T19:24:58Z;ADSB;A6A347;A359;N527DN;DAL;DAL;SYD;YSSY;LAX;KLAX;2026-01-20T17:05:27Z
3dfc08be;DL713;DAL713;3.395.018;-11.825.628;261;2150;180;-896;5646;2026-01-20T19:24:58Z;ADSB;ABCA08;A332;N859NW;DAL;DAL;JFK;KJFK;LAX;KLAX;2026-01-20T19:28:54Z
3dfb2fe8;DL120;DAL120;4.488.099;-9.321.119;50;0;0;0;0;2026-01-20T19:24:56Z;ADSB;A68946;A359;N520DN;DAL;DAL;HND;RJTT;MSP;KMSP;2026-01-20T18:57:27Z
3dfb1035;DL274;DAL274;4.220.809;-8.335.865;118;0;0;0;1337;2026-01-20T19:24:54Z;ADSB;A65800;A359;N508DN;DAL;DAL;HND;RJTT;DTW;KDTW;2026-01-20T18:49:12Z
3dfc5de4;AA142;AAL142;5.532.814;-2.264.193;101;39000;520;0;0;2026-01-20T19:24:55Z;ESTIMATED;AACAA5;B772;N795AN;AAL;AAL;JFK;KJFK;LHR;EGLL;2026-01-20T21:22:08Z
3dfb79f6;BA195;BAW26E;3.248.192;-965.969;175;38000;456;-64;767;2026-01-20T19:24:57Z;ADSB;40749B;B789;G-ZBKR;BAW;BAW;LHR;EGLL;IAH;KIAH;2026-01-20T19:56:48Z
3dfb76b5;AF84;AFR84T;4.362.098;-12.007.972;202;37000;481;0;3311;2026-01-20T19:24:58Z;ADSB;3965A0;B77W;F-GZNA;AFR;AFR;CDG;LFPG;SFO;KSFO;2026-01-20T20:26:40Z
3dfb37ee;DL188;DAL188;4.619.385;-10.571.085;138;39000;548;0;3407;2026-01-20T19:24:57Z;ADSB;A69822;A359;N524DN;DAL;DAL;ICN;RKSI;ATL;KATL;2026-01-20T21:52:00Z
3dfcf0c4;AA2581;AAL2581;3.845.389;-9.103.624;221;38000;384;0;6522;2026-01-20T19:24:59Z;ADSB;AD3FD9;B738;N953AN;AAL;AAL;MKE;KMKE;DFW;KDFW;2026-01-20T20:43:44Z
3dfce054;DL1368;DAL1368;3.712.001;-7.633.713;42;36975;576;0;7427;2026-01-20T19:24:58Z;ADSB;A3D4C6;A319;N346NB;DAL;DAL;MSY;KMSY;JFK;KJFK;2026-01-20T20:07:28Z
3dfd231d;AA1766;AAL1766;4.064.664;-7.379.312;14;0;3;0;0;2026-01-20T19:24:55Z;ADSB;AD1986;B738;N943NN;AAL;AAL;JFK;KJFK;DFW;KDFW;
3dfb5cc2;KL689;KLM689;2.245.688;-8.853.782;120;29675;474;-3008;747;2026-01-20T19:29:59Z;ADSB;485785;B789;PH-BHN;KLM;KLM;AMS;EHAM;CUN;MMUN;2026-01-20T20:01:53Z
3dfb5a0f;KL661;KLM661;2.998.824;-9.533.142;236;0;0;0;2421;2026-01-20T19:29:57Z;ADSB;4851B0;B789;PH-BHE;KLM;KLM;AMS;EHAM;IAH;KIAH;2026-01-20T19:18:18Z
3dfb6bff;AF636;AFR636P;3.106.503;-9.623.684;152;21300;405;-1472;7111;2026-01-20T19:29:58Z;ADSB;39D2A6;A359;F-HUVG;AFR;AFR;CDG;LFPG;IAH;KIAH;2026-01-20T19:52:32Z
3dfcf904;AA2896;AAL2896;2.826.443;-7.879.568;6;31000;492;0;1477;2026-01-20T19:29:59Z;ADSB;A35388;B38M;N313SB;AAL;AAL;FLL;KFLL;LGA;KLGA;2026-01-20T21:26:24Z
3dfd1efd;AA3052;AAL3052;2.901.722;-7.869.522;6;35000;480;0;3354;2026-01-20T19:29:57Z;MLAT;AB4EA8;A319;N828AW;AAL;AAL;FLL;KFLL;DCA;KDCA;2026-01-20T20:58:40Z
3dfcedcf;AA882;AAL882;334.383;-11.199.921;205;0;0;0;2025;2026-01-20T19:29:02Z;ADSB;AB5FDD;A319;N832AW;AAL;AAL;RNO;KRNO;PHX;KPHX;2026-01-20T19:22:12Z
3dfcdb67;AA3139;AAL3139;3.290.045;-9.703.429;270;0;0;0;1654;2026-01-20T19:29:58Z;ADSB;A0480B;A320;N117UW;AAL;AAL;PNS;KPNS;DFW;KDFW;2026-01-20T19:16:41Z
3dfb6bb5;AF158;AFR158K;33.565;-9.616.991;221;15675;339;-1792;2403;2026-01-20T19:29:59Z;ADSB;3949F4;B772;F-GSPU;AFR;AFR;CDG;LFPG;DFW;KDFW;2026-01-20T19:48:54Z
3dfce97f;UA654;UAL654;3.460.419;-8.348.001;72;35000;588;0;4002;2026-01-20T19:29:58Z;ADSB;AB890A;A319;N842UA;UAL;UAL;IAH;KIAH;DCA;KDCA;2026-01-20T20:28:48Z
3dfb71d2;LH454;DLH454;3.946.173;-12.237.579;195;32700;433;-2496;1710;2026-01-20T19:29:58Z;ADSB;3C4B2A;B748;D-ABYJ;DLH;DLH;FRA;EDDF;SFO;KSFO;2026-01-20T20:01:04Z
3dfb53b3;UA6;UAL6;3.643.918;-10.165.146;139;38975;520;-64;5721;2026-01-20T19:29:58Z;ADSB;A31A76;B789;N29984;UAL;UAL;NRT;RJAA;IAH;KIAH;2026-01-20T20:37:20Z
3dfb80ef;LH456;DLH456;4.129.202;-11.866.498;193;36000;494;-64;1310;2026-01-20T19:29:59Z;ADSB;3C4B2D;B748;D-ABYM;DLH;DLH;FRA;EDDF;LAX;KLAX;2026-01-20T20:43:44Z
3dfcedc7;AA1616;AAL1616;3.680.429;-8.512.038;114;33000;544;64;2152;2026-01-20T19:29:58Z;ADSB;AD8895;B738;N971NN;AAL;AAL;MCI;KMCI;CLT;KCLT;2026-01-20T20:09:36Z
3dfcd075;AA3317;AAL3317;3.586.464;-7.748.692;14;31000;499;0;3645;2026-01-20T19:29:58Z;ADSB;ACF849;B738;N935AN;AAL;AAL;PBI;KPBI;LGA;KLGA;2026-01-20T20:28:48Z
3dfc08be;DL713;DAL713;3.393.552;-11.841.249;300;0;5;0;5646;2026-01-20T19:29:58Z;MLAT;ABCA08;A332;N859NW;DAL;DAL;JFK;KJFK;LAX;KLAX;2026-01-20T19:28:12Z
3dfa9c2b;DL42;DAL42;3.394.543;-11.841.026;261;0;0;0;1464;2026-01-20T19:29:49Z;ADSB;A6A347;A359;N527DN;DAL;DAL;SYD;YSSY;LAX;KLAX;2026-01-20T17:05:27Z
3dfb2fe8;DL120;DAL120;4.488.098;-932.112;50;0;0;0;0;2026-01-20T19:29:55Z;ADSB;A68946;A359;N520DN;DAL;DAL;HND;RJTT;MSP;KMSP;2026-01-20T18:57:27Z
3dfb1035;DL274;DAL274;4.220.809;-8.335.866;118;0;0;0;1337;2026-01-20T19:29:58Z;ADSB;A65800;A359;N508DN;DAL;DAL;HND;RJTT;DTW;KDTW;2026-01-20T18:49:12Z
3dfc5de4;AA142;AAL142;5.518.228;-2.140.486;102;39000;520;0;0;2026-01-20T19:29:55Z;ESTIMATED;AACAA5;B772;N795AN;AAL;AAL;JFK;KJFK;LHR;EGLL;2026-01-20T21:22:08Z
3dfb79f6;BA195;BAW26E;3.185.914;-9.654.359;175;34925;455;-1472;767;2026-01-20T19:29:59Z;ADSB;40749B;B789;G-ZBKR;BAW;BAW;LHR;EGLL;IAH;KIAH;2026-01-20T20:06:20Z
3dfb76b5;AF84;AFR84T;43.008;-12.042.689;202;37000;471;0;3311;2026-01-20T19:29:59Z;ADSB;3965A0;B77W;F-GZNA;AFR;AFR;CDG;LFPG;SFO;KSFO;2026-01-20T20:26:40Z
3dfb37ee;DL188;DAL188;4.562.018;-10.498.468;138;39025;547;-64;3407;2026-01-20T19:29:59Z;ADSB;A69822;A359;N524DN;DAL;DAL;ICN;RKSI;ATL;KATL;2026-01-20T21:52:00Z
3dfcf0c4;AA2581;AAL2581;3.805.843;-9.147.445;221;38000;382;0;6522;2026-01-20T19:29:58Z;ADSB;AD3FD9;B738;N953AN;AAL;AAL;MKE;KMKE;DFW;KDFW;2026-01-20T20:43:44Z
3dfce054;DL1368;DAL1368;3.773.927;-7.570.422;30;37025;565;0;7427;2026-01-20T19:29:58Z;ADSB;A3D4C6;A319;N346NB;DAL;DAL;MSY;KMSY;JFK;KJFK;2026-01-20T20:05:20Z
3dfb6bff;AF636;AFR636P;3.060.367;-9.594.256;151;12875;345;-1344;7111;2026-01-20T19:34:58Z;ADSB;39D2A6;A359;F-HUVG;AFR;AFR;CDG;LFPG;IAH;KIAH;2026-01-20T19:48:50Z
3dfb5cc2;KL689;KLM689;2.214.951;-8.797.327;122;20450;404;-1856;747;2026-01-20T19:34:58Z;ADSB;485785;B789;PH-BHN;KLM;KLM;AMS;EHAM;CUN;MMUN;2026-01-20T19:56:48Z
3dfd1efd;AA3052;AAL3052;2.968.841;-785.998;7;35000;483;0;3354;2026-01-20T19:34:59Z;ADSB;AB4EA8;A319;N828AW;AAL;AAL;FLL;KFLL;DCA;KDCA;2026-01-20T20:58:40Z
3dfcf904;AA2896;AAL2896;2.894.478;-7.870.126;6;31000;497;64;1477;2026-01-20T19:34:57Z;ADSB;A35388;B38M;N313SB;AAL;AAL;FLL;KFLL;LGA;KLGA;2026-01-20T21:26:24Z
3dfcdb67;AA3139;AAL3139;3.289.993;-9.703.651;202;0;0;0;1654;2026-01-20T19:34:55Z;ADSB;A0480B;A320;N117UW;AAL;AAL;PNS;KPNS;DFW;KDFW;2026-01-20T19:16:41Z
3dfb6bb5;AF158;AFR158K;3.329.475;-9.653.637;251;9250;247;-1280;2403;2026-01-20T19:34:58Z;ADSB;3949F4;B772;F-GSPU;AFR;AFR;CDG;LFPG;DFW;KDFW;2026-01-20T19:43:23Z
3dfce97f;UA654;UAL654;3.484.259;-8.253.278;73;35000;590;0;4002;2026-01-20T19:34:57Z;ADSB;AB890A;A319;N842UA;UAL;UAL;IAH;KIAH;DCA;KDCA;2026-01-20T20:26:40Z
3dfb71d2;LH454;DLH454;3.889.243;-12.257.906;193;29075;419;-256;1710;2026-01-20T19:34:58Z;ADSB;3C4B2A;B748;D-ABYJ;DLH;DLH;FRA;EDDF;SFO;KSFO;2026-01-20T20:04:13Z
3dfb80ef;LH456;DLH456;4.062.493;-11.886.839;192;36000;493;0;1310;2026-01-20T19:34:58Z;ADSB;3C4B2D;B748;D-ABYM;DLH;DLH;FRA;EDDF;LAX;KLAX;2026-01-20T20:41:36Z
3dfb53b3;UA6;UAL6;3.588.424;-10.107.668;140;39000;524;-64;5721;2026-01-20T19:34:58Z;ADSB;A31A76;B789;N29984;UAL;UAL;NRT;RJAA;IAH;KIAH;2026-01-20T20:35:12Z
3dfcedc7;AA1616;AAL1616;3.646.587;-8.427.573;131;31900;536;-960;2152;2026-01-20T19:34:57Z;ADSB;AD8895;B738;N971NN;AAL;AAL;MCI;KMCI;CLT;KCLT;2026-01-20T20:05:20Z
3dfcd075;AA3317;AAL3317;3.653.348;-7.726.714;15;31000;494;0;3645;2026-01-20T19:34:59Z;ADSB;ACF849;B738;N935AN;AAL;AAL;PBI;KPBI;LGA;KLGA;2026-01-20T20:26:40Z
3dfc08be;DL713;DAL713;3.394.278;-11.841.769;351;0;6;0;5646;2026-01-20T19:34:58Z;ADSB;ABCA08;A332;N859NW;DAL;DAL;JFK;KJFK;LAX;KLAX;2026-01-20T19:28:12Z
3dfa9c2b;DL42;DAL42;3.394.542;-11.841.026;261;0;0;0;1464;2026-01-20T19:34:43Z;ADSB;A6A347;A359;N527DN;DAL;DAL;SYD;YSSY;LAX;KLAX;2026-01-20T17:05:27Z
3dfb2fe8;DL120;DAL120;4.488.097;-932.112;50;0;0;0;0;2026-01-20T19:34:55Z;ADSB;A68946;A359;N520DN;DAL;DAL;HND;RJTT;MSP;KMSP;2026-01-20T18:57:27Z
3dfb1035;DL274;DAL274;4.220.809;-8.335.865;118;0;0;0;1337;2026-01-20T19:34:57Z;ADSB;A65800;A359;N508DN;DAL;DAL;HND;RJTT;DTW;KDTW;2026-01-20T18:49:12Z
3dfc5de4;AA142;AAL142;5.499.464;-2.018.032;103;39000;523;0;0;2026-01-20T19:34:55Z;ESTIMATED;AACAA5;B772;N795AN;AAL;AAL;JFK;KJFK;LHR;EGLL;2026-01-20T21:20:00Z
3dfb79f6;BA195;BAW26E;3.126.206;-9.635.669;152;25050;434;-2688;767;2026-01-20T19:34:57Z;ADSB;40749B;B789;G-ZBKR;BAW;BAW;LHR;EGLL;IAH;KIAH;2026-01-20T20:02:15Z
3dfb76b5;AF84;AFR84T;4.240.466;-12.076.141;202;37000;467;0;3311;2026-01-20T19:34:58Z;ADSB;3965A0;B77W;F-GZNA;AFR;AFR;CDG;LFPG;SFO;KSFO;2026-01-20T20:26:40Z
3dfb37ee;DL188;DAL188;4.504.774;-1.042.804;139;39000;551;0;3407;2026-01-20T19:34:57Z;ADSB;A69822;A359;N524DN;DAL;DAL;ICN;RKSI;ATL;KATL;2026-01-20T21:52:00Z
3dfcf0c4;AA2581;AAL2581;3.766.109;-919.078;220;38000;373;0;6522;2026-01-20T19:34:58Z;ADSB;AD3FD9;B738;N953AN;AAL;AAL;MKE;KMKE;DFW;KDFW;2026-01-20T20:39:28Z
3dfce054;DL1368;DAL1368;384.202;-752.459;9;37000;516;0;7427;2026-01-20T19:34:59Z;ADSB;A3D4C6;A319;N346NB;DAL;DAL;MSY;KMSY;JFK;KJFK;2026-01-20T20:05:20Z
3dfd231d;AA1766;AAL1766;4.063.256;-7.377.689;120;0;15;0;1170;2026-01-20T19:34:58Z;ADSB;AD1986;B738;N943NN;AAL;AAL;JFK;KJFK;DFW;KDFW;
3dfb6bff;AF636;AFR636P;3.021.808;-9.584.128;182;8875;224;-896;7111;2026-01-20T19:39:59Z;ADSB;39D2A6;A359;F-HUVG;AFR;AFR;CDG;LFPG;IAH;KIAH;2026-01-20T19:48:39Z
3dfb5cc2;KL689;KLM689;2.177.392;-8.758.952;137;11700;324;-1600;747;2026-01-20T19:39:58Z;ADSB;485785;B789;PH-BHN;KLM;KLM;AMS;EHAM;CUN;MMUN;2026-01-20T19:52:36Z
3dfcf904;AA2896;AAL2896;2.963.208;-7.860.454;7;31000;491;0;1477;2026-01-20T19:39:58Z;ADSB;A35388;B38M;N313SB;AAL;AAL;FLL;KFLL;LGA;KLGA;2026-01-20T21:26:24Z
3dfd1efd;AA3052;AAL3052;30.355;-7.850.362;7;35000;484;0;726;2026-01-20T19:39:58Z;ADSB;AB4EA8;A319;N828AW;AAL;AAL;FLL;KFLL;DCA;KDCA;2026-01-20T20:56:32Z
3dfcdb67;AA3139;AAL3139;3.289.996;-9.703.654;202;0;0;0;1654;2026-01-20T19:39:58Z;ADSB;A0480B;A320;N117UW;AAL;AAL;PNS;KPNS;DFW;KDFW;2026-01-20T19:16:41Z
3dfb6bb5;AF158;AFR158K;3.321.428;-969.054;235;4600;221;64;2403;2026-01-20T19:39:59Z;ADSB;3949F4;B772;F-GSPU;AFR;AFR;CDG;LFPG;DFW;KDFW;2026-01-20T19:44:13Z
3dfce97f;UA654;UAL654;3.507.529;-8.157.309;73;35000;594;0;4002;2026-01-20T19:39:58Z;ADSB;AB890A;A319;N842UA;UAL;UAL;IAH;KIAH;DCA;KDCA;2026-01-20T20:28:48Z
3dfb53b3;UA6;UAL6;3.532.533;-10.050.871;140;39000;519;0;5721;2026-01-20T19:39:58Z;ADSB;A31A76;B789;N29984;UAL;UAL;NRT;RJAA;IAH;KIAH;2026-01-20T20:35:12Z
3dfb71d2;LH454;DLH454;3.834.177;-12.273.478;192;21225;381;-1728;1710;2026-01-20T19:40:00Z;ADSB;3C4B2A;B748;D-ABYJ;DLH;DLH;FRA;EDDF;SFO;KSFO;2026-01-20T20:02:56Z
3dfb80ef;LH456;DLH456;3.996.684;-119.065;192;37000;481;64;1310;2026-01-20T19:39:58Z;ADSB;3C4B2D;B748;D-ABYM;DLH;DLH;FRA;EDDF;LAX;KLAX;2026-01-20T20:43:44Z
3dfcedc7;AA1616;AAL1616;3.597.844;-8.358.547;131;31000;531;0;2152;2026-01-20T19:39:59Z;ADSB;AD8895;B738;N971NN;AAL;AAL;MCI;KMCI;CLT;KCLT;2026-01-20T20:09:36Z
3dfcd075;AA3317;AAL3317;3.719.454;-7.704.557;15;31000;490;0;3645;2026-01-20T19:39:58Z;ADSB;ACF849;B738;N935AN;AAL;AAL;PBI;KPBI;LGA;KLGA;2026-01-20T20:26:40Z
3dfa9c2b;DL42;DAL42;3.394.543;-11.841.026;261;0;0;0;1464;2026-01-20T19:39:37Z;ADSB;A6A347;A359;N527DN;DAL;DAL;SYD;YSSY;LAX;KLAX;2026-01-20T17:05:27Z
3dfb2fe8;DL120;DAL120;4.488.098;-932.112;50;0;0;0;0;2026-01-20T19:39:59Z;ADSB;A68946;A359;N520DN;DAL;DAL;HND;RJTT;MSP;KMSP;2026-01-20T18:57:27Z
3dfb1035;DL274;DAL274;4.220.808;-8.335.866;118;0;0;0;1337;2026-01-20T19:39:59Z;ADSB;A65800;A359;N508DN;DAL;DAL;HND;RJTT;DTW;KDTW;2026-01-20T18:49:12Z
3dfb79f6;BA195;BAW26E;3.077.376;-9.605.158;150;13950;364;-1920;767;2026-01-20T19:39:59Z;ADSB;40749B;B789;G-ZBKR;BAW;BAW;LHR;EGLL;IAH;KIAH;2026-01-20T19:55:14Z
3dfb76b5;AF84;AFR84T;4.181.374;-12.108.244;201;37000;449;0;3311;2026-01-20T19:39:58Z;ADSB;3965A0;B77W;F-GZNA;AFR;AFR;CDG;LFPG;SFO;KSFO;2026-01-20T20:28:48Z
3dfb37ee;DL188;DAL188;4.445.663;-10.357.322;139;39000;561;0;3407;2026-01-20T19:40:00Z;ADSB;A69822;A359;N524DN;DAL;DAL;ICN;RKSI;ATL;KATL;2026-01-20T21:52:00Z
3dfcf0c4;AA2581;AAL2581;3.726.507;-923.337;220;38000;374;-64;6522;2026-01-20T19:39:59Z;ADSB;AD3FD9;B738;N953AN;AAL;AAL;MKE;KMKE;DFW;KDFW;2026-01-20T20:39:28Z
3dfce054;DL1368;DAL1368;3.908.098;-7.481.504;37;27800;543;-2624;7427;2026-01-20T19:39:59Z;ADSB;A3D4C6;A319;N346NB;DAL;DAL;MSY;KMSY;JFK;KJFK;2026-01-20T20:11:29Z
3dfd231d;AA1766;AAL1766;4.061.701;-738.873;222;2950;242;2240;1170;2026-01-20T19:39:58Z;ADSB;AD1986;B738;N943NN;AAL;AAL;JFK;KJFK;DFW;KDFW;2026-01-20T23:02:24Z
3dfb6bff;AF636;AFR636P;299.931;-9.571.449;96;4100;222;-448;7111;2026-01-20T19:44:58Z;ADSB;39D2A6;A359;F-HUVG;AFR;AFR;CDG;LFPG;IAH;KIAH;2026-01-20T19:49:05Z
3dfb5cc2;KL689;KLM689;2.146.598;-8.732.259;146;6425;242;-832;747;2026-01-20T19:44:58Z;ADSB;485785;B789;PH-BHN;KLM;KLM;AMS;EHAM;CUN;MMUN;2026-01-20T19:51:06Z
3dfcf904;AA2896;AAL2896;3.030.679;-7.850.809;7;31000;495;0;1477;2026-01-20T19:44:56Z;ADSB;A35388;B38M;N313SB;AAL;AAL;FLL;KFLL;LGA;KLGA;2026-01-20T21:24:16Z
3dfd1efd;AA3052;AAL3052;3.102.348;-7.840.585;7;34975;483;-64;726;2026-01-20T19:44:58Z;ADSB;AB4EA8;A319;N828AW;AAL;AAL;FLL;KFLL;DCA;KDCA;2026-01-20T21:00:48Z
3dfcdb67;AA3139;AAL3139;3.289.996;-9.703.648;202;0;0;0;1654;2026-01-20T19:44:51Z;ADSB;A0480B;A320;N117UW;AAL;AAL;PNS;KPNS;DFW;KDFW;2026-01-20T19:16:41Z
3dfb6bb5;AF158;AFR158K;3.300.224;-9.705.372;181;2025;173;-768;2403;2026-01-20T19:44:57Z;ADSB;3949F4;B772;F-GSPU;AFR;AFR;CDG;LFPG;DFW;KDFW;2026-01-20T19:46:12Z
3dfce97f;UA654;UAL654;3.541.936;-8.067.822;54;34975;584;0;4002;2026-01-20T19:44:58Z;ADSB;AB890A;A319;N842UA;UAL;UAL;IAH;KIAH;DCA;KDCA;2026-01-20T20:26:40Z
3dfb53b3;UA6;UAL6;3.476.721;-9.995.218;140;39000;522;-64;5721;2026-01-20T19:44:59Z;ADSB;A31A76;B789;N29984;UAL;UAL;NRT;RJAA;IAH;KIAH;2026-01-20T20:35:12Z
3dfb71d2;LH454;DLH454;3.785.516;-12.262.647;140;13025;345;-1344;1710;2026-01-20T19:44:58Z;ADSB;3C4B2A;B748;D-ABYJ;DLH;DLH;FRA;EDDF;SFO;KSFO;2026-01-20T19:59:13Z
3dfb80ef;LH456;DLH456;3.931.802;-11.925.507;192;37000;483;0;1310;2026-01-20T19:44:57Z;ADSB;3C4B2D;B748;D-ABYM;DLH;DLH;FRA;EDDF;LAX;KLAX;2026-01-20T20:43:44Z
3dfcedc7;AA1616;AAL1616;3.572.479;-8.271.051;105;24250;515;-2496;2152;2026-01-20T19:44:59Z;ADSB;AD8895;B738;N971NN;AAL;AAL;MCI;KMCI;CLT;KCLT;2026-01-20T20:11:14Z
3dfcd075;AA3317;AAL3317;3.783.513;-7.670.578;28;31000;508;0;3645;2026-01-20T19:44:59Z;ADSB;ACF849;B738;N935AN;AAL;AAL;PBI;KPBI;LGA;KLGA;2026-01-20T20:26:40Z
3dfa9c2b;DL42;DAL42;3.394.542;-11.841.026;261;0;0;0;1464;2026-01-20T19:44:58Z;ADSB;A6A347;A359;N527DN;DAL;DAL;SYD;YSSY;LAX;KLAX;2026-01-20T17:05:27Z
3dfb2fe8;DL120;DAL120;4.488.099;-9.321.121;50;0;0;0;0;2026-01-20T19:44:59Z;ADSB;A68946;A359;N520DN;DAL;DAL;HND;RJTT;MSP;KMSP;2026-01-20T18:57:27Z
3dfb1035;DL274;DAL274;4.220.808;-8.335.864;118;0;0;0;1337;2026-01-20T19:44:57Z;ADSB;A65800;A359;N508DN;DAL;DAL;HND;RJTT;DTW;KDTW;2026-01-20T18:49:12Z
3dfb79f6;BA195;BAW26E;3.037.305;-9.582.847;160;7575;268;-896;767;2026-01-20T19:44:58Z;ADSB;40749B;B789;G-ZBKR;BAW;BAW;LHR;EGLL;IAH;KIAH;2026-01-20T19:52:59Z
3dfb76b5;AF84;AFR84T;4.123.434;-12.139.093;201;37000;456;0;3311;2026-01-20T19:44:57Z;ADSB;3965A0;B77W;F-GZNA;AFR;AFR;CDG;LFPG;SFO;KSFO;2026-01-20T20:28:48Z
3dfb37ee;DL188;DAL188;4.389.038;-10.284.622;125;39000;565;0;3407;2026-01-20T19:44:59Z;ADSB;A69822;A359;N524DN;DAL;DAL;ICN;RKSI;ATL;KATL;2026-01-20T21:52:00Z
3dfcf0c4;AA2581;AAL2581;3.686.577;-9.275.675;220;38000;385;64;6522;2026-01-20T19:44:57Z;ADSB;AD3FD9;B738;N953AN;AAL;AAL;MKE;KMKE;DFW;KDFW;2026-01-20T20:43:44Z
3dfce054;DL1368;DAL1368;3.960.004;-7.425.211;40;17325;437;-1472;7427;2026-01-20T19:44:59Z;ADSB;A3D4C6;A319;N346NB;DAL;DAL;MSY;KMSY;JFK;KJFK;2026-01-20T20:03:55Z
3dfd231d;AA1766;AAL1766;4.034.138;-7.421.696;236;13750;304;2368;1170;2026-01-20T19:44:57Z;ADSB;AD1986;B738;N943NN;AAL;AAL;JFK;KJFK;DFW;KDFW;2026-01-20T23:02:24Z
3dfb6bff;AF636;AFR636P;2.999.341;-954.176;90;825;141;-768;7111;2026-01-20T19:49:59Z;ADSB;39D2A6;A359;F-HUVG;AFR;AFR;CDG;LFPG;IAH;KIAH;2026-01-20T19:51:31Z
3dfb5cc2;KL689;KLM689;2.121.236;-8.710.091;132;2775;234;64;747;2026-01-20T19:49:58Z;ADSB;485785;B789;PH-BHN;KLM;KLM;AMS;EHAM;CUN;MMUN;2026-01-20T19:51:56Z
3dfcf904;AA2896;AAL2896;3.098.232;-784.105;7;31000;491;0;1477;2026-01-20T19:49:54Z;ADSB;A35388;B38M;N313SB;AAL;AAL;FLL;KFLL;LGA;KLGA;2026-01-20T21:22:08Z
3dfd1efd;AA3052;AAL3052;3.169.379;-7.830.637;7;35000;487;64;726;2026-01-20T19:49:58Z;ADSB;AB4EA8;A319;N828AW;AAL;AAL;FLL;KFLL;DCA;KDCA;2026-01-20T20:58:40Z
3dfcdb67;AA3139;AAL3139;3.289.996;-9.703.652;202;0;0;0;1654;2026-01-20T19:49:56Z;ADSB;A0480B;A320;N117UW;AAL;AAL;PNS;KPNS;DFW;KDFW;2026-01-20T19:16:41Z
3dfce97f;UA654;UAL654;3.588.931;-7.986.704;54;35000;586;0;4002;2026-01-20T19:49:58Z;ADSB;AB890A;A319;N842UA;UAL;UAL;IAH;KIAH;DCA;KDCA;2026-01-20T20:26:40Z
3dfb53b3;UA6;UAL6;3.420.356;-9.939.983;141;39000;520;0;5721;2026-01-20T19:49:59Z;ADSB;A31A76;B789;N29984;UAL;UAL;NRT;RJAA;IAH;KIAH;2026-01-20T20:37:20Z
3dfcedc7;AA1616;AAL1616;3.554.007;-8.196.403;113;16200;411;-1024;2152;2026-01-20T19:49:58Z;ADSB;AD8895;B738;N971NN;AAL;AAL;MCI;KMCI;CLT;KCLT;2026-01-20T20:06:18Z
3dfb71d2;LH454;DLH454;3.754.916;-12.232.896;158;9700;246;-1664;1710;2026-01-20T19:49:59Z;ADSB;3C4B2A;B748;D-ABYJ;DLH;DLH;FRA;EDDF;SFO;KSFO;2026-01-20T20:00:01Z
3dfb80ef;LH456;DLH456;3.863.789;-11.936.975;186;37000;496;0;1310;2026-01-20T19:49:59Z;ADSB;3C4B2D;B748;D-ABYM;DLH;DLH;FRA;EDDF;LAX;KLAX;2026-01-20T20:43:44Z
3dfcd075;AA3317;AAL3317;384.427;-762.674;37;31000;513;-64;3645;2026-01-20T19:49:59Z;ADSB;ACF849;B738;N935AN;AAL;AAL;PBI;KPBI;LGA;KLGA;2026-01-20T20:26:40Z
3dfa9c2b;DL42;DAL42;3.394.543;-11.841.026;261;0;0;0;1464;2026-01-20T19:49:55Z;ADSB;A6A347;A359;N527DN;DAL;DAL;SYD;YSSY;LAX;KLAX;2026-01-20T17:05:27Z
3dfb2fe8;DL120;DAL120;4.488.099;-9.321.121;50;0;0;0;0;2026-01-20T19:49:58Z;ADSB;A68946;A359;N520DN;DAL;DAL;HND;RJTT;MSP;KMSP;2026-01-20T18:57:27Z
3dfb1035;DL274;DAL274;4.220.808;-8.335.865;118;0;0;0;1337;2026-01-20T19:49:59Z;ADSB;A65800;A359;N508DN;DAL;DAL;HND;RJTT;DTW;KDTW;2026-01-20T18:49:12Z
3dfc5de4;AA142;AAL142;5.436.019;-1.656.379;101;39000;526;0;0;2026-01-20T19:49:55Z;ESTIMATED;AACAA5;B772;N795AN;AAL;AAL;JFK;KJFK;LHR;EGLL;2026-01-20T21:20:00Z
3dfb79f6;BA195;BAW26E;3.007.591;-9.562.675;130;3325;212;-960;767;2026-01-20T19:49:58Z;ADSB;40749B;B789;G-ZBKR;BAW;BAW;LHR;EGLL;IAH;KIAH;2026-01-20T19:53:11Z
3dfb76b5;AF84;AFR84T;4.063.843;-12.170.215;201;37000;460;0;6326;2026-01-20T19:50:00Z;ADSB;3965A0;B77W;F-GZNA;AFR;AFR;CDG;LFPG;SFO;KSFO;2026-01-20T20:28:48Z
3dfb37ee;DL188;DAL188;4.342.941;-10.197.044;126;39000;569;0;3407;2026-01-20T19:49:58Z;ADSB;A69822;A359;N524DN;DAL;DAL;ICN;RKSI;ATL;KATL;2026-01-20T21:52:00Z
3dfcf0c4;AA2581;AAL2581;3.644.861;-9.319.233;220;38000;391;0;6522;2026-01-20T19:49:59Z;ADSB;AD3FD9;B738;N953AN;AAL;AAL;MKE;KMKE;DFW;KDFW;2026-01-20T20:43:44Z
3dfd231d;AA1766;AAL1766;4.018.557;-7.471.046;264;22725;299;2624;1170;2026-01-20T19:49:59Z;ADSB;AD1986;B738;N943NN;AAL;AAL;JFK;KJFK;DFW;KDFW;2026-01-20T23:02:24Z
3dfce054;DL1368;DAL1368;3.999.945;-7.387.401;28;10925;307;-1216;7427;2026-01-20T19:49:58Z;ADSB;A3D4C6;A319;N346NB;DAL;DAL;MSY;KMSY;JFK;KJFK;2026-01-20T20:01:35Z
3dfb6bff;AF636;AFR636P;2.998.928;-9.533.125;267;0;8;0;7111;2026-01-20T19:54:59Z;ADSB;39D2A6;A359;F-HUVG;AFR;AFR;CDG;LFPG;IAH;KIAH;2026-01-20T19:51:12Z
3dfb5cc2;KL689;KLM689;210.542;-8.688.043;123;0;150;-704;747;2026-01-20T19:54:47Z;ADSB;485785;B789;PH-BHN;KLM;KLM;AMS;EHAM;CUN;MMUN;2026-01-20T19:54:36Z
3dfcf904;AA2896;AAL2896;3.167.377;-7.830.872;7;34800;485;1344;1477;2026-01-20T19:54:58Z;ADSB;A35388;B38M;N313SB;AAL;AAL;FLL;KFLL;LGA;KLGA;2026-01-20T21:22:08Z
3dfd1efd;AA3052;AAL3052;3.236.124;-782.075;7;35000;486;64;726;2026-01-20T19:54:58Z;ADSB;AB4EA8;A319;N828AW;AAL;AAL;FLL;KFLL;DCA;KDCA;2026-01-20T20:56:32Z
3dfb6bb5;AF158;AFR158K;3.289.444;-9.704.322;59;0;0;0;2403;2026-01-20T19:54:58Z;ADSB;3949F4;B772;F-GSPU;AFR;AFR;CDG;LFPG;DFW;KDFW;2026-01-20T19:47:24Z
3dfcdb67;AA3139;AAL3139;3.289.996;-9.703.655;202;0;0;0;1654;2026-01-20T19:54:51Z;ADSB;A0480B;A320;N117UW;AAL;AAL;PNS;KPNS;DFW;KDFW;2026-01-20T19:16:41Z
3dfce97f;UA654;UAL654;3.636.493;-790.492;54;30350;586;-1600;4002;2026-01-20T19:54:59Z;ADSB;AB890A;A319;N842UA;UAL;UAL;IAH;KIAH;DCA;KDCA;2026-01-20T20:26:55Z
3dfb53b3;UA6;UAL6;3.364.728;-9.886.434;141;38975;518;64;5721;2026-01-20T19:54:59Z;ADSB;A31A76;B789;N29984;UAL;UAL;NRT;RJAA;IAH;KIAH;2026-01-20T20:37:20Z
3dfb71d2;LH454;DLH454;3.749.494;-12.211.745;322;3475;199;-640;1710;2026-01-20T19:54:58Z;ADSB;3C4B2A;B748;D-ABYJ;DLH;DLH;FRA;EDDF;SFO;KSFO;2026-01-20T19:58:07Z
3dfb80ef;LH456;DLH456;3.795.538;-11.947.135;186;37000;495;-64;1310;2026-01-20T19:54:59Z;ADSB;3C4B2D;B748;D-ABYM;DLH;DLH;FRA;EDDF;LAX;KLAX;2026-01-20T20:43:44Z
3dfcedc7;AA1616;AAL1616;3.534.823;-8.136.486;108;11625;353;-832;2152;2026-01-20T19:54:59Z;ADSB;AD8895;B738;N971NN;AAL;AAL;MCI;KMCI;CLT;KCLT;2026-01-20T20:06:06Z
3dfcd075;AA3317;AAL3317;3.900.948;-7.572.726;36;25000;497;64;3645;2026-01-20T19:54:58Z;ADSB;ACF849;B738;N935AN;AAL;AAL;PBI;KPBI;LGA;KLGA;2026-01-20T20:20:50Z
3dfa9c2b;DL42;DAL42;3.394.543;-11.841.026;261;0;0;0;1464;2026-01-20T19:54:52Z;ADSB;A6A347;A359;N527DN;DAL;DAL;SYD;YSSY;LAX;KLAX;2026-01-20T17:05:27Z
3dfb2fe8;DL120;DAL120;4.488.099;-9.321.123;50;0;0;0;454;2026-01-20T19:54:56Z;ADSB;A68946;A359;N520DN;DAL;DAL;HND;RJTT;MSP;KMSP;2026-01-20T18:57:27Z
3dfb1035;DL274;DAL274;4.220.807;-8.335.867;118;0;0;0;1337;2026-01-20T19:54:59Z;ADSB;A65800;A359;N508DN;DAL;DAL;HND;RJTT;DTW;KDTW;2026-01-20T18:49:12Z
3dfc5de4;AA142;AAL142;5.408.338;-1.536.735;110;39000;521;0;0;2026-01-20T19:54:58Z;ADSB;AACAA5;B772;N795AN;AAL;AAL;JFK;KJFK;LHR;EGLL;2026-01-20T21:20:00Z
3dfb79f6;BA195;BAW26E;3.000.719;-9.537.097;90;0;145;-832;767;2026-01-20T19:54:58Z;ADSB;40749B;B789;G-ZBKR;BAW;BAW;LHR;EGLL;IAH;KIAH;2026-01-20T19:54:59Z
3dfb76b5;AF84;AFR84T;4.004.416;-12.200.653;201;36625;466;-1344;6326;2026-01-20T19:54:57Z;ADSB;3965A0;B77W;F-GZNA;AFR;AFR;CDG;LFPG;SFO;KSFO;2026-01-20T20:26:40Z
3dfb37ee;DL188;DAL188;4.295.728;-10.109.919;126;39000;570;0;3407;2026-01-20T19:54:59Z;ADSB;A69822;A359;N524DN;DAL;DAL;ICN;RKSI;ATL;KATL;2026-01-20T21:47:44Z
3dfcf0c4;AA2581;AAL2581;3.603.703;-9.361.553;219;38000;382;0;6522;2026-01-20T19:54:58Z;ADSB;AD3FD9;B738;N953AN;AAL;AAL;MKE;KMKE;DFW;KDFW;2026-01-20T20:43:44Z
3dfd231d;AA1766;AAL1766;401.419;-7.524.487;263;27300;307;1280;1170;2026-01-20T19:54:58Z;ADSB;AD1986;B738;N943NN;AAL;AAL;JFK;KJFK;DFW;KDFW;2026-01-20T23:00:16Z
3dfce054;DL1368;DAL1368;4.034.273;-7.362.051;24;4225;254;-1280;7427;2026-01-20T19:54:59Z;ADSB;A3D4C6;A319;N346NB;DAL;DAL;MSY;KMSY;JFK;KJFK;2026-01-20T20:00:16Z
3dfcf904;AA2896;AAL2896;3.232.736;-7.821.274;7;37000;463;0;1477;2026-01-20T19:59:58Z;ADSB;A35388;B38M;N313SB;AAL;AAL;FLL;KFLL;LGA;KLGA;2026-01-20T21:26:24Z
3dfd1efd;AA3052;AAL3052;3.303.996;-7.810.719;7;35000;497;0;726;2026-01-20T19:59:57Z;ADSB;AB4EA8;A319;N828AW;AAL;AAL;FLL;KFLL;DCA;KDCA;2026-01-20T20:56:32Z
3dfcdb67;AA3139;AAL3139;328.999;-9.703.648;202;0;0;0;1654;2026-01-20T19:59:47Z;ADSB;A0480B;A320;N117UW;AAL;AAL;PNS;KPNS;DFW;KDFW;2026-01-20T19:16:41Z
3dfce97f;UA654;UAL654;3.688.087;-7.831.113;44;29000;563;64;4002;2026-01-20T19:59:58Z;ADSB;AB890A;A319;N842UA;UAL;UAL;IAH;KIAH;DCA;KDCA;2026-01-20T20:28:10Z
3dfb53b3;UA6;UAL6;3.308.295;-9.833.044;141;38975;516;0;5721;2026-01-20T19:59:58Z;ADSB;A31A76;B789;N29984;UAL;UAL;NRT;RJAA;IAH;KIAH;2026-01-20T20:37:20Z
3dfb80ef;LH456;DLH456;3.727.547;-11.957.069;186;37000;495;0;1310;2026-01-20T19:59:57Z;ADSB;3C4B2D;B748;D-ABYM;DLH;DLH;FRA;EDDF;LAX;KLAX;2026-01-20T20:41:36Z
3dfb71d2;LH454;DLH454;3.761.852;-12.237.449;298;0;123;-64;1710;2026-01-20T19:59:59Z;ADSB;3C4B2A;B748;D-ABYJ;DLH;DLH;FRA;EDDF;SFO;KSFO;2026-01-20T19:59:49Z
3dfcedc7;AA1616;AAL1616;3.510.746;-8.105.907;176;6000;243;-1664;2152;2026-01-20T19:59:58Z;ADSB;AD8895;B738;N971NN;AAL;AAL;MCI;KMCI;CLT;KCLT;2026-01-20T20:06:35Z
3dfcd075;AA3317;AAL3317;3.955.027;-7.523.163;36;19050;434;-1536;3645;2026-01-20T19:59:59Z;ADSB;ACF849;B738;N935AN;AAL;AAL;PBI;KPBI;LGA;KLGA;2026-01-20T20:20:30Z
3dfa9c2b;DL42;DAL42;3.394.542;-11.841.026;261;0;0;0;1464;2026-01-20T19:59:59Z;ADSB;A6A347;A359;N527DN;DAL;DAL;SYD;YSSY;LAX;KLAX;2026-01-20T17:05:27Z
3dfb2fe8;DL120;DAL120;44.881;-9.321.123;50;0;0;0;454;2026-01-20T19:59:57Z;ADSB;A68946;A359;N520DN;DAL;DAL;HND;RJTT;MSP;KMSP;2026-01-20T18:57:27Z
3dfb1035;DL274;DAL274;4.220.805;-8.335.865;118;0;0;0;1337;2026-01-20T19:59:53Z;ADSB;A65800;A359;N508DN;DAL;DAL;HND;RJTT;DTW;KDTW;2026-01-20T18:49:12Z
3dfc5de4;AA142;AAL142;5.385.866;-1.419.135;106;39000;522;0;7641;2026-01-20T19:59:57Z;ADSB;AACAA5;B772;N795AN;AAL;AAL;JFK;KJFK;LHR;EGLL;2026-01-20T21:17:52Z
3dfb79f6;BA195;BAW26E;2.999.109;-9.532.545;194;0;8;0;767;2026-01-20T19:59:59Z;ADSB;40749B;B789;G-ZBKR;BAW;BAW;LHR;EGLL;IAH;KIAH;2026-01-20T19:55:12Z
3dfb76b5;AF84;AFR84T;3.946.275;-12.229.903;201;33000;439;0;6326;2026-01-20T19:59:57Z;ADSB;3965A0;B77W;F-GZNA;AFR;AFR;CDG;LFPG;SFO;KSFO;2026-01-20T20:32:11Z
3dfcf0c4;AA2581;AAL2581;3.563.232;-9.402.672;219;38000;377;-64;6522;2026-01-20T19:59:58Z;ADSB;AD3FD9;B738;N953AN;AAL;AAL;MKE;KMKE;DFW;KDFW;2026-01-20T20:43:44Z
3dfb37ee;DL188;DAL188;4.248.761;-10.025.723;127;39000;562;0;3407;2026-01-20T19:59:58Z;ADSB;A69822;A359;N524DN;DAL;DAL;ICN;RKSI;ATL;KATL;2026-01-20T21:49:52Z
3dfd231d;AA1766;AAL1766;4.009.149;-758.269;263;28000;330;64;1170;2026-01-20T19:59:57Z;ADSB;AD1986;B738;N943NN;AAL;AAL;JFK;KJFK;DFW;KDFW;2026-01-20T23:00:16Z
3dfce054;DL1368;DAL1368;4.060.747;-7.367.912;300;1250;120;-640;7427;2026-01-20T19:59:59Z;ADSB;A3D4C6;A319;N346NB;DAL;DAL;MSY;KMSY;JFK;KJFK;2026-01-20T20:00:50Z
3dfcf904;AA2896;AAL2896;3.297.416;-7.811.716;7;37000;470;0;1477;2026-01-20T20:04:58Z;ADSB;A35388;B38M;N313SB;AAL;AAL;FLL;KFLL;LGA;KLGA;2026-01-20T21:24:16Z
3dfd1efd;AA3052;AAL3052;3.373.393;-780.031;7;35025;498;0;726;2026-01-20T20:05:00Z;ADSB;AB4EA8;A319;N828AW;AAL;AAL;FLL;KFLL;DCA;KDCA;2026-01-20T20:56:32Z
3dfce97f;UA654;UAL654;3.740.724;-7.767.042;44;23650;488;-1792;4002;2026-01-20T20:04:58Z;ADSB;AB890A;A319;N842UA;UAL;UAL;IAH;KIAH;DCA;KDCA;2026-01-20T20:29:43Z
3dfb53b3;UA6;UAL6;3.253.424;-9.777.939;138;39000;519;-64;5721;2026-01-20T20:04:58Z;ADSB;A31A76;B789;N29984;UAL;UAL;NRT;RJAA;IAH;KIAH;2026-01-20T20:37:20Z
3dfb80ef;LH456;DLH456;365.807;-11.960.447;180;37000;503;0;1310;2026-01-20T20:04:58Z;ADSB;3C4B2D;B748;D-ABYM;DLH;DLH;FRA;EDDF;LAX;KLAX;2026-01-20T20:41:36Z
3dfcedc7;AA1616;AAL1616;351.156;-8.095.797;355;2100;161;-896;2152;2026-01-20T20:04:59Z;ADSB;AD8895;B738;N971NN;AAL;AAL;MCI;KMCI;CLT;KCLT;2026-01-20T20:06:02Z
3dfcd075;AA3317;AAL3317;3.998.972;-7.480.073;47;11575;368;-1408;3645;2026-01-20T20:04:59Z;ADSB;ACF849;B738;N935AN;AAL;AAL;PBI;KPBI;LGA;KLGA;2026-01-20T20:17:18Z
3dfa9c2b;DL42;DAL42;3.394.542;-11.841.026;261;0;0;0;1464;2026-01-20T20:04:57Z;ADSB;A6A347;A359;N527DN;DAL;DAL;SYD;YSSY;LAX;KLAX;2026-01-20T17:05:27Z
3dfb2fe8;DL120;DAL120;44.881;-9.321.123;50;0;0;0;454;2026-01-20T20:04:57Z;ADSB;A68946;A359;N520DN;DAL;DAL;HND;RJTT;MSP;KMSP;2026-01-20T18:57:27Z
3dfb1035;DL274;DAL274;4.220.805;-8.335.863;118;0;0;0;1337;2026-01-20T20:04:59Z;ADSB;A65800;A359;N508DN;DAL;DAL;HND;RJTT;DTW;KDTW;2026-01-20T18:49:12Z
3dfc5de4;AA142;AAL142;5.364.224;-1.301.936;107;39000;521;0;7641;2026-01-20T20:04:59Z;ADSB;AACAA5;B772;N795AN;AAL;AAL;JFK;KJFK;LHR;EGLL;2026-01-20T21:15:44Z
3dfb79f6;BA195;BAW26E;2.998.934;-9.533.754;267;0;6;0;767;2026-01-20T20:04:58Z;ADSB;40749B;B789;G-ZBKR;BAW;BAW;LHR;EGLL;IAH;KIAH;2026-01-20T19:55:12Z
3dfcf0c4;AA2581;AAL2581;3.523.256;-9.444.202;221;38000;375;64;6522;2026-01-20T20:04:59Z;ADSB;AD3FD9;B738;N953AN;AAL;AAL;MKE;KMKE;DFW;KDFW;2026-01-20T20:43:44Z
3dfb76b5;AF84;AFR84T;3.889.343;-12.257.763;196;30625;422;-1024;6326;2026-01-20T20:04:58Z;ADSB;3965A0;B77W;F-GZNA;AFR;AFR;CDG;LFPG;SFO;KSFO;2026-01-20T20:35:55Z
3dfb37ee;DL188;DAL188;4.201.921;-994.407;127;41000;554;0;3407;2026-01-20T20:04:59Z;ADSB;A69822;A359;N524DN;DAL;DAL;ICN;RKSI;ATL;KATL;2026-01-20T21:52:00Z
3dfd231d;AA1766;AAL1766;4.003.629;-7.643.018;262;28000;338;0;1170;2026-01-20T20:04:58Z;ADSB;AD1986;B738;N943NN;AAL;AAL;JFK;KJFK;DFW;KDFW;2026-01-20T23:00:16Z
3dfce054;DL1368;DAL1368;4.064.791;-7.377.303;120;0;19;0;7427;2026-01-20T20:04:59Z;ADSB;A3D4C6;A319;N346NB;DAL;DAL;MSY;KMSY;JFK;KJFK;2026-01-20T20:02:12Z
3dfbb575;AA1349;AAL1349;4.064.872;-7.379.317;227;0;0;0;0;2026-01-20T11:59:59Z;ADSB;ADC65E;B738;N987NN;AAL;AAL;JFK;KJFK;AUS;KAUS;
3dfb5cc2;KL689;KLM689;6.186.017;-3.499.528;264;36975;473;0;2701;2026-01-20T11:59:56Z;ADSB;485785;B789;PH-BHN;KLM;KLM;AMS;EHAM;CUN;MMUN;2026-01-20T19:22:40Z
3dfb5a0f;KL661;KLM661;6.196.029;-3.263.011;265;34975;460;0;3504;2026-01-20T12:00:00Z;ADSB;4851B0;B789;PH-BHE;KLM;KLM;AMS;EHAM;IAH;KIAH;2026-01-20T19:01:20Z
3dfb5ea7;UA905;UAL905;5.912.514;-3.109.969;255;36025;438;0;2157;2026-01-20T11:59:57Z;ESTIMATED;A9178D;B763;N685UA;UAL;UAL;LHR;EGLL;EWR;KEWR;2026-01-20T16:46:56Z
3dfb6bff;AF636;AFR636P;6.219.704;-1.833.771;294;36000;516;0;2752;2026-01-20T11:59:59Z;ADSB;39D2A6;A359;F-HUVG;AFR;AFR;CDG;LFPG;IAH;KIAH;2026-01-20T19:44:00Z
3dfb8063;BA53;BAW5EA;6.235.491;-1.331.627;324;38000;511;0;2102;2026-01-20T11:59:59Z;ADSB;400774;B772;G-VIIW;BAW;BAW;LHR;EGLL;SEA;KSEA;2026-01-20T19:37:36Z
3dfbc063;AA2111;AAL2111;3.522.007;-8.094.247;270;0;0;0;0;2026-01-20T11:59:56Z;ADSB;AB7270;A319;N837AW;AAL;AAL;CLT;KCLT;LGA;KLGA;
3dfb459f;DL57;DAL57;6.602.966;-3.454.777;296;36000;474;0;3065;2026-01-20T11:59:59Z;ADSB;AB00D6;A333;N808NW;DAL;DAL;AMS;EHAM;SLC;KSLC;2026-01-20T18:54:56Z
3dfb554c;KL601;KLM601;7.209.472;-3.145.565;293;34000;540;0;3017;2026-01-20T11:59:59Z;ESTIMATED;485F84;B78X;PH-BKQ;KLM;KLM;AMS;EHAM;LAX;KLAX;2026-01-20T19:18:24Z
3dfb6bb5;AF158;AFR158K;6.211.226;-1.494.435;293;34000;510;0;3464;2026-01-20T11:59:59Z;ADSB;3949F4;B772;F-GSPU;AFR;AFR;CDG;LFPG;DFW;KDFW;2026-01-20T19:29:04Z
3dfb80ef;LH456;DLH456;6.244.295;-194.641;326;33000;533;0;2060;2026-01-20T11:59:59Z;ADSB;3C4B2D;B748;D-ABYM;DLH;DLH;FRA;EDDF;LAX;KLAX;2026-01-20T21:02:56Z
3dfa9c2b;DL42;DAL42;875.692;-15.313.181;47;41000;490;0;2000;2026-01-20T11:59:55Z;ESTIMATED;A6A347;A359;N527DN;DAL;DAL;SYD;YSSY;LAX;KLAX;2026-01-20T17:01:52Z
3dfbb609;DL966;DAL966;3.914.186;-8.521.771;296;17650;287;3840;4021;2026-01-20T11:59:58Z;ADSB;A4A0CD;B738;N398DA;DAL;DAL;CVG;KCVG;SEA;KSEA;2026-01-20T16:27:44Z
3df77bd0;DL274;DAL274;4.221.032;-8.335.699;118;0;0;0;6527;2026-01-20T11:59:58Z;ADSB;A661C7;A359;N510DN;DAL;DAL;HND;RJTT;DTW;KDTW;2026-01-19T18:59:44Z
3dfb9bef;UA2115;UAL2115;4.248.739;-7.926.942;288;32000;377;-64;7172;2026-01-20T11:59:59Z;ADSB;A16E7D;B752;N19117;UAL;UAL;EWR;KEWR;SFO;KSFO;2026-01-20T17:06:08Z
3dfb6660;AF338;AFR338;6.528.732;-1.731.251;318;38000;526;-128;2777;2026-01-20T11:59:59Z;ADSB;39D2B3;A359;F-HUVT;AFR;AFR;CDG;LFPG;SEA;KSEA;2026-01-20T18:57:04Z
3dfb3347;UA838;UAL838;5.149.676;-17.611.145;79;35000;496;0;0;2026-01-20T11:59:57Z;ADSB;AA92FF;B772;N78008;UAL;UAL;NRT;RJAA;SFO;KSFO;2026-01-20T16:59:44Z
3dfb76b5;AF84;AFR84T;6.153.546;-1.127.893;310;34000;512;0;5607;2026-01-20T11:59:59Z;ADSB;3965A0;B77W;F-GZNA;AFR;AFR;CDG;LFPG;SFO;KSFO;2026-01-20T20:48:00Z
3dfbb575;AA1349;AAL1349;4.064.903;-7.379.248;244;0;0;0;3031;2026-01-20T12:04:58Z;ADSB;ADC65E;B738;N987NN;AAL;AAL;JFK;KJFK;AUS;KAUS;
3dfb5cc2;KL689;KLM689;6.179.073;-3.626.979;262;37000;20;0;2701;2026-01-20T12:04:54Z;ADSB;485785;B789;PH-BHN;KLM;KLM;AMS;EHAM;CUN;MMUN;2026-01-20T19:22:40Z
3dfb5a0f;KL661;KLM661;6.191.447;-3.387.634;264;35000;20;-64;3504;2026-01-20T12:04:54Z;ADSB;4851B0;B789;PH-BHE;KLM;KLM;AMS;EHAM;IAH;KIAH;2026-01-20T18:57:04Z
3dfb6bff;AF636;AFR636P;6.248.369;-1.973.338;293;36000;514;0;2752;2026-01-20T12:04:58Z;ADSB;39D2A6;A359;F-HUVG;AFR;AFR;CDG;LFPG;IAH;KIAH;2026-01-20T19:39:44Z
3dfb8063;BA53;BAW5EA;6.293.094;-1.422.856;323;39000;520;-64;2102;2026-01-20T12:04:59Z;ADSB;400774;B772;G-VIIW;BAW;BAW;LHR;EGLL;SEA;KSEA;2026-01-20T19:35:28Z
3dfbc8a3;UA4200;UAL4200;616.779;-7.542.576;0;0;0;0;0;2026-01-20T12:04:53Z;ADSB;A8EC57;B763;N674UA;UAL;UAL;MDE;SKRG;;;
3dfbc063;AA2111;AAL2111;3.522.007;-809.425;270;0;0;0;0;2026-01-20T12:04:33Z;ADSB;AB7270;A319;N837AW;AAL;AAL;CLT;KCLT;LGA;KLGA;
3dfb55ab;DL33;DAL33;582.104;-3.534.795;252;37000;448;0;7502;2026-01-20T12:04:58Z;ESTIMATED;A50E93;A339;N425DX;DAL;DAL;LHR;EGLL;ATL;KATL;2026-01-20T17:55:12Z
3dfb459f;DL57;DAL57;6.631.462;-3.600.071;295;36000;469;0;3065;2026-01-20T12:04:59Z;ADSB;AB00D6;A333;N808NW;DAL;DAL;AMS;EHAM;SLC;KSLC;2026-01-20T18:54:56Z
3dfb6bb5;AF158;AFR158K;6.238.051;-1.633.699;291;34000;510;0;3464;2026-01-20T12:04:57Z;ADSB;3949F4;B772;F-GSPU;AFR;AFR;CDG;LFPG;DFW;KDFW;2026-01-20T19:29:04Z
3dfb80ef;LH456;DLH456;6.305.516;-284.312;325;33000;536;0;2060;2026-01-20T12:04:58Z;ADSB;3C4B2D;B748;D-ABYM;DLH;DLH;FRA;EDDF;LAX;KLAX;2026-01-20T21:05:04Z
3dfbb609;DL966;DAL966;3.938.177;-8.567.407;309;28000;328;1216;4021;2026-01-20T12:04:57Z;ADSB;A4A0CD;B738;N398DA;DAL;DAL;CVG;KCVG;SEA;KSEA;2026-01-20T16:25:36Z
3df77bd0;DL274;DAL274;4.221.032;-8.335.698;118;0;0;0;6527;2026-01-20T12:04:54Z;ADSB;A661C7;A359;N510DN;DAL;DAL;HND;RJTT;DTW;KDTW;2026-01-19T18:59:44Z
3dfb9bef;UA2115;UAL2115;426.189;-7.994.227;273;32000;371;0;7172;2026-01-20T12:04:58Z;ADSB;A16E7D;B752;N19117;UAL;UAL;EWR;KEWR;SFO;KSFO;2026-01-20T17:06:08Z
3dfb6eb6;BA175;BAW7NY;578.739;-262.176;276;36000;452;0;5173;2026-01-20T12:04:56Z;ESTIMATED;4005C1;B772;G-RAES;BAW;BAW;LHR;EGLL;JFK;KJFK;2026-01-20T16:59:44Z
3dfb6660;AF338;AFR338;6.582.747;-1.846.551;318;38000;526;-64;2777;2026-01-20T12:04:57Z;ADSB;39D2B3;A359;F-HUVT;AFR;AFR;CDG;LFPG;SEA;KSEA;2026-01-20T18:54:56Z
3dfb3347;UA838;UAL838;5.161.208;-17.500.047;80;35000;498;0;0;2026-01-20T12:04:59Z;ADSB;AA92FF;B772;N78008;UAL;UAL;NRT;RJAA;SFO;KSFO;2026-01-20T16:57:36Z
3dfb76b5;AF84;AFR84T;6.201.284;-1.246.887;309;34000;517;0;3045;2026-01-20T12:04:59Z;ADSB;3965A0;B77W;F-GZNA;AFR;AFR;CDG;LFPG;SFO;KSFO;2026-01-20T20:45:52Z
3dfbb575;AA1349;AAL1349;4.064.902;-7.379.248;244;0;0;0;3031;2026-01-20T12:09:57Z;ADSB;ADC65E;B738;N987NN;AAL;AAL;JFK;KJFK;AUS;KAUS;
3dfb5cc2;KL689;KLM689;6.169.661;-3.772.342;261;37000;463;0;2701;2026-01-20T12:09:59Z;ADSB;485785;B789;PH-BHN;KLM;KLM;AMS;EHAM;CUN;MMUN;2026-01-20T19:24:48Z
3dfb5a0f;KL661;KLM661;6.184.656;-3.532.664;263;35000;462;-64;3504;2026-01-20T12:09:59Z;ADSB;4851B0;B789;PH-BHE;KLM;KLM;AMS;EHAM;IAH;KIAH;2026-01-20T18:59:12Z
3dfb6bff;AF636;AFR636P;6.269.497;-2.118.851;285;36000;503;0;2752;2026-01-20T12:09:59Z;ADSB;39D2A6;A359;F-HUVG;AFR;AFR;CDG;LFPG;IAH;KIAH;2026-01-20T19:44:00Z
3dfb8063;BA53;BAW5EA;635.061;-1.518.596;322;39000;519;0;2102;2026-01-20T12:09:59Z;ADSB;400774;B772;G-VIIW;BAW;BAW;LHR;EGLL;SEA;KSEA;2026-01-20T19:33:20Z
3dfab1a1;UA830;UAL830;906.425;-14.598.325;33;39000;495;0;2000;2026-01-20T12:09:57Z;ESTIMATED;A1FCC5;B772;N227UA;UAL;UAL;SYD;YSSY;SFO;KSFO;2026-01-20T16:29:52Z
3dfbc8a3;UA4200;UAL4200;616.779;-7.542.574;0;0;0;0;0;2026-01-20T12:09:27Z;ADSB;A8EC57;B763;N674UA;UAL;UAL;MDE;SKRG;EWR;KEWR;
3dfbc063;AA2111;AAL2111;3.522.027;-8.094.246;270;0;0;0;0;2026-01-20T12:09:19Z;ADSB;AB7270;A319;N837AW;AAL;AAL;CLT;KCLT;LGA;KLGA;
3dfb459f;DL57;DAL57;6.658.515;-374.831;293;36000;474;0;3065;2026-01-20T12:09:59Z;ADSB;AB00D6;A333;N808NW;DAL;DAL;AMS;EHAM;SLC;KSLC;2026-01-20T18:52:48Z
3dfb6bb5;AF158;AFR158K;6.263.594;-1.776.172;290;34000;505;0;3464;2026-01-20T12:09:59Z;ADSB;3949F4;B772;F-GSPU;AFR;AFR;CDG;LFPG;DFW;KDFW;2026-01-20T19:31:12Z
3dfb71d2;LH454;DLH454;6.607.919;-807.256;321;34000;527;0;3256;2026-01-20T12:09:57Z;ESTIMATED;3C4B2A;B748;D-ABYJ;DLH;DLH;FRA;EDDF;SFO;KSFO;2026-01-20T20:33:04Z
3dfb80ef;LH456;DLH456;6.366.172;-37.782;324;33000;534;0;2060;2026-01-20T12:09:58Z;ADSB;3C4B2D;B748;D-ABYM;DLH;DLH;FRA;EDDF;LAX;KLAX;2026-01-20T21:07:12Z
3dfbb609;DL966;DAL966;3.968.629;-8.617.505;307;33675;360;1536;4021;2026-01-20T12:09:59Z;ADSB;A4A0CD;B738;N398DA;DAL;DAL;CVG;KCVG;SEA;KSEA;2026-01-20T16:25:36Z
3df77bd0;DL274;DAL274;4.221.032;-8.335.698;118;0;0;0;6527;2026-01-20T12:09:59Z;ADSB;A661C7;A359;N510DN;DAL;DAL;HND;RJTT;DTW;KDTW;2026-01-19T18:59:44Z
3dfb9bef;UA2115;UAL2115;4.264.674;-8.063.652;272;32000;367;0;7172;2026-01-20T12:09:59Z;ADSB;A16E7D;B752;N19117;UAL;UAL;EWR;KEWR;SFO;KSFO;2026-01-20T17:06:08Z
3dfb6660;AF338;AFR338;6.636.681;-1.968.654;316;38000;531;64;2777;2026-01-20T12:09:57Z;ADSB;39D2B3;A359;F-HUVT;AFR;AFR;CDG;LFPG;SEA;KSEA;2026-01-20T18:57:04Z
3dfb3347;UA838;UAL838;517.125;-17.397.479;81;35000;497;0;0;2026-01-20T12:09:57Z;ADSB;AA92FF;B772;N78008;UAL;UAL;NRT;RJAA;SFO;KSFO;2026-01-20T16:57:36Z
3dfb76b5;AF84;AFR84T;6.246.593;-1.366.709;308;34000;525;0;3045;2026-01-20T12:09:58Z;ADSB;3965A0;B77W;F-GZNA;AFR;AFR;CDG;LFPG;SFO;KSFO;2026-01-20T20:43:44Z
3dfb5ea7;UA905;UAL905;5.923.842;-3.446.747;251;36025;427;0;2157;2026-01-20T12:14:54Z;ESTIMATED;A9178D;B763;N685UA;UAL;UAL;LHR;EGLL;EWR;KEWR;2026-01-20T16:46:56Z
3dfb5cc2;KL689;KLM689;6.159.801;-3.903.482;260;36975;460;-64;2701;2026-01-20T12:14:56Z;ADSB;485785;B789;PH-BHN;KLM;KLM;AMS;EHAM;CUN;MMUN;2026-01-20T19:26:56Z
3dfb5a0f;KL661;KLM661;617.704;-3.665.971;262;35000;455;0;3504;2026-01-20T12:14:59Z;ADSB;4851B0;B789;PH-BHE;KLM;KLM;AMS;EHAM;IAH;KIAH;2026-01-20T19:01:20Z
3dfb6bff;AF636;AFR636P;6.287.606;-2.265.064;284;36000;497;0;2752;2026-01-20T12:14:58Z;ADSB;39D2A6;A359;F-HUVG;AFR;AFR;CDG;LFPG;IAH;KIAH;2026-01-20T19:41:52Z
3dfb8063;BA53;BAW5EA;6.407.368;-1.618.096;321;39000;524;0;2102;2026-01-20T12:14:57Z;ADSB;400774;B772;G-VIIW;BAW;BAW;LHR;EGLL;SEA;KSEA;2026-01-20T19:33:20Z
3dfbc8a3;UA4200;UAL4200;616.779;-7.542.573;0;0;0;0;0;2026-01-20T12:14:47Z;ADSB;A8EC57;B763;N674UA;UAL;UAL;MDE;SKRG;EWR;KEWR;
3dfbc063;AA2111;AAL2111;3.522.007;-8.094.244;270;0;0;0;3135;2026-01-20T12:14:52Z;ADSB;AB7270;A319;N837AW;AAL;AAL;CLT;KCLT;LGA;KLGA;
3dfb459f;DL57;DAL57;6.684.187;-3.900.015;292;36000;473;0;3065;2026-01-20T12:14:58Z;ADSB;AB00D6;A333;N808NW;DAL;DAL;AMS;EHAM;SLC;KSLC;2026-01-20T18:54:56Z
3dfb6bb5;AF158;AFR158K;6.287.242;-1.918.365;289;34000;502;0;3464;2026-01-20T12:14:57Z;ADSB;3949F4;B772;F-GSPU;AFR;AFR;CDG;LFPG;DFW;KDFW;2026-01-20T19:31:12Z
3dfb80ef;LH456;DLH456;6.424.827;-473.183;324;33000;533;0;2060;2026-01-20T12:14:57Z;ADSB;3C4B2D;B748;D-ABYM;DLH;DLH;FRA;EDDF;LAX;KLAX;2026-01-20T21:05:04Z
3dfa9c2b;DL42;DAL42;1.012.858;-15.159.555;48;41000;491;0;2000;2026-01-20T12:14:59Z;ESTIMATED;A6A347;A359;N527DN;DAL;DAL;SYD;YSSY;LAX;KLAX;2026-01-20T17:01:52Z
3dfbb609;DL966;DAL966;3.999.112;-8.670.073;307;36875;376;512;4021;2026-01-20T12:14:57Z;ADSB;A4A0CD;B738;N398DA;DAL;DAL;CVG;KCVG;SEA;KSEA;2026-01-20T16:25:36Z
3df77bd0;DL274;DAL274;4.221.032;-8.335.699;118;0;0;0;6527;2026-01-20T12:14:54Z;ADSB;A661C7;A359;N510DN;DAL;DAL;HND;RJTT;DTW;KDTW;2026-01-19T18:59:44Z
3dfb9bef;UA2115;UAL2115;426.736;-8.132.698;278;32000;373;0;7172;2026-01-20T12:14:58Z;ADSB;A16E7D;B752;N19117;UAL;UAL;EWR;KEWR;SFO;KSFO;2026-01-20T17:06:08Z
3dfb6660;AF338;AFR338;6.690.546;-2.093.887;316;39000;531;64;2777;2026-01-20T12:14:57Z;ADSB;39D2B3;A359;F-HUVT;AFR;AFR;CDG;LFPG;SEA;KSEA;2026-01-20T18:54:56Z
3dfb76b5;AF84;AFR84T;6.291.357;-1.491.648;307;34000;526;0;3045;2026-01-20T12:14:58Z;ADSB;3965A0;B77W;F-GZNA;AFR;AFR;CDG;LFPG;SFO;KSFO;2026-01-20T20:43:44Z
3dfbcb4e;DL2301;DAL2301;4.488.206;-9.321.564;334;0;0;0;2637;2026-01-20T12:19:57Z;ADSB;A7824E;B753;N583NW;DAL;DAL;MSP;KMSP;TPA;KTPA;
3dfbb575;AA1349;AAL1349;4.063.166;-7.377.493;120;0;16;0;3031;2026-01-20T12:19:59Z;ADSB;ADC65E;B738;N987NN;AAL;AAL;JFK;KJFK;AUS;KAUS;
3dfb5cc2;KL689;KLM689;6.147.771;-403.625;256;37000;460;0;2701;2026-01-20T12:19:59Z;ADSB;485785;B789;PH-BHN;KLM;KLM;AMS;EHAM;CUN;MMUN;2026-01-20T19:26:56Z
3dfb5a0f;KL661;KLM661;6.168.169;-3.798.111;261;35000;454;0;3504;2026-01-20T12:20:00Z;ADSB;4851B0;B789;PH-BHE;KLM;KLM;AMS;EHAM;IAH;KIAH;2026-01-20T19:01:20Z
3dfb6bff;AF636;AFR636P;6.304.048;-2.411.827;283;36000;500;0;2752;2026-01-20T12:19:58Z;ADSB;39D2A6;A359;F-HUVG;AFR;AFR;CDG;LFPG;IAH;KIAH;2026-01-20T19:46:08Z
3dfb8063;BA53;BAW5EA;646.452;-172.381;320;39000;531;0;2102;2026-01-20T12:19:59Z;ADSB;400774;B772;G-VIIW;BAW;BAW;LHR;EGLL;SEA;KSEA;2026-01-20T19:31:12Z
3dfbc8a3;UA4200;UAL4200;616.779;-7.542.573;0;0;0;0;1454;2026-01-20T12:19:37Z;ADSB;A8EC57;B763;N674UA;UAL;UAL;MDE;SKRG;EWR;KEWR;
3dfb1d91;DL166;DAL166;537.642;-17.672.174;69;37000;503;0;0;2026-01-20T12:19:54Z;ADSB;A65BB7;A359;N509DN;DAL;DAL;HND;RJTT;SEA;KSEA;2026-01-20T16:32:00Z
3dfbc063;AA2111;AAL2111;3.522.011;-8.094.252;270;0;0;0;3135;2026-01-20T12:19:47Z;ADSB;AB7270;A319;N837AW;AAL;AAL;CLT;KCLT;LGA;KLGA;
3dfb55ab;DL33;DAL33;5.818.336;-3.884.492;252;38000;445;0;7502;2026-01-20T12:19:57Z;ESTIMATED;A50E93;A339;N425DX;DAL;DAL;LHR;EGLL;ATL;KATL;2026-01-20T17:55:12Z
3dfb459f;DL57;DAL57;6.712.752;-4.051.376;302;36000;478;0;3065;2026-01-20T12:19:59Z;ADSB;AB00D6;A333;N808NW;DAL;DAL;AMS;EHAM;SLC;KSLC;2026-01-20T18:52:48Z
3dfb6bb5;AF158;AFR158K;6.308.564;-2.062.757;286;34000;496;0;3464;2026-01-20T12:19:58Z;ADSB;3949F4;B772;F-GSPU;AFR;AFR;CDG;LFPG;DFW;KDFW;2026-01-20T19:31:12Z
3dfb71d2;LH454;DLH454;672.684;-1.053.002;322;34000;544;0;3256;2026-01-20T12:19:59Z;ADSB;3C4B2A;B748;D-ABYJ;DLH;DLH;FRA;EDDF;SFO;KSFO;2026-01-20T20:26:40Z
3dfb80ef;LH456;DLH456;6.481.731;-57.067;323;33000;533;0;2060;2026-01-20T12:19:57Z;ESTIMATED;3C4B2D;B748;D-ABYM;DLH;DLH;FRA;EDDF;LAX;KLAX;2026-01-20T21:05:04Z
3dfbb609;DL966;DAL966;4.031.014;-872.282;308;38000;367;0;4021;2026-01-20T12:19:58Z;ADSB;A4A0CD;B738;N398DA;DAL;DAL;CVG;KCVG;SEA;KSEA;2026-01-20T16:25:36Z
3dfb1035;DL274;DAL274;5.692.612;-17.130.115;69;37000;476;0;0;2026-01-20T12:19:55Z;ADSB;A65800;A359;N508DN;DAL;DAL;HND;RJTT;DTW;KDTW;2026-01-20T18:59:12Z
3df77bd0;DL274;DAL274;4.221.031;-8.335.699;118;0;0;0;6527;2026-01-20T12:19:50Z;ADSB;A661C7;A359;N510DN;DAL;DAL;HND;RJTT;DTW;KDTW;2026-01-19T18:59:44Z
3dfb9bef;UA2115;UAL2115;4.275.298;-8.202.711;278;32000;375;0;7172;2026-01-20T12:19:59Z;ADSB;A16E7D;B752;N19117;UAL;UAL;EWR;KEWR;SFO;KSFO;2026-01-20T17:06:08Z
3dfb6eb6;BA175;BAW7NY;5.803.215;-2.969.515;259;36000;455;0;5173;2026-01-20T12:19:59Z;ESTIMATED;4005C1;B772;G-RAES;BAW;BAW;LHR;EGLL;JFK;KJFK;2026-01-20T16:59:44Z
3dfb6660;AF338;AFR338;6.744.307;-2.225.555;315;39000;535;0;2777;2026-01-20T12:19:59Z;ADSB;39D2B3;A359;F-HUVT;AFR;AFR;CDG;LFPG;SEA;KSEA;2026-01-20T18:52:48Z
3dfb2fe8;DL120;DAL120;5.359.586;17.646.101;59;39000;490;0;0;2026-01-20T12:19:57Z;ESTIMATED;A68946;A359;N520DN;DAL;DAL;HND;RJTT;MSP;KMSP;2026-01-20T19:05:36Z
3dfb3347;UA838;UAL838;5.189.223;-17.170.628;83;35000;494;0;0;2026-01-20T12:19:59Z;ADSB;AA92FF;B772;N78008;UAL;UAL;NRT;RJAA;SFO;KSFO;2026-01-20T16:57:36Z
3dfb76b5;AF84;AFR84T;6.334.847;-16.2;306;34000;522;0;3045;2026-01-20T12:19:59Z;ADSB;3965A0;B77W;F-GZNA;AFR;AFR;CDG;LFPG;SFO;KSFO;2026-01-20T20:43:44Z
3dfbb575;AA1349;AAL1349;4.062.889;-7.377.132;210;0;0;0;3031;2026-01-20T12:24:57Z;ADSB;ADC65E;B738;N987NN;AAL;AAL;JFK;KJFK;AUS;KAUS;
3dfb5a0f;KL661;KLM661;6.158.088;-3.928.741;260;35000;457;0;3504;2026-01-20T12:24:58Z;ADSB;4851B0;B789;PH-BHE;KLM;KLM;AMS;EHAM;IAH;KIAH;2026-01-20T19:01:20Z
3dfb6bff;AF636;AFR636P;6.318.912;-2.559.762;281;36000;491;-64;2752;2026-01-20T12:24:58Z;ADSB;39D2A6;A359;F-HUVG;AFR;AFR;CDG;LFPG;IAH;KIAH;2026-01-20T19:44:00Z
3dfb8063;BA53;BAW5EA;6.520.193;-1.832.651;319;39000;530;0;2102;2026-01-20T12:24:58Z;ADSB;400774;B772;G-VIIW;BAW;BAW;LHR;EGLL;SEA;KSEA;2026-01-20T19:35:28Z
3dfab1a1;UA830;UAL830;1.046.456;-14.443.948;32;39000;496;0;2000;2026-01-20T12:24:55Z;ESTIMATED;A1FCC5;B772;N227UA;UAL;UAL;SYD;YSSY;SFO;KSFO;2026-01-20T16:29:52Z
3dfbc063;AA2111;AAL2111;352.201;-809.425;270;0;0;0;3135;2026-01-20T12:24:37Z;ADSB;AB7270;A319;N837AW;AAL;AAL;CLT;KCLT;LGA;KLGA;
3dfb459f;DL57;DAL57;6.746.192;-4.192.566;301;36000;480;0;3065;2026-01-20T12:24:59Z;ADSB;AB00D6;A333;N808NW;DAL;DAL;AMS;EHAM;SLC;KSLC;2026-01-20T18:52:48Z
3dfb6bb5;AF158;AFR158K;6.327.274;-2.208.347;285;34000;492;0;3464;2026-01-20T12:24:58Z;ADSB;3949F4;B772;F-GSPU;AFR;AFR;CDG;LFPG;DFW;KDFW;2026-01-20T19:31:12Z
3dfb71d2;LH454;DLH454;6.785.101;-1.173.575;321;34000;536;0;3256;2026-01-20T12:24:58Z;ADSB;3C4B2A;B748;D-ABYJ;DLH;DLH;FRA;EDDF;SFO;KSFO;2026-01-20T20:28:48Z
3dfbb609;DL966;DAL966;4.061.985;-8.775.149;307;38000;369;0;4021;2026-01-20T12:24:57Z;ADSB;A4A0CD;B738;N398DA;DAL;DAL;CVG;KCVG;SEA;KSEA;2026-01-20T16:27:44Z
3dfb1035;DL274;DAL274;5.716.829;-17.017.255;71;37000;489;0;6264;2026-01-20T12:24:49Z;ADSB;A65800;A359;N508DN;DAL;DAL;HND;RJTT;DTW;KDTW;2026-01-20T18:54:56Z
3df77bd0;DL274;DAL274;4.221.032;-8.335.698;118;0;0;0;6527;2026-01-20T12:24:59Z;ADSB;A661C7;A359;N510DN;DAL;DAL;HND;RJTT;DTW;KDTW;2026-01-19T18:59:44Z
3dfb9bef;UA2115;UAL2115;4.283.203;-8.271.645;280;32000;372;0;7172;2026-01-20T12:24:57Z;ADSB;A16E7D;B752;N19117;UAL;UAL;EWR;KEWR;SFO;KSFO;2026-01-20T17:04:00Z
3dfb5b3f;KL605;KLM373;7.269.436;-3.665.583;288;36000;538;0;3156;2026-01-20T12:24:59Z;ESTIMATED;486071;B78X;PH-BKL;KLM;KLM;AMS;EHAM;SFO;KSFO;2026-01-20T19:18:24Z
3dfb6660;AF338;AFR338;6.796.902;-2.363.081;314;39000;536;-64;2777;2026-01-20T12:24:58Z;ADSB;39D2B3;A359;F-HUVT;AFR;AFR;CDG;LFPG;SEA;KSEA;2026-01-20T18:52:48Z
3dfb3347;UA838;UAL838;5.196.318;-17.062.828;84;35000;550;0;6266;2026-01-20T12:24:53Z;ADSB;AA92FF;B772;N78008;UAL;UAL;NRT;RJAA;SFO;KSFO;2026-01-20T16:57:36Z
3dfb54ee;BA117;BAW17R;5.626.645;-4.205.512;257;36000;452;0;0;2026-01-20T12:24:55Z;ESTIMATED;400685;B772;G-VIIM;BAW;BAW;LHR;EGLL;JFK;KJFK;2026-01-20T16:12:48Z
3dfb76b5;AF84;AFR84T;6.376.561;-1.750.386;305;34000;517;0;3045;2026-01-20T12:24:57Z;ADSB;3965A0;B77W;F-GZNA;AFR;AFR;CDG;LFPG;SFO;KSFO;2026-01-20T20:43:44Z
3dfbb575;AA1349;AAL1349;4.053.928;-7.395.599;213;8150;239;3392;3031;2026-01-20T12:29:59Z;ADSB;ADC65E;B738;N987NN;AAL;AAL;JFK;KJFK;AUS;KAUS;2026-01-20T15:47:12Z
3dfb5ea7;UA905;UAL905;591.909;-3.798.301;247;36025;432;0;2157;2026-01-20T12:29:56Z;ESTIMATED;A9178D;B763;N685UA;UAL;UAL;LHR;EGLL;EWR;KEWR;2026-01-20T16:46:56Z
3dfb5a0f;KL661;KLM661;6.146.155;-4.052.443;256;35000;457;0;3504;2026-01-20T12:29:53Z;ADSB;4851B0;B789;PH-BHE;KLM;KLM;AMS;EHAM;IAH;KIAH;2026-01-20T18:59:12Z
3dfb6bff;AF636;AFR636P;6.332.002;-2.706.524;280;36000;487;64;2752;2026-01-20T12:29:59Z;ADSB;39D2A6;A359;F-HUVG;AFR;AFR;CDG;LFPG;IAH;KIAH;2026-01-20T19:12:00Z
3dfb8063;BA53;BAW5EA;6.574.979;-1.946.011;318;39000;523;0;2102;2026-01-20T12:29:58Z;ADSB;400774;B772;G-VIIW;BAW;BAW;LHR;EGLL;SEA;KSEA;2026-01-20T19:31:12Z
3dfb6bb5;AF158;AFR158K;634.427;-2.354.201;283;34000;489;64;3464;2026-01-20T12:29:59Z;ADSB;3949F4;B772;F-GSPU;AFR;AFR;CDG;LFPG;DFW;KDFW;2026-01-20T19:33:20Z
3dfb71d2;LH454;DLH454;6.842.491;-1.300.389;319;34000;539;0;3256;2026-01-20T12:29:58Z;ADSB;3C4B2A;B748;D-ABYJ;DLH;DLH;FRA;EDDF;SFO;KSFO;2026-01-20T20:30:56Z
3dfa9c2b;DL42;DAL42;1.151.421;-15.002.188;48;41000;498;0;2000;2026-01-20T12:29:58Z;ESTIMATED;A6A347;A359;N527DN;DAL;DAL;SYD;YSSY;LAX;KLAX;2026-01-20T17:01:52Z
3dfbb609;DL966;DAL966;4.093.391;-8.829.022;307;38000;373;0;4021;2026-01-20T12:29:58Z;ADSB;A4A0CD;B738;N398DA;DAL;DAL;CVG;KCVG;SEA;KSEA;2026-01-20T16:25:36Z
3dfb1035;DL274;DAL274;5.737.706;-16.893.985;73;37000;488;0;6264;2026-01-20T12:29:57Z;ADSB;A65800;A359;N508DN;DAL;DAL;HND;RJTT;DTW;KDTW;2026-01-20T18:57:04Z
3df77bd0;DL274;DAL274;4.221.033;-8.335.699;118;0;0;0;6527;2026-01-20T12:29:55Z;ADSB;A661C7;A359;N510DN;DAL;DAL;HND;RJTT;DTW;KDTW;2026-01-19T18:59:44Z
3dfb9bef;UA2115;UAL2115;4.291.978;-8.341.402;276;32000;373;0;7172;2026-01-20T12:29:58Z;ADSB;A16E7D;B752;N19117;UAL;UAL;EWR;KEWR;SFO;KSFO;2026-01-20T17:06:08Z
3dfb6660;AF338;AFR338;6.848.332;-2.507.054;313;39000;535;0;2777;2026-01-20T12:29:58Z;ADSB;39D2B3;A359;F-HUVT;AFR;AFR;CDG;LFPG;SEA;KSEA;2026-01-20T18:50:40Z
3dfb3347;UA838;UAL838;5.201.917;-16.951.942;86;37000;478;0;6266;2026-01-20T12:29:58Z;ADSB;AA92FF;B772;N78008;UAL;UAL;NRT;RJAA;SFO;KSFO;2026-01-20T17:01:52Z
3dfb76b5;AF84;AFR84T;6.417.216;-1.885.133;303;34000;522;0;3045;2026-01-20T12:29:58Z;ADSB;3965A0;B77W;F-GZNA;AFR;AFR;CDG;LFPG;SFO;KSFO;2026-01-20T20:43:44Z
3dfbb575;AA1349;AAL1349;4.027.034;-7.432.575;242;16700;302;64;3031;2026-01-20T12:34:58Z;ADSB;ADC65E;B738;N987NN;AAL;AAL;JFK;KJFK;AUS;KAUS;2026-01-20T16:19:12Z
3dfb5cc2;KL689;KLM689;6.099.271;-4.421.381;253;37000;465;-64;2701;2026-01-20T12:34:57Z;ADSB;485785;B789;PH-BHN;KLM;KLM;AMS;EHAM;CUN;MMUN;2026-01-20T19:22:40Z
3dfb6bff;AF636;AFR636P;6.343.506;-2.853.688;279;36000;484;0;2752;2026-01-20T12:34:57Z;ADSB;39D2A6;A359;F-HUVG;AFR;AFR;CDG;LFPG;IAH;KIAH;2026-01-20T19:46:08Z
3dfb8063;BA53;BAW5EA;6.630.495;-2.060.773;321;39000;526;0;2102;2026-01-20T12:34:58Z;ADSB;400774;B772;G-VIIW;BAW;BAW;LHR;EGLL;SEA;KSEA;2026-01-20T19:31:12Z
3dfb55ab;DL33;DAL33;5.824.159;-4.238.118;256;38000;428;0;2000;2026-01-20T12:34:58Z;ADSB;A50E93;A339;N425DX;DAL;DAL;LHR;EGLL;ATL;KATL;2026-01-20T17:57:20Z
3dfb459f;DL57;DAL57;6.811.742;-4.499.137;297;36000;471;0;3065;2026-01-20T12:34:59Z;ADSB;AB00D6;A333;N808NW;DAL;DAL;AMS;EHAM;SLC;KSLC;2026-01-20T18:52:48Z
3dfb6bb5;AF158;AFR158K;6.359.808;-2.502.092;282;34000;483;0;3464;2026-01-20T12:34:59Z;ADSB;3949F4;B772;F-GSPU;AFR;AFR;CDG;LFPG;DFW;KDFW;2026-01-20T19:31:12Z
3dfb71d2;LH454;DLH454;6.896.745;-1.429.029;318;34000;533;0;3256;2026-01-20T12:34:54Z;ADSB;3C4B2A;B748;D-ABYJ;DLH;DLH;FRA;EDDF;SFO;KSFO;2026-01-20T20:30:56Z
3dfb80ef;LH456;DLH456;6.656.055;-90.575;320;33000;535;0;2060;2026-01-20T12:34:56Z;ESTIMATED;3C4B2D;B748;D-ABYM;DLH;DLH;FRA;EDDF;LAX;KLAX;2026-01-20T21:05:04Z
3dfbb609;DL966;DAL966;4.124.753;-8.883.795;307;38000;378;0;4021;2026-01-20T12:34:58Z;ADSB;A4A0CD;B738;N398DA;DAL;DAL;CVG;KCVG;SEA;KSEA;2026-01-20T16:23:28Z
3dfb1035;DL274;DAL274;5.755.554;-16.781.659;73;37000;489;0;6264;2026-01-20T12:34:37Z;ADSB;A65800;A359;N508DN;DAL;DAL;HND;RJTT;DTW;KDTW;2026-01-20T18:59:12Z
3df77bd0;DL274;DAL274;4.221.032;-8.335.699;118;0;0;0;6527;2026-01-20T12:34:55Z;ADSB;A661C7;A359;N510DN;DAL;DAL;HND;RJTT;DTW;KDTW;2026-01-19T18:59:44Z
3dfb9bef;UA2115;UAL2115;4.297.971;-8.411.491;276;32000;375;0;7172;2026-01-20T12:34:57Z;ADSB;A16E7D;B752;N19117;UAL;UAL;EWR;KEWR;SFO;KSFO;2026-01-20T17:04:00Z
3dfb6eb6;BA175;BAW7NY;5.830.527;-3.323.208;258;36000;457;0;5173;2026-01-20T12:34:54Z;ESTIMATED;4005C1;B772;G-RAES;BAW;BAW;LHR;EGLL;JFK;KJFK;2026-01-20T16:59:44Z
3dfb6660;AF338;AFR338;689.798;-2.656.123;311;39000;536;0;2777;2026-01-20T12:34:54Z;ADSB;39D2B3;A359;F-HUVT;AFR;AFR;CDG;LFPG;SEA;KSEA;2026-01-20T18:48:32Z
3dfb3347;UA838;UAL838;5.205.536;-16.846.051;87;37000;469;0;6266;2026-01-20T12:34:57Z;ADSB;AA92FF;B772;N78008;UAL;UAL;NRT;RJAA;SFO;KSFO;2026-01-20T17:04:00Z
3dfb76b5;AF84;AFR84T;6.454.849;-2.025.158;294;34000;517;0;3045;2026-01-20T12:34:59Z;ADSB;3965A0;B77W;F-GZNA;AFR;AFR;CDG;LFPG;SFO;KSFO;2026-01-20T20:45:52Z
3dfbb575;AA1349;AAL1349;4.017.449;-7.484.792;263;22700;304;2432;3031;2026-01-20T12:39:59Z;ADSB;ADC65E;B738;N987NN;AAL;AAL;JFK;KJFK;AUS;KAUS;2026-01-20T16:19:12Z
3dfb5cc2;KL689;KLM689;6.080.663;-4.547.269;252;37000;464;-64;2701;2026-01-20T12:39:57Z;ADSB;485785;B789;PH-BHN;KLM;KLM;AMS;EHAM;CUN;MMUN;2026-01-20T19:22:40Z
3dfb6bff;AF636;AFR636P;6.352.354;-2.983.823;277;36000;70;0;2752;2026-01-20T12:39:35Z;ADSB;39D2A6;A359;F-HUVG;AFR;AFR;CDG;LFPG;IAH;KIAH;2026-01-20T19:46:08Z
3dfb8063;BA53;BAW5EA;668.671;-2.177.956;319;39000;528;-64;2102;2026-01-20T12:39:58Z;ADSB;400774;B772;G-VIIW;BAW;BAW;LHR;EGLL;SEA;KSEA;2026-01-20T19:31:12Z
3dfbc8a3;UA4200;UAL4200;616.779;-7.542.573;0;0;0;0;1454;2026-01-20T12:39:45Z;ADSB;A8EC57;B763;N674UA;UAL;UAL;MDE;SKRG;EWR;KEWR;
3dfbc063;AA2111;AAL2111;3.520.966;-8.094.901;227;0;15;0;3135;2026-01-20T12:39:57Z;ADSB;AB7270;A319;N837AW;AAL;AAL;CLT;KCLT;LGA;KLGA;
3dfb55ab;DL33;DAL33;5.809.886;-434.729;255;38000;433;0;2000;2026-01-20T12:39:58Z;ADSB;A50E93;A339;N425DX;DAL;DAL;LHR;EGLL;ATL;KATL;2026-01-20T17:57:20Z
3dfb6bb5;AF158;AFR158K;6.373.644;-2.649.694;281;34000;481;0;3464;2026-01-20T12:39:59Z;ADSB;3949F4;B772;F-GSPU;AFR;AFR;CDG;LFPG;DFW;KDFW;2026-01-20T19:31:12Z
3dfb459f;DL57;DAL57;6.841.708;-4.655.731;296;36000;474;0;3065;2026-01-20T12:39:59Z;ADSB;AB00D6;A333;N808NW;DAL;DAL;AMS;EHAM;SLC;KSLC;2026-01-20T18:54:56Z
3dfb71d2;LH454;DLH454;6.950.352;-1.565.069;317;34000;533;0;3256;2026-01-20T12:39:59Z;ESTIMATED;3C4B2A;B748;D-ABYJ;DLH;DLH;FRA;EDDF;SFO;KSFO;2026-01-20T20:30:56Z
3dfb80ef;LH456;DLH456;6.717.641;-1.034.661;322;33000;543;0;2060;2026-01-20T12:39:58Z;ADSB;3C4B2D;B748;D-ABYM;DLH;DLH;FRA;EDDF;LAX;KLAX;2026-01-20T21:02:56Z
3dfb1035;DL274;DAL274;5.774.931;-1.665.056;75;38625;495;512;6264;2026-01-20T12:39:58Z;ADSB;A65800;A359;N508DN;DAL;DAL;HND;RJTT;DTW;KDTW;2026-01-20T18:57:04Z
3dfbb609;DL966;DAL966;4.156.192;-8.939.725;306;38000;378;0;4021;2026-01-20T12:39:58Z;ADSB;A4A0CD;B738;N398DA;DAL;DAL;CVG;KCVG;SEA;KSEA;2026-01-20T16:29:52Z
3dfb9bef;UA2115;UAL2115;4.305.421;-8.482.112;282;32000;376;0;7172;2026-01-20T12:39:59Z;ADSB;A16E7D;B752;N19117;UAL;UAL;EWR;KEWR;SFO;KSFO;2026-01-20T17:06:08Z
3df77bd0;DL274;DAL274;4.221.032;-8.335.699;118;0;0;0;6527;2026-01-20T12:39:58Z;ADSB;A661C7;A359;N510DN;DAL;DAL;HND;RJTT;DTW;KDTW;2026-01-19T18:59:44Z
3dfb5b3f;KL605;KLM373;733.382;-4.365.026;285;35975;523;0;3156;2026-01-20T12:39:59Z;ESTIMATED;486071;B78X;PH-BKL;KLM;KLM;AMS;EHAM;SFO;KSFO;2026-01-20T19:18:24Z
3dfb6660;AF338;AFR338;6.945.839;-2.810.787;310;39000;536;0;2777;2026-01-20T12:39:54Z;ADSB;39D2B3;A359;F-HUVT;AFR;AFR;CDG;LFPG;SEA;KSEA;2026-01-20T18:48:32Z
3dfb3347;UA838;UAL838;5.208.179;-16.739.716;88;37000;466;-128;6266;2026-01-20T12:39:58Z;ADSB;AA92FF;B772;N78008;UAL;UAL;NRT;RJAA;SFO;KSFO;2026-01-20T17:06:08Z
3dfb54ee;BA117;BAW17R;5.585.703;-452.088;254;36000;442;0;0;2026-01-20T12:39:54Z;ESTIMATED;400685;B772;G-VIIM;BAW;BAW;LHR;EGLL;JFK;KJFK;2026-01-20T16:12:48Z
3dfb76b5;AF84;AFR84T;6.482.726;-2.176.578;292;34000;507;0;3045;2026-01-20T12:39:58Z;ADSB;3965A0;B77W;F-GZNA;AFR;AFR;CDG;LFPG;SFO;KSFO;2026-01-20T20:43:44Z
3dfbb575;AA1349;AAL1349;401.256;-7.543.768;263;30125;339;1344;3031;2026-01-20T12:44:59Z;ADSB;ADC65E;B738;N987NN;AAL;AAL;JFK;KJFK;AUS;KAUS;2026-01-20T16:17:04Z
3dfb5cc2;KL689;KLM689;606.086;-4.671.822;251;36975;462;0;2701;2026-01-20T12:44:57Z;ADSB;485785;B789;PH-BHN;KLM;KLM;AMS;EHAM;CUN;MMUN;2026-01-20T19:22:40Z
3dfb5a0f;KL661;KLM661;6.097.268;-4.437.809;253;35000;456;-64;3504;2026-01-20T12:44:58Z;ADSB;4851B0;B789;PH-BHE;KLM;KLM;AMS;EHAM;IAH;KIAH;2026-01-20T18:59:12Z
3dfb5ea7;UA905;UAL905;590.406;-4.143.147;243;36000;430;0;2157;2026-01-20T12:44:54Z;ESTIMATED;A9178D;B763;N685UA;UAL;UAL;LHR;EGLL;EWR;KEWR;2026-01-20T16:46:56Z
3dfb6bff;AF636;AFR636P;6.357.724;-3.147.171;273;37000;477;0;2752;2026-01-20T12:44:50Z;ADSB;39D2A6;A359;F-HUVG;AFR;AFR;CDG;LFPG;IAH;KIAH;2026-01-20T19:46:08Z
3dfb8063;BA53;BAW5EA;6.742.186;-2.301.036;318;40000;528;-64;2102;2026-01-20T12:44:58Z;ADSB;400774;B772;G-VIIW;BAW;BAW;LHR;EGLL;SEA;KSEA;2026-01-20T19:29:04Z
3dfbc8a3;UA4200;UAL4200;616.041;-7.542.479;180;0;18;0;1454;2026-01-20T12:44:58Z;ADSB;A8EC57;B763;N674UA;UAL;UAL;MDE;SKRG;EWR;KEWR;
3dfbc063;AA2111;AAL2111;3.527.258;-8.096.889;26;2925;223;1984;3135;2026-01-20T12:44:58Z;ADSB;AB7270;A319;N837AW;AAL;AAL;CLT;KCLT;LGA;KLGA;
3dfb55ab;DL33;DAL33;5.794.599;-445.611;254;38000;429;0;2000;2026-01-20T12:44:59Z;ADSB;A50E93;A339;N425DX;DAL;DAL;LHR;EGLL;ATL;KATL;2026-01-20T17:57:20Z
3dfb554c;KL601;KLM601;732.392;-5.295.166;266;35300;526;0;3017;2026-01-20T12:44:56Z;ADSB;485F84;B78X;PH-BKQ;KLM;KLM;AMS;EHAM;LAX;KLAX;2026-01-20T19:18:24Z
3dfb459f;DL57;DAL57;6.870.204;-4.816.511;295;36000;469;0;3065;2026-01-20T12:44:59Z;ADSB;AB00D6;A333;N808NW;DAL;DAL;AMS;EHAM;SLC;KSLC;2026-01-20T18:54:56Z
3dfb6bb5;AF158;AFR158K;6.385.451;-2.792.249;279;34000;476;-64;3464;2026-01-20T12:44:54Z;ADSB;3949F4;B772;F-GSPU;AFR;AFR;CDG;LFPG;DFW;KDFW;2026-01-20T19:33:20Z
3dfb80ef;LH456;DLH456;6.776.482;-1.155.237;321;33000;539;0;2060;2026-01-20T12:44:58Z;ADSB;3C4B2D;B748;D-ABYM;DLH;DLH;FRA;EDDF;LAX;KLAX;2026-01-20T21:02:56Z
3dfa9c2b;DL42;DAL42;1.288.944;-14.843.326;48;41000;497;0;2000;2026-01-20T12:44:58Z;ESTIMATED;A6A347;A359;N527DN;DAL;DAL;SYD;YSSY;LAX;KLAX;2026-01-20T17:01:52Z
3dfb1035;DL274;DAL274;5.792.024;-16.525.076;76;39000;503;0;6264;2026-01-20T12:44:59Z;ADSB;A65800;A359;N508DN;DAL;DAL;HND;RJTT;DTW;KDTW;2026-01-20T18:52:48Z
3dfbb609;DL966;DAL966;418.756;-8.996.538;306;38000;382;0;4021;2026-01-20T12:44:59Z;ADSB;A4A0CD;B738;N398DA;DAL;DAL;CVG;KCVG;SEA;KSEA;2026-01-20T16:29:52Z
3dfb9bef;UA2115;UAL2115;4.315.937;-8.551.326;281;32000;375;0;7172;2026-01-20T12:44:57Z;ADSB;A16E7D;B752;N19117;UAL;UAL;EWR;KEWR;SFO;KSFO;2026-01-20T17:06:08Z
3df77bd0;DL274;DAL274;4.221.032;-8.335.699;118;0;0;0;6527;2026-01-20T12:44:56Z;ADSB;A661C7;A359;N510DN;DAL;DAL;HND;RJTT;DTW;KDTW;2026-01-19T18:59:44Z
3dfb3347;UA838;UAL838;5.209.838;-16.635.985;88;37000;461;0;6266;2026-01-20T12:44:57Z;ADSB;AA92FF;B772;N78008;UAL;UAL;NRT;RJAA;SFO;KSFO;2026-01-20T17:06:08Z
3dfb76b5;AF84;AFR84T;6.508.748;-2.329.296;291;34000;500;64;3045;2026-01-20T12:44:57Z;ADSB;3965A0;B77W;F-GZNA;AFR;AFR;CDG;LFPG;SFO;KSFO;2026-01-20T20:45:52Z
3dfbcb4e;DL2301;DAL2301;4.488.206;-9.321.564;334;0;0;0;2637;2026-01-20T12:49:59Z;ADSB;A7824E;B753;N583NW;DAL;DAL;MSP;KMSP;TPA;KTPA;
3dfbb575;AA1349;AAL1349;4.002.026;-7.599.699;247;36350;320;1024;3031;2026-01-20T12:49:58Z;ADSB;ADC65E;B738;N987NN;AAL;AAL;JFK;KJFK;AUS;KAUS;2026-01-20T16:17:04Z
3dfb5cc2;KL689;KLM689;6.039.972;-4.794.481;250;37000;462;-64;2701;2026-01-20T12:49:58Z;ADSB;485785;B789;PH-BHN;KLM;KLM;AMS;EHAM;CUN;MMUN;2026-01-20T19:26:56Z
3dfb5a0f;KL661;KLM661;6.078.777;-4.561.779;252;34975;456;0;3504;2026-01-20T12:49:59Z;ADSB;4851B0;B789;PH-BHE;KLM;KLM;AMS;EHAM;IAH;KIAH;2026-01-20T19:01:20Z
3dfb6bff;AF636;AFR636P;6.360.651;-3.298.623;271;37000;475;64;2752;2026-01-20T12:49:58Z;ADSB;39D2A6;A359;F-HUVG;AFR;AFR;CDG;LFPG;IAH;KIAH;2026-01-20T19:48:16Z
3dfb8063;BA53;BAW5EA;6.796.802;-2.430.276;317;40000;532;0;2102;2026-01-20T12:49:58Z;ADSB;400774;B772;G-VIIW;BAW;BAW;LHR;EGLL;SEA;KSEA;2026-01-20T19:29:04Z
3dfbc8a3;UA4200;UAL4200;623.274;-7.541.342;53;10025;196;2048;1454;2026-01-20T12:49:57Z;ADSB;A8EC57;B763;N674UA;UAL;UAL;MDE;SKRG;EWR;KEWR;2026-01-20T17:52:30Z
3dfb1d91;DL166;DAL166;5.502.397;-16.983.353;76;37000;492;64;6271;2026-01-20T12:49:58Z;ADSB;A65BB7;A359;N509DN;DAL;DAL;HND;RJTT;SEA;KSEA;2026-01-20T16:29:52Z
3dfbc063;AA2111;AAL2111;3.530.635;-8.042.782;91;12375;417;2752;3135;2026-01-20T12:49:58Z;ADSB;AB7270;A319;N837AW;AAL;AAL;CLT;KCLT;LGA;KLGA;2026-01-20T14:02:40Z
3dfb55ab;DL33;DAL33;5.778.534;-4.563.171;253;38000;431;0;2000;2026-01-20T12:49:57Z;ADSB;A50E93;A339;N425DX;DAL;DAL;LHR;EGLL;ATL;KATL;2026-01-20T17:55:12Z
3dfb554c;KL601;KLM601;7.318.598;-5.555.134;264;36000;520;-64;3017;2026-01-20T12:49:58Z;ADSB;485F84;B78X;PH-BKQ;KLM;KLM;AMS;EHAM;LAX;KLAX;2026-01-20T19:18:24Z
3dfb459f;DL57;DAL57;6.896.774;-49.791;293;36000;472;0;3065;2026-01-20T12:49:57Z;ADSB;AB00D6;A333;N808NW;DAL;DAL;AMS;EHAM;SLC;KSLC;2026-01-20T18:52:48Z
3dfb6bb5;AF158;AFR158K;6.396.332;-2.943.206;278;34000;474;0;3464;2026-01-20T12:49:58Z;ADSB;3949F4;B772;F-GSPU;AFR;AFR;CDG;LFPG;DFW;KDFW;2026-01-20T19:37:36Z
3dfbe8e0;DL1794;DAL1794;999.859;-8.420.113;300;0;0;0;4614;2026-01-20T12:49:57Z;ADSB;A93D9F;B752;N695DL;DAL;DAL;SJO;MROC;ATL;KATL;
3dfb80ef;LH456;DLH456;6.833.807;-1.280.669;320;33000;537;64;2060;2026-01-20T12:49:57Z;ADSB;3C4B2D;B748;D-ABYM;DLH;DLH;FRA;EDDF;LAX;KLAX;2026-01-20T21:02:56Z
3dfb1035;DL274;DAL274;5.808.037;-16.397.076;77;39000;508;0;6264;2026-01-20T12:49:59Z;ADSB;A65800;A359;N508DN;DAL;DAL;HND;RJTT;DTW;KDTW;2026-01-20T18:52:48Z
3dfbb609;DL966;DAL966;4.218.541;-9.053.712;305;38000;382;0;4021;2026-01-20T12:49:57Z;ADSB;A4A0CD;B738;N398DA;DAL;DAL;CVG;KCVG;SEA;KSEA;2026-01-20T16:29:52Z
3dfb9bef;UA2115;UAL2115;432.609;-8.621.148;281;32000;375;0;7172;2026-01-20T12:49:58Z;ADSB;A16E7D;B752;N19117;UAL;UAL;EWR;KEWR;SFO;KSFO;2026-01-20T17:06:08Z
3df77bd0;DL274;DAL274;4.221.032;-8.335.699;118;0;0;0;6527;2026-01-20T12:49:55Z;ADSB;A661C7;A359;N510DN;DAL;DAL;HND;RJTT;DTW;KDTW;2026-01-19T18:59:44Z
3dfb6eb6;BA175;BAW7NY;5.825.511;-3.689.053;250;36000;460;0;5173;2026-01-20T12:49:58Z;ESTIMATED;4005C1;B772;G-RAES;BAW;BAW;LHR;EGLL;JFK;KJFK;2026-01-20T16:59:44Z
3dfb3347;UA838;UAL838;5.210.573;-16.532.219;89;37000;460;-64;6266;2026-01-20T12:49:59Z;ADSB;AA92FF;B772;N78008;UAL;UAL;NRT;RJAA;SFO;KSFO;2026-01-20T17:10:24Z
3dfbe93a;UA1256;UAL1256;3.522.355;-8.094.781;258;0;0;0;0;2026-01-20T12:49:58Z;ADSB;A288FF;B738;N26210;UAL;UAL;CLT;KCLT;DEN;KDEN;
3dfb76b5;AF84;AFR84T;6.532.869;-2.482.899;289;34000;497;64;3045;2026-01-20T12:49:58Z;ADSB;3965A0;B77W;F-GZNA;AFR;AFR;CDG;LFPG;SFO;KSFO;2026-01-20T20:48:00Z
3dfbebeb;DL8851;DAL8851;3.363.963;-8.444.202;270;0;0;0;0;2026-01-20T12:54:56Z;ADSB;A8DEF1;B752;N6706Q;DAL;DAL;ATL;KATL;DEN;KDEN;
3dfbb575;AA1349;AAL1349;3.984.338;-7.652.628;244;38000;321;0;3031;2026-01-20T12:54:58Z;ADSB;ADC65E;B738;N987NN;AAL;AAL;JFK;KJFK;AUS;KAUS;2026-01-20T16:14:56Z
3dfb5ea7;UA905;UAL905;5.905.105;-4.393.764;254;36000;426;-64;2000;2026-01-20T12:54:58Z;ADSB;A9178D;B763;N685UA;UAL;UAL;LHR;EGLL;EWR;KEWR;2026-01-20T16:49:04Z
3dfb5cc2;KL689;KLM689;6.018.031;-4.915.254;249;36975;458;-64;2701;2026-01-20T12:54:58Z;ADSB;485785;B789;PH-BHN;KLM;KLM;AMS;EHAM;CUN;MMUN;2026-01-20T19:39:44Z
3dfb5a0f;KL661;KLM661;6.059.198;-4.683.964;251;34975;457;0;3504;2026-01-20T12:54:59Z;ADSB;4851B0;B789;PH-BHE;KLM;KLM;AMS;EHAM;IAH;KIAH;2026-01-20T19:01:20Z
3dfb6bff;AF636;AFR636P;6.361.959;-3.446.631;270;37000;475;-64;2752;2026-01-20T12:55:00Z;ADSB;39D2A6;A359;F-HUVG;AFR;AFR;CDG;LFPG;IAH;KIAH;2026-01-20T19:48:16Z
3dfb8063;BA53;BAW5EA;6.850.162;-2.565.143;316;40000;531;0;2102;2026-01-20T12:54:58Z;ADSB;400774;B772;G-VIIW;BAW;BAW;LHR;EGLL;SEA;KSEA;2026-01-20T19:26:56Z
3dfbc8a3;UA4200;UAL4200;597.977;-7.547.882;270;14700;418;0;1454;2026-01-20T12:54:59Z;ADSB;A8EC57;B763;N674UA;UAL;UAL;MDE;SKRG;EWR;KEWR;2026-01-20T17:52:30Z
3dfb1d91;DL166;DAL166;5.518.671;-16.864.595;77;37000;506;0;6271;2026-01-20T12:54:59Z;ADSB;A65BB7;A359;N509DN;DAL;DAL;HND;RJTT;SEA;KSEA;2026-01-20T16:29:52Z
3dfbc063;AA2111;AAL2111;3.542.993;-7.965.439;70;21875;533;1600;3135;2026-01-20T12:54:58Z;ADSB;AB7270;A319;N837AW;AAL;AAL;CLT;KCLT;LGA;KLGA;2026-01-20T14:00:32Z
3dfb55ab;DL33;DAL33;5.761.276;-4.671.017;252;38000;433;0;2000;2026-01-20T12:54:59Z;ADSB;A50E93;A339;N425DX;DAL;DAL;LHR;EGLL;ATL;KATL;2026-01-20T17:55:12Z
3dfb554c;KL601;KLM601;7.310.504;-5.800.135;262;36000;513;0;3017;2026-01-20T12:55:00Z;ADSB;485F84;B78X;PH-BKQ;KLM;KLM;AMS;EHAM;LAX;KLAX;2026-01-20T19:16:16Z
3dfb459f;DL57;DAL57;6.919.423;-5.150.364;289;36000;467;-64;3065;2026-01-20T12:54:59Z;ADSB;AB00D6;A333;N808NW;DAL;DAL;AMS;EHAM;SLC;KSLC;2026-01-20T18:57:04Z
3dfb6bb5;AF158;AFR158K;6.402.785;-308.852;273;34000;470;0;3464;2026-01-20T12:54:53Z;ADSB;3949F4;B772;F-GSPU;AFR;AFR;CDG;LFPG;DFW;KDFW;2026-01-20T19:35:28Z
3dfbe8e0;DL1794;DAL1794;999.859;-8.420.113;300;0;0;0;4614;2026-01-20T12:54:57Z;ADSB;A93D9F;B752;N695DL;DAL;DAL;SJO;MROC;ATL;KATL;
3dfbe9c7;AA3193;AAL3193;257.981;-8.028.411;177;0;0;0;0;2026-01-20T12:54:59Z;ADSB;AC7A33;A319;N9029F;AAL;AAL;MIA;KMIA;EGE;KEGE;
3dfb80ef;LH456;DLH456;6.890.172;-141.258;318;33000;537;-64;2060;2026-01-20T12:54:57Z;ADSB;3C4B2D;B748;D-ABYM;DLH;DLH;FRA;EDDF;LAX;KLAX;2026-01-20T21:00:48Z
3dfb1035;DL274;DAL274;5.822.868;-16.266.809;78;39000;507;0;6264;2026-01-20T12:54:59Z;ADSB;A65800;A359;N508DN;DAL;DAL;HND;RJTT;DTW;KDTW;2026-01-20T18:52:48Z
3dfbb609;DL966;DAL966;424.953;-9.112.048;305;38000;381;0;4021;2026-01-20T12:54:58Z;ADSB;A4A0CD;B738;N398DA;DAL;DAL;CVG;KCVG;SEA;KSEA;2026-01-20T16:32:00Z
3dfb9bef;UA2115;UAL2115;4.335.919;-8.691.987;280;32000;380;0;7172;2026-01-20T12:54:58Z;ADSB;A16E7D;B752;N19117;UAL;UAL;EWR;KEWR;SFO;KSFO;2026-01-20T17:12:32Z
3df77bd0;DL274;DAL274;4.221.032;-8.335.699;118;0;0;0;6527;2026-01-20T12:54:58Z;ADSB;A661C7;A359;N510DN;DAL;DAL;HND;RJTT;DTW;KDTW;2026-01-19T18:59:44Z
3dfb5b3f;KL605;KLM373;7.380.038;-5.103.994;278;35975;518;0;0;2026-01-20T12:54:55Z;ESTIMATED;486071;B78X;PH-BKL;KLM;KLM;AMS;EHAM;SFO;KSFO;2026-01-20T19:14:08Z
3dfb6660;AF338;AFR338;7.076.392;-3.327.549;303;40000;535;0;2777;2026-01-20T12:54:55Z;ESTIMATED;39D2B3;A359;F-HUVT;AFR;AFR;CDG;LFPG;SEA;KSEA;2026-01-20T18:48:32Z
3dfb3347;UA838;UAL838;5.211.378;-16.434.579;89;37000;461;0;6266;2026-01-20T12:54:59Z;ADSB;AA92FF;B772;N78008;UAL;UAL;NRT;RJAA;SFO;KSFO;2026-01-20T17:10:24Z
3dfbe93a;UA1256;UAL1256;3.521.932;-8.094.978;177;0;16;0;0;2026-01-20T12:55:00Z;ADSB;A288FF;B738;N26210;UAL;UAL;CLT;KCLT;DEN;KDEN;
3dfbeb3c;DL1368;DAL1368;4.064.141;-7.378.482;87;0;2;0;0;2026-01-20T12:55:00Z;ADSB;A3D4C6;A319;N346NB;DAL;DAL;JFK;KJFK;MSY;KMSY;
3dfb54ee;BA117;BAW17R;5.534.488;-4.824.942;251;36000;433;0;0;2026-01-20T12:54:57Z;ESTIMATED;400685;B772;G-VIIM;BAW;BAW;LHR;EGLL;JFK;KJFK;2026-01-20T16:12:48Z
3dfb76b5;AF84;AFR84T;6.555.542;-2.640.242;288;34000;497;0;3045;2026-01-20T12:54:59Z;ADSB;3965A0;B77W;F-GZNA;AFR;AFR;CDG;LFPG;SFO;KSFO;2026-01-20T20:45:52Z
3dfbebeb;DL8851;DAL8851;3.363.975;-8.444.128;210;0;2;0;7120;2026-01-20T12:59:53Z;ADSB;A8DEF1;B752;N6706Q;DAL;DAL;ATL;KATL;DEN;KDEN;
3dfbb575;AA1349;AAL1349;3.966.251;-7.705.585;245;38000;318;0;3031;2026-01-20T12:59:59Z;ADSB;ADC65E;B738;N987NN;AAL;AAL;JFK;KJFK;AUS;KAUS;2026-01-20T16:14:56Z
3dfb5ea7;UA905;UAL905;5.889.153;-4.504.111;253;36000;430;0;2000;2026-01-20T12:59:58Z;ADSB;A9178D;B763;N685UA;UAL;UAL;LHR;EGLL;EWR;KEWR;2026-01-20T16:46:56Z
3dfb5cc2;KL689;KLM689;5.996.443;-503.421;252;37000;460;0;2701;2026-01-20T12:59:57Z;ADSB;485785;B789;PH-BHN;KLM;KLM;AMS;EHAM;CUN;MMUN;2026-01-20T19:39:44Z
3dfb5a0f;KL661;KLM661;6.038.617;-4.804.208;250;35000;455;-64;3504;2026-01-20T12:59:57Z;ADSB;4851B0;B789;PH-BHE;KLM;KLM;AMS;EHAM;IAH;KIAH;2026-01-20T19:01:20Z
3dfb6bff;AF636;AFR636P;6.361.761;-3.593.153;269;37000;474;0;2752;2026-01-20T13:00:00Z;ADSB;39D2A6;A359;F-HUVG;AFR;AFR;CDG;LFPG;IAH;KIAH;2026-01-20T19:48:16Z
3dfb8063;BA53;BAW5EA;6.901.197;-2.703.145;314;40000;526;0;2102;2026-01-20T12:59:53Z;ADSB;400774;B772;G-VIIW;BAW;BAW;LHR;EGLL;SEA;KSEA;2026-01-20T19:26:56Z
3dfbc8a3;UA4200;UAL4200;594.807;-7.594.621;249;14700;256;256;1454;2026-01-20T12:59:59Z;ADSB;A8EC57;B763;N674UA;UAL;UAL;MDE;SKRG;EWR;KEWR;2026-01-20T17:52:30Z
3dfb1d91;DL166;DAL166;5.533.804;-16.745.029;78;37000;498;64;6271;2026-01-20T12:59:58Z;ADSB;A65BB7;A359;N509DN;DAL;DAL;HND;RJTT;SEA;KSEA;2026-01-20T16:32:00Z
3dfbc063;AA2111;AAL2111;3.581.371;-7.884.846;41;28650;570;1088;3135;2026-01-20T12:59:59Z;ADSB;AB7270;A319;N837AW;AAL;AAL;CLT;KCLT;LGA;KLGA;2026-01-20T14:00:32Z
3dfb55ab;DL33;DAL33;574.342;-4.776.012;252;38000;430;0;2000;2026-01-20T12:59:59Z;ADSB;A50E93;A339;N425DX;DAL;DAL;LHR;EGLL;ATL;KATL;2026-01-20T17:57:20Z
3dfb554c;KL601;KLM601;7.300.647;-6.026.843;264;35975;513;0;3017;2026-01-20T12:59:59Z;ADSB;485F84;B78X;PH-BKQ;KLM;KLM;AMS;EHAM;LAX;KLAX;2026-01-20T19:18:24Z
3dfb459f;DL57;DAL57;6.939.938;-5.325.128;287;36000;467;-64;3065;2026-01-20T12:59:59Z;ADSB;AB00D6;A333;N808NW;DAL;DAL;AMS;EHAM;SLC;KSLC;2026-01-20T18:54:56Z
3dfb6bb5;AF158;AFR158K;6.406.087;-3.228.871;272;34000;466;0;3464;2026-01-20T12:59:37Z;ADSB;3949F4;B772;F-GSPU;AFR;AFR;CDG;LFPG;DFW;KDFW;2026-01-20T19:35:28Z
3dfbe8e0;DL1794;DAL1794;999.788;-8.420.083;244;0;0;0;4614;2026-01-20T12:59:59Z;ADSB;A93D9F;B752;N695DL;DAL;DAL;SJO;MROC;ATL;KATL;
3dfbe9c7;AA3193;AAL3193;2.579.811;-8.028.412;177;0;0;0;0;2026-01-20T12:59:09Z;ADSB;AC7A33;A319;N9029F;AAL;AAL;MIA;KMIA;EGE;KEGE;
3dfb80ef;LH456;DLH456;6.942.657;-1.545.084;317;33000;537;0;2060;2026-01-20T12:59:59Z;ADSB;3C4B2D;B748;D-ABYM;DLH;DLH;FRA;EDDF;LAX;KLAX;2026-01-20T21:00:48Z
3dfb53b3;UA6;UAL6;5.182.388;17.961.891;73;34975;498;0;0;2026-01-20T12:59:59Z;ESTIMATED;A31A76;B789;N29984;UAL;UAL;NRT;RJAA;IAH;KIAH;2026-01-20T20:43:44Z
3dfa9c2b;DL42;DAL42;1.424.639;-14.683.731;49;41000;494;0;2000;2026-01-20T12:59:57Z;ESTIMATED;A6A347;A359;N527DN;DAL;DAL;SYD;YSSY;LAX;KLAX;2026-01-20T17:01:52Z
3dfb1035;DL274;DAL274;5.836.354;-16.135.646;79;39000;509;-64;6264;2026-01-20T12:59:59Z;ADSB;A65800;A359;N508DN;DAL;DAL;HND;RJTT;DTW;KDTW;2026-01-20T18:50:40Z
3dfbb609;DL966;DAL966;42.802;-9.170.906;305;38000;382;0;4021;2026-01-20T12:59:59Z;ADSB;A4A0CD;B738;N398DA;DAL;DAL;CVG;KCVG;SEA;KSEA;2026-01-20T16:32:00Z
3dfb9bef;UA2115;UAL2115;434.534;-8.763.264;280;32000;379;0;7172;2026-01-20T12:59:58Z;ADSB;A16E7D;B752;N19117;UAL;UAL;EWR;KEWR;SFO;KSFO;2026-01-20T17:12:32Z
3df77bd0;DL274;DAL274;4.221.032;-8.335.698;118;0;0;0;6527;2026-01-20T12:59:56Z;ADSB;A661C7;A359;N510DN;DAL;DAL;HND;RJTT;DTW;KDTW;2026-01-19T18:59:44Z
3dfbeb3c;DL1368;DAL1368;4.064.042;-7.378.406;149;0;0;0;0;2026-01-20T12:59:34Z;ADSB;A3D4C6;A319;N346NB;DAL;DAL;JFK;KJFK;MSY;KMSY;
3dfb76b5;AF84;AFR84T;6.576.416;-2.799.161;287;34000;498;-64;3045;2026-01-20T12:59:59Z;ADSB;3965A0;B77W;F-GZNA;AFR;AFR;CDG;LFPG;SFO;KSFO;2026-01-20T20:45:52Z
3dfbebeb;DL8851;DAL8851;3.363.663;-8.442.866;90;0;10;0;7120;2026-01-20T13:04:59Z;ADSB;A8DEF1;B752;N6706Q;DAL;DAL;ATL;KATL;DEN;KDEN;
3dfbb575;AA1349;AAL1349;3.948.109;-7.757.739;245;38000;318;0;3031;2026-01-20T13:04:59Z;ADSB;ADC65E;B738;N987NN;AAL;AAL;JFK;KJFK;AUS;KAUS;2026-01-20T16:14:56Z
3dfb5cc2;KL689;KLM689;5.977.746;-5.148.518;251;36975;460;0;2701;2026-01-20T13:04:59Z;ADSB;485785;B789;PH-BHN;KLM;KLM;AMS;EHAM;CUN;MMUN;2026-01-20T19:39:44Z
3dfb5ea7;UA905;UAL905;5.872.073;-4.614.683;252;36000;433;-64;2000;2026-01-20T13:04:58Z;ADSB;A9178D;B763;N685UA;UAL;UAL;LHR;EGLL;EWR;KEWR;2026-01-20T16:46:56Z
3dfb5a0f;KL661;KLM661;601.669;-4.924.278;249;35000;458;0;3504;2026-01-20T13:04:57Z;ADSB;4851B0;B789;PH-BHE;KLM;KLM;AMS;EHAM;IAH;KIAH;2026-01-20T18:59:12Z
3dfb6bff;AF636;AFR636P;6.360.049;-3.740.686;267;37000;481;0;2752;2026-01-20T13:04:57Z;ADSB;39D2A6;A359;F-HUVG;AFR;AFR;CDG;LFPG;IAH;KIAH;2026-01-20T19:48:16Z
3dfb8063;BA53;BAW5EA;6.950.529;-2.846.081;313;40000;531;0;2102;2026-01-20T13:04:45Z;ADSB;400774;B772;G-VIIW;BAW;BAW;LHR;EGLL;SEA;KSEA;2026-01-20T19:26:56Z
3dfb1d91;DL166;DAL166;5.546.592;-16.634.906;78;37000;497;0;6271;2026-01-20T13:04:39Z;ADSB;A65BB7;A359;N509DN;DAL;DAL;HND;RJTT;SEA;KSEA;2026-01-20T16:34:08Z
3dfbc063;AA2111;AAL2111;3.641.469;-7.820.738;43;29000;580;0;3135;2026-01-20T13:04:58Z;ADSB;AB7270;A319;N837AW;AAL;AAL;CLT;KCLT;LGA;KLGA;2026-01-20T13:58:24Z
3dfbc8a3;UA4200;UAL4200;585.173;-7.620.802;249;14675;178;0;1454;2026-01-20T13:04:58Z;ADSB;A8EC57;B763;N674UA;UAL;UAL;MDE;SKRG;EWR;KEWR;2026-01-20T17:52:30Z
3dfb55ab;DL33;DAL33;5.723.469;-4.873.664;247;38000;430;0;2000;2026-01-20T13:04:57Z;ESTIMATED;A50E93;A339;N425DX;DAL;DAL;LHR;EGLL;ATL;KATL;2026-01-20T17:57:20Z
3dfb554c;KL601;KLM601;7.293.094;-6.272.377;262;36000;513;0;3017;2026-01-20T13:04:54Z;ADSB;485F84;B78X;PH-BKQ;KLM;KLM;AMS;EHAM;LAX;KLAX;2026-01-20T19:18:24Z
3dfb459f;DL57;DAL57;6.958.405;-5.500.479;285;36000;467;0;3065;2026-01-20T13:04:58Z;ADSB;AB00D6;A333;N808NW;DAL;DAL;AMS;EHAM;SLC;KSLC;2026-01-20T18:57:04Z
3dfb6bb5;AF158;AFR158K;6.408.165;-3.386.525;270;36000;470;0;3464;2026-01-20T13:04:58Z;ADSB;3949F4;B772;F-GSPU;AFR;AFR;CDG;LFPG;DFW;KDFW;2026-01-20T19:37:36Z
3dfbe8e0;DL1794;DAL1794;999.779;-8.420.103;250;0;0;0;4614;2026-01-20T13:04:59Z;ADSB;A93D9F;B752;N695DL;DAL;DAL;SJO;MROC;ATL;KATL;
3dfb80ef;LH456;DLH456;6.996.588;-1.689.685;316;33000;537;0;2060;2026-01-20T13:04:57Z;ESTIMATED;3C4B2D;B748;D-ABYM;DLH;DLH;FRA;EDDF;LAX;KLAX;2026-01-20T21:00:48Z
3dfb1035;DL274;DAL274;5.848.576;-16.002.429;80;39000;513;0;6264;2026-01-20T13:04:58Z;ADSB;A65800;A359;N508DN;DAL;DAL;HND;RJTT;DTW;KDTW;2026-01-20T18:48:32Z
3dfbb609;DL966;DAL966;4.310.137;-922.949;304;38000;373;0;4021;2026-01-20T13:04:59Z;ADSB;A4A0CD;B738;N398DA;DAL;DAL;CVG;KCVG;SEA;KSEA;2026-01-20T16:23:28Z
3dfb9bef;UA2115;UAL2115;43.512;-8.834.361;272;32000;374;0;7172;2026-01-20T13:04:57Z;ADSB;A16E7D;B752;N19117;UAL;UAL;EWR;KEWR;SFO;KSFO;2026-01-20T17:04:00Z
3df77bd0;DL274;DAL274;4.221.032;-8.335.699;118;0;0;0;6527;2026-01-20T13:04:55Z;ADSB;A661C7;A359;N510DN;DAL;DAL;HND;RJTT;DTW;KDTW;2026-01-19T18:59:44Z
3dfbef7c;UA297;UAL297;406.933;-7.417.179;11;0;3;0;3054;2026-01-20T13:04:57Z;ADSB;A2B10C;B38M;N27252;UAL;UAL;EWR;KEWR;BZN;KBZN;
3dfb6eb6;BA175;BAW7NY;5.814.541;-4.043.694;245;38000;456;0;5173;2026-01-20T13:04:54Z;ESTIMATED;4005C1;B772;G-RAES;BAW;BAW;LHR;EGLL;JFK;KJFK;2026-01-20T16:59:44Z
3dfb5b3f;KL605;KLM373;7.396.527;-5.641.168;273;36000;531;64;3156;2026-01-20T13:04:58Z;ADSB;486071;B78X;PH-BKL;KLM;KLM;AMS;EHAM;SFO;KSFO;2026-01-20T19:14:08Z
3dfbf396;UA1116;UAL1116;448.851;-9.321.199;222;0;0;0;3657;2026-01-20T13:04:59Z;ADSB;A28947;B738;N26232;UAL;UAL;MSP;KMSP;SFO;KSFO;
3dfb76b5;AF84;AFR84T;6.595.549;-2.960.015;285;34000;500;0;3045;2026-01-20T13:04:57Z;ADSB;3965A0;B77W;F-GZNA;AFR;AFR;CDG;LFPG;SFO;KSFO;2026-01-20T20:45:52Z
3dfbb575;AA1349;AAL1349;3.928.767;-7.809.503;243;38000;319;0;3031;2026-01-20T13:09:59Z;ADSB;ADC65E;B738;N987NN;AAL;AAL;JFK;KJFK;AUS;KAUS;2026-01-20T16:17:04Z
3dfb5ea7;UA905;UAL905;5.853.969;-4.724.582;252;36000;431;0;2000;2026-01-20T13:09:59Z;ADSB;A9178D;B763;N685UA;UAL;UAL;LHR;EGLL;EWR;KEWR;2026-01-20T16:46:56Z
3dfb5a0f;KL661;KLM661;5.995.084;-5.045.114;252;35000;463;0;3504;2026-01-20T13:09:59Z;ADSB;4851B0;B789;PH-BHE;KLM;KLM;AMS;EHAM;IAH;KIAH;2026-01-20T18:59:12Z
3dfb6bff;AF636;AFR636P;6.356.818;-3.888.188;266;37000;471;0;2752;2026-01-20T13:09:59Z;ADSB;39D2A6;A359;F-HUVG;AFR;AFR;CDG;LFPG;IAH;KIAH;2026-01-20T19:48:16Z
3dfb8063;BA53;BAW5EA;700.057;-3.002.276;306;40000;532;0;0;2026-01-20T13:10:00Z;ADSB;400774;B772;G-VIIW;BAW;BAW;LHR;EGLL;SEA;KSEA;2026-01-20T19:26:56Z
3dfbc8a3;UA4200;UAL4200;576.224;-7.645.139;249;15000;181;0;1454;2026-01-20T13:09:59Z;ADSB;A8EC57;B763;N674UA;UAL;UAL;MDE;SKRG;EWR;KEWR;2026-01-20T17:52:30Z
3dfbc063;AA2111;AAL2111;3.703.418;-7.755.541;35;29000;583;64;3135;2026-01-20T13:10:00Z;ADSB;AB7270;A319;N837AW;AAL;AAL;CLT;KCLT;LGA;KLGA;2026-01-20T13:58:24Z
3dfb1d91;DL166;DAL166;5.559.818;-16.509.988;79;37000;484;64;6271;2026-01-20T13:09:59Z;ADSB;A65BB7;A359;N509DN;DAL;DAL;HND;RJTT;SEA;KSEA;2026-01-20T16:34:08Z
3dfb459f;DL57;DAL57;6.975.187;-5.680.105;284;36000;467;0;3065;2026-01-20T13:09:58Z;ADSB;AB00D6;A333;N808NW;DAL;DAL;AMS;EHAM;SLC;KSLC;2026-01-20T18:57:04Z
3dfb554c;KL601;KLM601;7.282.262;-6.503.609;259;36000;513;0;3017;2026-01-20T13:09:58Z;ESTIMATED;485F84;B78X;PH-BKQ;KLM;KLM;AMS;EHAM;LAX;KLAX;2026-01-20T19:18:24Z
3dfb6bb5;AF158;AFR158K;6.408.572;-3.535.225;269;36000;469;0;3464;2026-01-20T13:09:59Z;ADSB;3949F4;B772;F-GSPU;AFR;AFR;CDG;LFPG;DFW;KDFW;2026-01-20T19:35:28Z
3dfbe8e0;DL1794;DAL1794;999.077;-8.422.143;247;0;4;0;4614;2026-01-20T13:09:55Z;ADSB;A93D9F;B752;N695DL;DAL;DAL;SJO;MROC;ATL;KATL;
3dfbe9c7;AA3193;AAL3193;2.579.813;-8.028.413;177;0;0;0;0;2026-01-20T13:09:56Z;ADSB;AC7A33;A319;N9029F;AAL;AAL;MIA;KMIA;EGE;KEGE;
3dfb5e2d;KL623;KLM623;5.903.247;-4.382.391;254;36000;463;-64;2000;2026-01-20T13:09:59Z;ADSB;485E2E;B78X;PH-BKH;KLM;KLM;AMS;EHAM;ATL;KATL;2026-01-20T18:14:24Z
3dfbb609;DL966;DAL966;4.339.735;-9.288.646;304;38000;380;0;4021;2026-01-20T13:10:00Z;ADSB;A4A0CD;B738;N398DA;DAL;DAL;CVG;KCVG;SEA;KSEA;2026-01-20T16:25:36Z
3dfb1035;DL274;DAL274;5.859.343;-15.869.176;81;39000;504;0;6264;2026-01-20T13:09:59Z;ADSB;A65800;A359;N508DN;DAL;DAL;HND;RJTT;DTW;KDTW;2026-01-20T18:52:48Z
3df77bd0;DL274;DAL274;4.221.033;-8.335.699;118;0;0;0;6527;2026-01-20T13:09:58Z;ADSB;A661C7;A359;N510DN;DAL;DAL;HND;RJTT;DTW;KDTW;2026-01-19T18:59:44Z
3dfb9bef;UA2115;UAL2115;4.353.398;-8.906.832;272;32000;380;0;7172;2026-01-20T13:09:59Z;ADSB;A16E7D;B752;N19117;UAL;UAL;EWR;KEWR;SFO;KSFO;2026-01-20T17:12:32Z
3dfb5b3f;KL605;KLM373;7.399.553;-5.892.121;271;36000;529;0;3156;2026-01-20T13:10:00Z;ADSB;486071;B78X;PH-BKL;KLM;KLM;AMS;EHAM;SFO;KSFO;2026-01-20T19:12:00Z
3dfb6660;AF338;AFR338;7.186.962;-3.918.163;297;40000;530;0;2777;2026-01-20T13:10:00Z;ESTIMATED;39D2B3;A359;F-HUVT;AFR;AFR;CDG;LFPG;SEA;KSEA;2026-01-20T18:48:32Z
3dfbe93a;UA1256;UAL1256;3.520.269;-8.094.617;177;0;15;0;7125;2026-01-20T13:09:59Z;ADSB;A288FF;B738;N26210;UAL;UAL;CLT;KCLT;DEN;KDEN;
3dfb76b5;AF84;AFR84T;6.621.666;-311.562;294;34000;498;0;3045;2026-01-20T13:09:56Z;ADSB;3965A0;B77W;F-GZNA;AFR;AFR;CDG;LFPG;SFO;KSFO;2026-01-20T20:45:52Z
3dfbb575;AA1349;AAL1349;3.908.409;-7.860.049;242;38600;322;768;3031;2026-01-20T13:14:58Z;ADSB;ADC65E;B738;N987NN;AAL;AAL;JFK;KJFK;AUS;KAUS;2026-01-20T16:14:56Z
3dfbcb4e;DL2301;DAL2301;4.488.316;-9.321.503;19;0;0;0;2637;2026-01-20T13:14:59Z;ADSB;A7824E;B753;N583NW;DAL;DAL;MSP;KMSP;TPA;KTPA;
3dfb5ea7;UA905;UAL905;5.835.283;-4.831.415;251;36025;423;64;2000;2026-01-20T13:14:58Z;ADSB;A9178D;B763;N685UA;UAL;UAL;LHR;EGLL;EWR;KEWR;2026-01-20T16:53:20Z
3dfb5a0f;KL661;KLM661;5.976.323;-5.158.828;251;35000;463;0;3504;2026-01-20T13:14:58Z;ADSB;4851B0;B789;PH-BHE;KLM;KLM;AMS;EHAM;IAH;KIAH;2026-01-20T18:59:12Z
3dfb6bff;AF636;AFR636P;635.278;-4.033.958;268;37000;472;0;2752;2026-01-20T13:14:59Z;ADSB;39D2A6;A359;F-HUVG;AFR;AFR;CDG;LFPG;IAH;KIAH;2026-01-20T19:48:16Z
3dfbc8a3;UA4200;UAL4200;573.351;-7.667.056;325;15000;169;64;1454;2026-01-20T13:14:59Z;ADSB;A8EC57;B763;N674UA;UAL;UAL;MDE;SKRG;EWR;KEWR;2026-01-20T17:52:30Z
3dfbc063;AA2111;AAL2111;3.769.505;-7.696.221;35;29025;592;0;3135;2026-01-20T13:14:58Z;ADSB;AB7270;A319;N837AW;AAL;AAL;CLT;KCLT;LGA;KLGA;2026-01-20T13:58:24Z
3dfb1d91;DL166;DAL166;5.571.107;-16.391.618;80;37000;490;0;6271;2026-01-20T13:14:59Z;ADSB;A65BB7;A359;N509DN;DAL;DAL;HND;RJTT;SEA;KSEA;2026-01-20T16:36:16Z
3dfb459f;DL57;DAL57;6.990.038;-586.138;282;36000;467;0;3065;2026-01-20T13:14:58Z;ADSB;AB00D6;A333;N808NW;DAL;DAL;AMS;EHAM;SLC;KSLC;2026-01-20T18:54:56Z
3dfb6bb5;AF158;AFR158K;6.407.464;-368.265;268;36000;467;0;3464;2026-01-20T13:14:58Z;ADSB;3949F4;B772;F-GSPU;AFR;AFR;CDG;LFPG;DFW;KDFW;2026-01-20T19:39:44Z
3dfbe8e0;DL1794;DAL1794;999.074;-842.215;247;0;0;0;4614;2026-01-20T13:15:00Z;ADSB;A93D9F;B752;N695DL;DAL;DAL;SJO;MROC;ATL;KATL;
3dfbe9c7;AA3193;AAL3193;2.579.812;-8.028.412;177;0;0;0;6052;2026-01-20T13:14:46Z;ADSB;AC7A33;A319;N9029F;AAL;AAL;MIA;KMIA;EGE;KEGE;
3dfb53b3;UA6;UAL6;5.299.572;-17.747.942;58;34975;503;64;0;2026-01-20T13:14:59Z;ADSB;A31A76;B789;N29984;UAL;UAL;NRT;RJAA;IAH;KIAH;2026-01-20T20:43:44Z
3dfbfb71;DL1930;DAL1930;406.373;-7.377.909;171;0;3;0;0;2026-01-20T13:15:00Z;ADSB;A8DE10;B752;N6700;;;JFK;KJFK;STT;TIST;
3dfb5e2d;KL623;KLM623;5.885.999;-4.502.078;253;35975;464;64;2000;2026-01-20T13:15:00Z;ADSB;485E2E;B78X;PH-BKH;KLM;KLM;AMS;EHAM;ATL;KATL;2026-01-20T18:16:32Z
3dfa9c2b;DL42;DAL42;1.553.504;-14.529.192;49;41000;475;0;2000;2026-01-20T13:15:00Z;ESTIMATED;A6A347;A359;N527DN;DAL;DAL;SYD;YSSY;LAX;KLAX;2026-01-20T17:01:52Z
3dfbb609;DL966;DAL966;4.369.244;-9.348.757;303;38000;382;0;4021;2026-01-20T13:14:58Z;ADSB;A4A0CD;B738;N398DA;DAL;DAL;CVG;KCVG;SEA;KSEA;2026-01-20T16:29:52Z
3dfb1035;DL274;DAL274;586.858;-15.737.329;82;39000;502;0;6264;2026-01-20T13:14:58Z;ADSB;A65800;A359;N508DN;DAL;DAL;HND;RJTT;DTW;KDTW;2026-01-20T18:52:48Z
3df77bd0;DL274;DAL274;4.221.032;-8.335.699;118;0;0;0;6527;2026-01-20T13:14:59Z;ADSB;A661C7;A359;N510DN;DAL;DAL;HND;RJTT;DTW;KDTW;2026-01-19T18:59:44Z
3dfb9bef;UA2115;UAL2115;4.355.118;-8.978.775;271;32000;381;0;7172;2026-01-20T13:14:57Z;ADSB;A16E7D;B752;N19117;UAL;UAL;EWR;KEWR;SFO;KSFO;2026-01-20T17:12:32Z
3dfb6eb6;BA175;BAW7NY;5.818.452;-4.295.911;256;38000;447;0;2000;2026-01-20T13:14:58Z;ADSB;4005C1;B772;G-RAES;BAW;BAW;LHR;EGLL;JFK;KJFK;2026-01-20T16:59:44Z
3dfbfc5c;DL8800;DAL8800;4.488.142;-9.321.211;0;0;0;0;0;2026-01-20T13:14:59Z;ADSB;ACB878;B739;N919DU;DAL;DAL;MSP;KMSP;MIA;KMIA;
3dfbeb3c;DL1368;DAL1368;406.274;-7.388.068;218;3600;244;4544;7177;2026-01-20T13:14:59Z;ADSB;A3D4C6;A319;N346NB;DAL;DAL;JFK;KJFK;MSY;KMSY;2026-01-20T16:02:08Z
3dfb76b5;AF84;AFR84T;6.649.457;-3.274.463;292;34000;498;0;3045;2026-01-20T13:14:57Z;ADSB;3965A0;B77W;F-GZNA;AFR;AFR;CDG;LFPG;SFO;KSFO;2026-01-20T20:43:44Z
3dfbb575;AA1349;AAL1349;3.887.154;-7.912.164;242;40000;333;0;3031;2026-01-20T13:19:58Z;ADSB;ADC65E;B738;N987NN;AAL;AAL;JFK;KJFK;AUS;KAUS;2026-01-20T16:12:48Z
3dfbcb4e;DL2301;DAL2301;4.488.316;-9.321.503;19;0;0;0;2637;2026-01-20T13:19:56Z;ADSB;A7824E;B753;N583NW;DAL;DAL;MSP;KMSP;TPA;KTPA;
3dfb5ea7;UA905;UAL905;5.817.559;-4.930.235;253;36000;422;0;2000;2026-01-20T13:19:59Z;ADSB;A9178D;B763;N685UA;UAL;UAL;LHR;EGLL;EWR;KEWR;2026-01-20T16:55:28Z
3dfb6bff;AF636;AFR636P;6.349.654;-4.178.661;266;37000;463;0;2752;2026-01-20T13:19:59Z;ADSB;39D2A6;A359;F-HUVG;AFR;AFR;CDG;LFPG;IAH;KIAH;2026-01-20T19:52:32Z
3dfbc8a3;UA4200;UAL4200;592.927;-7.680.845;324;15025;173;-64;1454;2026-01-20T13:19:59Z;ADSB;A8EC57;B763;N674UA;UAL;UAL;MDE;SKRG;EWR;KEWR;2026-01-20T18:25:43Z
3dfb1d91;DL166;DAL166;5.577.305;-16.320.703;81;37000;30;0;6271;2026-01-20T13:19:55Z;ADSB;A65BB7;A359;N509DN;DAL;DAL;HND;RJTT;SEA;KSEA;2026-01-20T16:36:16Z
3dfbc063;AA2111;AAL2111;3.835.118;-7.635.779;37;29000;582;0;3135;2026-01-20T13:19:58Z;ADSB;AB7270;A319;N837AW;AAL;AAL;CLT;KCLT;LGA;KLGA;2026-01-20T13:58:24Z
3dfb55ab;DL33;DAL33;5.655.549;-5.174.355;244;38000;428;0;2000;2026-01-20T13:19:57Z;ESTIMATED;A50E93;A339;N425DX;DAL;DAL;LHR;EGLL;ATL;KATL;2026-01-20T17:57:20Z
3dfb459f;DL57;DAL57;6.999.257;-6.045.378;267;36525;466;640;3065;2026-01-20T13:19:57Z;ADSB;AB00D6;A333;N808NW;DAL;DAL;AMS;EHAM;SLC;KSLC;2026-01-20T18:57:04Z
3dfb6bb5;AF158;AFR158K;6.404.887;-3.828.947;266;36000;462;0;3464;2026-01-20T13:19:59Z;ADSB;3949F4;B772;F-GSPU;AFR;AFR;CDG;LFPG;DFW;KDFW;2026-01-20T19:39:44Z
3dfbe8e0;DL1794;DAL1794;1.006.287;-8.423.696;290;9600;211;1408;4614;2026-01-20T13:19:58Z;ADSB;A93D9F;B752;N695DL;DAL;DAL;SJO;MROC;ATL;KATL;2026-01-20T16:44:48Z
3dfb53b3;UA6;UAL6;5.333.308;-17.656.532;58;35000;495;64;7456;2026-01-20T13:19:37Z;ADSB;A31A76;B789;N29984;UAL;UAL;NRT;RJAA;IAH;KIAH;2026-01-20T20:48:00Z
3dfbfb71;DL1930;DAL1930;4.063.767;-7.377.915;171;0;0;0;3060;2026-01-20T13:19:58Z;ADSB;A8DE10;B752;N6700;;;JFK;KJFK;STT;TIST;
3dfb5e2d;KL623;KLM623;5.867.565;-4.621.097;252;35975;463;0;2000;2026-01-20T13:20:00Z;ADSB;485E2E;B78X;PH-BKH;KLM;KLM;AMS;EHAM;ATL;KATL;2026-01-20T18:14:24Z
3dfbfe28;UA3929;UAL3929;3.761.865;-12.238.306;348;0;0;0;3235;2026-01-20T13:20:00Z;ADSB;A2E045;B739;N28478;UAL;UAL;SFO;KSFO;IAD;KIAD;
3dfbb609;DL966;DAL966;4.398.819;-9.410.287;303;38000;386;0;4021;2026-01-20T13:19:59Z;ADSB;A4A0CD;B738;N398DA;DAL;DAL;CVG;KCVG;SEA;KSEA;2026-01-20T16:32:00Z
3dfb2fe8;DL120;DAL120;5.707.558;-17.064.668;69;39000;494;0;7425;2026-01-20T13:19:58Z;ADSB;A68946;A359;N520DN;DAL;DAL;HND;RJTT;MSP;KMSP;2026-01-20T19:35:28Z
3dfb1035;DL274;DAL274;5.871.762;-15.604.094;91;39000;496;64;6264;2026-01-20T13:20:00Z;ADSB;A65800;A359;N508DN;DAL;DAL;HND;RJTT;DTW;KDTW;2026-01-20T18:57:04Z
3df77bd0;DL274;DAL274;4.221.032;-8.335.699;118;0;0;0;6527;2026-01-20T13:19:56Z;ADSB;A661C7;A359;N510DN;DAL;DAL;HND;RJTT;DTW;KDTW;2026-01-19T18:59:44Z
3dfb9bef;UA2115;UAL2115;4.356.409;-905.237;271;32000;385;0;7172;2026-01-20T13:19:59Z;ADSB;A16E7D;B752;N19117;UAL;UAL;EWR;KEWR;SFO;KSFO;2026-01-20T17:10:24Z
3dfb6eb6;BA175;BAW7NY;5.802.988;-4.409.702;255;38000;445;0;2000;2026-01-20T13:20:00Z;ADSB;4005C1;B772;G-RAES;BAW;BAW;LHR;EGLL;JFK;KJFK;2026-01-20T16:59:44Z
3dfbe93a;UA1256;UAL1256;3.540.866;-8.120.178;299;13725;277;3904;7125;2026-01-20T13:19:59Z;ADSB;A288FF;B738;N26210;UAL;UAL;CLT;KCLT;DEN;KDEN;2026-01-20T16:29:52Z
3dfbfc5c;DL8800;DAL8800;4.488.139;-9.321.213;0;0;0;0;2603;2026-01-20T13:19:57Z;ADSB;ACB878;B739;N919DU;DAL;DAL;MSP;KMSP;MIA;KMIA;
3dfbeb3c;DL1368;DAL1368;4.036.423;-7.422.713;231;13600;286;192;7177;2026-01-20T13:19:59Z;ADSB;A3D4C6;A319;N346NB;DAL;DAL;JFK;KJFK;MSY;KMSY;2026-01-20T16:02:08Z
3dfb79f6;BA195;BAW26E;5.923.306;-4.101.426;256;38000;459;0;0;2026-01-20T13:19:57Z;ESTIMATED;40749B;B789;G-ZBKR;BAW;BAW;LHR;EGLL;IAH;KIAH;2026-01-20T19:48:16Z
3dfb76b5;AF84;AFR84T;6.674.423;-3.429.604;291;34000;500;0;3045;2026-01-20T13:19:57Z;ADSB;3965A0;B77W;F-GZNA;AFR;AFR;CDG;LFPG;SFO;KSFO;2026-01-20T20:43:44Z
3dfbb575;AA1349;AAL1349;3.875.176;-7.968.665;256;40000;333;64;3031;2026-01-20T13:24:59Z;ADSB;ADC65E;B738;N987NN;AAL;AAL;JFK;KJFK;AUS;KAUS;2026-01-20T16:12:48Z
3dfbcb4e;DL2301;DAL2301;4.488.315;-9.321.503;19;0;0;0;2637;2026-01-20T13:24:56Z;ADSB;A7824E;B753;N583NW;DAL;DAL;MSP;KMSP;TPA;KTPA;
3dfb5ea7;UA905;UAL905;5.800.694;-5.036.079;252;36000;422;0;2000;2026-01-20T13:25:00Z;ESTIMATED;A9178D;B763;N685UA;UAL;UAL;LHR;EGLL;EWR;KEWR;2026-01-20T16:55:28Z
3dfb6bff;AF636;AFR636P;6.345.052;-4.322.549;265;37000;465;0;2752;2026-01-20T13:25:00Z;ADSB;39D2A6;A359;F-HUVG;AFR;AFR;CDG;LFPG;IAH;KIAH;2026-01-20T19:50:24Z
3dfb8063;BA53;BAW5EA;711.977;-3.541.027;301;40000;521;0;2102;2026-01-20T13:24:55Z;ESTIMATED;400774;B772;G-VIIW;BAW;BAW;LHR;EGLL;SEA;KSEA;2026-01-20T19:26:56Z
3dfbc8a3;UA4200;UAL4200;632.747;-7.709.021;324;21175;452;2048;1454;2026-01-20T13:24:59Z;ADSB;A8EC57;B763;N674UA;UAL;UAL;MDE;SKRG;EWR;KEWR;2026-01-20T18:25:44Z
3dfbc063;AA2111;AAL2111;3.898.792;-7.574.762;36;26575;560;-1344;3135;2026-01-20T13:24:57Z;ADSB;AB7270;A319;N837AW;AAL;AAL;CLT;KCLT;LGA;KLGA;2026-01-20T13:56:16Z
3dfb459f;DL57;DAL57;699.496;-6.227.773;265;38000;476;0;3065;2026-01-20T13:24:55Z;ADSB;AB00D6;A333;N808NW;DAL;DAL;AMS;EHAM;SLC;KSLC;2026-01-20T18:52:48Z
3dfb6bb5;AF158;AFR158K;6.400.858;-3.974.491;265;36000;461;0;3464;2026-01-20T13:24:58Z;ADSB;3949F4;B772;F-GSPU;AFR;AFR;CDG;LFPG;DFW;KDFW;2026-01-20T19:37:36Z
3dfbe8e0;DL1794;DAL1794;1.043.036;-8.420.329;19;19950;408;1664;4614;2026-01-20T13:24:58Z;ADSB;A93D9F;B752;N695DL;DAL;DAL;SJO;MROC;ATL;KATL;2026-01-20T16:44:48Z
3dfb53b3;UA6;UAL6;5.359.593;-17.549.748;78;35000;495;0;7456;2026-01-20T13:24:58Z;ESTIMATED;A31A76;B789;N29984;UAL;UAL;NRT;RJAA;IAH;KIAH;2026-01-20T20:48:00Z
3dfbfb71;DL1930;DAL1930;4.063.767;-7.377.914;171;0;0;0;3060;2026-01-20T13:24:59Z;ADSB;A8DE10;B752;N6700;;;JFK;KJFK;STT;TIST;
3dfb5e2d;KL623;KLM623;5.848.384;-4.736.853;251;36000;460;-64;2000;2026-01-20T13:24:57Z;ADSB;485E2E;B78X;PH-BKH;KLM;KLM;AMS;EHAM;ATL;KATL;2026-01-20T18:22:56Z
3dfbfe28;UA3929;UAL3929;3.761.849;-12.237.989;143;0;13;0;3235;2026-01-20T13:24:58Z;ADSB;A2E045;B739;N28478;UAL;UAL;SFO;KSFO;IAD;KIAD;
3dfbb609;DL966;DAL966;4.428.049;-9.472.405;302;38000;384;0;4021;2026-01-20T13:24:59Z;ADSB;A4A0CD;B738;N398DA;DAL;DAL;CVG;KCVG;SEA;KSEA;2026-01-20T16:32:00Z
3dfb2fe8;DL120;DAL120;5.728.976;-16.946.248;72;39000;491;0;7425;2026-01-20T13:24:57Z;ADSB;A68946;A359;N520DN;DAL;DAL;HND;RJTT;MSP;KMSP;2026-01-20T19:14:08Z
3dfb1035;DL274;DAL274;5.869.492;-15.474.142;92;39000;492;0;6264;2026-01-20T13:24:58Z;ADSB;A65800;A359;N508DN;DAL;DAL;HND;RJTT;DTW;KDTW;2026-01-20T18:59:12Z
3df77bd0;DL274;DAL274;4.221.125;-8.335.763;118;0;0;0;6527;2026-01-20T13:24:59Z;ADSB;A661C7;A359;N510DN;DAL;DAL;HND;RJTT;DTW;KDTW;2026-01-19T18:59:44Z
3dfb9bef;UA2115;UAL2115;435.722;-9.125.571;270;32000;381;0;7172;2026-01-20T13:24:58Z;ADSB;A16E7D;B752;N19117;UAL;UAL;EWR;KEWR;SFO;KSFO;2026-01-20T17:12:32Z
3dfbef7c;UA297;UAL297;4.087.711;-7.436.548;316;11575;285;2816;3054;2026-01-20T13:24:59Z;ADSB;A2B10C;B38M;N27252;UAL;UAL;EWR;KEWR;BZN;KBZN;2026-01-20T17:46:40Z
3dfb6660;AF338;AFR338;7.251.147;-4.581.926;283;40000;519;0;2777;2026-01-20T13:24:58Z;ESTIMATED;39D2B3;A359;F-HUVT;AFR;AFR;CDG;LFPG;SEA;KSEA;2026-01-20T18:48:32Z
3dfb6eb6;BA175;BAW7NY;5.786.788;-4.520.636;254;38000;444;0;2000;2026-01-20T13:24:59Z;ADSB;4005C1;B772;G-RAES;BAW;BAW;LHR;EGLL;JFK;KJFK;2026-01-20T17:01:52Z
3dfbe93a;UA1256;UAL1256;3.565.082;-8.169.469;298;22350;367;2304;7125;2026-01-20T13:24:59Z;ADSB;A288FF;B738;N26210;UAL;UAL;CLT;KCLT;DEN;KDEN;2026-01-20T16:27:44Z
3dfbfc5c;DL8800;DAL8800;4.488.017;-9.321.231;345;0;0;0;2603;2026-01-20T13:24:58Z;ADSB;ACB878;B739;N919DU;DAL;DAL;MSP;KMSP;MIA;KMIA;
3dfbf6a2;UA1898;UAL1898;3.919.528;-7.684.298;284;7025;226;3520;577;2026-01-20T13:24:59Z;ADSB;A35843;B739;N31412;UAL;UAL;BWI;KBWI;IAH;KIAH;2026-01-20T16:29:52Z
3dfbeb3c;DL1368;DAL1368;4.018.887;-7.466.758;264;21725;281;2304;7177;2026-01-20T13:24:58Z;ADSB;A3D4C6;A319;N346NB;DAL;DAL;JFK;KJFK;MSY;KMSY;2026-01-20T16:02:08Z
3dfb76b5;AF84;AFR84T;6.699.528;-3.598.772;289;34000;497;0;3045;2026-01-20T13:24:56Z;ADSB;3965A0;B77W;F-GZNA;AFR;AFR;CDG;LFPG;SFO;KSFO;2026-01-20T20:43:44Z
3dfbebeb;DL8851;DAL8851;3.364.542;-8.441.608;90;0;7;0;7120;2026-01-20T13:29:59Z;ADSB;A8DEF1;B752;N6706Q;DAL;DAL;ATL;KATL;DEN;KDEN;
3dfbb575;AA1349;AAL1349;386.445;-8.026.538;256;40000;339;0;3031;2026-01-20T13:29:58Z;ADSB;ADC65E;B738;N987NN;AAL;AAL;JFK;KJFK;AUS;KAUS;2026-01-20T16:12:48Z
3dfbcb4e;DL2301;DAL2301;4.488.317;-9.321.504;19;0;0;0;2637;2026-01-20T13:29:56Z;ADSB;A7824E;B753;N583NW;DAL;DAL;MSP;KMSP;TPA;KTPA;
3dfb5ea7;UA905;UAL905;5.783.043;-5.140.415;251;36000;422;0;2000;2026-01-20T13:29:59Z;ESTIMATED;A9178D;B763;N685UA;UAL;UAL;LHR;EGLL;EWR;KEWR;2026-01-20T16:55:28Z
3dfb6bff;AF636;AFR636P;6.339.186;-4.462.053;264;37000;472;0;2752;2026-01-20T13:29:50Z;ADSB;39D2A6;A359;F-HUVG;AFR;AFR;CDG;LFPG;IAH;KIAH;2026-01-20T19:50:24Z
3dfbc8a3;UA4200;UAL4200;68.578;-774.646;324;30450;474;2048;1454;2026-01-20T13:29:58Z;ADSB;A8EC57;B763;N674UA;UAL;UAL;MDE;SKRG;EWR;KEWR;2026-01-20T18:00:27Z
3dfb1d91;DL166;DAL166;5.597.859;-16.035.886;83;37000;489;0;6271;2026-01-20T13:29:56Z;ADSB;A65BB7;A359;N509DN;DAL;DAL;HND;RJTT;SEA;KSEA;2026-01-20T16:34:08Z
3dfbc063;AA2111;AAL2111;3.958.026;-7.520.357;36;18425;494;-1792;3135;2026-01-20T13:29:57Z;ADSB;AB7270;A319;N837AW;AAL;AAL;CLT;KCLT;LGA;KLGA;2026-01-20T13:49:03Z
3dfb6bb5;AF158;AFR158K;639.207;-4.118.679;260;36000;461;0;3464;2026-01-20T13:29:58Z;ADSB;3949F4;B772;F-GSPU;AFR;AFR;CDG;LFPG;DFW;KDFW;2026-01-20T19:39:44Z
3dfbe8e0;DL1794;DAL1794;1.102.892;-8.409.023;9;25200;487;1088;4614;2026-01-20T13:29:59Z;ADSB;A93D9F;B752;N695DL;DAL;DAL;SJO;MROC;ATL;KATL;2026-01-20T16:44:48Z
3dfbe9c7;AA3193;AAL3193;2.580.023;-8.030.602;264;575;169;2752;6052;2026-01-20T13:29:59Z;ADSB;AC7A33;A319;N9029F;AAL;AAL;MIA;KMIA;EGE;KEGE;
3dfb53b3;UA6;UAL6;5.373.499;-17.437.415;79;35000;495;0;7456;2026-01-20T13:29:54Z;ESTIMATED;A31A76;B789;N29984;UAL;UAL;NRT;RJAA;IAH;KIAH;2026-01-20T20:48:00Z
3dfbfb71;DL1930;DAL1930;4.063.767;-7.377.915;171;0;0;0;3060;2026-01-20T13:29:59Z;ADSB;A8DE10;B752;N6700;;;JFK;KJFK;STT;TIST;
3dfb5e2d;KL623;KLM623;5.828.201;-4.851.114;250;35975;456;0;2000;2026-01-20T13:29:58Z;ADSB;485E2E;B78X;PH-BKH;KLM;KLM;AMS;EHAM;ATL;KATL;2026-01-20T18:25:04Z
3dfa9c2b;DL42;DAL42;1.686.058;-143.668;50;41000;487;0;2000;2026-01-20T13:29:54Z;ESTIMATED;A6A347;A359;N527DN;DAL;DAL;SYD;YSSY;LAX;KLAX;2026-01-20T17:01:52Z
3dfbfe28;UA3929;UAL3929;3.762.184;-1.223.708;27;0;158;3200;3235;2026-01-20T13:29:58Z;ADSB;A2E045;B739;N28478;UAL;UAL;SFO;KSFO;IAD;KIAD;
3dfbb609;DL966;DAL966;4.454.281;-9.537.111;293;38000;386;0;4021;2026-01-20T13:29:59Z;ADSB;A4A0CD;B738;N398DA;DAL;DAL;CVG;KCVG;SEA;KSEA;2026-01-20T16:29:52Z
3dfb1035;DL274;DAL274;5.865.834;-15.342.123;93;39000;498;0;6264;2026-01-20T13:29:58Z;ADSB;A65800;A359;N508DN;DAL;DAL;HND;RJTT;DTW;KDTW;2026-01-20T18:57:04Z
3dfb2fe8;DL120;DAL120;5.748.454;-16.827.184;73;39000;496;0;7425;2026-01-20T13:29:54Z;ADSB;A68946;A359;N520DN;DAL;DAL;HND;RJTT;MSP;KMSP;2026-01-20T19:12:00Z
3df77bd0;DL274;DAL274;4.221.118;-8.335.739;118;0;0;0;6527;2026-01-20T13:29:58Z;ADSB;A661C7;A359;N510DN;DAL;DAL;HND;RJTT;DTW;KDTW;2026-01-19T18:59:44Z
3dfb9bef;UA2115;UAL2115;4.352.257;-9.197.538;261;32000;381;0;7172;2026-01-20T13:29:57Z;ADSB;A16E7D;B752;N19117;UAL;UAL;EWR;KEWR;SFO;KSFO;2026-01-20T17:14:40Z
3dfbef7c;UA297;UAL297;4.117.006;-7.477.582;300;23800;317;1920;3054;2026-01-20T13:29:58Z;ADSB;A2B10C;B38M;N27252;UAL;UAL;EWR;KEWR;BZN;KBZN;2026-01-20T17:40:16Z
3dfb6eb6;BA175;BAW7NY;5.769.985;-4.628.101;253;38000;447;0;2000;2026-01-20T13:29:56Z;ADSB;4005C1;B772;G-RAES;BAW;BAW;LHR;EGLL;JFK;KJFK;2026-01-20T16:59:44Z
3dfb6660;AF338;AFR338;7.266.867;-4.822.398;281;40000;520;0;2777;2026-01-20T13:29:54Z;ADSB;39D2B3;A359;F-HUVT;AFR;AFR;CDG;LFPG;SEA;KSEA;2026-01-20T18:48:32Z
3dfbe93a;UA1256;UAL1256;3.594.331;-8.219.784;295;31250;349;1920;7125;2026-01-20T13:29:57Z;ADSB;A288FF;B738;N26210;UAL;UAL;CLT;KCLT;DEN;KDEN;2026-01-20T16:27:44Z
3dfbfc5c;DL8800;DAL8800;4.488.721;-9.322.761;213;0;6;0;2603;2026-01-20T13:29:59Z;ADSB;ACB878;B739;N919DU;DAL;DAL;MSP;KMSP;MIA;KMIA;
3dfbf6a2;UA1898;UAL1898;391.127;-7.728.416;225;20700;318;1984;577;2026-01-20T13:29:58Z;ADSB;A35843;B739;N31412;UAL;UAL;BWI;KBWI;IAH;KIAH;2026-01-20T16:27:44Z
3dfbeb3c;DL1368;DAL1368;4.014.354;-7.522.339;263;30025;332;1152;7177;2026-01-20T13:29:58Z;ADSB;A3D4C6;A319;N346NB;DAL;DAL;JFK;KJFK;MSY;KMSY;2026-01-20T16:00:00Z
3dfb79f6;BA195;BAW26E;5.907.417;-4.352.106;255;38000;456;-64;2000;2026-01-20T13:29:58Z;ADSB;40749B;B789;G-ZBKR;BAW;BAW;LHR;EGLL;IAH;KIAH;2026-01-20T19:48:16Z
3dfb76b5;AF84;AFR84T;6.722.269;-3.767.636;288;34000;493;0;3045;2026-01-20T13:29:59Z;ADSB;3965A0;B77W;F-GZNA;AFR;AFR;CDG;LFPG;SFO;KSFO;2026-01-20T20:43:44Z
3dfbb575;AA1349;AAL1349;3.853.357;-8.084.296;256;40000;332;0;3031;2026-01-20T13:34:58Z;ADSB;ADC65E;B738;N987NN;AAL;AAL;JFK;KJFK;AUS;KAUS;2026-01-20T16:12:48Z
3dfbcb4e;DL2301;DAL2301;4.488.317;-9.321.506;19;0;0;0;2637;2026-01-20T13:34:56Z;ADSB;A7824E;B753;N583NW;DAL;DAL;MSP;KMSP;TPA;KTPA;
3dfb5cc2;KL689;KLM689;5.837.049;-5.838.703;244;37350;463;0;0;2026-01-20T13:34:59Z;ESTIMATED;485785;B789;PH-BHN;KLM;KLM;AMS;EHAM;CUN;MMUN;2026-01-20T19:41:52Z
3dfb6bff;AF636;AFR636P;6.331.943;-460.204;263;37000;471;0;2752;2026-01-20T13:34:55Z;ADSB;39D2A6;A359;F-HUVG;AFR;AFR;CDG;LFPG;IAH;KIAH;2026-01-20T19:48:16Z
3dfbc8a3;UA4200;UAL4200;741.028;-7.786.751;319;34000;492;-128;1454;2026-01-20T13:34:58Z;ADSB;A8EC57;B763;N674UA;UAL;UAL;MDE;SKRG;EWR;KEWR;2026-01-20T17:48:11Z
3dfb1d91;DL166;DAL166;5.603.099;-1.591.785;86;37000;460;0;6271;2026-01-20T13:34:56Z;ADSB;A65BB7;A359;N509DN;DAL;DAL;HND;RJTT;SEA;KSEA;2026-01-20T16:34:08Z
3dfbc063;AA2111;AAL2111;4.005.238;-7.471.172;47;10500;394;-1536;3135;2026-01-20T13:34:59Z;ADSB;AB7270;A319;N837AW;AAL;AAL;CLT;KCLT;LGA;KLGA;2026-01-20T13:47:15Z
3dfb55ab;DL33;DAL33;5.580.842;-5.451.915;242;38000;419;0;2000;2026-01-20T13:34:59Z;ESTIMATED;A50E93;A339;N425DX;DAL;DAL;LHR;EGLL;ATL;KATL;2026-01-20T17:57:20Z
3dfb6bb5;AF158;AFR158K;6.381.239;-4.260.762;259;36000;455;0;3464;2026-01-20T13:34:59Z;ADSB;3949F4;B772;F-GSPU;AFR;AFR;CDG;LFPG;DFW;KDFW;2026-01-20T19:39:44Z
3dfbe8e0;DL1794;DAL1794;1.170.236;-8.397.026;9;30825;493;768;4614;2026-01-20T13:34:57Z;ADSB;A93D9F;B752;N695DL;DAL;DAL;SJO;MROC;ATL;KATL;2026-01-20T16:42:40Z
3dfbe9c7;AA3193;AAL3193;2.604.495;-8.054.547;335;11725;291;2432;6052;2026-01-20T13:34:59Z;ADSB;AC7A33;A319;N9029F;AAL;AAL;MIA;KMIA;EGE;KEGE;2026-01-20T17:29:36Z
3dfbfb71;DL1930;DAL1930;4.063.767;-7.377.915;171;0;0;0;3060;2026-01-20T13:34:54Z;ADSB;A8DE10;B752;N6700;;;JFK;KJFK;STT;TIST;
3dfbf6a5;AA3317;AAL3317;4.077.521;-7.387.065;33;0;9;0;0;2026-01-20T13:34:59Z;ADSB;ACF849;B738;N935AN;AAL;AAL;LGA;KLGA;PBI;KPBI;
3dfb5e2d;KL623;KLM623;5.809.002;-4.958.745;253;36000;457;0;2000;2026-01-20T13:34:59Z;ADSB;485E2E;B78X;PH-BKH;KLM;KLM;AMS;EHAM;ATL;KATL;2026-01-20T18:25:04Z
3dfbfe28;UA3929;UAL3929;3.794.984;-12.232.885;60;14300;402;3264;3235;2026-01-20T13:34:58Z;ADSB;A2E045;B739;N28478;UAL;UAL;SFO;KSFO;IAD;KIAD;2026-01-20T17:53:04Z
3dfbb609;DL966;DAL966;4.475.192;-9.605.515;292;38000;384;0;4021;2026-01-20T13:34:57Z;ADSB;A4A0CD;B738;N398DA;DAL;DAL;CVG;KCVG;SEA;KSEA;2026-01-20T16:32:00Z
3dfb2fe8;DL120;DAL120;5.767.389;-16.702.815;74;39000;495;0;7425;2026-01-20T13:34:58Z;ADSB;A68946;A359;N520DN;DAL;DAL;HND;RJTT;MSP;KMSP;2026-01-20T19:09:52Z
3dfb1035;DL274;DAL274;5.860.815;-15.210.306;94;39000;500;0;6264;2026-01-20T13:34:58Z;ADSB;A65800;A359;N508DN;DAL;DAL;HND;RJTT;DTW;KDTW;2026-01-20T18:57:04Z
3df77bd0;DL274;DAL274;4.221.033;-8.335.699;118;0;0;0;6527;2026-01-20T13:34:58Z;ADSB;A661C7;A359;N510DN;DAL;DAL;HND;RJTT;DTW;KDTW;2026-01-19T18:59:44Z
3dfb9bef;UA2115;UAL2115;434.392;-9.270.316;260;36000;394;128;7172;2026-01-20T13:34:59Z;ADSB;A16E7D;B752;N19117;UAL;UAL;EWR;KEWR;SFO;KSFO;2026-01-20T17:14:40Z
3dfbef7c;UA297;UAL297;4.140.518;-7.531.727;299;30850;365;896;3054;2026-01-20T13:34:58Z;ADSB;A2B10C;B38M;N27252;UAL;UAL;EWR;KEWR;BZN;KBZN;2026-01-20T17:40:16Z
3dfb6eb6;BA175;BAW7NY;5.751.147;-4.741.584;252;38000;448;0;2000;2026-01-20T13:34:58Z;ADSB;4005C1;B772;G-RAES;BAW;BAW;LHR;EGLL;JFK;KJFK;2026-01-20T16:59:44Z
3dfb6660;AF338;AFR338;7.279.472;-5.065.424;278;40000;513;0;2777;2026-01-20T13:34:58Z;ADSB;39D2B3;A359;F-HUVT;AFR;AFR;CDG;LFPG;SEA;KSEA;2026-01-20T18:48:32Z
3dfbe93a;UA1256;UAL1256;3.613.985;-8.270.741;295;37575;338;640;7125;2026-01-20T13:34:59Z;ADSB;A288FF;B738;N26210;UAL;UAL;CLT;KCLT;DEN;KDEN;2026-01-20T16:29:52Z
3dfbf6a2;UA1898;UAL1898;3.894.132;-7.783.295;253;27000;349;0;577;2026-01-20T13:34:59Z;ADSB;A35843;B739;N31412;UAL;UAL;BWI;KBWI;IAH;KIAH;2026-01-20T16:27:44Z
3dfbeb3c;DL1368;DAL1368;400.502;-7.577.637;233;35550;312;1088;7177;2026-01-20T13:34:58Z;ADSB;A3D4C6;A319;N346NB;DAL;DAL;JFK;KJFK;MSY;KMSY;2026-01-20T16:02:08Z
3dfb54ee;BA117;BAW17R;5.350.514;-5.547.183;235;38000;396;0;751;2026-01-20T13:34:58Z;ADSB;400685;B772;G-VIIM;BAW;BAW;LHR;EGLL;JFK;KJFK;2026-01-20T16:27:44Z
3dfb79f6;BA195;BAW26E;5.890.709;-4.470.282;254;38000;451;-64;2000;2026-01-20T13:34:59Z;ADSB;40749B;B789;G-ZBKR;BAW;BAW;LHR;EGLL;IAH;KIAH;2026-01-20T19:48:16Z
3dfb76b5;AF84;AFR84T;6.742.686;-3.935.434;286;34000;492;0;3045;2026-01-20T13:34:59Z;ADSB;3965A0;B77W;F-GZNA;AFR;AFR;CDG;LFPG;SFO;KSFO;2026-01-20T20:45:52Z
3dfbebeb;DL8851;DAL8851;3.368.958;-8.469.939;280;9575;292;-448;7120;2026-01-20T13:39:58Z;ADSB;A8DEF1;B752;N6706Q;DAL;DAL;ATL;KATL;DEN;KDEN;2026-01-20T16:14:23Z
3dfbb575;AA1349;AAL1349;3.842.021;-8.142.041;255;40000;339;0;3031;2026-01-20T13:39:59Z;ADSB;ADC65E;B738;N987NN;AAL;AAL;JFK;KJFK;AUS;KAUS;2026-01-20T16:12:48Z
3dfbcb4e;DL2301;DAL2301;4.488.266;-9.321.526;11;0;2;0;2637;2026-01-20T13:39:58Z;ADSB;A7824E;B753;N583NW;DAL;DAL;MSP;KMSP;TPA;KTPA;
3dfb6bff;AF636;AFR636P;6.321.994;-4.744.081;260;37000;471;0;2752;2026-01-20T13:39:57Z;ESTIMATED;39D2A6;A359;F-HUVG;AFR;AFR;CDG;LFPG;IAH;KIAH;2026-01-20T19:48:16Z
3dfbc8a3;UA4200;UAL4200;810.703;-7.802.448;349;39550;510;1024;1454;2026-01-20T13:39:59Z;ADSB;A8EC57;B763;N674UA;UAL;UAL;MDE;SKRG;EWR;KEWR;2026-01-20T17:37:36Z
3dfb1d91;DL166;DAL166;56.067;-15.789.946;87;37000;498;0;6271;2026-01-20T13:39:59Z;ADSB;A65BB7;A359;N509DN;DAL;DAL;HND;RJTT;SEA;KSEA;2026-01-20T16:32:00Z
3dfbc063;AA2111;AAL2111;4.042.299;-7.423.843;37;8850;312;-1664;3135;2026-01-20T13:39:59Z;ADSB;AB7270;A319;N837AW;AAL;AAL;CLT;KCLT;LGA;KLGA;2026-01-20T13:48:50Z
3dfb55ab;DL33;DAL33;5.550.335;-554.522;236;38000;420;0;706;2026-01-20T13:39:58Z;ADSB;A50E93;A339;N425DX;DAL;DAL;LHR;EGLL;ATL;KATL;2026-01-20T18:05:52Z
3dfb6bb5;AF158;AFR158K;636.931;-4.398.588;258;36000;461;0;3464;2026-01-20T13:39:54Z;ADSB;3949F4;B772;F-GSPU;AFR;AFR;CDG;LFPG;DFW;KDFW;2026-01-20T19:39:44Z
3dfb459f;DL57;DAL57;693.855;-6.763.326;248;38000;474;0;3065;2026-01-20T13:39:55Z;ESTIMATED;AB00D6;A333;N808NW;DAL;DAL;AMS;EHAM;SLC;KSLC;2026-01-20T18:52:48Z
3dfbe8e0;DL1794;DAL1794;1.237.981;-8.384.927;9;35425;493;1024;4614;2026-01-20T13:39:58Z;ADSB;A93D9F;B752;N695DL;DAL;DAL;SJO;MROC;ATL;KATL;2026-01-20T16:42:40Z
3dfbe9c7;AA3193;AAL3193;2.649.013;-8.071.692;338;18875;398;1344;6052;2026-01-20T13:39:57Z;ADSB;AC7A33;A319;N9029F;AAL;AAL;MIA;KMIA;EGE;KEGE;2026-01-20T17:44:32Z
3dfbfb71;DL1930;DAL1930;4.064.489;-7.376.988;2;0;9;0;3060;2026-01-20T13:39:59Z;ADSB;A8DE10;B752;N6700;;;JFK;KJFK;STT;TIST;
3dfb5e2d;KL623;KLM623;5.791.269;-507.163;253;36000;457;0;2000;2026-01-20T13:39:55Z;ESTIMATED;485E2E;B78X;PH-BKH;KLM;KLM;AMS;EHAM;ATL;KATL;2026-01-20T18:25:04Z
3dfbfe28;UA3929;UAL3929;3.810.692;-12.155.381;76;26425;496;1792;3235;2026-01-20T13:39:59Z;ADSB;A2E045;B739;N28478;UAL;UAL;SFO;KSFO;IAD;KIAD;2026-01-20T17:55:12Z
3dfb9bef;UA2115;UAL2115;4.335.121;-9.342.865;260;36000;383;0;7172;2026-01-20T13:39:58Z;ADSB;A16E7D;B752;N19117;UAL;UAL;EWR;KEWR;SFO;KSFO;2026-01-20T17:12:32Z
3dfbb609;DL966;DAL966;4.495.999;-9.675.568;292;38000;388;0;4021;2026-01-20T13:39:59Z;ADSB;A4A0CD;B738;N398DA;DAL;DAL;CVG;KCVG;SEA;KSEA;2026-01-20T16:32:00Z
3dfb2fe8;DL120;DAL120;5.784.828;-1.657.912;75;39000;497;0;7425;2026-01-20T13:39:59Z;ADSB;A68946;A359;N520DN;DAL;DAL;HND;RJTT;MSP;KMSP;2026-01-20T19:09:52Z
3dfb1035;DL274;DAL274;5.854.414;-15.078.177;95;39000;506;0;6264;2026-01-20T13:39:59Z;ADSB;A65800;A359;N508DN;DAL;DAL;HND;RJTT;DTW;KDTW;2026-01-20T18:54:56Z
3df77bd0;DL274;DAL274;4.221.032;-8.335.699;118;0;0;0;6527;2026-01-20T13:39:48Z;ADSB;A661C7;A359;N510DN;DAL;DAL;HND;RJTT;DTW;KDTW;2026-01-19T18:59:44Z
3dfc08be;DL713;DAL713;4.063.697;-7.378.268;171;0;0;0;0;2026-01-20T13:39:58Z;ADSB;ABCA08;A332;N859NW;DAL;DAL;JFK;KJFK;LAX;KLAX;
3dfbef7c;UA297;UAL297;4.160.637;-7.593.906;290;36000;364;-64;3054;2026-01-20T13:39:57Z;ADSB;A2B10C;B38M;N27252;UAL;UAL;EWR;KEWR;BZN;KBZN;2026-01-20T17:38:08Z
3dfb6660;AF338;AFR338;7.288.889;-5.305.233;276;40000;516;0;2777;2026-01-20T13:39:59Z;ADSB;39D2B3;A359;F-HUVT;AFR;AFR;CDG;LFPG;SEA;KSEA;2026-01-20T18:48:32Z
3dfbe93a;UA1256;UAL1256;3.634.161;-8.323.903;295;38000;339;0;7125;2026-01-20T13:39:59Z;ADSB;A288FF;B738;N26210;UAL;UAL;CLT;KCLT;DEN;KDEN;2026-01-20T16:27:44Z
3dfbf396;UA1116;UAL1116;4.494.405;-9.347.992;269;11225;262;2368;3657;2026-01-20T13:39:57Z;ADSB;A28947;B738;N26232;UAL;UAL;MSP;KMSP;SFO;KSFO;2026-01-20T17:12:32Z
3dfbf6a2;UA1898;UAL1898;388.466;-7.841.605;258;34175;334;1216;577;2026-01-20T13:39:58Z;ADSB;A35843;B739;N31412;UAL;UAL;BWI;KBWI;IAH;KIAH;2026-01-20T16:27:44Z
3dfbeb3c;DL1368;DAL1368;3.975.449;-7.622.762;229;38000;338;0;7177;2026-01-20T13:39:58Z;ADSB;A3D4C6;A319;N346NB;DAL;DAL;JFK;KJFK;MSY;KMSY;2026-01-20T16:02:08Z
3dfb54ee;BA117;BAW17R;5.319.194;-5.622.415;234;38000;393;0;751;2026-01-20T13:39:57Z;ADSB;400685;B772;G-VIIM;BAW;BAW;LHR;EGLL;JFK;KJFK;2026-01-20T16:27:44Z
3dfb79f6;BA195;BAW26E;5.873.227;-4.585.427;253;37975;449;-64;2000;2026-01-20T13:39:59Z;ADSB;40749B;B789;G-ZBKR;BAW;BAW;LHR;EGLL;IAH;KIAH;2026-01-20T19:48:16Z
3dfb76b5;AF84;AFR84T;6.758.482;-4.107.723;281;34000;491;0;3045;2026-01-20T13:40:00Z;ADSB;3965A0;B77W;F-GZNA;AFR;AFR;CDG;LFPG;SFO;KSFO;2026-01-20T20:43:44Z
3dfbebeb;DL8851;DAL8851;3.380.832;-8.516.271;287;23225;314;2560;7120;2026-01-20T13:44:58Z;ADSB;A8DEF1;B752;N6706Q;DAL;DAL;ATL;KATL;DEN;KDEN;2026-01-20T16:15:59Z
3dfbb575;AA1349;AAL1349;3.828.896;-8.198.723;250;40000;335;0;3031;2026-01-20T13:44:58Z;ADSB;ADC65E;B738;N987NN;AAL;AAL;JFK;KJFK;AUS;KAUS;2026-01-20T16:14:56Z
3dfbcb4e;DL2301;DAL2301;4.488.258;-9.321.734;300;0;0;0;2637;2026-01-20T13:44:51Z;ADSB;A7824E;B753;N583NW;DAL;DAL;MSP;KMSP;TPA;KTPA;
3dfb5ea7;UA905;UAL905;5.723.466;-5.451.902;249;36000;426;0;2000;2026-01-20T13:45:00Z;ESTIMATED;A9178D;B763;N685UA;UAL;UAL;LHR;EGLL;EWR;KEWR;2026-01-20T16:55:28Z
3dfb5a0f;KL661;KLM661;5.832.894;-5.855.216;244;35975;459;0;0;2026-01-20T13:45:00Z;ESTIMATED;4851B0;B789;PH-BHE;KLM;KLM;AMS;EHAM;IAH;KIAH;2026-01-20T18:59:12Z
3dfb6bff;AF636;AFR636P;6.312.032;-4.895.434;260;37000;469;0;2752;2026-01-20T13:44:59Z;ADSB;39D2A6;A359;F-HUVG;AFR;AFR;CDG;LFPG;IAH;KIAH;2026-01-20T19:48:16Z
3dfc13ad;UA654;UAL654;3.394.114;-11.840.009;95;0;0;0;1021;2026-01-20T13:44:56Z;ADSB;A0A8DF;B752;N14107;UAL;UAL;LAX;KLAX;IAH;KIAH;
3dfbc8a3;UA4200;UAL4200;880.736;-7.815.427;349;40000;516;0;1454;2026-01-20T13:44:58Z;ADSB;A8EC57;B763;N674UA;UAL;UAL;MDE;SKRG;EWR;KEWR;2026-01-20T17:39:58Z
3dfb1d91;DL166;DAL166;560.901;-15.664.639;88;37000;510;0;6271;2026-01-20T13:44:59Z;ADSB;A65BB7;A359;N509DN;DAL;DAL;HND;RJTT;SEA;KSEA;2026-01-20T16:32:00Z
3dfbc063;AA2111;AAL2111;4.071.432;-7.390.454;63;3300;273;-1344;3135;2026-01-20T13:44:59Z;ADSB;AB7270;A319;N837AW;AAL;AAL;CLT;KCLT;LGA;KLGA;2026-01-20T13:48:15Z
3dfb55ab;DL33;DAL33;551.799;-5.628.412;235;38000;411;0;706;2026-01-20T13:44:59Z;ADSB;A50E93;A339;N425DX;DAL;DAL;LHR;EGLL;ATL;KATL;2026-01-20T18:08:00Z
3dfb6bb5;AF158;AFR158K;6.355.486;-4.540.766;257;36000;460;-64;3464;2026-01-20T13:44:59Z;ADSB;3949F4;B772;F-GSPU;AFR;AFR;CDG;LFPG;DFW;KDFW;2026-01-20T19:39:44Z
3dfbe8e0;DL1794;DAL1794;1.306.917;-8.372.536;9;36000;503;0;4614;2026-01-20T13:44:59Z;ADSB;A93D9F;B752;N695DL;DAL;DAL;SJO;MROC;ATL;KATL;2026-01-20T16:40:32Z
3dfbe9c7;AA3193;AAL3193;2.703.841;-8.096.085;327;25525;434;1216;6052;2026-01-20T13:44:59Z;ADSB;AC7A33;A319;N9029F;AAL;AAL;MIA;KMIA;EGE;KEGE;2026-01-20T17:44:32Z
3dfb53b3;UA6;UAL6;5.451.834;-1.712.328;81;35000;485;0;7456;2026-01-20T13:45:00Z;ESTIMATED;A31A76;B789;N29984;UAL;UAL;NRT;RJAA;IAH;KIAH;2026-01-20T20:48:00Z
3dfbfb71;DL1930;DAL1930;4.064.959;-7.377.219;120;0;0;0;3060;2026-01-20T13:44:59Z;ADSB;A8DE10;B752;N6700;;;JFK;KJFK;STT;TIST;
3dfa9c2b;DL42;DAL42;1.816.927;-1.420.262;50;41000;487;0;2000;2026-01-20T13:44:55Z;ESTIMATED;A6A347;A359;N527DN;DAL;DAL;SYD;YSSY;LAX;KLAX;2026-01-20T17:01:52Z
3dfbfe28;UA3929;UAL3929;3.825.142;-12.071.413;79;36750;475;960;3235;2026-01-20T13:44:57Z;ADSB;A2E045;B739;N28478;UAL;UAL;SFO;KSFO;IAD;KIAD;2026-01-20T17:53:04Z
3dfb9bef;UA2115;UAL2115;4.325.918;-9.414.819;259;36000;386;0;7172;2026-01-20T13:44:58Z;ADSB;A16E7D;B752;N19117;UAL;UAL;EWR;KEWR;SFO;KSFO;2026-01-20T17:14:40Z
3dfbb609;DL966;DAL966;4.516.149;-9.745.389;291;38000;385;0;4021;2026-01-20T13:44:59Z;ADSB;A4A0CD;B738;N398DA;DAL;DAL;CVG;KCVG;SEA;KSEA;2026-01-20T16:32:00Z
3dfb2fe8;DL120;DAL120;5.801.202;-16.453.099;76;39000;503;0;7425;2026-01-20T13:44:59Z;ADSB;A68946;A359;N520DN;DAL;DAL;HND;RJTT;MSP;KMSP;2026-01-20T19:09:52Z
3dfb1035;DL274;DAL274;5.847.597;-14.944.481;94;39000;510;0;6264;2026-01-20T13:44:58Z;ADSB;A65800;A359;N508DN;DAL;DAL;HND;RJTT;DTW;KDTW;2026-01-20T18:52:48Z
3df77bd0;DL274;DAL274;4.221.032;-8.335.699;118;0;0;0;6527;2026-01-20T13:44:52Z;ADSB;A661C7;A359;N510DN;DAL;DAL;HND;RJTT;DTW;KDTW;2026-01-19T18:59:44Z
3dfc08be;DL713;DAL713;4.063.337;-7.378.262;213;0;8;0;7106;2026-01-20T13:44:59Z;ADSB;ABCA08;A332;N859NW;DAL;DAL;JFK;KJFK;LAX;KLAX;
3dfbef7c;UA297;UAL297;417.832;-7.657.049;290;36000;365;0;3054;2026-01-20T13:44:57Z;ADSB;A2B10C;B38M;N27252;UAL;UAL;EWR;KEWR;BZN;KBZN;2026-01-20T17:38:08Z
3dfb6660;AF338;AFR338;7.295.448;-5.546.379;274;40000;518;64;2777;2026-01-20T13:44:58Z;ADSB;39D2B3;A359;F-HUVT;AFR;AFR;CDG;LFPG;SEA;KSEA;2026-01-20T18:48:32Z
3dfbe93a;UA1256;UAL1256;365.386;-8.376.503;294;38000;331;0;7125;2026-01-20T13:44:59Z;ADSB;A288FF;B738;N26210;UAL;UAL;CLT;KCLT;DEN;KDEN;2026-01-20T16:27:44Z
3dfbf396;UA1116;UAL1116;4.493.857;-9.412.144;273;23650;355;1984;3657;2026-01-20T13:44:59Z;ADSB;A28947;B738;N26232;UAL;UAL;MSP;KMSP;SFO;KSFO;2026-01-20T17:12:32Z
3dfbfc5c;DL8800;DAL8800;4.478.746;-9.322.749;174;4050;240;2624;2603;2026-01-20T13:44:59Z;ADSB;ACB878;B739;N919DU;DAL;DAL;MSP;KMSP;MIA;KMIA;2026-01-20T16:59:08Z
3dfbf6a2;UA1898;UAL1898;3.875.036;-789.953;257;36000;336;0;577;2026-01-20T13:44:59Z;ADSB;A35843;B739;N31412;UAL;UAL;BWI;KBWI;IAH;KIAH;2026-01-20T16:27:44Z
3dfbeb3c;DL1368;DAL1368;3.945.364;-7.667.884;229;37975;333;0;7177;2026-01-20T13:44:59Z;ADSB;A3D4C6;A319;N346NB;DAL;DAL;JFK;KJFK;MSY;KMSY;2026-01-20T16:00:00Z
3dfb54ee;BA117;BAW17R;5.287.354;-5.696.869;234;38000;398;0;751;2026-01-20T13:44:59Z;ADSB;400685;B772;G-VIIM;BAW;BAW;LHR;EGLL;JFK;KJFK;2026-01-20T16:27:44Z
3dfb79f6;BA195;BAW26E;5.854.582;-4.700.281;252;37975;455;-64;2000;2026-01-20T13:44:59Z;ADSB;40749B;B789;G-ZBKR;BAW;BAW;LHR;EGLL;IAH;KIAH;2026-01-20T19:46:08Z
3dfb76b5;AF84;AFR84T;6.769.862;-4.273.335;279;34000;490;0;3045;2026-01-20T13:45:00Z;ADSB;3965A0;B77W;F-GZNA;AFR;AFR;CDG;LFPG;SFO;KSFO;2026-01-20T20:43:44Z
3dfbebeb;DL8851;DAL8851;3.385.332;-8.570.098;288;34625;335;2432;7120;2026-01-20T13:49:58Z;ADSB;A8DEF1;B752;N6706Q;DAL;DAL;ATL;KATL;DEN;KDEN;2026-01-20T16:18:07Z
3dfbcb4e;DL2301;DAL2301;4.488.704;-9.322.775;213;0;0;0;2637;2026-01-20T13:49:59Z;ADSB;A7824E;B753;N583NW;DAL;DAL;MSP;KMSP;TPA;KTPA;
3dfbb575;AA1349;AAL1349;3.813.313;-8.253.616;250;40000;327;0;3031;2026-01-20T13:49:58Z;ADSB;ADC65E;B738;N987NN;AAL;AAL;JFK;KJFK;AUS;KAUS;2026-01-20T16:14:56Z
3dfc18c5;AA3052;AAL3052;3.885.452;-7.704.088;241;0;0;0;2000;2026-01-20T13:49:51Z;ADSB;AB4EA8;A319;N828AW;AAL;AAL;DCA;KDCA;FLL;KFLL;
3dfb5cc2;KL689;KLM689;5.752.427;-6.153.183;241;37975;457;0;0;2026-01-20T13:49:54Z;ESTIMATED;485785;B789;PH-BHN;KLM;KLM;AMS;EHAM;CUN;MMUN;2026-01-20T19:41:52Z
3dfb6bff;AF636;AFR636P;6.300.041;-5.034.475;257;37000;464;0;2752;2026-01-20T13:49:58Z;ADSB;39D2A6;A359;F-HUVG;AFR;AFR;CDG;LFPG;IAH;KIAH;2026-01-20T19:50:24Z
3dfc13ad;UA654;UAL654;3.394.042;-1.184.007;174;0;0;0;1021;2026-01-20T13:49:57Z;ADSB;A0A8DF;B752;N14107;UAL;UAL;LAX;KLAX;IAH;KIAH;
3dfbc8a3;UA4200;UAL4200;949.717;-7.828.246;349;40025;497;0;1454;2026-01-20T13:49:58Z;ADSB;A8EC57;B763;N674UA;UAL;UAL;MDE;SKRG;EWR;KEWR;2026-01-20T17:50:47Z
3dfb1d91;DL166;DAL166;5.610.045;-15.540.369;89;39000;494;-64;6271;2026-01-20T13:49:58Z;ADSB;A65BB7;A359;N509DN;DAL;DAL;HND;RJTT;SEA;KSEA;2026-01-20T16:34:08Z
3dfbc063;AA2111;AAL2111;408.967;-737.583;248;1650;162;-128;3135;2026-01-20T13:49:58Z;ADSB;AB7270;A319;N837AW;AAL;AAL;CLT;KCLT;LGA;KLGA;2026-01-20T13:52:53Z
3dfb55ab;DL33;DAL33;5.485.637;-5.708.904;234;38000;409;0;706;2026-01-20T13:49:58Z;ADSB;A50E93;A339;N425DX;DAL;DAL;LHR;EGLL;ATL;KATL;2026-01-20T18:10:08Z
3dfb6bb5;AF158;AFR158K;6.341.513;-4.668.941;255;36000;459;0;3464;2026-01-20T13:49:54Z;ADSB;3949F4;B772;F-GSPU;AFR;AFR;CDG;LFPG;DFW;KDFW;2026-01-20T19:39:44Z
3dfbe8e0;DL1794;DAL1794;1.375.102;-8.360.215;9;36000;487;0;4614;2026-01-20T13:49:55Z;ADSB;A93D9F;B752;N695DL;DAL;DAL;SJO;MROC;ATL;KATL;2026-01-20T16:42:40Z
3dfbe9c7;AA3193;AAL3193;2.752.492;-8.138.828;321;31950;447;1280;6052;2026-01-20T13:49:59Z;ADSB;AC7A33;A319;N9029F;AAL;AAL;MIA;KMIA;EGE;KEGE;2026-01-20T17:42:24Z
3dfc1880;AA1293;AAL1293;4.197.434;-8.790.008;275;0;0;0;0;2026-01-20T13:49:43Z;ADSB;A3C291;B38M;N341RW;AAL;AAL;ORD;KORD;MCO;KMCO;
3dfbf6a5;AA3317;AAL3317;4.071.671;-7.404.242;175;11675;277;0;2750;2026-01-20T13:49:58Z;ADSB;ACF849;B738;N935AN;AAL;AAL;LGA;KLGA;PBI;KPBI;2026-01-20T16:10:40Z
3dfbfb71;DL1930;DAL1930;4.064.803;-7.376.875;120;0;12;0;3060;2026-01-20T13:49:59Z;ADSB;A8DE10;B752;N6700;;;JFK;KJFK;STT;TIST;
3dfbfe28;UA3929;UAL3929;3.836.696;-11.986.341;80;41000;486;0;3235;2026-01-20T13:49:57Z;ADSB;A2E045;B739;N28478;UAL;UAL;SFO;KSFO;IAD;KIAD;2026-01-20T17:53:04Z
3dfb9bef;UA2115;UAL2115;4.316.107;-9.487.646;259;36000;391;0;7172;2026-01-20T13:49:59Z;ADSB;A16E7D;B752;N19117;UAL;UAL;EWR;KEWR;SFO;KSFO;2026-01-20T17:12:32Z
3dfbb609;DL966;DAL966;4.535.834;-981.548;291;38000;387;0;4021;2026-01-20T13:49:58Z;ADSB;A4A0CD;B738;N398DA;DAL;DAL;CVG;KCVG;SEA;KSEA;2026-01-20T16:32:00Z
3dfb2fe8;DL120;DAL120;5.816.409;-16.325.079;77;39000;507;0;7425;2026-01-20T13:49:59Z;ADSB;A68946;A359;N520DN;DAL;DAL;HND;RJTT;MSP;KMSP;2026-01-20T19:09:52Z
3dfb1035;DL274;DAL274;5.840.758;-14.809.039;96;39000;516;0;6264;2026-01-20T13:49:58Z;ADSB;A65800;A359;N508DN;DAL;DAL;HND;RJTT;DTW;KDTW;2026-01-20T18:50:40Z
3df77bd0;DL274;DAL274;4.221.032;-8.335.699;118;0;0;0;6527;2026-01-20T13:49:53Z;ADSB;A661C7;A359;N510DN;DAL;DAL;HND;RJTT;DTW;KDTW;2026-01-19T18:59:44Z
3dfc08be;DL713;DAL713;4.048.407;-7.400.861;233;10050;228;2048;7106;2026-01-20T13:49:59Z;ADSB;ABCA08;A332;N859NW;DAL;DAL;JFK;KJFK;LAX;KLAX;2026-01-20T19:26:56Z
3dfbef7c;UA297;UAL297;4.196.056;-7.722.092;289;36000;375;0;3054;2026-01-20T13:49:58Z;ADSB;A2B10C;B38M;N27252;UAL;UAL;EWR;KEWR;BZN;KBZN;2026-01-20T17:38:08Z
3dfb6eb6;BA175;BAW7NY;5.685.198;-5.052.121;246;38000;444;0;2000;2026-01-20T13:49:56Z;ESTIMATED;4005C1;B772;G-RAES;BAW;BAW;LHR;EGLL;JFK;KJFK;2026-01-20T16:59:44Z
3dfb6660;AF338;AFR338;729.913;-578.825;271;40000;514;0;2777;2026-01-20T13:49:58Z;ADSB;39D2B3;A359;F-HUVT;AFR;AFR;CDG;LFPG;SEA;KSEA;2026-01-20T18:50:40Z
3dfbe93a;UA1256;UAL1256;3.673.074;-8.428.699;294;38000;338;0;7125;2026-01-20T13:49:59Z;ADSB;A288FF;B738;N26210;UAL;UAL;CLT;KCLT;DEN;KDEN;2026-01-20T16:27:44Z
3dfbf396;UA1116;UAL1116;4.496.802;-9.485.247;273;32050;379;1216;3657;2026-01-20T13:49:59Z;ADSB;A28947;B738;N26232;UAL;UAL;MSP;KMSP;SFO;KSFO;2026-01-20T17:12:32Z
3dfbfc5c;DL8800;DAL8800;4.436.396;-9.297.187;161;17925;425;3072;2603;2026-01-20T13:49:58Z;ADSB;ACB878;B739;N919DU;DAL;DAL;MSP;KMSP;MIA;KMIA;2026-01-20T17:17:30Z
3dfbf6a2;UA1898;UAL1898;3.865.329;-7.957.648;257;36000;336;-64;577;2026-01-20T13:49:58Z;ADSB;A35843;B739;N31412;UAL;UAL;BWI;KBWI;IAH;KIAH;2026-01-20T16:27:44Z
3dfbeb3c;DL1368;DAL1368;3.914.578;-7.713.361;228;38025;335;0;7177;2026-01-20T13:49:58Z;ADSB;A3D4C6;A319;N346NB;DAL;DAL;JFK;KJFK;MSY;KMSY;2026-01-20T16:02:08Z
3dfb54ee;BA117;BAW17R;5.255.082;-577.042;233;38000;402;0;751;2026-01-20T13:49:58Z;ADSB;400685;B772;G-VIIM;BAW;BAW;LHR;EGLL;JFK;KJFK;2026-01-20T16:27:44Z
3dfb79f6;BA195;BAW26E;583.493;-4.813.819;251;37975;452;-64;2000;2026-01-20T13:49:58Z;ADSB;40749B;B789;G-ZBKR;BAW;BAW;LHR;EGLL;IAH;KIAH;2026-01-20T19:56:48Z
3dfb76b5;AF84;AFR84T;6.777.596;-4.399.524;278;34000;30;0;3045;2026-01-20T13:49:54Z;ADSB;3965A0;B77W;F-GZNA;AFR;AFR;CDG;LFPG;SFO;KSFO;2026-01-20T20:48:00Z
3dfbebeb;DL8851;DAL8851;3.400.337;-862.165;289;40000;339;0;7120;2026-01-20T13:54:59Z;ADSB;A8DEF1;B752;N6706Q;DAL;DAL;ATL;KATL;DEN;KDEN;2026-01-20T16:19:21Z
3dfbcb4e;DL2301;DAL2301;4.488.704;-9.322.776;213;0;0;0;2637;2026-01-20T13:55:00Z;ADSB;A7824E;B753;N583NW;DAL;DAL;MSP;KMSP;TPA;KTPA;
3dfbb575;AA1349;AAL1349;3.796.138;-8.307.423;245;40000;331;0;3031;2026-01-20T13:54:59Z;ADSB;ADC65E;B738;N987NN;AAL;AAL;JFK;KJFK;AUS;KAUS;2026-01-20T16:14:56Z
3dfc18c5;AA3052;AAL3052;3.885.452;-7.704.088;241;0;0;0;2000;2026-01-20T13:54:56Z;ADSB;AB4EA8;A319;N828AW;AAL;AAL;DCA;KDCA;FLL;KFLL;
3dfb5ea7;UA905;UAL905;5.680.471;-5.656.316;246;36025;428;0;2000;2026-01-20T13:54:59Z;ESTIMATED;A9178D;B763;N685UA;UAL;UAL;LHR;EGLL;EWR;KEWR;2026-01-20T16:55:28Z
3dfb5a0f;KL661;KLM661;577.743;-6.064.711;242;35975;454;0;0;2026-01-20T13:54:54Z;ESTIMATED;4851B0;B789;PH-BHE;KLM;KLM;AMS;EHAM;IAH;KIAH;2026-01-20T18:59:12Z
3dfb6bff;AF636;AFR636P;6.285.553;-5.172.668;256;37000;463;0;2752;2026-01-20T13:55:00Z;ADSB;39D2A6;A359;F-HUVG;AFR;AFR;CDG;LFPG;IAH;KIAH;2026-01-20T19:50:24Z
3dfb8063;BA53;BAW5EA;7.288.229;-4.842.903;285;40000;515;0;0;2026-01-20T13:54:59Z;ADSB;400774;B772;G-VIIW;BAW;BAW;LHR;EGLL;SEA;KSEA;2026-01-20T19:26:56Z
3dfc13ad;UA654;UAL654;3.393.917;-11.839.636;84;0;2;0;1021;2026-01-20T13:54:59Z;ADSB;A0A8DF;B752;N14107;UAL;UAL;LAX;KLAX;IAH;KIAH;
3dfbc8a3;UA4200;UAL4200;1.018.918;-7.841.203;349;40025;506;0;1454;2026-01-20T13:54:59Z;ADSB;A8EC57;B763;N674UA;UAL;UAL;MDE;SKRG;EWR;KEWR;2026-01-20T17:46:14Z
3dfb1d91;DL166;DAL166;5.609.843;-15.418.016;90;39000;496;0;6271;2026-01-20T13:54:58Z;ADSB;A65BB7;A359;N509DN;DAL;DAL;HND;RJTT;SEA;KSEA;2026-01-20T16:36:16Z
3dfb55ab;DL33;DAL33;5.452.405;-5.788.947;234;38000;410;0;706;2026-01-20T13:55:00Z;ADSB;A50E93;A339;N425DX;DAL;DAL;LHR;EGLL;ATL;KATL;2026-01-20T18:08:00Z
3dfb459f;DL57;DAL57;6.861.692;-7.245.695;243;38000;465;0;3065;2026-01-20T13:54:54Z;ESTIMATED;AB00D6;A333;N808NW;DAL;DAL;AMS;EHAM;SLC;KSLC;2026-01-20T18:52:48Z
3dfb6bb5;AF158;AFR158K;6.324.628;-481.311;254;36000;456;0;3464;2026-01-20T13:54:59Z;ADSB;3949F4;B772;F-GSPU;AFR;AFR;CDG;LFPG;DFW;KDFW;2026-01-20T19:39:44Z
3dfbe8e0;DL1794;DAL1794;1.440.234;-8.348.367;10;36000;492;0;4614;2026-01-20T13:54:56Z;ADSB;A93D9F;B752;N695DL;DAL;DAL;SJO;MROC;ATL;KATL;2026-01-20T16:42:40Z
3dfbe9c7;AA3193;AAL3193;2.798.604;-8.179.925;321;36025;419;0;6052;2026-01-20T13:54:58Z;ADSB;AC7A33;A319;N9029F;AAL;AAL;MIA;KMIA;EGE;KEGE;2026-01-20T17:44:32Z
3dfb53b3;UA6;UAL6;5.536.765;-1.691.723;79;37000;496;-64;7456;2026-01-20T13:54:59Z;ADSB;A31A76;B789;N29984;UAL;UAL;NRT;RJAA;IAH;KIAH;2026-01-20T20:50:08Z
3dfc1880;AA1293;AAL1293;4.197.434;-8.790.008;275;0;0;0;1373;2026-01-20T13:54:57Z;ADSB;A3C291;B38M;N341RW;AAL;AAL;ORD;KORD;MCO;KMCO;
3dfc075e;AA2731;AAL2731;3.985.961;-752.796;251;825;154;2752;1120;2026-01-20T13:54:58Z;ADSB;AAE958;B788;N802AN;AAL;AAL;PHL;KPHL;DFW;KDFW;
3dfbf6a5;AA3317;AAL3317;405.293;-7.415.515;169;16700;336;-128;2750;2026-01-20T13:55:00Z;ADSB;ACF849;B738;N935AN;AAL;AAL;LGA;KLGA;PBI;KPBI;2026-01-20T16:08:32Z
3dfb80ef;LH456;DLH456;7.379.672;-3.772.876;288;33000;536;0;2060;2026-01-20T13:54:56Z;ESTIMATED;3C4B2D;B748;D-ABYM;DLH;DLH;FRA;EDDF;LAX;KLAX;2026-01-20T20:58:40Z
3dfa9c2b;DL42;DAL42;1.905.138;-14.089.552;50;41000;493;0;2000;2026-01-20T13:54:59Z;ESTIMATED;A6A347;A359;N527DN;DAL;DAL;SYD;YSSY;LAX;KLAX;2026-01-20T17:01:52Z
3dfbfe28;UA3929;UAL3929;3.847.916;-11.900.205;80;41000;494;0;3235;2026-01-20T13:54:59Z;ADSB;A2E045;B739;N28478;UAL;UAL;SFO;KSFO;IAD;KIAD;2026-01-20T17:53:04Z
3dfbb609;DL966;DAL966;4.558.617;-9.884.715;296;38000;390;0;4021;2026-01-20T13:54:58Z;ADSB;A4A0CD;B738;N398DA;DAL;DAL;CVG;KCVG;SEA;KSEA;2026-01-20T16:32:00Z
3dfb2fe8;DL120;DAL120;5.830.575;-16.193.573;79;39000;509;0;7425;2026-01-20T13:54:59Z;ADSB;A68946;A359;N520DN;DAL;DAL;HND;RJTT;MSP;KMSP;2026-01-20T19:05:36Z
3dfb1035;DL274;DAL274;5.832.713;-14.677.049;97;39000;523;0;6264;2026-01-20T13:54:59Z;ADSB;A65800;A359;N508DN;DAL;DAL;HND;RJTT;DTW;KDTW;2026-01-20T18:48:32Z
3dfb9bef;UA2115;UAL2115;4.305.913;-9.559.702;258;36000;382;0;7172;2026-01-20T13:54:59Z;ADSB;A16E7D;B752;N19117;UAL;UAL;EWR;KEWR;SFO;KSFO;2026-01-20T17:14:40Z
3dfc08be;DL713;DAL713;4.025.689;-7.440.104;232;16650;270;-64;7106;2026-01-20T13:55:00Z;ADSB;ABCA08;A332;N859NW;DAL;DAL;JFK;KJFK;LAX;KLAX;2026-01-20T19:26:56Z
3dfbef7c;UA297;UAL297;421.398;-7.788.589;289;36000;382;-64;3054;2026-01-20T13:54:59Z;ADSB;A2B10C;B38M;N27252;UAL;UAL;EWR;KEWR;BZN;KBZN;2026-01-20T17:42:24Z
3dfc1af7;AA1688;AAL1688;4.236.139;-7.102.085;354;0;0;0;1200;2026-01-20T13:54:59Z;ADSB;ADECA5;A321;N997AA;AAL;AAL;BOS;KBOS;CLT;KCLT;
3dfb6660;AF338;AFR338;7.300.003;-6.019.562;270;40000;514;0;2777;2026-01-20T13:54:59Z;ADSB;39D2B3;A359;F-HUVT;AFR;AFR;CDG;LFPG;SEA;KSEA;2026-01-20T18:50:40Z
3dfb6eb6;BA175;BAW7NY;5.665.332;-5.154.429;245;38000;433;0;2000;2026-01-20T13:54:54Z;ESTIMATED;4005C1;B772;G-RAES;BAW;BAW;LHR;EGLL;JFK;KJFK;2026-01-20T16:59:44Z
3dfbe93a;UA1256;UAL1256;3.692.467;-8.482.341;294;38000;340;0;7125;2026-01-20T13:54:59Z;ADSB;A288FF;B738;N26210;UAL;UAL;CLT;KCLT;DEN;KDEN;2026-01-20T16:27:44Z
3dfb3347;UA838;UAL838;4.993.294;-15.267.389;116;37000;471;0;6266;2026-01-20T13:54:59Z;ESTIMATED;AA92FF;B772;N78008;UAL;UAL;NRT;RJAA;SFO;KSFO;2026-01-20T17:10:24Z
3dfbfc5c;DL8800;DAL8800;4.376.897;-9.259.911;165;29550;499;1728;2603;2026-01-20T13:54:59Z;ADSB;ACB878;B739;N919DU;DAL;DAL;MSP;KMSP;MIA;KMIA;2026-01-20T16:37:11Z
3dfbf396;UA1116;UAL1116;44.994;-9.561.113;272;37300;386;704;3657;2026-01-20T13:54:59Z;ADSB;A28947;B738;N26232;UAL;UAL;MSP;KMSP;SFO;KSFO;2026-01-20T17:14:40Z
3dfbf6a2;UA1898;UAL1898;3.855.052;-8.015.416;256;36000;334;0;577;2026-01-20T13:54:58Z;ADSB;A35843;B739;N31412;UAL;UAL;BWI;KBWI;IAH;KIAH;2026-01-20T16:27:44Z
3dfbeb3c;DL1368;DAL1368;3.883.327;-7.758.905;228;38000;335;64;7177;2026-01-20T13:55:00Z;ADSB;A3D4C6;A319;N346NB;DAL;DAL;JFK;KJFK;MSY;KMSY;2026-01-20T16:02:08Z
3dfb54ee;BA117;BAW17R;5.221.596;-5.844.543;233;38000;405;0;751;2026-01-20T13:54:59Z;ADSB;400685;B772;G-VIIM;BAW;BAW;LHR;EGLL;JFK;KJFK;2026-01-20T16:25:36Z
3dfb79f6;BA195;BAW26E;5.814.061;-4.926.814;250;38000;570;0;2000;2026-01-20T13:54:56Z;ADSB;40749B;B789;G-ZBKR;BAW;BAW;LHR;EGLL;IAH;KIAH;2026-01-20T19:54:40Z
3dfb76b5;AF84;AFR84T;6.788.786;-4.628.453;276;34000;480;0;3045;2026-01-20T13:54:58Z;ADSB;3965A0;B77W;F-GZNA;AFR;AFR;CDG;LFPG;SFO;KSFO;2026-01-20T20:48:00Z
3dfbebeb;DL8851;DAL8851;3.415.599;-8.675.259;288;40000;342;0;7120;2026-01-20T13:59:58Z;ADSB;A8DEF1;B752;N6706Q;DAL;DAL;ATL;KATL;DEN;KDEN;2026-01-20T16:19:47Z
3dfc1f4a;UA1666;UAL1666;3.905.219;-8.465.421;47;0;0;0;0;2026-01-20T13:59:57Z;ADSB;A3C775;B738;N34222;UAL;UAL;CVG;KCVG;DEN;KDEN;
3dfbb575;AA1349;AAL1349;3.776.555;-8.360.148;244;40000;337;0;3031;2026-01-20T13:59:57Z;ADSB;ADC65E;B738;N987NN;AAL;AAL;JFK;KJFK;AUS;KAUS;2026-01-20T16:14:56Z
3dfc18c5;AA3052;AAL3052;3.885.452;-7.704.088;241;0;0;0;2000;2026-01-20T13:59:58Z;ADSB;AB4EA8;A319;N828AW;AAL;AAL;DCA;KDCA;FLL;KFLL;
3dfb5cc2;KL689;KLM689;5.688.953;-6.357.878;238;38000;458;0;0;2026-01-20T13:59:56Z;ESTIMATED;485785;B789;PH-BHN;KLM;KLM;AMS;EHAM;CUN;MMUN;2026-01-20T19:41:52Z
3dfb5a0f;KL661;KLM661;5.747.831;-6.169.078;241;35975;454;0;0;2026-01-20T13:59:56Z;ESTIMATED;4851B0;B789;PH-BHE;KLM;KLM;AMS;EHAM;IAH;KIAH;2026-01-20T18:59:12Z
3dfb5ea7;UA905;UAL905;5.622.208;-5.713.656;228;36000;417;64;0;2026-01-20T13:59:55Z;ADSB;A9178D;B763;N685UA;UAL;UAL;LHR;EGLL;EWR;KEWR;2026-01-20T16:57:36Z
3dfb6bff;AF636;AFR636P;6.269.962;-5.307.556;255;37000;466;0;2752;2026-01-20T13:59:58Z;ADSB;39D2A6;A359;F-HUVG;AFR;AFR;CDG;LFPG;IAH;KIAH;2026-01-20T19:52:32Z
3dfb8063;BA53;BAW5EA;7.301.765;-5.077.864;273;40000;506;0;2102;2026-01-20T13:59:58Z;ADSB;400774;B772;G-VIIW;BAW;BAW;LHR;EGLL;SEA;KSEA;2026-01-20T19:26:56Z
3dfbc8a3;UA4200;UAL4200;1.088.075;-7.854.136;349;40000;503;0;1454;2026-01-20T13:59:59Z;ADSB;A8EC57;B763;N674UA;UAL;UAL;MDE;SKRG;EWR;KEWR;2026-01-20T17:45:53Z
3dfb1d91;DL166;DAL166;5.608.455;-15.297.354;91;39000;450;0;6271;2026-01-20T13:59:54Z;ADSB;A65BB7;A359;N509DN;DAL;DAL;HND;RJTT;SEA;KSEA;2026-01-20T16:36:16Z
3dfbc063;AA2111;AAL2111;4.077.597;-7.387.405;135;0;0;0;3135;2026-01-20T13:59:58Z;ADSB;AB7270;A319;N837AW;AAL;AAL;CLT;KCLT;LGA;KLGA;2026-01-20T13:54:12Z
3dfb459f;DL57;DAL57;6.831.969;-7.405.434;242;38000;463;0;3065;2026-01-20T13:59:56Z;ESTIMATED;AB00D6;A333;N808NW;DAL;DAL;AMS;EHAM;SLC;KSLC;2026-01-20T18:52:48Z
3dfb55ab;DL33;DAL33;541.916;-5.866.562;233;38000;410;0;706;2026-01-20T13:59:57Z;ADSB;A50E93;A339;N425DX;DAL;DAL;LHR;EGLL;ATL;KATL;2026-01-20T18:10:08Z
3dfb6bb5;AF158;AFR158K;6.307.344;-4.946.499;253;36000;456;0;3464;2026-01-20T13:59:57Z;ADSB;3949F4;B772;F-GSPU;AFR;AFR;CDG;LFPG;DFW;KDFW;2026-01-20T19:39:44Z
3dfbe8e0;DL1794;DAL1794;15.103;-8.335.568;10;36000;511;0;0;2026-01-20T13:59:50Z;ADSB;A93D9F;B752;N695DL;DAL;DAL;SJO;MROC;ATL;KATL;2026-01-20T16:40:32Z
3dfbe9c7;AA3193;AAL3193;2.843.848;-8.220.726;321;36000;414;0;6052;2026-01-20T13:59:58Z;ADSB;AC7A33;A319;N9029F;AAL;AAL;MIA;KMIA;EGE;KEGE;2026-01-20T17:44:32Z
3dfb53b3;UA6;UAL6;5.548.985;-16.798.354;80;36975;503;128;7456;2026-01-20T13:59:57Z;ADSB;A31A76;B789;N29984;UAL;UAL;NRT;RJAA;IAH;KIAH;2026-01-20T20:48:00Z
3dfc1880;AA1293;AAL1293;4.197.433;-8.790.009;275;0;0;0;1373;2026-01-20T13:59:56Z;ADSB;A3C291;B38M;N341RW;AAL;AAL;ORD;KORD;MCO;KMCO;
3dfc075e;AA2731;AAL2731;3.991.794;-7.566.296;270;10700;320;1600;1120;2026-01-20T13:59:57Z;ADSB;AAE958;B788;N802AN;AAL;AAL;PHL;KPHL;DFW;KDFW;2026-01-20T16:38:24Z
3dfbf6a5;AA3317;AAL3317;4.010.587;-7.423.462;187;16925;314;2304;2750;2026-01-20T13:59:57Z;ADSB;ACF849;B738;N935AN;AAL;AAL;LGA;KLGA;PBI;KPBI;2026-01-20T16:12:48Z
3dfbfb71;DL1930;DAL1930;4.049.652;-7.361.798;112;10600;335;2112;3060;2026-01-20T13:59:59Z;ADSB;A8DE10;B752;N6700;;;JFK;KJFK;STT;TIST;2026-01-20T17:14:40Z
3dfb71d2;LH454;DLH454;7.476.405;-5.053.285;280;34000;514;0;3256;2026-01-20T13:59:54Z;ESTIMATED;3C4B2A;B748;D-ABYJ;DLH;DLH;FRA;EDDF;SFO;KSFO;2026-01-20T20:22:24Z
3dfa9c2b;DL42;DAL42;1.948.277;-14.033.495;51;41000;493;0;2000;2026-01-20T13:59:58Z;ESTIMATED;A6A347;A359;N527DN;DAL;DAL;SYD;YSSY;LAX;KLAX;2026-01-20T17:01:52Z
3dfbfe28;UA3929;UAL3929;3.858.259;-11.814.337;81;41000;490;0;3235;2026-01-20T13:59:57Z;ADSB;A2E045;B739;N28478;UAL;UAL;SFO;KSFO;IAD;KIAD;2026-01-20T17:55:12Z
3dfbb609;DL966;DAL966;4.582.565;-9.954.197;295;38000;391;0;4021;2026-01-20T13:59:57Z;ADSB;A4A0CD;B738;N398DA;DAL;DAL;CVG;KCVG;SEA;KSEA;2026-01-20T16:32:00Z
3dfb2fe8;DL120;DAL120;584.317;-16.063.315;80;39000;506;0;7425;2026-01-20T13:59:57Z;ADSB;A68946;A359;N520DN;DAL;DAL;HND;RJTT;MSP;KMSP;2026-01-20T19:07:44Z
3dfb1035;DL274;DAL274;5.827.674;-14.542.432;84;39000;526;0;6264;2026-01-20T13:59:58Z;ESTIMATED;A65800;A359;N508DN;DAL;DAL;HND;RJTT;DTW;KDTW;2026-01-20T18:48:32Z
3dfb9bef;UA2115;UAL2115;4.294.601;-9.628.992;255;36000;377;0;7172;2026-01-20T13:59:57Z;ADSB;A16E7D;B752;N19117;UAL;UAL;EWR;KEWR;SFO;KSFO;2026-01-20T17:14:40Z
3dfc08be;DL713;DAL713;4.017.348;-7.486.237;263;23975;278;128;7106;2026-01-20T13:59:57Z;ADSB;ABCA08;A332;N859NW;DAL;DAL;JFK;KJFK;LAX;KLAX;2026-01-20T19:26:56Z
3df77bd0;DL274;DAL274;4.221.032;-8.335.699;118;0;0;0;6527;2026-01-20T13:59:42Z;ADSB;A661C7;A359;N510DN;DAL;DAL;HND;RJTT;DTW;KDTW;2026-01-19T18:59:44Z
3dfb5b3f;KL605;KLM373;7.239.883;-8.352.004;238;37975;526;0;0;2026-01-20T13:59:54Z;ESTIMATED;486071;B78X;PH-BKL;KLM;KLM;AMS;EHAM;SFO;KSFO;2026-01-20T19:09:52Z
3dfbef7c;UA297;UAL297;4.231.215;-7.855.312;288;36000;384;0;3054;2026-01-20T13:59:58Z;ADSB;A2B10C;B38M;N27252;UAL;UAL;EWR;KEWR;BZN;KBZN;2026-01-20T17:42:24Z
3dfc1af7;AA1688;AAL1688;4.236.141;-7.102.084;345;0;0;0;1200;2026-01-20T13:59:55Z;ADSB;ADECA5;A321;N997AA;AAL;AAL;BOS;KBOS;CLT;KCLT;
3dfb6eb6;BA175;BAW7NY;5.639.357;-5.251.226;243;38000;433;0;2000;2026-01-20T13:59:56Z;ESTIMATED;4005C1;B772;G-RAES;BAW;BAW;LHR;EGLL;JFK;KJFK;2026-01-20T16:59:44Z
3dfbe93a;UA1256;UAL1256;3.711.617;-8.536.166;293;38000;342;-64;7125;2026-01-20T13:59:57Z;ADSB;A288FF;B738;N26210;UAL;UAL;CLT;KCLT;DEN;KDEN;2026-01-20T16:27:44Z
3dfb3347;UA838;UAL838;496.496;-15.177.173;116;37000;471;0;6266;2026-01-20T13:59:56Z;ESTIMATED;AA92FF;B772;N78008;UAL;UAL;NRT;RJAA;SFO;KSFO;2026-01-20T17:10:24Z
3dfbfc5c;DL8800;DAL8800;4.309.401;-9.248.502;173;37375;496;1344;2603;2026-01-20T13:59:58Z;ADSB;ACB878;B739;N919DU;DAL;DAL;MSP;KMSP;MIA;KMIA;2026-01-20T16:36:52Z
3dfbf396;UA1116;UAL1116;4.501.471;-9.637.154;271;38000;393;0;3657;2026-01-20T13:59:57Z;ADSB;A28947;B738;N26232;UAL;UAL;MSP;KMSP;SFO;KSFO;2026-01-20T17:12:32Z
3dfbf6a2;UA1898;UAL1898;3.844.386;-8.072.406;256;36000;328;0;577;2026-01-20T13:59:58Z;ADSB;A35843;B739;N31412;UAL;UAL;BWI;KBWI;IAH;KIAH;2026-01-20T16:27:44Z
3dfbeb3c;DL1368;DAL1368;3.854.381;-7.803.094;232;38000;292;0;7177;2026-01-20T13:59:59Z;ADSB;A3D4C6;A319;N346NB;DAL;DAL;JFK;KJFK;MSY;KMSY;2026-01-20T16:00:00Z
3dfb54ee;BA117;BAW17R;5.187.912;-5.917.015;232;38000;401;0;751;2026-01-20T13:59:58Z;ADSB;400685;B772;G-VIIM;BAW;BAW;LHR;EGLL;JFK;KJFK;2026-01-20T16:27:44Z
3dfb79f6;BA195;BAW26E;5.791.709;-5.065.418;253;38000;570;0;2000;2026-01-20T13:59:56Z;ESTIMATED;40749B;B789;G-ZBKR;BAW;BAW;LHR;EGLL;IAH;KIAH;2026-01-20T19:54:40Z
3dfb76b5;AF84;AFR84T;6.795.109;-4.802.974;274;34000;473;0;3045;2026-01-20T13:59:59Z;ADSB;3965A0;B77W;F-GZNA;AFR;AFR;CDG;LFPG;SFO;KSFO;2026-01-20T20:48:00Z
3dfc2269;UA1886;UAL1886;2.998.305;-9.533.332;270;0;0;0;0;2026-01-20T14:05:00Z;ADSB;A05A25;B752;N12125;UAL;UAL;IAH;KIAH;EWR;KEWR;
3dfbebeb;DL8851;DAL8851;3.430.765;-8.729.562;288;40000;342;0;7120;2026-01-20T14:04:59Z;ADSB;A8DEF1;B752;N6706Q;DAL;DAL;ATL;KATL;DEN;KDEN;2026-01-20T16:20:46Z
3dfc1f4a;UA1666;UAL1666;3.905.144;-8.464.992;126;0;8;0;4054;2026-01-20T14:05:00Z;ADSB;A3C775;B738;N34222;UAL;UAL;CVG;KCVG;DEN;KDEN;
3dfbb575;AA1349;AAL1349;375.645;-8.413.424;244;40000;333;0;3031;2026-01-20T14:04:58Z;ADSB;ADC65E;B738;N987NN;AAL;AAL;JFK;KJFK;AUS;KAUS;2026-01-20T16:14:56Z
3dfc18c5;AA3052;AAL3052;3.885.452;-7.704.088;241;0;0;0;2000;2026-01-20T14:04:58Z;ADSB;AB4EA8;A319;N828AW;AAL;AAL;DCA;KDCA;FLL;KFLL;
3dfb5ea7;UA905;UAL905;5.582.895;-5.790.952;227;36000;414;0;711;2026-01-20T14:04:59Z;ADSB;A9178D;B763;N685UA;UAL;UAL;LHR;EGLL;EWR;KEWR;2026-01-20T16:57:36Z
3dfb5cc2;KL689;KLM689;5.655.254;-6.456.739;237;38000;458;0;0;2026-01-20T14:04:58Z;ESTIMATED;485785;B789;PH-BHN;KLM;KLM;AMS;EHAM;CUN;MMUN;2026-01-20T19:41:52Z
3dfb5a0f;KL661;KLM661;5.716.874;-6.273.626;241;36000;455;0;0;2026-01-20T14:04:56Z;ESTIMATED;4851B0;B789;PH-BHE;KLM;KLM;AMS;EHAM;IAH;KIAH;2026-01-20T18:59:12Z
3dfb6bff;AF636;AFR636P;6.253.204;-5.440.015;254;37000;467;0;2752;2026-01-20T14:05:00Z;ADSB;39D2A6;A359;F-HUVG;AFR;AFR;CDG;LFPG;IAH;KIAH;2026-01-20T19:50:24Z
3dfb8063;BA53;BAW5EA;7.305.276;-5.315.557;271;40000;508;0;2102;2026-01-20T14:04:57Z;ADSB;400774;B772;G-VIIW;BAW;BAW;LHR;EGLL;SEA;KSEA;2026-01-20T19:22:40Z
3dfab1a1;UA830;UAL830;2.169.163;-13.481.476;33;39000;536;0;2000;2026-01-20T14:04:56Z;ESTIMATED;A1FCC5;B772;N227UA;UAL;UAL;SYD;YSSY;SFO;KSFO;2026-01-20T16:23:28Z
3dfc13ad;UA654;UAL654;3.393.983;-11.838.048;258;0;9;0;1021;2026-01-20T14:04:59Z;ADSB;A0A8DF;B752;N14107;UAL;UAL;LAX;KLAX;IAH;KIAH;
3dfbc8a3;UA4200;UAL4200;11.573;-7.867.181;349;40025;514;0;1454;2026-01-20T14:04:59Z;ADSB;A8EC57;B763;N674UA;UAL;UAL;MDE;SKRG;EWR;KEWR;2026-01-20T17:45:12Z
3dfb1d91;DL166;DAL166;5.602.956;-15.179.314;102;39000;500;0;6271;2026-01-20T14:04:58Z;ADSB;A65BB7;A359;N509DN;DAL;DAL;HND;RJTT;SEA;KSEA;2026-01-20T16:34:08Z
3dfb554c;KL601;KLM601;6.875.546;-8.557.932;225;36000;523;0;0;2026-01-20T14:05:00Z;ESTIMATED;485F84;B78X;PH-BKQ;KLM;KLM;AMS;EHAM;LAX;KLAX;2026-01-20T19:16:16Z
3dfb459f;DL57;DAL57;6.801.471;-755.826;241;38000;463;0;3065;2026-01-20T14:04:58Z;ESTIMATED;AB00D6;A333;N808NW;DAL;DAL;AMS;EHAM;SLC;KSLC;2026-01-20T18:52:48Z
3dfbc063;AA2111;AAL2111;40.776;-7.387.407;135;0;0;0;3135;2026-01-20T14:04:57Z;ADSB;AB7270;A319;N837AW;AAL;AAL;CLT;KCLT;LGA;KLGA;2026-01-20T13:54:12Z
3dfb55ab;DL33;DAL33;5.384.789;-5.944.302;232;38000;413;0;706;2026-01-20T14:04:59Z;ADSB;A50E93;A339;N425DX;DAL;DAL;LHR;EGLL;ATL;KATL;2026-01-20T18:08:00Z
3dfb6bb5;AF158;AFR158K;6.291.856;-508.143;257;36000;456;0;3464;2026-01-20T14:04:59Z;ADSB;3949F4;B772;F-GSPU;AFR;AFR;CDG;LFPG;DFW;KDFW;2026-01-20T19:39:44Z
3dfbe9c7;AA3193;AAL3193;2.888.911;-8.261.826;321;36000;413;0;6052;2026-01-20T14:05:00Z;ADSB;AC7A33;A319;N9029F;AAL;AAL;MIA;KMIA;EGE;KEGE;2026-01-20T17:44:32Z
3dfb53b3;UA6;UAL6;5.559.912;-16.684.239;82;37000;498;0;7456;2026-01-20T14:04:58Z;ADSB;A31A76;B789;N29984;UAL;UAL;NRT;RJAA;IAH;KIAH;2026-01-20T20:48:00Z
3dfc1880;AA1293;AAL1293;4.197.433;-8.790.008;275;0;0;0;1373;2026-01-20T14:04:56Z;ADSB;A3C291;B38M;N341RW;AAL;AAL;ORD;KORD;MCO;KMCO;
3dfc075e;AA2731;AAL2731;398.557;-762.099;250;24000;312;1600;1120;2026-01-20T14:05:00Z;ADSB;AAE958;B788;N802AN;AAL;AAL;PHL;KPHL;DFW;KDFW;2026-01-20T16:59:44Z
3dfbf6a5;AA3317;AAL3317;3.974.998;-74.521;225;28675;323;1344;2750;2026-01-20T14:04:59Z;ADSB;ACF849;B738;N935AN;AAL;AAL;LGA;KLGA;PBI;KPBI;2026-01-20T16:10:40Z
3dfbfb71;DL1930;DAL1930;401.912;-729.705;123;22450;466;2432;3060;2026-01-20T14:04:59Z;ADSB;A8DE10;B752;N6700;;;JFK;KJFK;STT;TIST;2026-01-20T17:14:40Z
3dfbfe28;UA3929;UAL3929;3.868.094;-11.728.837;79;41000;479;0;3235;2026-01-20T14:05:00Z;ADSB;A2E045;B739;N28478;UAL;UAL;SFO;KSFO;IAD;KIAD;2026-01-20T17:55:12Z
3dfbb609;DL966;DAL966;4.597.966;-10.028.997;284;38000;390;0;4021;2026-01-20T14:04:59Z;ADSB;A4A0CD;B738;N398DA;DAL;DAL;CVG;KCVG;SEA;KSEA;2026-01-20T16:32:00Z
3dfb2fe8;DL120;DAL120;5.854.582;-15.930.318;81;39000;503;0;7425;2026-01-20T14:04:59Z;ADSB;A68946;A359;N520DN;DAL;DAL;HND;RJTT;MSP;KMSP;2026-01-20T19:07:44Z
3dfb1035;DL274;DAL274;5.834.034;-14.403.719;86;39000;526;0;6264;2026-01-20T14:04:58Z;ESTIMATED;A65800;A359;N508DN;DAL;DAL;HND;RJTT;DTW;KDTW;2026-01-20T18:48:32Z
3dfb9bef;UA2115;UAL2115;4.281.317;-9.699.005;255;36000;382;0;7172;2026-01-20T14:05:00Z;ADSB;A16E7D;B752;N19117;UAL;UAL;EWR;KEWR;SFO;KSFO;2026-01-20T17:14:40Z
3dfb5b3f;KL605;KLM373;7.201.138;-8.551.846;236;37975;526;0;0;2026-01-20T14:04:58Z;ESTIMATED;486071;B78X;PH-BKL;KLM;KLM;AMS;EHAM;SFO;KSFO;2026-01-20T19:09:52Z
3dfc08be;DL713;DAL713;4.012.989;-7.538.744;263;27275;306;960;7106;2026-01-20T14:04:58Z;ADSB;ABCA08;A332;N859NW;DAL;DAL;JFK;KJFK;LAX;KLAX;2026-01-20T19:24:48Z
3df77bd0;DL274;DAL274;4.221.032;-8.335.699;118;0;0;0;6527;2026-01-20T14:04:57Z;ADSB;A661C7;A359;N510DN;DAL;DAL;HND;RJTT;DTW;KDTW;2026-01-19T18:59:44Z
3dfbef7c;UA297;UAL297;4.247.952;-7.923.685;288;36000;380;0;3054;2026-01-20T14:04:59Z;ADSB;A2B10C;B38M;N27252;UAL;UAL;EWR;KEWR;BZN;KBZN;2026-01-20T17:42:24Z
3dfc1af7;AA1688;AAL1688;4.236.142;-7.102.083;345;0;0;0;1200;2026-01-20T14:04:59Z;ADSB;ADECA5;A321;N997AA;AAL;AAL;BOS;KBOS;CLT;KCLT;
3dfb6eb6;BA175;BAW7NY;5.612.122;-5.348.221;242;38000;433;0;2000;2026-01-20T14:04:58Z;ESTIMATED;4005C1;B772;G-RAES;BAW;BAW;LHR;EGLL;JFK;KJFK;2026-01-20T16:59:44Z
3dfb6660;AF338;AFR338;7.281.577;-6.496.945;260;40000;513;0;2777;2026-01-20T14:04:58Z;ESTIMATED;39D2B3;A359;F-HUVT;AFR;AFR;CDG;LFPG;SEA;KSEA;2026-01-20T18:48:32Z
3dfbe93a;UA1256;UAL1256;3.730.669;-8.590.777;293;38000;344;0;7125;2026-01-20T14:04:59Z;ADSB;A288FF;B738;N26210;UAL;UAL;CLT;KCLT;DEN;KDEN;2026-01-20T16:27:44Z
3dfb37ee;DL188;DAL188;5.229.016;-17.882.225;68;37000;491;0;0;2026-01-20T14:04:56Z;ADSB;A69822;A359;N524DN;DAL;DAL;ICN;RKSI;ATL;KATL;2026-01-20T22:09:04Z
3dfb3347;UA838;UAL838;4.936.118;-15.085.873;116;37000;471;0;6266;2026-01-20T14:04:58Z;ESTIMATED;AA92FF;B772;N78008;UAL;UAL;NRT;RJAA;SFO;KSFO;2026-01-20T17:10:24Z
3dfbfc5c;DL8800;DAL8800;4.240.979;-923.653;170;39000;500;0;2603;2026-01-20T14:04:58Z;ADSB;ACB878;B739;N919DU;DAL;DAL;MSP;KMSP;MIA;KMIA;2026-01-20T16:33:37Z
3dfbf396;UA1116;UAL1116;4.503.063;-9.713.817;271;38000;384;0;3657;2026-01-20T14:04:59Z;ADSB;A28947;B738;N26232;UAL;UAL;MSP;KMSP;SFO;KSFO;2026-01-20T17:14:40Z
3dfbf6a2;UA1898;UAL1898;3.832.618;-8.128.731;252;36750;334;832;577;2026-01-20T14:04:59Z;ADSB;A35843;B739;N31412;UAL;UAL;BWI;KBWI;IAH;KIAH;2026-01-20T16:25:36Z
3dfbeb3c;DL1368;DAL1368;3.829.967;-784.435;233;37975;291;0;7177;2026-01-20T14:04:59Z;ADSB;A3D4C6;A319;N346NB;DAL;DAL;JFK;KJFK;MSY;KMSY;2026-01-20T16:02:08Z
3dfb54ee;BA117;BAW17R;5.153.952;-5.988.045;232;38000;401;0;751;2026-01-20T14:04:59Z;ADSB;400685;B772;G-VIIM;BAW;BAW;LHR;EGLL;JFK;KJFK;2026-01-20T16:27:44Z
3dfb79f6;BA195;BAW26E;5.767.875;-5.207.626;251;38000;570;0;2000;2026-01-20T14:04:58Z;ESTIMATED;40749B;B789;G-ZBKR;BAW;BAW;LHR;EGLL;IAH;KIAH;2026-01-20T19:54:40Z
3dfb76b5;AF84;AFR84T;6.799.498;-4.974.747;273;34000;463;0;3045;2026-01-20T14:04:59Z;ADSB;3965A0;B77W;F-GZNA;AFR;AFR;CDG;LFPG;SFO;KSFO;2026-01-20T20:52:16Z
3dfc2269;UA1886;UAL1886;2.998.327;-9.534.998;270;0;14;0;4026;2026-01-20T14:09:58Z;ADSB;A05A25;B752;N12125;UAL;UAL;IAH;KIAH;EWR;KEWR;
3dfbebeb;DL8851;DAL8851;345.569;-8.779.853;289;39000;340;0;7120;2026-01-20T14:09:59Z;ADSB;A8DEF1;B752;N6706Q;DAL;DAL;ATL;KATL;DEN;KDEN;2026-01-20T16:20:52Z
3dfbcb4e;DL2301;DAL2301;4.463.438;-9.326.187;146;10525;317;2496;2637;2026-01-20T14:09:59Z;ADSB;A7824E;B753;N583NW;DAL;DAL;MSP;KMSP;TPA;KTPA;2026-01-20T16:46:56Z
3dfbb575;AA1349;AAL1349;3.736.483;-8.465.426;244;40000;332;0;3031;2026-01-20T14:09:58Z;ADSB;ADC65E;B738;N987NN;AAL;AAL;JFK;KJFK;AUS;KAUS;2026-01-20T16:14:56Z
3dfc1f4a;UA1666;UAL1666;3.904.625;-8.475.867;269;3675;199;4416;4054;2026-01-20T14:09:57Z;ADSB;A3C775;B738;N34222;UAL;UAL;CVG;KCVG;DEN;KDEN;2026-01-20T16:49:04Z
3dfc18c5;AA3052;AAL3052;3.885.452;-7.704.088;241;0;0;0;2000;2026-01-20T14:09:58Z;ADSB;AB4EA8;A319;N828AW;AAL;AAL;DCA;KDCA;FLL;KFLL;
3dfb5ea7;UA905;UAL905;5.544.035;-5.864.946;226;36925;416;576;711;2026-01-20T14:10:00Z;ADSB;A9178D;B763;N685UA;UAL;UAL;LHR;EGLL;EWR;KEWR;2026-01-20T16:57:36Z
3dfb5a0f;KL661;KLM661;5.684.717;-6.370.533;238;36000;455;0;0;2026-01-20T14:09:56Z;ESTIMATED;4851B0;B789;PH-BHE;KLM;KLM;AMS;EHAM;IAH;KIAH;2026-01-20T18:59:12Z
3dfb6bff;AF636;AFR636P;623.442;-5.576.554;252;37175;468;64;2752;2026-01-20T14:09:59Z;ADSB;39D2A6;A359;F-HUVG;AFR;AFR;CDG;LFPG;IAH;KIAH;2026-01-20T19:48:16Z
3dfb8063;BA53;BAW5EA;7.306.023;-5.558.129;269;40000;508;64;2102;2026-01-20T14:09:59Z;ADSB;400774;B772;G-VIIW;BAW;BAW;LHR;EGLL;SEA;KSEA;2026-01-20T19:26:56Z
3dfc13ad;UA654;UAL654;3.371.788;-11.852.377;160;10550;321;960;1021;2026-01-20T14:09:59Z;ADSB;A0A8DF;B752;N14107;UAL;UAL;LAX;KLAX;IAH;KIAH;
3dfbc8a3;UA4200;UAL4200;1.227.965;-788.056;349;40000;515;0;1454;2026-01-20T14:09:59Z;ADSB;A8EC57;B763;N674UA;UAL;UAL;MDE;SKRG;EWR;KEWR;2026-01-20T17:41:33Z
3dfb554c;KL601;KLM601;6.825.895;-8.692.902;224;36000;523;0;0;2026-01-20T14:09:56Z;ESTIMATED;485F84;B78X;PH-BKQ;KLM;KLM;AMS;EHAM;LAX;KLAX;2026-01-20T19:16:16Z
3dfb459f;DL57;DAL57;6.770.062;-7.704.906;239;38000;463;0;3065;2026-01-20T14:09:56Z;ESTIMATED;AB00D6;A333;N808NW;DAL;DAL;AMS;EHAM;SLC;KSLC;2026-01-20T18:52:48Z
3dfbc063;AA2111;AAL2111;4.077.602;-7.387.405;135;0;0;0;3135;2026-01-20T14:09:57Z;ADSB;AB7270;A319;N837AW;AAL;AAL;CLT;KCLT;LGA;KLGA;2026-01-20T13:54:12Z
3dfb55ab;DL33;DAL33;5.350.072;-6.020.477;232;38000;411;0;706;2026-01-20T14:09:58Z;ADSB;A50E93;A339;N425DX;DAL;DAL;LHR;EGLL;ATL;KATL;2026-01-20T18:08:00Z
3dfb6bb5;AF158;AFR158K;627.729;-5.215.844;256;36000;457;0;3464;2026-01-20T14:10:00Z;ADSB;3949F4;B772;F-GSPU;AFR;AFR;CDG;LFPG;DFW;KDFW;2026-01-20T19:39:44Z
3dfbe8e0;DL1794;DAL1794;1.652.623;-8.309.279;10;36000;508;0;4614;2026-01-20T14:09:59Z;ADSB;A93D9F;B752;N695DL;DAL;DAL;SJO;MROC;ATL;KATL;2026-01-20T16:38:24Z
3dfbe9c7;AA3193;AAL3193;2.933.717;-8.303.122;320;36025;412;-64;6052;2026-01-20T14:10:00Z;ADSB;AC7A33;A319;N9029F;AAL;AAL;MIA;KMIA;EGE;KEGE;2026-01-20T17:44:32Z
3dfc0e0a;AA1283;AAL1283;397.167;-8.629.743;309;0;0;0;4074;2026-01-20T14:09:59Z;ADSB;A4008E;B38M;N357TY;AAL;AAL;IND;KIND;MIA;KMIA;
3dfb53b3;UA6;UAL6;5.569.844;-16.559.608;82;36975;487;64;7456;2026-01-20T14:09:58Z;ADSB;A31A76;B789;N29984;UAL;UAL;NRT;RJAA;IAH;KIAH;2026-01-20T20:52:16Z
3dfc1880;AA1293;AAL1293;4.197.433;-8.790.009;275;0;0;0;1373;2026-01-20T14:09:47Z;ADSB;A3C291;B38M;N341RW;AAL;AAL;ORD;KORD;MCO;KMCO;
3dfc075e;AA2731;AAL2731;3.968.564;-7.681.433;249;30725;363;1984;1120;2026-01-20T14:09:59Z;ADSB;AAE958;B788;N802AN;AAL;AAL;PHL;KPHL;DFW;KDFW;2026-01-20T16:57:36Z
3dfbf6a5;AA3317;AAL3317;3.943.158;-7.494.037;225;34000;323;0;2750;2026-01-20T14:09:59Z;ADSB;ACF849;B738;N935AN;AAL;AAL;LGA;KLGA;PBI;KPBI;2026-01-20T16:10:40Z
3dfbfb71;DL1930;DAL1930;398.335;-7.219.032;119;29025;525;384;3060;2026-01-20T14:09:58Z;ADSB;A8DE10;B752;N6700;;;JFK;KJFK;STT;TIST;2026-01-20T17:14:40Z
3dfb5e2d;KL623;KLM623;5.627.975;-5.697.449;228;36000;449;-64;0;2026-01-20T14:09:47Z;ADSB;485E2E;B78X;PH-BKH;KLM;KLM;AMS;EHAM;ATL;KATL;2026-01-20T18:27:12Z
3dfa9c2b;DL42;DAL42;2.038.439;-13.914.606;51;41000;510;0;2000;2026-01-20T14:09:56Z;ESTIMATED;A6A347;A359;N527DN;DAL;DAL;SYD;YSSY;LAX;KLAX;2026-01-20T17:01:52Z
3dfc21cf;DL830;DAL830;3.364.125;-8.442.616;90;0;0;0;0;2026-01-20T14:09:24Z;ADSB;ABD018;A332;N860NW;DAL;DAL;ATL;KATL;SLC;KSLC;
3dfbfe28;UA3929;UAL3929;3.882.196;-11.644.946;78;41000;489;0;3235;2026-01-20T14:10:00Z;ADSB;A2E045;B739;N28478;UAL;UAL;SFO;KSFO;IAD;KIAD;2026-01-20T17:57:20Z
3dfb9bef;UA2115;UAL2115;4.263.643;-9.767.963;246;36000;397;0;7172;2026-01-20T14:09:58Z;ADSB;A16E7D;B752;N19117;UAL;UAL;EWR;KEWR;SFO;KSFO;2026-01-20T17:10:24Z
3dfbb609;DL966;DAL966;4.611.617;-101.042;284;38000;392;0;4021;2026-01-20T14:09:58Z;ADSB;A4A0CD;B738;N398DA;DAL;DAL;CVG;KCVG;SEA;KSEA;2026-01-20T16:32:00Z
3dfb2fe8;DL120;DAL120;5.864.442;-15.798.827;82;39000;503;0;7425;2026-01-20T14:09:58Z;ADSB;A68946;A359;N520DN;DAL;DAL;HND;RJTT;MSP;KMSP;2026-01-20T19:09:52Z
3dfb1035;DL274;DAL274;5.838.803;-14.265.703;87;39000;526;0;6264;2026-01-20T14:09:56Z;ESTIMATED;A65800;A359;N508DN;DAL;DAL;HND;RJTT;DTW;KDTW;2026-01-20T18:48:32Z
3dfc08be;DL713;DAL713;4.008.041;-759.516;263;30050;326;576;7106;2026-01-20T14:09:58Z;ADSB;ABCA08;A332;N859NW;DAL;DAL;JFK;KJFK;LAX;KLAX;2026-01-20T19:26:56Z
3df77bd0;DL274;DAL274;4.221.033;-8.335.699;118;0;0;0;6527;2026-01-20T14:09:54Z;ADSB;A661C7;A359;N510DN;DAL;DAL;HND;RJTT;DTW;KDTW;2026-01-19T18:59:44Z
3dfbef7c;UA297;UAL297;4.261.729;-7.991.255;273;36000;372;0;3054;2026-01-20T14:09:58Z;ADSB;A2B10C;B38M;N27252;UAL;UAL;EWR;KEWR;BZN;KBZN;2026-01-20T17:38:08Z
3dfc1af7;AA1688;AAL1688;423.614;-7.102.084;345;0;0;0;1200;2026-01-20T14:09:57Z;ADSB;ADECA5;A321;N997AA;AAL;AAL;BOS;KBOS;CLT;KCLT;
3dfb6660;AF338;AFR338;7.268.665;-6.730.419;258;40000;513;0;2777;2026-01-20T14:09:56Z;ESTIMATED;39D2B3;A359;F-HUVT;AFR;AFR;CDG;LFPG;SEA;KSEA;2026-01-20T18:48:32Z
3dfb6eb6;BA175;BAW7NY;5.585.833;-5.444.024;242;38000;432;0;2000;2026-01-20T14:09:56Z;ESTIMATED;4005C1;B772;G-RAES;BAW;BAW;LHR;EGLL;JFK;KJFK;2026-01-20T16:59:44Z
3dfbe93a;UA1256;UAL1256;3.749.634;-8.646.106;293;38000;347;-64;7125;2026-01-20T14:09:59Z;ADSB;A288FF;B738;N26210;UAL;UAL;CLT;KCLT;DEN;KDEN;2026-01-20T16:27:44Z
3dfbf396;UA1116;UAL1116;4.502.761;-9.788.898;266;38000;392;0;3657;2026-01-20T14:09:58Z;ADSB;A28947;B738;N26232;UAL;UAL;MSP;KMSP;SFO;KSFO;2026-01-20T17:14:40Z
3dfb37ee;DL188;DAL188;5.254.906;-17.785.571;65;37000;491;0;0;2026-01-20T14:09:56Z;ADSB;A69822;A359;N524DN;DAL;DAL;ICN;RKSI;ATL;KATL;2026-01-20T22:09:04Z
3dfbfc5c;DL8800;DAL8800;417.284;-9.220.921;170;39000;495;0;2603;2026-01-20T14:09:59Z;ADSB;ACB878;B739;N919DU;DAL;DAL;MSP;KMSP;MIA;KMIA;2026-01-20T16:34:52Z
3dfbf6a2;UA1898;UAL1898;3.818.289;-8.185.262;250;38000;335;0;577;2026-01-20T14:09:58Z;ADSB;A35843;B739;N31412;UAL;UAL;BWI;KBWI;IAH;KIAH;2026-01-20T16:27:44Z
3dfbeb3c;DL1368;DAL1368;3.805.128;-7.885.806;232;38000;298;0;7177;2026-01-20T14:09:58Z;ADSB;A3D4C6;A319;N346NB;DAL;DAL;JFK;KJFK;MSY;KMSY;2026-01-20T16:02:08Z
3dfb54ee;BA117;BAW17R;5.119.624;-6.057.922;231;38000;398;0;751;2026-01-20T14:10:00Z;ADSB;400685;B772;G-VIIM;BAW;BAW;LHR;EGLL;JFK;KJFK;2026-01-20T16:27:44Z
3dfb79f6;BA195;BAW26E;5.758.678;-5.251.561;251;37975;445;0;2000;2026-01-20T14:09:56Z;ESTIMATED;40749B;B789;G-ZBKR;BAW;BAW;LHR;EGLL;IAH;KIAH;2026-01-20T19:54:40Z
3dfb76b5;AF84;AFR84T;6.818.207;-5.139.879;288;34000;468;0;3045;2026-01-20T14:09:59Z;ADSB;3965A0;B77W;F-GZNA;AFR;AFR;CDG;LFPG;SFO;KSFO;2026-01-20T20:50:08Z
3dfc2269;UA1886;UAL1886;2.994.892;-9.534.705;204;1350;177;2816;4026;2026-01-20T14:14:57Z;ADSB;A05A25;B752;N12125;UAL;UAL;IAH;KIAH;EWR;KEWR;
3dfbebeb;DL8851;DAL8851;3.470.581;-8.833.423;288;39000;336;0;7120;2026-01-20T14:14:58Z;ADSB;A8DEF1;B752;N6706Q;DAL;DAL;ATL;KATL;DEN;KDEN;2026-01-20T16:23:10Z
3dfbcb4e;DL2301;DAL2301;4.417.044;-9.303.152;163;21350;391;1024;2637;2026-01-20T14:14:57Z;ADSB;A7824E;B753;N583NW;DAL;DAL;MSP;KMSP;TPA;KTPA;2026-01-20T16:46:56Z
3dfbb575;AA1349;AAL1349;3.715.997;-8.517.601;241;40000;337;0;3031;2026-01-20T14:14:57Z;ADSB;ADC65E;B738;N987NN;AAL;AAL;JFK;KJFK;AUS;KAUS;2026-01-20T16:14:56Z
3dfc1f4a;UA1666;UAL1666;3.913.536;-8.519.921;295;18275;310;1600;4054;2026-01-20T14:14:58Z;ADSB;A3C775;B738;N34222;UAL;UAL;CVG;KCVG;DEN;KDEN;2026-01-20T16:49:04Z
3dfc18c5;AA3052;AAL3052;3.885.452;-7.704.088;241;0;0;0;2000;2026-01-20T14:14:54Z;ADSB;AB4EA8;A319;N828AW;AAL;AAL;DCA;KDCA;FLL;KFLL;
3dfb5a0f;KL661;KLM661;5.651.602;-6.467.213;237;36000;455;0;0;2026-01-20T14:14:54Z;ESTIMATED;4851B0;B789;PH-BHE;KLM;KLM;AMS;EHAM;IAH;KIAH;2026-01-20T18:59:12Z
3dfb5ea7;UA905;UAL905;5.505.272;-5.936.527;226;38025;409;0;711;2026-01-20T14:14:57Z;ADSB;A9178D;B763;N685UA;UAL;UAL;LHR;EGLL;EWR;KEWR;2026-01-20T17:01:52Z
3dfb5cc2;KL689;KLM689;5.586.595;-6.646.452;236;38000;461;0;0;2026-01-20T14:14:54Z;ESTIMATED;485785;B789;PH-BHN;KLM;KLM;AMS;EHAM;CUN;MMUN;2026-01-20T19:41:52Z
3dfb6bff;AF636;AFR636P;6.216.074;-569.989;251;38000;474;0;756;2026-01-20T14:14:35Z;ADSB;39D2A6;A359;F-HUVG;AFR;AFR;CDG;LFPG;IAH;KIAH;2026-01-20T20:05:20Z
3dfb8063;BA53;BAW5EA;7.303.972;-5.795.631;267;40000;507;0;2102;2026-01-20T14:14:57Z;ADSB;400774;B772;G-VIIW;BAW;BAW;LHR;EGLL;SEA;KSEA;2026-01-20T19:26:56Z
3dfc13ad;UA654;UAL654;3.361.629;-11.792.562;100;24200;418;2496;1021;2026-01-20T14:14:57Z;ADSB;A0A8DF;B752;N14107;UAL;UAL;LAX;KLAX;IAH;KIAH;2026-01-20T16:55:28Z
3dfbc8a3;UA4200;UAL4200;129.762;-7.893.831;349;40000;507;0;1454;2026-01-20T14:14:58Z;ADSB;A8EC57;B763;N674UA;UAL;UAL;MDE;SKRG;EWR;KEWR;2026-01-20T17:45:01Z
3dfb459f;DL57;DAL57;673.678;-7.850.134;238;38000;468;0;3065;2026-01-20T14:14:54Z;ESTIMATED;AB00D6;A333;N808NW;DAL;DAL;AMS;EHAM;SLC;KSLC;2026-01-20T18:52:48Z
3dfbc063;AA2111;AAL2111;4.077.591;-7.387.408;135;0;0;0;3135;2026-01-20T14:14:57Z;ADSB;AB7270;A319;N837AW;AAL;AAL;CLT;KCLT;LGA;KLGA;2026-01-20T13:54:12Z
3dfb55ab;DL33;DAL33;5.314.696;-6.095.749;231;38000;411;0;706;2026-01-20T14:14:59Z;ADSB;A50E93;A339;N425DX;DAL;DAL;LHR;EGLL;ATL;KATL;2026-01-20T18:08:00Z
3dfb6bb5;AF158;AFR158K;626.149;-534.843;254;36000;459;0;3464;2026-01-20T14:14:57Z;ADSB;3949F4;B772;F-GSPU;AFR;AFR;CDG;LFPG;DFW;KDFW;2026-01-20T19:39:44Z
3dfbe8e0;DL1794;DAL1794;1.720.784;-8.296.552;10;38000;505;0;4614;2026-01-20T14:14:56Z;ADSB;A93D9F;B752;N695DL;DAL;DAL;SJO;MROC;ATL;KATL;2026-01-20T16:38:24Z
3dfbe9c7;AA3193;AAL3193;2.977.528;-8.344.014;320;35975;410;0;6052;2026-01-20T14:14:57Z;ADSB;AC7A33;A319;N9029F;AAL;AAL;MIA;KMIA;EGE;KEGE;2026-01-20T17:44:32Z
3dfb53b3;UA6;UAL6;5.578.369;-16.441.615;83;36975;485;64;7456;2026-01-20T14:14:58Z;ADSB;A31A76;B789;N29984;UAL;UAL;NRT;RJAA;IAH;KIAH;2026-01-20T20:54:24Z
3dfc075e;AA2731;AAL2731;3.951.009;-7.742.465;249;38000;361;128;1120;2026-01-20T14:14:59Z;ADSB;AAE958;B788;N802AN;AAL;AAL;PHL;KPHL;DFW;KDFW;2026-01-20T16:57:36Z
3dfbf6a5;AA3317;AAL3317;3.910.812;-75.336;222;36000;324;-64;2750;2026-01-20T14:14:59Z;ADSB;ACF849;B738;N935AN;AAL;AAL;LGA;KLGA;PBI;KPBI;2026-01-20T16:10:40Z
3dfbfb71;DL1930;DAL1930;3.936.476;-716.167;145;35775;458;1152;3060;2026-01-20T14:14:59Z;ADSB;A8DE10;B752;N6700;;;JFK;KJFK;STT;TIST;2026-01-20T17:14:40Z
3dfb71d2;LH454;DLH454;7.499.133;-5.859.302;272;34000;512;0;3256;2026-01-20T14:14:54Z;ESTIMATED;3C4B2A;B748;D-ABYJ;DLH;DLH;FRA;EDDF;SFO;KSFO;2026-01-20T20:26:40Z
3dfb5e2d;KL623;KLM623;5.584.974;-5.782.671;227;36000;445;-64;754;2026-01-20T14:14:59Z;ADSB;485E2E;B78X;PH-BKH;KLM;KLM;AMS;EHAM;ATL;KATL;2026-01-20T18:31:28Z
3dfa9c2b;DL42;DAL42;2.082.715;-13.855.309;51;41000;510;0;2000;2026-01-20T14:14:56Z;ESTIMATED;A6A347;A359;N527DN;DAL;DAL;SYD;YSSY;LAX;KLAX;2026-01-20T17:01:52Z
3dfbfe28;UA3929;UAL3929;3.895.608;-11.561.084;78;41000;483;0;3235;2026-01-20T14:14:57Z;ADSB;A2E045;B739;N28478;UAL;UAL;SFO;KSFO;IAD;KIAD;2026-01-20T17:53:04Z
3dfb9bef;UA2115;UAL2115;424.482;-9.835.598;257;36000;373;0;7172;2026-01-20T14:14:58Z;ADSB;A16E7D;B752;N19117;UAL;UAL;EWR;KEWR;SFO;KSFO;2026-01-20T17:06:08Z
3dfbb609;DL966;DAL966;4.624.779;-10.179.691;283;38000;392;0;4021;2026-01-20T14:14:58Z;ADSB;A4A0CD;B738;N398DA;DAL;DAL;CVG;KCVG;SEA;KSEA;2026-01-20T16:32:00Z
3dfb2fe8;DL120;DAL120;5.872.417;-15.666.309;91;39000;494;0;7425;2026-01-20T14:14:58Z;ADSB;A68946;A359;N520DN;DAL;DAL;HND;RJTT;MSP;KMSP;2026-01-20T19:09:52Z
3dfb1035;DL274;DAL274;5.782.658;-14.129.782;104;39000;520;0;6264;2026-01-20T14:14:56Z;ADSB;A65800;A359;N508DN;DAL;DAL;HND;RJTT;DTW;KDTW;2026-01-20T18:48:32Z
3dfb5b3f;KL605;KLM373;7.114.448;-8.941.559;232;37975;525;0;1307;2026-01-20T14:14:57Z;ADSB;486071;B78X;PH-BKL;KLM;KLM;AMS;EHAM;SFO;KSFO;2026-01-20T19:05:36Z
3dfc08be;DL713;DAL713;4.006.686;-7.655.442;270;31000;341;0;7106;2026-01-20T14:14:57Z;ADSB;ABCA08;A332;N859NW;DAL;DAL;JFK;KJFK;LAX;KLAX;2026-01-20T19:26:56Z
3df77bd0;DL274;DAL274;4.221.032;-83.357;118;0;0;0;6527;2026-01-20T14:14:56Z;ADSB;A661C7;A359;N510DN;DAL;DAL;HND;RJTT;DTW;KDTW;2026-01-19T18:59:44Z
3dfbef7c;UA297;UAL297;426.459;-8.060.838;272;36000;370;0;3054;2026-01-20T14:14:58Z;ADSB;A2B10C;B38M;N27252;UAL;UAL;EWR;KEWR;BZN;KBZN;2026-01-20T17:38:08Z
3dfc1af7;AA1688;AAL1688;423.614;-7.102.083;345;0;0;0;1200;2026-01-20T14:14:55Z;ADSB;ADECA5;A321;N997AA;AAL;AAL;BOS;KBOS;CLT;KCLT;
3dfb6eb6;BA175;BAW7NY;5.552.646;-5.537.134;227;38000;426;0;2000;2026-01-20T14:14:57Z;ADSB;4005C1;B772;G-RAES;BAW;BAW;LHR;EGLL;JFK;KJFK;2026-01-20T17:06:08Z
3dfbe93a;UA1256;UAL1256;3.768.658;-8.702.691;292;38000;359;0;7125;2026-01-20T14:14:58Z;ADSB;A288FF;B738;N26210;UAL;UAL;CLT;KCLT;DEN;KDEN;2026-01-20T16:27:44Z
3dfbf396;UA1116;UAL1116;4.499.547;-9.866.422;266;38000;392;0;3657;2026-01-20T14:14:59Z;ADSB;A28947;B738;N26232;UAL;UAL;MSP;KMSP;SFO;KSFO;2026-01-20T17:12:32Z
3dfb37ee;DL188;DAL188;5.277.013;-1.767.209;70;37000;495;0;7454;2026-01-20T14:14:57Z;ADSB;A69822;A359;N524DN;DAL;DAL;ICN;RKSI;ATL;KATL;2026-01-20T22:09:04Z
3dfbfc5c;DL8800;DAL8800;4.105.991;-9.206.025;170;39000;487;0;2603;2026-01-20T14:14:58Z;ADSB;ACB878;B739;N919DU;DAL;DAL;MSP;KMSP;MIA;KMIA;2026-01-20T16:37:18Z
3dfc2d74;AA249;AAL249;4.197.361;-8.789.989;278;0;0;0;0;2026-01-20T14:14:58Z;ADSB;A3CDE4;B38M;N344TS;AAL;AAL;ORD;KORD;MEX;MMMX;
3dfbf6a2;UA1898;UAL1898;3.802.634;-8.240.511;250;38000;332;0;577;2026-01-20T14:14:57Z;ADSB;A35843;B739;N31412;UAL;UAL;BWI;KBWI;IAH;KIAH;2026-01-20T16:25:36Z
3dfbeb3c;DL1368;DAL1368;3.781.133;-7.928.699;237;38050;300;0;7177;2026-01-20T14:14:59Z;ADSB;A3D4C6;A319;N346NB;DAL;DAL;JFK;KJFK;MSY;KMSY;2026-01-20T16:02:08Z
3dfb54ee;BA117;BAW17R;5.085.371;-6.125.801;231;38000;394;0;751;2026-01-20T14:14:59Z;ADSB;400685;B772;G-VIIM;BAW;BAW;LHR;EGLL;JFK;KJFK;2026-01-20T16:27:44Z
3dfb76b5;AF84;AFR84T;6.837.984;-5.306.148;287;34000;469;0;3045;2026-01-20T14:14:58Z;ADSB;3965A0;B77W;F-GZNA;AFR;AFR;CDG;LFPG;SFO;KSFO;2026-01-20T20:48:00Z
3dfc2269;UA1886;UAL1886;302.444;-9.516.567;37;12750;380;2624;4026;2026-01-20T14:19:58Z;ADSB;A05A25;B752;N12125;UAL;UAL;IAH;KIAH;EWR;KEWR;2026-01-20T17:08:16Z
3dfbebeb;DL8851;DAL8851;3.485.305;-888.763;288;40000;341;0;7120;2026-01-20T14:19:59Z;ADSB;A8DEF1;B752;N6706Q;DAL;DAL;ATL;KATL;DEN;KDEN;2026-01-20T16:24:12Z
3dfbcb4e;DL2301;DAL2301;4.355.925;-9.278.758;163;28175;487;1344;2637;2026-01-20T14:19:58Z;ADSB;A7824E;B753;N583NW;DAL;DAL;MSP;KMSP;TPA;KTPA;2026-01-20T16:44:48Z
3dfbb575;AA1349;AAL1349;3.695.279;-8.569.868;243;40000;334;0;3031;2026-01-20T14:19:57Z;ADSB;ADC65E;B738;N987NN;AAL;AAL;JFK;KJFK;AUS;KAUS;2026-01-20T16:14:56Z
3dfc1f4a;UA1666;UAL1666;3.930.122;-8.575.287;283;27675;355;1792;4054;2026-01-20T14:19:57Z;ADSB;A3C775;B738;N34222;UAL;UAL;CVG;KCVG;DEN;KDEN;2026-01-20T16:49:04Z
3dfc18c5;AA3052;AAL3052;3.885.452;-7.704.088;241;0;0;0;2000;2026-01-20T14:19:58Z;ADSB;AB4EA8;A319;N828AW;AAL;AAL;DCA;KDCA;FLL;KFLL;
3dfc25be;AA2896;AAL2896;4.077.627;-7.387.382;171;0;0;0;1164;2026-01-20T14:19:58Z;ADSB;A35388;B38M;N313SB;AAL;AAL;LGA;KLGA;FLL;KFLL;
3dfb5cc2;KL689;KLM689;5.550.846;-6.739.678;235;38000;461;0;0;2026-01-20T14:19:53Z;ESTIMATED;485785;B789;PH-BHN;KLM;KLM;AMS;EHAM;CUN;MMUN;2026-01-20T19:41:52Z
3dfb5a0f;KL661;KLM661;561.657;-6.565.681;237;36000;458;0;0;2026-01-20T14:19:53Z;ESTIMATED;4851B0;B789;PH-BHE;KLM;KLM;AMS;EHAM;IAH;KIAH;2026-01-20T18:59:12Z
3dfb5ea7;UA905;UAL905;546.527;-6.008.173;225;38000;417;0;711;2026-01-20T14:19:58Z;ADSB;A9178D;B763;N685UA;UAL;UAL;LHR;EGLL;EWR;KEWR;2026-01-20T16:57:36Z
3dfb8063;BA53;BAW5EA;7.299.339;-6.022.405;265;40000;508;0;2102;2026-01-20T14:19:55Z;ADSB;400774;B772;G-VIIW;BAW;BAW;LHR;EGLL;SEA;KSEA;2026-01-20T19:26:56Z
3dfb6bff;AF636;AFR636P;6.190.078;-5.829.439;244;38000;474;0;756;2026-01-20T14:19:55Z;ESTIMATED;39D2A6;A359;F-HUVG;AFR;AFR;CDG;LFPG;IAH;KIAH;2026-01-20T19:48:16Z
3dfc13ad;UA654;UAL654;3.350.423;-11.717.941;92;33775;471;2816;1021;2026-01-20T14:19:57Z;ADSB;A0A8DF;B752;N14107;UAL;UAL;LAX;KLAX;IAH;KIAH;2026-01-20T16:55:28Z
3dfbc8a3;UA4200;UAL4200;1.362.058;-7.906.256;349;40000;506;0;1454;2026-01-20T14:19:53Z;ADSB;A8EC57;B763;N674UA;UAL;UAL;MDE;SKRG;EWR;KEWR;2026-01-20T17:45:52Z
3dfc31b9;DL2947;DAL2947;4.559.202;-1.225.965;196;0;0;0;0;2026-01-20T14:19:37Z;ADSB;A39E6B;A319;N332NB;;;PDX;KPDX;LAX;KLAX;
3dfb554c;KL601;KLM601;6.721.255;-8.951.522;222;36000;517;0;0;2026-01-20T14:19:53Z;ESTIMATED;485F84;B78X;PH-BKQ;KLM;KLM;AMS;EHAM;LAX;KLAX;2026-01-20T19:14:08Z
3dfb459f;DL57;DAL57;6.702.341;-7.990.765;237;38000;468;0;3065;2026-01-20T14:19:53Z;ESTIMATED;AB00D6;A333;N808NW;DAL;DAL;AMS;EHAM;SLC;KSLC;2026-01-20T18:52:48Z
3dfbc063;AA2111;AAL2111;4.077.585;-7.387.408;135;0;0;0;3135;2026-01-20T14:19:58Z;ADSB;AB7270;A319;N837AW;AAL;AAL;CLT;KCLT;LGA;KLGA;2026-01-20T13:54:12Z
3dfb55ab;DL33;DAL33;5.279.173;-6.169.189;231;38000;410;0;706;2026-01-20T14:19:59Z;ADSB;A50E93;A339;N425DX;DAL;DAL;LHR;EGLL;ATL;KATL;2026-01-20T18:10:08Z
3dfb6bb5;AF158;AFR158K;6.244.257;-5.481.016;253;36000;461;64;3464;2026-01-20T14:19:57Z;ADSB;3949F4;B772;F-GSPU;AFR;AFR;CDG;LFPG;DFW;KDFW;2026-01-20T19:39:44Z
3dfbe8e0;DL1794;DAL1794;179.167;-8.283.206;10;38000;519;-64;4614;2026-01-20T14:19:58Z;ADSB;A93D9F;B752;N695DL;DAL;DAL;SJO;MROC;ATL;KATL;2026-01-20T16:36:16Z
3dfbe9c7;AA3193;AAL3193;3.020.188;-8.386.348;306;36000;390;0;6052;2026-01-20T14:19:57Z;ADSB;AC7A33;A319;N9029F;AAL;AAL;MIA;KMIA;EGE;KEGE;2026-01-20T17:44:32Z
3dfc0e0a;AA1283;AAL1283;3.971.752;-8.629.528;42;0;11;0;4074;2026-01-20T14:19:58Z;ADSB;A4008E;B38M;N357TY;AAL;AAL;IND;KIND;MIA;KMIA;
3dfb53b3;UA6;UAL6;5.585.691;-16.324.173;84;36975;477;0;7456;2026-01-20T14:19:59Z;ADSB;A31A76;B789;N29984;UAL;UAL;NRT;RJAA;IAH;KIAH;2026-01-20T20:56:32Z
3dfc1880;AA1293;AAL1293;4.197.299;-8.789.848;143;0;0;0;1373;2026-01-20T14:19:54Z;ADSB;A3C291;B38M;N341RW;AAL;AAL;ORD;KORD;MCO;KMCO;
3dfbf6a5;AA3317;AAL3317;3.863.072;-7.549.426;185;36000;380;64;2750;2026-01-20T14:19:58Z;ADSB;ACF849;B738;N935AN;AAL;AAL;LGA;KLGA;PBI;KPBI;2026-01-20T16:14:56Z
3dfc075e;AA2731;AAL2731;3.931.611;-7.802.368;243;37975;367;0;1120;2026-01-20T14:19:57Z;ADSB;AAE958;B788;N802AN;AAL;AAL;PHL;KPHL;DFW;KDFW;2026-01-20T16:57:36Z
3dfbfb71;DL1930;DAL1930;3.883.488;-7.120.669;149;39000;438;0;3060;2026-01-20T14:19:58Z;ADSB;A8DE10;B752;N6700;;;JFK;KJFK;STT;TIST;2026-01-20T17:14:40Z
3dfb71d2;LH454;DLH454;7.501.057;-6.133.305;271;34000;512;0;3256;2026-01-20T14:19:55Z;ESTIMATED;3C4B2A;B748;D-ABYJ;DLH;DLH;FRA;EDDF;SFO;KSFO;2026-01-20T20:26:40Z
3dfb5e2d;KL623;KLM623;5.543.367;-5.862.321;226;36000;443;0;754;2026-01-20T14:19:59Z;ADSB;485E2E;B78X;PH-BKH;KLM;KLM;AMS;EHAM;ATL;KATL;2026-01-20T18:31:28Z
3dfc21cf;DL830;DAL830;3.364.354;-8.442.734;2;0;10;0;0;2026-01-20T14:19:57Z;ADSB;ABD018;A332;N860NW;DAL;DAL;ATL;KATL;SLC;KSLC;
3dfbfe28;UA3929;UAL3929;390.841;-11.477.441;79;41000;481;0;3235;2026-01-20T14:19:57Z;ADSB;A2E045;B739;N28478;UAL;UAL;SFO;KSFO;IAD;KIAD;2026-01-20T17:57:20Z
3dfb9bef;UA2115;UAL2115;4.233.737;-9.903.445;257;36000;370;0;7172;2026-01-20T14:19:57Z;ADSB;A16E7D;B752;N19117;UAL;UAL;EWR;KEWR;SFO;KSFO;2026-01-20T17:06:08Z
3dfbb609;DL966;DAL966;4.637.558;-102.562;283;38000;389;0;4021;2026-01-20T14:19:59Z;ADSB;A4A0CD;B738;N398DA;DAL;DAL;CVG;KCVG;SEA;KSEA;2026-01-20T16:32:00Z
3dfb2fe8;DL120;DAL120;5.870.717;-15.534.933;91;40325;491;576;7425;2026-01-20T14:19:59Z;ADSB;A68946;A359;N520DN;DAL;DAL;HND;RJTT;MSP;KMSP;2026-01-20T19:12:00Z
3dfb1035;DL274;DAL274;5.763.046;-13.996.919;105;39000;536;0;6264;2026-01-20T14:19:58Z;ADSB;A65800;A359;N508DN;DAL;DAL;HND;RJTT;DTW;KDTW;2026-01-20T18:48:32Z
3dfb5b3f;KL605;KLM373;7.068.399;-9.112.976;228;38000;523;-64;1307;2026-01-20T14:19:58Z;ADSB;486071;B78X;PH-BKL;KLM;KLM;AMS;EHAM;SFO;KSFO;2026-01-20T19:07:44Z
3dfc08be;DL713;DAL713;4.006.942;-771.862;270;33550;355;1856;7106;2026-01-20T14:19:59Z;ADSB;ABCA08;A332;N859NW;DAL;DAL;JFK;KJFK;LAX;KLAX;2026-01-20T19:24:48Z
3df77bd0;DL274;DAL274;4.221.032;-8.335.699;118;0;0;0;6527;2026-01-20T14:19:55Z;ADSB;A661C7;A359;N510DN;DAL;DAL;HND;RJTT;DTW;KDTW;2026-01-19T18:59:44Z
3dfbef7c;UA297;UAL297;4.267.188;-8.130.994;278;36000;377;0;3054;2026-01-20T14:19:59Z;ADSB;A2B10C;B38M;N27252;UAL;UAL;EWR;KEWR;BZN;KBZN;2026-01-20T17:38:08Z
3dfb6660;AF338;AFR338;7.251.585;-7.208.693;261;40000;522;0;2777;2026-01-20T14:19:53Z;ESTIMATED;39D2B3;A359;F-HUVT;AFR;AFR;CDG;LFPG;SEA;KSEA;2026-01-20T18:48:32Z
3dfc1af7;AA1688;AAL1688;4.236.139;-7.102.085;345;0;0;0;3461;2026-01-20T14:19:57Z;ADSB;ADECA5;A321;N997AA;AAL;AAL;BOS;KBOS;CLT;KCLT;
3dfb6eb6;BA175;BAW7NY;5.512.596;-5.611.469;226;38000;422;0;2000;2026-01-20T14:19:57Z;ADSB;4005C1;B772;G-RAES;BAW;BAW;LHR;EGLL;JFK;KJFK;2026-01-20T17:10:24Z
3dfbfc5c;DL8800;DAL8800;4.040.689;-9.176.825;155;39000;506;0;2603;2026-01-20T14:19:57Z;ADSB;ACB878;B739;N919DU;DAL;DAL;MSP;KMSP;MIA;KMIA;2026-01-20T16:32:39Z
3dfbe93a;UA1256;UAL1256;3.787.569;-8.760.089;292;38000;353;64;7125;2026-01-20T14:19:57Z;ADSB;A288FF;B738;N26210;UAL;UAL;CLT;KCLT;DEN;KDEN;2026-01-20T16:27:44Z
3dfbf396;UA1116;UAL1116;4.495.894;-9.942.258;265;38000;392;0;3657;2026-01-20T14:19:57Z;ADSB;A28947;B738;N26232;UAL;UAL;MSP;KMSP;SFO;KSFO;2026-01-20T17:14:40Z
3dfb37ee;DL188;DAL188;5.298.772;-175.726;67;37000;495;0;7454;2026-01-20T14:19:53Z;ESTIMATED;A69822;A359;N524DN;DAL;DAL;ICN;RKSI;ATL;KATL;2026-01-20T22:09:04Z
3dfc2d74;AA249;AAL249;4.197.362;-8.789.992;278;0;0;0;6277;2026-01-20T14:19:56Z;ADSB;A3CDE4;B38M;N344TS;AAL;AAL;ORD;KORD;MEX;MMMX;
3dfbf6a2;UA1898;UAL1898;3.786.708;-8.295.215;249;38000;332;0;577;2026-01-20T14:19:59Z;ADSB;A35843;B739;N31412;UAL;UAL;BWI;KBWI;IAH;KIAH;2026-01-20T16:25:36Z
3dfbeb3c;DL1368;DAL1368;3.759.219;-7.972.516;237;38000;294;0;7177;2026-01-20T14:19:59Z;ADSB;A3D4C6;A319;N346NB;DAL;DAL;JFK;KJFK;MSY;KMSY;2026-01-20T16:02:08Z
3dfb54ee;BA117;BAW17R;5.050.969;-619.222;230;38000;392;0;751;2026-01-20T14:19:59Z;ADSB;400685;B772;G-VIIM;BAW;BAW;LHR;EGLL;JFK;KJFK;2026-01-20T16:29:52Z
3dfb76b5;AF84;AFR84T;6.856.013;-5.474.652;285;34000;465;0;3045;2026-01-20T14:19:57Z;ADSB;3965A0;B77W;F-GZNA;AFR;AFR;CDG;LFPG;SFO;KSFO;2026-01-20T20:52:16Z
3dfc2269;UA1886;UAL1886;3.067.708;-946.896;49;24025;481;2368;4026;2026-01-20T14:24:59Z;ADSB;A05A25;B752;N12125;UAL;UAL;IAH;KIAH;EWR;KEWR;2026-01-20T17:08:16Z
3dfbebeb;DL8851;DAL8851;3.499.979;-8.942.737;287;40000;340;0;7120;2026-01-20T14:24:59Z;ADSB;A8DEF1;B752;N6706Q;DAL;DAL;ATL;KATL;DEN;KDEN;2026-01-20T16:25:10Z
3dfbcb4e;DL2301;DAL2301;4.290.757;-9.253.346;164;35075;486;960;2637;2026-01-20T14:24:59Z;ADSB;A7824E;B753;N583NW;DAL;DAL;MSP;KMSP;TPA;KTPA;2026-01-20T16:42:40Z
3dfbb575;AA1349;AAL1349;3.674.432;-8.621.481;243;40000;336;0;3031;2026-01-20T14:24:59Z;ADSB;ADC65E;B738;N987NN;AAL;AAL;JFK;KJFK;AUS;KAUS;2026-01-20T16:14:56Z
3dfc1f4a;UA1666;UAL1666;3.941.093;-8.635.212;283;34350;352;704;4054;2026-01-20T14:24:58Z;ADSB;A3C775;B738;N34222;UAL;UAL;CVG;KCVG;DEN;KDEN;2026-01-20T16:46:56Z
3dfc18c5;AA3052;AAL3052;3.885.452;-7.704.088;241;0;0;0;2000;2026-01-20T14:24:58Z;ADSB;AB4EA8;A319;N828AW;AAL;AAL;DCA;KDCA;FLL;KFLL;
3dfc25be;AA2896;AAL2896;4.077.656;-738.746;30;0;0;0;1164;2026-01-20T14:24:58Z;ADSB;A35388;B38M;N313SB;AAL;AAL;LGA;KLGA;FLL;KFLL;
3dfb5a0f;KL661;KLM661;5.582.224;-6.658.043;236;36000;458;0;0;2026-01-20T14:24:54Z;ESTIMATED;4851B0;B789;PH-BHE;KLM;KLM;AMS;EHAM;IAH;KIAH;2026-01-20T18:59:12Z
3dfb5ea7;UA905;UAL905;5.425.002;-6.078.162;225;38025;411;0;711;2026-01-20T14:24:58Z;ADSB;A9178D;B763;N685UA;UAL;UAL;LHR;EGLL;EWR;KEWR;2026-01-20T16:59:44Z
3dfb8063;BA53;BAW5EA;7.292.042;-6.256.418;262;40000;508;0;2102;2026-01-20T14:24:54Z;ESTIMATED;400774;B772;G-VIIW;BAW;BAW;LHR;EGLL;SEA;KSEA;2026-01-20T19:26:56Z
3dfc13ad;UA654;UAL654;3.348.734;-1.163.885;96;39000;493;0;1021;2026-01-20T14:24:58Z;ADSB;A0A8DF;B752;N14107;UAL;UAL;LAX;KLAX;IAH;KIAH;2026-01-20T16:55:28Z
3dfbc8a3;UA4200;UAL4200;1.436.252;-7.920.456;349;40025;500;0;1454;2026-01-20T14:24:58Z;ADSB;A8EC57;B763;N674UA;UAL;UAL;MDE;SKRG;EWR;KEWR;2026-01-20T17:47:18Z
3dfb1d91;DL166;DAL166;5.574.257;-1.467.867;108;39000;519;0;6271;2026-01-20T14:24:53Z;ESTIMATED;A65BB7;A359;N509DN;DAL;DAL;HND;RJTT;SEA;KSEA;2026-01-20T16:36:16Z
3dfb459f;DL57;DAL57;6.668.082;-8.130.609;237;38000;468;0;3065;2026-01-20T14:24:54Z;ESTIMATED;AB00D6;A333;N808NW;DAL;DAL;AMS;EHAM;SLC;KSLC;2026-01-20T18:52:48Z
3dfbc063;AA2111;AAL2111;4.077.601;-7.387.407;135;0;0;0;3135;2026-01-20T14:24:59Z;ADSB;AB7270;A319;N837AW;AAL;AAL;CLT;KCLT;LGA;KLGA;2026-01-20T13:54:12Z
3dfb55ab;DL33;DAL33;5.243.445;-6.240.929;230;38000;409;0;706;2026-01-20T14:24:57Z;ADSB;A50E93;A339;N425DX;DAL;DAL;LHR;EGLL;ATL;KATL;2026-01-20T18:10:08Z
3dfb6bb5;AF158;AFR158K;6.225.715;-561.245;252;36000;461;64;3464;2026-01-20T14:24:57Z;ADSB;3949F4;B772;F-GSPU;AFR;AFR;CDG;LFPG;DFW;KDFW;2026-01-20T19:41:52Z
3dfbe8e0;DL1794;DAL1794;1.859.692;-8.270.302;10;38000;504;-64;4614;2026-01-20T14:24:48Z;ADSB;A93D9F;B752;N695DL;DAL;DAL;SJO;MROC;ATL;KATL;2026-01-20T16:38:24Z
3dfbe9c7;AA3193;AAL3193;3.050.908;-8.437.704;304;35975;381;64;6052;2026-01-20T14:24:59Z;ADSB;AC7A33;A319;N9029F;AAL;AAL;MIA;KMIA;EGE;KEGE;2026-01-20T17:48:48Z
3dfb53b3;UA6;UAL6;5.590.652;-16.215.103;90;36975;482;0;7456;2026-01-20T14:24:54Z;ADSB;A31A76;B789;N29984;UAL;UAL;NRT;RJAA;IAH;KIAH;2026-01-20T20:56:32Z
3dfc1880;AA1293;AAL1293;4.197.244;-8.791.996;270;0;18;0;1373;2026-01-20T14:24:59Z;ADSB;A3C291;B38M;N341RW;AAL;AAL;ORD;KORD;MCO;KMCO;
3dfc0e0a;AA1283;AAL1283;3.971.716;-8.628.287;225;0;72;0;4074;2026-01-20T14:24:59Z;ADSB;A4008E;B38M;N357TY;AAL;AAL;IND;KIND;MIA;KMIA;
3dfbf6a5;AA3317;AAL3317;3.817.777;-7.567.383;214;36000;321;0;2750;2026-01-20T14:24:58Z;ADSB;ACF849;B738;N935AN;AAL;AAL;LGA;KLGA;PBI;KPBI;2026-01-20T16:12:48Z
3dfbfb71;DL1930;DAL1930;3.830.416;-7.080.879;149;39000;450;0;3060;2026-01-20T14:24:58Z;ADSB;A8DE10;B752;N6700;;;JFK;KJFK;STT;TIST;2026-01-20T17:14:40Z
3dfc075e;AA2731;AAL2731;3.908.061;-7.861.016;242;38000;373;0;1120;2026-01-20T14:24:57Z;ADSB;AAE958;B788;N802AN;AAL;AAL;PHL;KPHL;DFW;KDFW;2026-01-20T16:59:44Z
3dfb5e2d;KL623;KLM623;5.501.093;-594.059;226;35975;447;0;754;2026-01-20T14:24:59Z;ADSB;485E2E;B78X;PH-BKH;KLM;KLM;AMS;EHAM;ATL;KATL;2026-01-20T18:29:20Z
3dfb71d2;LH454;DLH454;7.500.813;-6.405.421;268;34000;512;0;3256;2026-01-20T14:24:54Z;ESTIMATED;3C4B2A;B748;D-ABYJ;DLH;DLH;FRA;EDDF;SFO;KSFO;2026-01-20T20:26:40Z
3dfa9c2b;DL42;DAL42;2.175.645;-1.372.878;52;41000;529;0;2000;2026-01-20T14:24:58Z;ESTIMATED;A6A347;A359;N527DN;DAL;DAL;SYD;YSSY;LAX;KLAX;2026-01-20T17:01:52Z
3dfc21cf;DL830;DAL830;3.364.542;-8.440.853;90;0;4;0;2001;2026-01-20T14:24:59Z;ADSB;ABD018;A332;N860NW;DAL;DAL;ATL;KATL;SLC;KSLC;
3dfbfe28;UA3929;UAL3929;3.920.783;-1.139.198;79;41000;483;0;3235;2026-01-20T14:24:59Z;ADSB;A2E045;B739;N28478;UAL;UAL;SFO;KSFO;IAD;KIAD;2026-01-20T17:55:12Z
3dfb9bef;UA2115;UAL2115;4.222.742;-997.156;257;36000;370;0;7172;2026-01-20T14:24:59Z;ADSB;A16E7D;B752;N19117;UAL;UAL;EWR;KEWR;SFO;KSFO;2026-01-20T17:06:08Z
3dfbb609;DL966;DAL966;4.649.629;-10.332.099;282;38000;390;0;4021;2026-01-20T14:24:58Z;ADSB;A4A0CD;B738;N398DA;DAL;DAL;CVG;KCVG;SEA;KSEA;2026-01-20T16:32:00Z
3dfb2fe8;DL120;DAL120;5.867.638;-1.540.114;93;41000;510;0;7425;2026-01-20T14:24:57Z;ADSB;A68946;A359;N520DN;DAL;DAL;HND;RJTT;MSP;KMSP;2026-01-20T19:05:36Z
3dfb1035;DL274;DAL274;5.741.862;-13.864.351;107;39000;541;0;6264;2026-01-20T14:24:58Z;ADSB;A65800;A359;N508DN;DAL;DAL;HND;RJTT;DTW;KDTW;2026-01-20T18:44:16Z
3dfb5b3f;KL605;KLM373;7.020.085;-9.274.892;227;37950;529;64;1307;2026-01-20T14:24:58Z;ADSB;486071;B78X;PH-BKL;KLM;KLM;AMS;EHAM;SFO;KSFO;2026-01-20T19:07:44Z
3dfc08be;DL713;DAL713;4.006.847;-7.781.726;269;38000;345;-64;7106;2026-01-20T14:24:59Z;ADSB;ABCA08;A332;N859NW;DAL;DAL;JFK;KJFK;LAX;KLAX;2026-01-20T19:24:48Z
3df77bd0;DL274;DAL274;4.221.033;-8.335.699;118;0;0;0;6527;2026-01-20T14:24:55Z;ADSB;A661C7;A359;N510DN;DAL;DAL;HND;RJTT;DTW;KDTW;2026-01-19T18:59:44Z
3dfbef7c;UA297;UAL297;4.275.092;-8.201.082;278;36000;378;0;3054;2026-01-20T14:24:57Z;ADSB;A2B10C;B38M;N27252;UAL;UAL;EWR;KEWR;BZN;KBZN;2026-01-20T17:44:32Z
3dfb6660;AF338;AFR338;7.239.771;-7.445.074;259;40000;522;0;2777;2026-01-20T14:24:54Z;ESTIMATED;39D2B3;A359;F-HUVT;AFR;AFR;CDG;LFPG;SEA;KSEA;2026-01-20T18:48:32Z
3dfc1af7;AA1688;AAL1688;4.236.139;-7.102.088;345;0;0;0;3461;2026-01-20T14:25:00Z;ADSB;ADECA5;A321;N997AA;AAL;AAL;BOS;KBOS;CLT;KCLT;
3dfb6eb6;BA175;BAW7NY;5.471.973;-5.684.817;226;38000;421;0;763;2026-01-20T14:24:58Z;ADSB;4005C1;B772;G-RAES;BAW;BAW;LHR;EGLL;JFK;KJFK;2026-01-20T17:10:24Z
3dfc35bc;AA1766;AAL1766;3.290.185;-970.374;351;0;0;0;0;2026-01-20T14:24:51Z;ADSB;AD1986;B738;N943NN;AAL;AAL;DFW;KDFW;JFK;KJFK;
3dfbfc5c;DL8800;DAL8800;397.674;-9.139.765;156;39000;502;0;2603;2026-01-20T14:24:58Z;ADSB;ACB878;B739;N919DU;DAL;DAL;MSP;KMSP;MIA;KMIA;2026-01-20T16:34:42Z
3dfbe93a;UA1256;UAL1256;380.329;-8.819.556;281;38000;356;64;7125;2026-01-20T14:24:59Z;ADSB;A288FF;B738;N26210;UAL;UAL;CLT;KCLT;DEN;KDEN;2026-01-20T16:27:44Z
3dfbf396;UA1116;UAL1116;449.163;-1.001.982;265;38000;403;0;3657;2026-01-20T14:24:59Z;ADSB;A28947;B738;N26232;UAL;UAL;MSP;KMSP;SFO;KSFO;2026-01-20T17:14:40Z
3dfb3347;UA838;UAL838;4.852.678;-14.707.509;104;37000;485;0;6266;2026-01-20T14:24:53Z;ESTIMATED;AA92FF;B772;N78008;UAL;UAL;NRT;RJAA;SFO;KSFO;2026-01-20T17:10:24Z
3dfb37ee;DL188;DAL188;5.325.455;-17.466.885;68;37000;495;0;7454;2026-01-20T14:24:54Z;ESTIMATED;A69822;A359;N524DN;DAL;DAL;ICN;RKSI;ATL;KATL;2026-01-20T22:09:04Z
3dfbf6a2;UA1898;UAL1898;377.041;-835.026;249;38000;336;0;577;2026-01-20T14:24:59Z;ADSB;A35843;B739;N31412;UAL;UAL;BWI;KBWI;IAH;KIAH;2026-01-20T16:27:44Z
3dfbeb3c;DL1368;DAL1368;373.743;-8.015.543;237;38000;286;64;7177;2026-01-20T14:24:58Z;ADSB;A3D4C6;A319;N346NB;DAL;DAL;JFK;KJFK;MSY;KMSY;2026-01-20T16:06:24Z
3dfb54ee;BA117;BAW17R;501.627;-6.257.523;230;38000;393;0;751;2026-01-20T14:24:57Z;ADSB;400685;B772;G-VIIM;BAW;BAW;LHR;EGLL;JFK;KJFK;2026-01-20T16:27:44Z
3dfb76b5;AF84;AFR84T;6.872.415;-564.675;283;34000;468;0;3045;2026-01-20T14:24:59Z;ADSB;3965A0;B77W;F-GZNA;AFR;AFR;CDG;LFPG;SFO;KSFO;2026-01-20T20:52:16Z
3dfc2269;UA1886;UAL1886;3.104.919;-9.399.709;63;31700;542;1152;4026;2026-01-20T14:29:59Z;ADSB;A05A25;B752;N12125;UAL;UAL;IAH;KIAH;EWR;KEWR;2026-01-20T17:08:16Z
3dfbebeb;DL8851;DAL8851;3.514.149;-899.707;287;40000;335;0;7120;2026-01-20T14:29:59Z;ADSB;A8DEF1;B752;N6706Q;DAL;DAL;ATL;KATL;DEN;KDEN;2026-01-20T16:26:09Z
3dfc1f4a;UA1666;UAL1666;3.952.103;-8.697.601;282;38000;355;0;4054;2026-01-20T14:29:59Z;ADSB;A3C775;B738;N34222;UAL;UAL;CVG;KCVG;DEN;KDEN;2026-01-20T16:46:56Z
3dfbcb4e;DL2301;DAL2301;4.227.474;-9.218.264;150;37000;502;0;2637;2026-01-20T14:29:59Z;ADSB;A7824E;B753;N583NW;DAL;DAL;MSP;KMSP;TPA;KTPA;2026-01-20T16:44:48Z
3dfbb575;AA1349;AAL1349;3.653.197;-8.673.186;242;40000;337;64;3031;2026-01-20T14:29:59Z;ADSB;ADC65E;B738;N987NN;AAL;AAL;JFK;KJFK;AUS;KAUS;2026-01-20T16:19:12Z
3dfc18c5;AA3052;AAL3052;3.885.452;-7.704.088;241;0;0;0;2000;2026-01-20T14:29:58Z;ADSB;AB4EA8;A319;N828AW;AAL;AAL;DCA;KDCA;FLL;KFLL;
3dfb5ea7;UA905;UAL905;5.384.977;-614.572;224;38000;400;0;711;2026-01-20T14:30:00Z;ADSB;A9178D;B763;N685UA;UAL;UAL;LHR;EGLL;EWR;KEWR;2026-01-20T17:01:52Z
3dfb5a0f;KL661;KLM661;5.545.958;-6.752.155;235;36000;458;0;0;2026-01-20T14:29:58Z;ESTIMATED;4851B0;B789;PH-BHE;KLM;KLM;AMS;EHAM;IAH;KIAH;2026-01-20T18:59:12Z
3dfb5cc2;KL689;KLM689;5.477.859;-6.919.709;233;37975;456;0;0;2026-01-20T14:29:58Z;ESTIMATED;485785;B789;PH-BHN;KLM;KLM;AMS;EHAM;CUN;MMUN;2026-01-20T19:41:52Z
3dfb6bff;AF636;AFR636P;6.131.766;-6.073.285;242;38000;471;0;756;2026-01-20T14:29:58Z;ESTIMATED;39D2A6;A359;F-HUVG;AFR;AFR;CDG;LFPG;IAH;KIAH;2026-01-20T19:52:32Z
3dfb8063;BA53;BAW5EA;7.281.699;-6.494.878;260;40000;506;0;2102;2026-01-20T14:29:58Z;ESTIMATED;400774;B772;G-VIIW;BAW;BAW;LHR;EGLL;SEA;KSEA;2026-01-20T19:26:56Z
3dfc13ad;UA654;UAL654;3.338.516;-11.557.227;98;39000;496;0;1021;2026-01-20T14:29:59Z;ADSB;A0A8DF;B752;N14107;UAL;UAL;LAX;KLAX;IAH;KIAH;2026-01-20T16:55:28Z
3dfc3751;AA3139;AAL3139;3.290.773;-9.703.889;227;0;0;0;1360;2026-01-20T14:29:54Z;ADSB;A0480B;A320;N117UW;AAL;AAL;DFW;KDFW;PNS;KPNS;
3dfbc8a3;UA4200;UAL4200;1.503.699;-7.932.626;359;40000;498;0;1454;2026-01-20T14:29:57Z;ADSB;A8EC57;B763;N674UA;UAL;UAL;MDE;SKRG;EWR;KEWR;2026-01-20T17:52:27Z
3dfb1d91;DL166;DAL166;5.551.016;-14.555.734;109;39000;519;0;6271;2026-01-20T14:29:58Z;ESTIMATED;A65BB7;A359;N509DN;DAL;DAL;HND;RJTT;SEA;KSEA;2026-01-20T16:36:16Z
3dfb459f;DL57;DAL57;6.632.008;-8.269.624;236;38000;472;0;3065;2026-01-20T14:29:58Z;ESTIMATED;AB00D6;A333;N808NW;DAL;DAL;AMS;EHAM;SLC;KSLC;2026-01-20T18:52:48Z
3dfbc063;AA2111;AAL2111;4.077.603;-7.387.405;135;0;0;0;3135;2026-01-20T14:29:50Z;ADSB;AB7270;A319;N837AW;AAL;AAL;CLT;KCLT;LGA;KLGA;2026-01-20T13:54:12Z
3dfb55ab;DL33;DAL33;5.207.144;-631.179;229;38000;408;0;706;2026-01-20T14:29:58Z;ADSB;A50E93;A339;N425DX;DAL;DAL;LHR;EGLL;ATL;KATL;2026-01-20T18:10:08Z
3dfb6bb5;AF158;AFR158K;6.206.299;-5.739.473;251;36000;463;0;2403;2026-01-20T14:29:58Z;ADSB;3949F4;B772;F-GSPU;AFR;AFR;CDG;LFPG;DFW;KDFW;2026-01-20T19:39:44Z
3dfbe9c7;AA3193;AAL3193;3.080.729;-8.488.235;304;36025;382;0;6052;2026-01-20T14:29:59Z;ADSB;AC7A33;A319;N9029F;AAL;AAL;MIA;KMIA;EGE;KEGE;2026-01-20T17:48:48Z
3dfbe8e0;DL1794;DAL1794;193.047;-8.256.765;10;38000;498;0;4614;2026-01-20T14:29:59Z;ADSB;A93D9F;B752;N695DL;DAL;DAL;SJO;MROC;ATL;KATL;2026-01-20T16:36:16Z
3dfb53b3;UA6;UAL6;559.677;-1.609.314;86;36975;490;0;7456;2026-01-20T14:29:50Z;ADSB;A31A76;B789;N29984;UAL;UAL;NRT;RJAA;IAH;KIAH;2026-01-20T20:56:32Z
3dfc0e0a;AA1283;AAL1283;3.940.892;-8.631.003;176;10325;336;960;4074;2026-01-20T14:29:58Z;ADSB;A4008E;B38M;N357TY;AAL;AAL;IND;KIND;MIA;KMIA;2026-01-20T16:40:32Z
3dfbf6a5;AA3317;AAL3317;3.781.187;-7.599.058;214;38000;320;0;2750;2026-01-20T14:29:59Z;ADSB;ACF849;B738;N935AN;AAL;AAL;LGA;KLGA;PBI;KPBI;2026-01-20T16:14:56Z
3dfbfb71;DL1930;DAL1930;3.775.507;-7.042.989;153;39000;439;0;3060;2026-01-20T14:29:59Z;ADSB;A8DE10;B752;N6700;;;JFK;KJFK;STT;TIST;2026-01-20T17:16:48Z
3dfc075e;AA2731;AAL2731;3.883.914;-7.920.587;248;38000;373;64;1120;2026-01-20T14:29:58Z;ADSB;AAE958;B788;N802AN;AAL;AAL;PHL;KPHL;DFW;KDFW;2026-01-20T17:01:52Z
3dfb5e2d;KL623;KLM623;5.458.613;-6.016.704;225;35750;444;-1152;754;2026-01-20T14:29:58Z;ADSB;485E2E;B78X;PH-BKH;KLM;KLM;AMS;EHAM;ATL;KATL;2026-01-20T18:31:28Z
3dfb71d2;LH454;DLH454;7.496.717;-6.709.463;265;34000;526;0;3256;2026-01-20T14:29:58Z;ESTIMATED;3C4B2A;B748;D-ABYJ;DLH;DLH;FRA;EDDF;SFO;KSFO;2026-01-20T20:26:40Z
3dfa9c2b;DL42;DAL42;2.221.018;-13.665.924;52;41000;529;0;2000;2026-01-20T14:30:00Z;ESTIMATED;A6A347;A359;N527DN;DAL;DAL;SYD;YSSY;LAX;KLAX;2026-01-20T17:01:52Z
3dfc21cf;DL830;DAL830;3.364.604;-8.446.328;277;2975;162;1792;2001;2026-01-20T14:29:59Z;ADSB;ABD018;A332;N860NW;DAL;DAL;ATL;KATL;SLC;KSLC;2026-01-20T17:55:12Z
3dfbfe28;UA3929;UAL3929;3.932.977;-11.307.254;77;41000;489;0;3235;2026-01-20T14:29:58Z;ADSB;A2E045;B739;N28478;UAL;UAL;SFO;KSFO;IAD;KIAD;2026-01-20T17:57:20Z
3dfb9bef;UA2115;UAL2115;4.211.497;-10.038.591;257;36000;372;0;7172;2026-01-20T14:29:57Z;ADSB;A16E7D;B752;N19117;UAL;UAL;EWR;KEWR;SFO;KSFO;2026-01-20T17:06:08Z
3dfbb609;DL966;DAL966;4.661.243;-10.408.255;282;38000;386;0;4021;2026-01-20T14:29:59Z;ADSB;A4A0CD;B738;N398DA;DAL;DAL;CVG;KCVG;SEA;KSEA;2026-01-20T16:34:08Z
3dfb2fe8;DL120;DAL120;5.863.069;-15.265.166;94;41000;516;0;7425;2026-01-20T14:29:58Z;ADSB;A68946;A359;N520DN;DAL;DAL;HND;RJTT;MSP;KMSP;2026-01-20T19:05:36Z
3dfb1035;DL274;DAL274;5.718.924;-13.731.279;108;39000;547;0;6264;2026-01-20T14:29:59Z;ADSB;A65800;A359;N508DN;DAL;DAL;HND;RJTT;DTW;KDTW;2026-01-20T18:44:16Z
3dfb5b3f;KL605;KLM373;6.969.461;-9.431.965;226;38000;536;256;1307;2026-01-20T14:29:57Z;ADSB;486071;B78X;PH-BKL;KLM;KLM;AMS;EHAM;SFO;KSFO;2026-01-20T19:05:36Z
3dfc08be;DL713;DAL713;400.791;-7.844.975;272;38000;355;-64;7106;2026-01-20T14:29:58Z;ADSB;ABCA08;A332;N859NW;DAL;DAL;JFK;KJFK;LAX;KLAX;2026-01-20T19:26:56Z
3df77bd0;DL274;DAL274;4.221.032;-8.335.699;118;0;0;0;6527;2026-01-20T14:29:58Z;ADSB;A661C7;A359;N510DN;DAL;DAL;HND;RJTT;DTW;KDTW;2026-01-19T18:59:44Z
3dfbef7c;UA297;UAL297;4.283.102;-8.271.082;280;36000;375;0;3054;2026-01-20T14:29:58Z;ADSB;A2B10C;B38M;N27252;UAL;UAL;EWR;KEWR;BZN;KBZN;2026-01-20T17:38:08Z
3dfc1af7;AA1688;AAL1688;4.236.142;-7.102.085;345;0;0;0;3461;2026-01-20T14:29:56Z;ADSB;ADECA5;A321;N997AA;AAL;AAL;BOS;KBOS;CLT;KCLT;
3dfb6eb6;BA175;BAW7NY;5.431.166;-5.756.878;225;38000;420;0;763;2026-01-20T14:29:59Z;ADSB;4005C1;B772;G-RAES;BAW;BAW;LHR;EGLL;JFK;KJFK;2026-01-20T17:10:24Z
3dfc35bc;AA1766;AAL1766;3.290.184;-970.374;351;0;0;0;0;2026-01-20T14:29:56Z;ADSB;AD1986;B738;N943NN;AAL;AAL;DFW;KDFW;JFK;KJFK;
3dfbfc5c;DL8800;DAL8800;3.912.706;-9.103.381;156;39000;503;64;2603;2026-01-20T14:29:58Z;ADSB;ACB878;B739;N919DU;DAL;DAL;MSP;KMSP;MIA;KMIA;2026-01-20T16:34:01Z
3dfbe93a;UA1256;UAL1256;3.813.419;-8.881.161;281;38000;359;0;7125;2026-01-20T14:29:57Z;ADSB;A288FF;B738;N26210;UAL;UAL;CLT;KCLT;DEN;KDEN;2026-01-20T16:27:44Z
3dfbf396;UA1116;UAL1116;4.486.835;-10.097.729;264;38000;400;0;3657;2026-01-20T14:29:58Z;ADSB;A28947;B738;N26232;UAL;UAL;MSP;KMSP;SFO;KSFO;2026-01-20T17:14:40Z
3dfb37ee;DL188;DAL188;5.351.529;-17.358.423;68;37000;495;0;7454;2026-01-20T14:29:58Z;ESTIMATED;A69822;A359;N524DN;DAL;DAL;ICN;RKSI;ATL;KATL;2026-01-20T22:09:04Z
3dfc2d74;AA249;AAL249;4.197.362;-8.789.993;278;0;0;0;6277;2026-01-20T14:29:46Z;ADSB;A3CDE4;B38M;N344TS;AAL;AAL;ORD;KORD;MEX;MMMX;
3dfbf6a2;UA1898;UAL1898;375.441;-8.404.833;249;38000;329;0;577;2026-01-20T14:29:59Z;ADSB;A35843;B739;N31412;UAL;UAL;BWI;KBWI;IAH;KIAH;2026-01-20T16:27:44Z
3dfbeb3c;DL1368;DAL1368;3.716.712;-8.055.916;237;37975;272;0;7177;2026-01-20T14:29:58Z;ADSB;A3D4C6;A319;N346NB;DAL;DAL;JFK;KJFK;MSY;KMSY;2026-01-20T16:06:24Z
3dfb54ee;BA117;BAW17R;4.981.038;-6.322.186;229;38000;392;0;751;2026-01-20T14:29:58Z;ADSB;400685;B772;G-VIIM;BAW;BAW;LHR;EGLL;JFK;KJFK;2026-01-20T16:29:52Z
3dfb76b5;AF84;AFR84T;6.886.891;-5.819.279;282;34000;462;0;3045;2026-01-20T14:29:58Z;ADSB;3965A0;B77W;F-GZNA;AFR;AFR;CDG;LFPG;SFO;KSFO;2026-01-20T20:52:16Z
3dfc2269;UA1886;UAL1886;3.137.565;-9.317.977;65;36975;567;832;4026;2026-01-20T14:35:00Z;ADSB;A05A25;B752;N12125;UAL;UAL;IAH;KIAH;EWR;KEWR;2026-01-20T17:06:08Z
3dfbebeb;DL8851;DAL8851;3.528.045;-9.051.449;287;40000;340;0;7120;2026-01-20T14:34:59Z;ADSB;A8DEF1;B752;N6706Q;DAL;DAL;ATL;KATL;DEN;KDEN;2026-01-20T16:27:25Z
3dfbcb4e;DL2301;DAL2301;4.167.305;-9.172.792;150;37000;496;0;2637;2026-01-20T14:34:59Z;ADSB;A7824E;B753;N583NW;DAL;DAL;MSP;KMSP;TPA;KTPA;2026-01-20T16:44:48Z
3dfbb575;AA1349;AAL1349;3.631.787;-872.457;242;40000;332;0;3031;2026-01-20T14:35:00Z;ADSB;ADC65E;B738;N987NN;AAL;AAL;JFK;KJFK;AUS;KAUS;2026-01-20T16:14:56Z
3dfc1f4a;UA1666;UAL1666;3.961.299;-8.760.516;277;38000;356;0;4054;2026-01-20T14:34:58Z;ADSB;A3C775;B738;N34222;UAL;UAL;CVG;KCVG;DEN;KDEN;2026-01-20T16:49:04Z
3dfc18c5;AA3052;AAL3052;3.885.452;-7.704.088;241;0;0;0;555;2026-01-20T14:35:00Z;ADSB;AB4EA8;A319;N828AW;AAL;AAL;DCA;KDCA;FLL;KFLL;
3dfb5ea7;UA905;UAL905;5.345.494;-6.210.516;223;38000;399;0;711;2026-01-20T14:34:59Z;ADSB;A9178D;B763;N685UA;UAL;UAL;LHR;EGLL;EWR;KEWR;2026-01-20T17:04:00Z
3dfb5a0f;KL661;KLM661;5.509.299;-6.843.566;234;36000;455;0;0;2026-01-20T14:34:56Z;ESTIMATED;4851B0;B789;PH-BHE;KLM;KLM;AMS;EHAM;IAH;KIAH;2026-01-20T18:59:12Z
3dfb5cc2;KL689;KLM689;544.064;-7.006.708;233;37975;456;0;0;2026-01-20T14:34:56Z;ESTIMATED;485785;B789;PH-BHN;KLM;KLM;AMS;EHAM;CUN;MMUN;2026-01-20T19:41:52Z
3dfc13ad;UA654;UAL654;3.327.768;-11.476.154;99;39000;492;0;1021;2026-01-20T14:35:00Z;ADSB;A0A8DF;B752;N14107;UAL;UAL;LAX;KLAX;IAH;KIAH;2026-01-20T16:53:20Z
3dfc3751;AA3139;AAL3139;3.290.775;-970.389;227;0;0;0;1360;2026-01-20T14:34:59Z;ADSB;A0480B;A320;N117UW;AAL;AAL;DFW;KDFW;PNS;KPNS;
3dfbc8a3;UA4200;UAL4200;1.573.315;-7.930.375;1;40000;499;0;1454;2026-01-20T14:34:58Z;ADSB;A8EC57;B763;N674UA;UAL;UAL;MDE;SKRG;EWR;KEWR;2026-01-20T17:49:22Z
3dfb1d91;DL166;DAL166;5.527.076;-1.443.692;110;39000;519;0;6271;2026-01-20T14:34:56Z;ESTIMATED;A65BB7;A359;N509DN;DAL;DAL;HND;RJTT;SEA;KSEA;2026-01-20T16:36:16Z
3dfb554c;KL601;KLM601;6.559.736;-9.308.498;220;36000;521;0;3351;2026-01-20T14:34:56Z;ADSB;485F84;B78X;PH-BKQ;KLM;KLM;AMS;EHAM;LAX;KLAX;2026-01-20T19:09:52Z
3dfb459f;DL57;DAL57;6.595.438;-8.401.917;235;38000;472;0;3065;2026-01-20T14:34:56Z;ESTIMATED;AB00D6;A333;N808NW;DAL;DAL;AMS;EHAM;SLC;KSLC;2026-01-20T18:52:48Z
3dfbc063;AA2111;AAL2111;4.077.599;-7.387.402;135;0;0;0;3135;2026-01-20T14:35:00Z;ADSB;AB7270;A319;N837AW;AAL;AAL;CLT;KCLT;LGA;KLGA;2026-01-20T13:54:12Z
3dfb55ab;DL33;DAL33;517.051;-6.381.317;229;38000;406;0;706;2026-01-20T14:34:59Z;ADSB;A50E93;A339;N425DX;DAL;DAL;LHR;EGLL;ATL;KATL;2026-01-20T18:10:08Z
3dfb6bb5;AF158;AFR158K;6.182.962;-5.860.291;244;36000;461;0;2403;2026-01-20T14:34:56Z;ADSB;3949F4;B772;F-GSPU;AFR;AFR;CDG;LFPG;DFW;KDFW;2026-01-20T19:39:44Z
3dfbe9c7;AA3193;AAL3193;3.110.239;-8.538.935;303;35975;374;0;6052;2026-01-20T14:34:59Z;ADSB;AC7A33;A319;N9029F;AAL;AAL;MIA;KMIA;EGE;KEGE;2026-01-20T17:46:40Z
3dfbe8e0;DL1794;DAL1794;199.906;-8.243.521;10;38000;504;0;4614;2026-01-20T14:34:59Z;ADSB;A93D9F;B752;N695DL;DAL;DAL;SJO;MROC;ATL;KATL;2026-01-20T16:36:16Z
3dfb53b3;UA6;UAL6;5.601.184;-15.969.563;85;37000;489;0;7456;2026-01-20T14:34:57Z;ADSB;A31A76;B789;N29984;UAL;UAL;NRT;RJAA;IAH;KIAH;2026-01-20T20:52:16Z
3dfc1880;AA1293;AAL1293;4.197.482;-8.793.092;270;0;0;0;1373;2026-01-20T14:34:57Z;ADSB;A3C291;B38M;N341RW;AAL;AAL;ORD;KORD;MCO;KMCO;
3dfc0e0a;AA1283;AAL1283;388.444;-8.625.531;175;21500;445;2368;4074;2026-01-20T14:34:59Z;ADSB;A4008E;B38M;N357TY;AAL;AAL;IND;KIND;MIA;KMIA;2026-01-20T16:40:32Z
3dfbf6a5;AA3317;AAL3317;3.742.167;-76.289;207;38000;332;0;2750;2026-01-20T14:35:00Z;ADSB;ACF849;B738;N935AN;AAL;AAL;LGA;KLGA;PBI;KPBI;2026-01-20T16:10:40Z
3dfc075e;AA2731;AAL2731;3.867.593;-7.984.589;251;37975;384;-64;1120;2026-01-20T14:35:00Z;ADSB;AAE958;B788;N802AN;AAL;AAL;PHL;KPHL;DFW;KDFW;2026-01-20T17:01:52Z
3dfbfb71;DL1930;DAL1930;3.724.773;-7.011.451;153;39000;432;0;3060;2026-01-20T14:34:44Z;ADSB;A8DE10;B752;N6700;;;JFK;KJFK;STT;TIST;2026-01-20T17:16:48Z
3dfb5e2d;KL623;KLM623;5.415.079;-6.092.249;225;34000;445;-64;754;2026-01-20T14:34:59Z;ADSB;485E2E;B78X;PH-BKH;KLM;KLM;AMS;EHAM;ATL;KATL;2026-01-20T18:27:12Z
3dfb71d2;LH454;DLH454;7.489.433;-6.985.622;262;34000;526;0;3256;2026-01-20T14:34:56Z;ESTIMATED;3C4B2A;B748;D-ABYJ;DLH;DLH;FRA;EDDF;SFO;KSFO;2026-01-20T20:26:40Z
3dfc21cf;DL830;DAL830;3.369.921;-8.486.881;269;14300;295;1088;2001;2026-01-20T14:34:59Z;ADSB;ABD018;A332;N860NW;DAL;DAL;ATL;KATL;SLC;KSLC;2026-01-20T17:55:12Z
3dfbfe28;UA3929;UAL3929;3.947.076;-11.220.831;78;41000;491;64;3235;2026-01-20T14:34:59Z;ADSB;A2E045;B739;N28478;UAL;UAL;SFO;KSFO;IAD;KIAD;2026-01-20T17:55:12Z
3dfb9bef;UA2115;UAL2115;4.199.626;-10.106.655;256;36000;376;0;7172;2026-01-20T14:34:59Z;ADSB;A16E7D;B752;N19117;UAL;UAL;EWR;KEWR;SFO;KSFO;2026-01-20T17:06:08Z
3dfbb609;DL966;DAL966;4.672.325;-10.484.822;281;38000;391;0;4021;2026-01-20T14:34:58Z;ADSB;A4A0CD;B738;N398DA;DAL;DAL;CVG;KCVG;SEA;KSEA;2026-01-20T16:32:00Z
3dfb2fe8;DL120;DAL120;5.856.999;-15.128.192;95;41000;518;0;7425;2026-01-20T14:34:58Z;ADSB;A68946;A359;N520DN;DAL;DAL;HND;RJTT;MSP;KMSP;2026-01-20T19:05:36Z
3dfb1035;DL274;DAL274;5.694.572;-1.359.978;109;39000;549;0;6264;2026-01-20T14:34:59Z;ADSB;A65800;A359;N508DN;DAL;DAL;HND;RJTT;DTW;KDTW;2026-01-20T18:44:16Z
3dfb5b3f;KL605;KLM373;6.917.377;-9.582.001;224;38000;533;-128;1307;2026-01-20T14:35:00Z;ADSB;486071;B78X;PH-BKL;KLM;KLM;AMS;EHAM;SFO;KSFO;2026-01-20T19:05:36Z
3dfc08be;DL713;DAL713;4.009.484;-7.910.237;271;38000;367;0;7106;2026-01-20T14:34:58Z;ADSB;ABCA08;A332;N859NW;DAL;DAL;JFK;KJFK;LAX;KLAX;2026-01-20T19:24:48Z
3df77bd0;DL274;DAL274;4.221.032;-8.335.699;118;0;0;0;6527;2026-01-20T14:34:58Z;ADSB;A661C7;A359;N510DN;DAL;DAL;HND;RJTT;DTW;KDTW;2026-01-19T18:59:44Z
3dfbef7c;UA297;UAL297;4.294.405;-834.015;294;36475;374;1152;3054;2026-01-20T14:34:58Z;ADSB;A2B10C;B38M;N27252;UAL;UAL;EWR;KEWR;BZN;KBZN;2026-01-20T17:38:08Z
3dfb6660;AF338;AFR338;7.207.642;-7.910.798;254;40000;523;0;2777;2026-01-20T14:34:56Z;ESTIMATED;39D2B3;A359;F-HUVT;AFR;AFR;CDG;LFPG;SEA;KSEA;2026-01-20T18:48:32Z
3dfc1af7;AA1688;AAL1688;423.614;-7.102.084;345;0;0;0;3461;2026-01-20T14:34:58Z;ADSB;ADECA5;A321;N997AA;AAL;AAL;BOS;KBOS;CLT;KCLT;
3dfb6eb6;BA175;BAW7NY;5.390.321;-5.826.882;224;38000;420;0;763;2026-01-20T14:34:58Z;ADSB;4005C1;B772;G-RAES;BAW;BAW;LHR;EGLL;JFK;KJFK;2026-01-20T17:10:24Z
3dfbfc5c;DL8800;DAL8800;3.848.497;-9.067.644;156;39000;503;0;2603;2026-01-20T14:34:59Z;ADSB;ACB878;B739;N919DU;DAL;DAL;MSP;KMSP;MIA;KMIA;2026-01-20T16:33:28Z
3dfbe93a;UA1256;UAL1256;382.321;-894.297;281;38000;351;64;7125;2026-01-20T14:35:00Z;ADSB;A288FF;B738;N26210;UAL;UAL;CLT;KCLT;DEN;KDEN;2026-01-20T16:27:44Z
3dfbf396;UA1116;UAL1116;4.481.511;-10.175.001;264;38000;393;0;3657;2026-01-20T14:34:59Z;ADSB;A28947;B738;N26232;UAL;UAL;MSP;KMSP;SFO;KSFO;2026-01-20T17:12:32Z
3dfb37ee;DL188;DAL188;5.360.744;-17.245.528;69;37000;493;0;7454;2026-01-20T14:34:56Z;ESTIMATED;A69822;A359;N524DN;DAL;DAL;ICN;RKSI;ATL;KATL;2026-01-20T22:09:04Z
3dfc2d74;AA249;AAL249;4.197.362;-8.789.992;278;0;0;0;6277;2026-01-20T14:34:58Z;ADSB;A3CDE4;B38M;N344TS;AAL;AAL;ORD;KORD;MEX;MMMX;
3dfbeb3c;DL1368;DAL1368;3.687.356;-8.089.914;214;37975;298;0;7177;2026-01-20T14:35:00Z;ADSB;A3D4C6;A319;N346NB;DAL;DAL;JFK;KJFK;MSY;KMSY;2026-01-20T16:06:24Z
3dfbf6a2;UA1898;UAL1898;3.735.027;-8.456.691;242;38000;333;0;577;2026-01-20T14:34:58Z;ADSB;A35843;B739;N31412;UAL;UAL;BWI;KBWI;IAH;KIAH;2026-01-20T16:27:44Z
3dfb54ee;BA117;BAW17R;4.945.174;-6.386.412;229;38000;398;0;751;2026-01-20T14:35:00Z;ADSB;400685;B772;G-VIIM;BAW;BAW;LHR;EGLL;JFK;KJFK;2026-01-20T16:29:52Z
3dfb79f6;BA195;BAW26E;5.653.461;-5.796.444;249;37975;453;0;0;2026-01-20T14:35:00Z;ADSB;40749B;B789;G-ZBKR;BAW;BAW;LHR;EGLL;IAH;KIAH;2026-01-20T19:56:48Z
3dfb76b5;AF84;AFR84T;6.899.535;-5.994.786;278;34000;463;0;3045;2026-01-20T14:35:00Z;ADSB;3965A0;B77W;F-GZNA;AFR;AFR;CDG;LFPG;SFO;KSFO;2026-01-20T20:52:16Z
3dfc2269;UA1886;UAL1886;3.169.411;-9.234.316;66;38950;570;0;4026;2026-01-20T14:39:57Z;ADSB;A05A25;B752;N12125;UAL;UAL;IAH;KIAH;EWR;KEWR;2026-01-20T17:04:00Z
3dfbebeb;DL8851;DAL8851;354.185;-9.106.688;286;40000;345;0;7120;2026-01-20T14:39:58Z;ADSB;A8DEF1;B752;N6706Q;DAL;DAL;ATL;KATL;DEN;KDEN;2026-01-20T16:28:59Z
3dfc1f4a;UA1666;UAL1666;3.968.042;-8.823.693;277;38000;358;0;4054;2026-01-20T14:39:57Z;ADSB;A3C775;B738;N34222;UAL;UAL;CVG;KCVG;DEN;KDEN;2026-01-20T16:46:56Z
3dfbcb4e;DL2301;DAL2301;4.104.401;-9.140.411;161;37000;488;64;2637;2026-01-20T14:39:58Z;ADSB;A7824E;B753;N583NW;DAL;DAL;MSP;KMSP;TPA;KTPA;2026-01-20T16:44:48Z
3dfbb575;AA1349;AAL1349;3.610.529;-8.774.723;242;40000;333;0;3031;2026-01-20T14:39:58Z;ADSB;ADC65E;B738;N987NN;AAL;AAL;JFK;KJFK;AUS;KAUS;2026-01-20T16:17:04Z
3dfc18c5;AA3052;AAL3052;3.885.452;-7.704.088;241;0;0;0;555;2026-01-20T14:39:57Z;ADSB;AB4EA8;A319;N828AW;AAL;AAL;DCA;KDCA;FLL;KFLL;
3dfb5ea7;UA905;UAL905;5.305.647;-6.274.127;223;38025;399;0;711;2026-01-20T14:39:58Z;ADSB;A9178D;B763;N685UA;UAL;UAL;LHR;EGLL;EWR;KEWR;2026-01-20T17:04:00Z
3dfb5a0f;KL661;KLM661;5.473.293;-6.930.549;233;36000;455;0;0;2026-01-20T14:39:56Z;ESTIMATED;4851B0;B789;PH-BHE;KLM;KLM;AMS;EHAM;IAH;KIAH;2026-01-20T18:59:12Z
3dfc13ad;UA654;UAL654;3.316.695;-11.396.722;99;39000;491;0;1021;2026-01-20T14:39:57Z;ADSB;A0A8DF;B752;N14107;UAL;UAL;LAX;KLAX;IAH;KIAH;2026-01-20T16:55:28Z
3dfc3751;AA3139;AAL3139;3.290.777;-9.703.887;227;0;0;0;3074;2026-01-20T14:39:54Z;ADSB;A0480B;A320;N117UW;AAL;AAL;DFW;KDFW;PNS;KPNS;
3dfbc8a3;UA4200;UAL4200;1.643.147;-7.928.043;1;40025;505;0;1454;2026-01-20T14:39:58Z;ADSB;A8EC57;B763;N674UA;UAL;UAL;MDE;SKRG;EWR;KEWR;2026-01-20T17:48:07Z
3dfb1d91;DL166;DAL166;5.536.106;-14.300.304;113;39000;529;0;6271;2026-01-20T14:39:54Z;ESTIMATED;A65BB7;A359;N509DN;DAL;DAL;HND;RJTT;SEA;KSEA;2026-01-20T16:36:16Z
3dfb554c;KL601;KLM601;650.235;-9.421.996;219;36000;521;-64;3351;2026-01-20T14:39:59Z;ADSB;485F84;B78X;PH-BKQ;KLM;KLM;AMS;EHAM;LAX;KLAX;2026-01-20T19:09:52Z
3dfc099d;AA2523;AAL2523;398.459;-7.540.186;354;5275;238;2752;1573;2026-01-20T14:39:58Z;ADSB;A3B88E;B738;N339PL;AAL;AAL;PHL;KPHL;TPA;KTPA;2026-01-20T16:51:12Z
3dfb459f;DL57;DAL57;6.557.416;-8.531.576;233;38000;472;0;3065;2026-01-20T14:39:56Z;ESTIMATED;AB00D6;A333;N808NW;DAL;DAL;AMS;EHAM;SLC;KSLC;2026-01-20T18:52:48Z
3dfbc063;AA2111;AAL2111;4.077.609;-7.387.408;135;0;0;0;3135;2026-01-20T14:39:58Z;ADSB;AB7270;A319;N837AW;AAL;AAL;CLT;KCLT;LGA;KLGA;2026-01-20T13:54:12Z
3dfb55ab;DL33;DAL33;5.139.959;-6.448.074;228;38000;405;0;706;2026-01-20T14:39:56Z;ADSB;A50E93;A339;N425DX;DAL;DAL;LHR;EGLL;ATL;KATL;2026-01-20T18:10:08Z
3dfb6bb5;AF158;AFR158K;6.154.674;-5.981.061;243;36000;461;0;2403;2026-01-20T14:39:56Z;ESTIMATED;3949F4;B772;F-GSPU;AFR;AFR;CDG;LFPG;DFW;KDFW;2026-01-20T19:39:44Z
3dfbe9c7;AA3193;AAL3193;3.139.199;-8.589.281;303;36000;375;0;6052;2026-01-20T14:39:59Z;ADSB;AC7A33;A319;N9029F;AAL;AAL;MIA;KMIA;EGE;KEGE;2026-01-20T17:42:24Z
3dfbe8e0;DL1794;DAL1794;2.066.313;-8.224.718;15;38000;498;0;4614;2026-01-20T14:39:58Z;ADSB;A93D9F;B752;N695DL;DAL;DAL;SJO;MROC;ATL;KATL;2026-01-20T16:36:16Z
3dfb53b3;UA6;UAL6;5.605.215;-15.848.422;87;36975;499;0;7456;2026-01-20T14:39:54Z;ADSB;A31A76;B789;N29984;UAL;UAL;NRT;RJAA;IAH;KIAH;2026-01-20T20:52:16Z
3dfc1880;AA1293;AAL1293;4.197.038;-8.792.864;90;0;14;0;1373;2026-01-20T14:39:59Z;ADSB;A3C291;B38M;N341RW;AAL;AAL;ORD;KORD;MCO;KMCO;
3dfc0e0a;AA1283;AAL1283;3.821.324;-8.618.398;177;30450;459;1728;4074;2026-01-20T14:39:57Z;ADSB;A4008E;B38M;N357TY;AAL;AAL;IND;KIND;MIA;KMIA;2026-01-20T16:40:32Z
3dfbf6a5;AA3317;AAL3317;3.701.747;-7.655.577;207;38000;334;0;2750;2026-01-20T14:39:57Z;ADSB;ACF849;B738;N935AN;AAL;AAL;LGA;KLGA;PBI;KPBI;2026-01-20T16:14:56Z
3dfc075e;AA2731;AAL2731;3.851.102;-8.047.951;251;37975;375;0;1120;2026-01-20T14:39:58Z;ADSB;AAE958;B788;N802AN;AAL;AAL;PHL;KPHL;DFW;KDFW;2026-01-20T17:01:52Z
3dfc29a2;UA3895;UAL3895;4.064.223;-7.423.425;281;5400;207;3328;7155;2026-01-20T14:39:58Z;ADSB;A8E24D;B752;N67134;UAL;UAL;EWR;KEWR;AMA;KAMA;2026-01-20T17:55:12Z
3dfb71d2;LH454;DLH454;7.478.481;-7.260.361;252;34000;528;0;0;2026-01-20T14:39:56Z;ADSB;3C4B2A;B748;D-ABYJ;DLH;DLH;FRA;EDDF;SFO;KSFO;2026-01-20T20:18:08Z
3dfbfb71;DL1930;DAL1930;3.669.825;-6.985.509;165;39000;432;0;3060;2026-01-20T14:39:56Z;ESTIMATED;A8DE10;B752;N6700;;;JFK;KJFK;STT;TIST;2026-01-20T17:16:48Z
3dfb5e2d;KL623;KLM623;5.371.537;-6.165.438;224;34000;445;-64;754;2026-01-20T14:39:57Z;ADSB;485E2E;B78X;PH-BKH;KLM;KLM;AMS;EHAM;ATL;KATL;2026-01-20T18:29:20Z
3dfa9c2b;DL42;DAL42;2.312.778;-13.536.481;52;41000;539;0;2000;2026-01-20T14:39:59Z;ESTIMATED;A6A347;A359;N527DN;DAL;DAL;SYD;YSSY;LAX;KLAX;2026-01-20T17:01:52Z
3dfc21cf;DL830;DAL830;3.369.684;-8.539.896;269;23375;328;1216;2001;2026-01-20T14:39:59Z;ADSB;ABD018;A332;N860NW;DAL;DAL;ATL;KATL;SLC;KSLC;2026-01-20T18:14:24Z
3dfbfe28;UA3929;UAL3929;396.039;-11.135.193;79;41000;489;64;3235;2026-01-20T14:39:57Z;ADSB;A2E045;B739;N28478;UAL;UAL;SFO;KSFO;IAD;KIAD;2026-01-20T17:55:12Z
3dfb9bef;UA2115;UAL2115;4.187.253;-10.175.033;256;36000;383;0;7172;2026-01-20T14:39:58Z;ADSB;A16E7D;B752;N19117;UAL;UAL;EWR;KEWR;SFO;KSFO;2026-01-20T17:18:56Z
3dfbb609;DL966;DAL966;4.683.067;-10.562.956;280;38000;391;0;4021;2026-01-20T14:39:58Z;ADSB;A4A0CD;B738;N398DA;DAL;DAL;CVG;KCVG;SEA;KSEA;2026-01-20T16:32:00Z
3dfb1035;DL274;DAL274;5.674.178;-13.467.076;103;39000;545;0;6264;2026-01-20T14:39:58Z;ADSB;A65800;A359;N508DN;DAL;DAL;HND;RJTT;DTW;KDTW;2026-01-20T18:44:16Z
3dfb2fe8;DL120;DAL120;5.849.517;-14.991.751;95;41000;523;0;7425;2026-01-20T14:39:58Z;ADSB;A68946;A359;N520DN;DAL;DAL;HND;RJTT;MSP;KMSP;2026-01-20T19:03:28Z
3dfc2a84;AA1172;AAL1172;4.197.506;-8.789.768;199;0;0;0;0;2026-01-20T14:39:23Z;ADSB;AAEF89;A319;N8031M;AAL;AAL;ORD;KORD;STT;TIST;
3dfb5b3f;KL605;KLM373;6.864.481;-972.382;223;38000;532;-128;1307;2026-01-20T14:39:58Z;ADSB;486071;B78X;PH-BKL;KLM;KLM;AMS;EHAM;SFO;KSFO;2026-01-20T19:05:36Z
3dfc08be;DL713;DAL713;4.010.713;-797.643;271;38000;369;0;7106;2026-01-20T14:39:59Z;ADSB;ABCA08;A332;N859NW;DAL;DAL;JFK;KJFK;LAX;KLAX;2026-01-20T19:24:48Z
3df77bd0;DL274;DAL274;4.221.032;-8.335.699;118;0;0;0;6527;2026-01-20T14:39:56Z;ADSB;A661C7;A359;N510DN;DAL;DAL;HND;RJTT;DTW;KDTW;2026-01-19T18:59:44Z
3dfbef7c;UA297;UAL297;4.316.116;-8.405.039;294;37000;378;0;3054;2026-01-20T14:39:59Z;ADSB;A2B10C;B38M;N27252;UAL;UAL;EWR;KEWR;BZN;KBZN;2026-01-20T17:44:32Z
3dfb6660;AF338;AFR338;7.184.384;-8.132.119;248;40000;523;0;2777;2026-01-20T14:39:56Z;ESTIMATED;39D2B3;A359;F-HUVT;AFR;AFR;CDG;LFPG;SEA;KSEA;2026-01-20T18:48:32Z
3dfc1af7;AA1688;AAL1688;4.236.139;-7.102.087;345;0;0;0;3461;2026-01-20T14:39:58Z;ADSB;ADECA5;A321;N997AA;AAL;AAL;BOS;KBOS;CLT;KCLT;
3dfb6eb6;BA175;BAW7NY;5.348.917;-5.895.789;224;38000;423;0;763;2026-01-20T14:39:57Z;ADSB;4005C1;B772;G-RAES;BAW;BAW;LHR;EGLL;JFK;KJFK;2026-01-20T17:10:24Z
3dfc3057;AA2097;AAL2097;2.580.006;-8.029.093;267;0;9;0;6073;2026-01-20T14:39:56Z;ADSB;A99D89;B77W;N719AN;AAL;AAL;MIA;KMIA;DFW;KDFW;
3dfbfc5c;DL8800;DAL8800;3.786.145;-9.033.555;156;39000;484;0;2603;2026-01-20T14:39:57Z;ADSB;ACB878;B739;N919DU;DAL;DAL;MSP;KMSP;MIA;KMIA;2026-01-20T16:38:17Z
3dfbe93a;UA1256;UAL1256;3.832.534;-9.003.803;280;38000;359;0;7125;2026-01-20T14:39:58Z;ADSB;A288FF;B738;N26210;UAL;UAL;CLT;KCLT;DEN;KDEN;2026-01-20T16:27:44Z
3dfbf396;UA1116;UAL1116;447.529;-10.248.958;255;38000;386;-64;3657;2026-01-20T14:39:57Z;ADSB;A28947;B738;N26232;UAL;UAL;MSP;KMSP;SFO;KSFO;2026-01-20T17:16:48Z
3dfc2d74;AA249;AAL249;4.197.362;-8.789.912;182;0;0;0;6277;2026-01-20T14:39:55Z;ADSB;A3CDE4;B38M;N344TS;AAL;AAL;ORD;KORD;MEX;MMMX;
3dfbeb3c;DL1368;DAL1368;3.653.554;-8.119.086;214;37975;301;0;7177;2026-01-20T14:39:58Z;ADSB;A3D4C6;A319;N346NB;DAL;DAL;JFK;KJFK;MSY;KMSY;2026-01-20T16:10:40Z
3dfbf6a2;UA1898;UAL1898;3.713.626;-8.508.064;242;38000;336;-64;577;2026-01-20T14:39:58Z;ADSB;A35843;B739;N31412;UAL;UAL;BWI;KBWI;IAH;KIAH;2026-01-20T16:27:44Z
3dfb54ee;BA117;BAW17R;4.908.966;-6.449.683;228;38000;394;-64;751;2026-01-20T14:39:58Z;ADSB;400685;B772;G-VIIM;BAW;BAW;LHR;EGLL;JFK;KJFK;2026-01-20T16:32:00Z
3dfb79f6;BA195;BAW26E;5.630.626;-5.903.154;248;37975;454;-64;767;2026-01-20T14:39:57Z;ADSB;40749B;B789;G-ZBKR;BAW;BAW;LHR;EGLL;IAH;KIAH;2026-01-20T19:56:48Z
3dfb76b5;AF84;AFR84T;6.896.688;-6.163.335;266;34000;462;0;3045;2026-01-20T14:39:56Z;ADSB;3965A0;B77W;F-GZNA;AFR;AFR;CDG;LFPG;SFO;KSFO;2026-01-20T20:52:16Z
3dfc2269;UA1886;UAL1886;3.201.178;-9.148.722;66;38950;572;0;4026;2026-01-20T14:44:58Z;ADSB;A05A25;B752;N12125;UAL;UAL;IAH;KIAH;EWR;KEWR;2026-01-20T17:01:52Z
3dfbebeb;DL8851;DAL8851;3.555.501;-9.162.489;286;40000;341;0;7120;2026-01-20T14:44:57Z;ADSB;A8DEF1;B752;N6706Q;DAL;DAL;ATL;KATL;DEN;KDEN;2026-01-20T16:29:58Z
3dfbb575;AA1349;AAL1349;3.588.785;-8.825.255;241;40000;336;0;3031;2026-01-20T14:44:58Z;ADSB;ADC65E;B738;N987NN;AAL;AAL;JFK;KJFK;AUS;KAUS;2026-01-20T16:19:12Z
3dfc1f4a;UA1666;UAL1666;3.974.355;-8.888.757;268;38000;365;0;4054;2026-01-20T14:44:58Z;ADSB;A3C775;B738;N34222;UAL;UAL;CVG;KCVG;DEN;KDEN;2026-01-20T16:46:56Z
3dfc46ab;DL853;DAL853;6.117.266;-14.998.547;106;0;0;0;7270;2026-01-20T14:44:56Z;ADSB;A44502;B738;N3740C;DAL;DAL;ANC;PANC;SEA;KSEA;
3dfbcb4e;DL2301;DAL2301;4.040.213;-9.112.641;161;37000;480;0;2637;2026-01-20T14:44:58Z;ADSB;A7824E;B753;N583NW;DAL;DAL;MSP;KMSP;TPA;KTPA;2026-01-20T16:44:48Z
3dfc18c5;AA3052;AAL3052;3.885.452;-7.704.088;241;0;0;0;555;2026-01-20T14:44:53Z;ADSB;AB4EA8;A319;N828AW;AAL;AAL;DCA;KDCA;FLL;KFLL;
3dfc25be;AA2896;AAL2896;4.082.089;-7.399.677;208;9625;241;3520;1164;2026-01-20T14:44:59Z;ADSB;A35388;B38M;N313SB;AAL;AAL;LGA;KLGA;FLL;KFLL;
3dfb5ea7;UA905;UAL905;5.265.431;-6.336.655;222;38025;401;-64;711;2026-01-20T14:44:58Z;ADSB;A9178D;B763;N685UA;UAL;UAL;LHR;EGLL;EWR;KEWR;2026-01-20T17:01:52Z
3dfb5cc2;KL689;KLM689;5.362.747;-7.179.499;231;37975;462;0;0;2026-01-20T14:44:58Z;ESTIMATED;485785;B789;PH-BHN;KLM;KLM;AMS;EHAM;CUN;MMUN;2026-01-20T19:41:52Z
3dfb5a0f;KL661;KLM661;5.435.649;-7.018.147;233;36000;455;0;0;2026-01-20T14:44:57Z;ESTIMATED;4851B0;B789;PH-BHE;KLM;KLM;AMS;EHAM;IAH;KIAH;2026-01-20T18:59:12Z
3dfb6bff;AF636;AFR636P;6.035.696;-6.418.874;238;38000;466;0;756;2026-01-20T14:44:58Z;ESTIMATED;39D2A6;A359;F-HUVG;AFR;AFR;CDG;LFPG;IAH;KIAH;2026-01-20T19:52:32Z
3dfb8063;BA53;BAW5EA;7.251.924;-7.201.141;261;40000;514;0;2102;2026-01-20T14:44:58Z;ESTIMATED;400774;B772;G-VIIW;BAW;BAW;LHR;EGLL;SEA;KSEA;2026-01-20T19:22:40Z
3dfc13ad;UA654;UAL654;3.305.023;-11.316.837;99;39000;487;0;1021;2026-01-20T14:44:58Z;ADSB;A0A8DF;B752;N14107;UAL;UAL;LAX;KLAX;IAH;KIAH;2026-01-20T16:55:28Z
3dfc3751;AA3139;AAL3139;3.290.778;-9.703.886;227;0;0;0;3074;2026-01-20T14:44:59Z;ADSB;A0480B;A320;N117UW;AAL;AAL;DFW;KDFW;PNS;KPNS;
3dfbc8a3;UA4200;UAL4200;1.712.997;-7.925.691;1;40025;502;0;1454;2026-01-20T14:44:57Z;ADSB;A8EC57;B763;N674UA;UAL;UAL;MDE;SKRG;EWR;KEWR;2026-01-20T17:47:17Z
3dfb1d91;DL166;DAL166;5.523.668;-14.172.154;102;39000;531;0;0;2026-01-20T14:44:57Z;ADSB;A65BB7;A359;N509DN;DAL;DAL;HND;RJTT;SEA;KSEA;2026-01-20T16:27:44Z
3dfb554c;KL601;KLM601;6.446.275;-9.526.806;218;36000;517;-64;3351;2026-01-20T14:44:59Z;ADSB;485F84;B78X;PH-BKQ;KLM;KLM;AMS;EHAM;LAX;KLAX;2026-01-20T19:14:08Z
3dfb459f;DL57;DAL57;6.516.637;-8.662.292;232;38000;482;0;3065;2026-01-20T14:44:57Z;ESTIMATED;AB00D6;A333;N808NW;DAL;DAL;AMS;EHAM;SLC;KSLC;2026-01-20T18:52:48Z
3dfc099d;AA2523;AAL2523;3.986.247;-7.572.082;247;14825;256;3072;1573;2026-01-20T14:44:59Z;ADSB;A3B88E;B738;N339PL;AAL;AAL;PHL;KPHL;TPA;KTPA;2026-01-20T16:53:20Z
3dfbc063;AA2111;AAL2111;40.776;-7.387.404;135;0;0;0;3135;2026-01-20T14:44:59Z;ADSB;AB7270;A319;N837AW;AAL;AAL;CLT;KCLT;LGA;KLGA;2026-01-20T13:54:12Z
3dfb55ab;DL33;DAL33;5.096.357;-6.516.518;228;38000;407;0;706;2026-01-20T14:44:59Z;ADSB;A50E93;A339;N425DX;DAL;DAL;LHR;EGLL;ATL;KATL;2026-01-20T18:12:16Z
3dfb6bb5;AF158;AFR158K;6.124.181;-6.103.638;242;36000;465;0;2403;2026-01-20T14:44:58Z;ESTIMATED;3949F4;B772;F-GSPU;AFR;AFR;CDG;LFPG;DFW;KDFW;2026-01-20T19:39:44Z
3dfbe9c7;AA3193;AAL3193;3.167.601;-8.639.325;303;36000;369;0;6052;2026-01-20T14:44:57Z;ADSB;AC7A33;A319;N9029F;AAL;AAL;MIA;KMIA;EGE;KEGE;2026-01-20T17:42:24Z
3dfbe8e0;DL1794;DAL1794;2.133.705;-8.204.639;15;38000;498;0;4614;2026-01-20T14:44:58Z;ADSB;A93D9F;B752;N695DL;DAL;DAL;SJO;MROC;ATL;KATL;2026-01-20T16:36:16Z
3dfb53b3;UA6;UAL6;560.813;-15.722.749;88;36975;502;0;7456;2026-01-20T14:44:58Z;ADSB;A31A76;B789;N29984;UAL;UAL;NRT;RJAA;IAH;KIAH;2026-01-20T20:48:00Z
3dfc0e0a;AA1283;AAL1283;3.759.654;-860.995;146;37500;500;576;4074;2026-01-20T14:44:59Z;ADSB;A4008E;B38M;N357TY;AAL;AAL;IND;KIND;MIA;KMIA;2026-01-20T16:40:32Z
3dfc075e;AA2731;AAL2731;3.834.298;-8.110.919;251;37975;376;0;1120;2026-01-20T14:44:59Z;ADSB;AAE958;B788;N802AN;AAL;AAL;PHL;KPHL;DFW;KDFW;2026-01-20T16:57:36Z
3dfbf6a5;AA3317;AAL3317;3.660.156;-7.682.652;207;38000;335;0;2750;2026-01-20T14:44:58Z;ADSB;ACF849;B738;N935AN;AAL;AAL;LGA;KLGA;PBI;KPBI;2026-01-20T16:14:56Z
3dfc29a2;UA3895;UAL3895;4.091.437;-7.444.476;330;14900;269;2240;7155;2026-01-20T14:44:59Z;ADSB;A8E24D;B752;N67134;UAL;UAL;EWR;KEWR;AMA;KAMA;2026-01-20T17:55:12Z
3dfbfb71;DL1930;DAL1930;3.611.755;-6.966.125;165;39000;432;0;3060;2026-01-20T14:44:58Z;ESTIMATED;A8DE10;B752;N6700;;;JFK;KJFK;STT;TIST;2026-01-20T17:16:48Z
3dfb5e2d;KL623;KLM623;532.684;-6.238.288;223;33975;449;-64;754;2026-01-20T14:44:57Z;ADSB;485E2E;B78X;PH-BKH;KLM;KLM;AMS;EHAM;ATL;KATL;2026-01-20T18:27:12Z
3dfa9c2b;DL42;DAL42;2.357.747;-13.471.843;53;41000;539;0;2000;2026-01-20T14:44:57Z;ESTIMATED;A6A347;A359;N527DN;DAL;DAL;SYD;YSSY;LAX;KLAX;2026-01-20T17:01:52Z
3dfc21cf;DL830;DAL830;336.892;-8.595.148;268;29400;344;896;2001;2026-01-20T14:44:57Z;ADSB;ABD018;A332;N860NW;DAL;DAL;ATL;KATL;SLC;KSLC;2026-01-20T18:14:24Z
3dfbfe28;UA3929;UAL3929;3.973.036;-11.049.147;79;41000;486;64;3235;2026-01-20T14:44:58Z;ADSB;A2E045;B739;N28478;UAL;UAL;SFO;KSFO;IAD;KIAD;2026-01-20T17:57:20Z
3dfbb609;DL966;DAL966;4.693.248;-10.641.196;280;38000;397;0;4021;2026-01-20T14:44:57Z;ADSB;A4A0CD;B738;N398DA;DAL;DAL;CVG;KCVG;SEA;KSEA;2026-01-20T16:29:52Z
3dfb2fe8;DL120;DAL120;5.843.175;-14.853.737;95;41000;525;-64;7425;2026-01-20T14:44:58Z;ADSB;A68946;A359;N520DN;DAL;DAL;HND;RJTT;MSP;KMSP;2026-01-20T19:01:20Z
3dfb1035;DL274;DAL274;5.655.315;-13.335.385;105;39000;537;0;6264;2026-01-20T14:44:58Z;ADSB;A65800;A359;N508DN;DAL;DAL;HND;RJTT;DTW;KDTW;2026-01-20T18:46:24Z
3dfb9bef;UA2115;UAL2115;4.174.246;-10.244.355;255;36000;390;0;7172;2026-01-20T14:44:58Z;ADSB;A16E7D;B752;N19117;UAL;UAL;EWR;KEWR;SFO;KSFO;2026-01-20T17:18:56Z
3dfb5b3f;KL605;KLM373;6.810.318;-9.859.275;222;37975;531;0;1307;2026-01-20T14:44:59Z;ADSB;486071;B78X;PH-BKL;KLM;KLM;AMS;EHAM;SFO;KSFO;2026-01-20T19:05:36Z
3dfc08be;DL713;DAL713;4.011.566;-8.043.066;270;38000;373;0;7106;2026-01-20T14:44:57Z;ADSB;ABCA08;A332;N859NW;DAL;DAL;JFK;KJFK;LAX;KLAX;2026-01-20T19:22:40Z
3dfc2a84;AA1172;AAL1172;4.197.506;-8.789.768;199;0;0;0;1377;2026-01-20T14:44:39Z;ADSB;AAEF89;A319;N8031M;AAL;AAL;ORD;KORD;STT;TIST;
3df77bd0;DL274;DAL274;4.221.032;-8.335.699;118;0;0;0;6527;2026-01-20T14:44:57Z;ADSB;A661C7;A359;N510DN;DAL;DAL;HND;RJTT;DTW;KDTW;2026-01-19T18:59:44Z
3dfbef7c;UA297;UAL297;4.337.448;-8.470.357;293;37000;376;0;3054;2026-01-20T14:44:59Z;ADSB;A2B10C;B38M;N27252;UAL;UAL;EWR;KEWR;BZN;KBZN;2026-01-20T17:38:08Z
3dfc1af7;AA1688;AAL1688;4.236.018;-7.102.049;115;0;0;0;3461;2026-01-20T14:44:55Z;ADSB;ADECA5;A321;N997AA;AAL;AAL;BOS;KBOS;CLT;KCLT;
3dfb6eb6;BA175;BAW7NY;5.306.546;-5.964.266;223;38000;420;0;763;2026-01-20T14:44:59Z;ADSB;4005C1;B772;G-RAES;BAW;BAW;LHR;EGLL;JFK;KJFK;2026-01-20T17:10:24Z
3dfc35bc;AA1766;AAL1766;3.290.186;-970.374;351;0;0;0;0;2026-01-20T14:44:22Z;ADSB;AD1986;B738;N943NN;AAL;AAL;DFW;KDFW;JFK;KJFK;
3dfbe93a;UA1256;UAL1256;3.841.784;-9.066.705;280;38000;363;0;7125;2026-01-20T14:44:57Z;ADSB;A288FF;B738;N26210;UAL;UAL;CLT;KCLT;DEN;KDEN;2026-01-20T16:27:44Z
3dfbfc5c;DL8800;DAL8800;3.727.148;-8.987.997;145;39000;498;0;2603;2026-01-20T14:44:58Z;ADSB;ACB878;B739;N919DU;DAL;DAL;MSP;KMSP;MIA;KMIA;2026-01-20T16:34:03Z
3dfbf396;UA1116;UAL1116;4.461.729;-10.320.985;254;38000;377;0;3657;2026-01-20T14:44:57Z;ADSB;A28947;B738;N26232;UAL;UAL;MSP;KMSP;SFO;KSFO;2026-01-20T17:16:48Z
3dfb37ee;DL188;DAL188;5.397.401;-17.017.168;75;37000;483;0;7454;2026-01-20T14:44:59Z;ADSB;A69822;A359;N524DN;DAL;DAL;ICN;RKSI;ATL;KATL;2026-01-20T22:13:20Z
3dfbeb3c;DL1368;DAL1368;3.619.254;-8.148.337;214;38000;294;64;7177;2026-01-20T14:44:58Z;ADSB;A3D4C6;A319;N346NB;DAL;DAL;JFK;KJFK;MSY;KMSY;2026-01-20T16:10:40Z
3dfbf6a2;UA1898;UAL1898;3.691.583;-8.560.111;241;38000;338;0;1331;2026-01-20T14:44:59Z;ADSB;A35843;B739;N31412;UAL;UAL;BWI;KBWI;IAH;KIAH;2026-01-20T16:27:44Z
3dfb54ee;BA117;BAW17R;4.872.334;-6.512.182;228;38000;397;0;751;2026-01-20T14:44:58Z;ADSB;400685;B772;G-VIIM;BAW;BAW;LHR;EGLL;JFK;KJFK;2026-01-20T16:29:52Z
3dfb79f6;BA195;BAW26E;5.606.987;-600.799;247;38000;454;-64;767;2026-01-20T14:44:58Z;ADSB;40749B;B789;G-ZBKR;BAW;BAW;LHR;EGLL;IAH;KIAH;2026-01-20T19:56:48Z
3dfb76b5;AF84;AFR84T;6.899.456;-6.337.884;273;34000;462;0;3045;2026-01-20T14:44:58Z;ESTIMATED;3965A0;B77W;F-GZNA;AFR;AFR;CDG;LFPG;SFO;KSFO;2026-01-20T20:52:16Z
3dfc2269;UA1886;UAL1886;323.229;-9.062.729;67;38950;578;0;4026;2026-01-20T14:49:57Z;ADSB;A05A25;B752;N12125;UAL;UAL;IAH;KIAH;EWR;KEWR;2026-01-20T17:01:52Z
3dfbebeb;DL8851;DAL8851;3.568.895;-9.218.491;286;40000;345;0;7120;2026-01-20T14:49:57Z;ADSB;A8DEF1;B752;N6706Q;DAL;DAL;ATL;KATL;DEN;KDEN;2026-01-20T16:30:57Z
3dfbcb4e;DL2301;DAL2301;3.977.641;-9.086.111;162;37000;472;0;2637;2026-01-20T14:49:58Z;ADSB;A7824E;B753;N583NW;DAL;DAL;MSP;KMSP;TPA;KTPA;2026-01-20T16:46:56Z
3dfc1f4a;UA1666;UAL1666;3.970.793;-8.953.661;265;38000;361;0;4054;2026-01-20T14:49:57Z;ADSB;A3C775;B738;N34222;UAL;UAL;CVG;KCVG;DEN;KDEN;2026-01-20T16:46:56Z
3dfc46ab;DL853;DAL853;6.117.355;-14.998.631;202;0;0;0;7270;2026-01-20T14:49:55Z;ADSB;A44502;B738;N3740C;DAL;DAL;ANC;PANC;SEA;KSEA;
3dfbb575;AA1349;AAL1349;3.566.954;-8.875.323;241;40000;327;0;3031;2026-01-20T14:49:57Z;ADSB;ADC65E;B738;N987NN;AAL;AAL;JFK;KJFK;AUS;KAUS;2026-01-20T16:19:12Z
3dfc18c5;AA3052;AAL3052;3.885.453;-7.704.086;241;0;0;0;555;2026-01-20T14:49:58Z;ADSB;AB4EA8;A319;N828AW;AAL;AAL;DCA;KDCA;FLL;KFLL;
3dfc25be;AA2896;AAL2896;4.059.788;-7.429.311;230;15075;230;4032;1164;2026-01-20T14:49:57Z;ADSB;A35388;B38M;N313SB;AAL;AAL;LGA;KLGA;FLL;KFLL;2026-01-20T17:18:56Z
3dfb8063;BA53;BAW5EA;7.240.484;-743.252;259;40000;514;0;2102;2026-01-20T14:49:56Z;ESTIMATED;400774;B772;G-VIIW;BAW;BAW;LHR;EGLL;SEA;KSEA;2026-01-20T19:22:40Z
3dfb5cc2;KL689;KLM689;5.323.132;-7.262.999;231;37975;462;0;0;2026-01-20T14:49:56Z;ESTIMATED;485785;B789;PH-BHN;KLM;KLM;AMS;EHAM;CUN;MMUN;2026-01-20T19:41:52Z
3dfb5ea7;UA905;UAL905;522.464;-6.398.384;222;38000;404;0;711;2026-01-20T14:49:57Z;ADSB;A9178D;B763;N685UA;UAL;UAL;LHR;EGLL;EWR;KEWR;2026-01-20T17:01:52Z
3dfb5a0f;KL661;KLM661;5.396.566;-7.105.874;232;35975;455;0;0;2026-01-20T14:49:56Z;ESTIMATED;4851B0;B789;PH-BHE;KLM;KLM;AMS;EHAM;IAH;KIAH;2026-01-20T18:59:12Z
3dfb6bff;AF636;AFR636P;6.004.299;-6.530.313;239;38000;466;0;756;2026-01-20T14:49:56Z;ESTIMATED;39D2A6;A359;F-HUVG;AFR;AFR;CDG;LFPG;IAH;KIAH;2026-01-20T19:52:32Z
3dfc4a66;UA595;UAL595;3.019.449;-9.765.893;177;0;21;0;2752;2026-01-20T14:49:56Z;ADSB;A465DF;B738;N38257;UAL;UAL;AUS;KAUS;DEN;KDEN;
3dfc13ad;UA654;UAL654;3.292.989;-11.238.145;100;39000;483;0;1021;2026-01-20T14:49:58Z;ADSB;A0A8DF;B752;N14107;UAL;UAL;LAX;KLAX;IAH;KIAH;2026-01-20T16:53:20Z
3dfc3751;AA3139;AAL3139;3.290.775;-9.703.889;227;0;0;0;3074;2026-01-20T14:49:45Z;ADSB;A0480B;A320;N117UW;AAL;AAL;DFW;KDFW;PNS;KPNS;
3dfbc8a3;UA4200;UAL4200;1.783.008;-7.923.306;2;40025;499;0;1454;2026-01-20T14:49:58Z;ADSB;A8EC57;B763;N674UA;UAL;UAL;MDE;SKRG;EWR;KEWR;2026-01-20T17:48:39Z
3dfb1d91;DL166;DAL166;5.505.761;-14.040.652;103;39000;528;0;7243;2026-01-20T14:49:56Z;ADSB;A65BB7;A359;N509DN;DAL;DAL;HND;RJTT;SEA;KSEA;2026-01-20T16:29:52Z
3dfb554c;KL601;KLM601;6.389.406;-9.627.495;217;36000;517;0;3351;2026-01-20T14:49:59Z;ADSB;485F84;B78X;PH-BKQ;KLM;KLM;AMS;EHAM;LAX;KLAX;2026-01-20T19:09:52Z
3dfb459f;DL57;DAL57;6.475.962;-8.785.976;231;38000;482;0;3065;2026-01-20T14:49:56Z;ESTIMATED;AB00D6;A333;N808NW;DAL;DAL;AMS;EHAM;SLC;KSLC;2026-01-20T18:52:48Z
3dfc099d;AA2523;AAL2523;3.962.978;-7.612.939;230;24875;338;1728;1573;2026-01-20T14:49:57Z;ADSB;A3B88E;B738;N339PL;AAL;AAL;PHL;KPHL;TPA;KTPA;2026-01-20T16:53:20Z
3dfbc063;AA2111;AAL2111;40.776;-7.387.402;135;0;0;0;1666;2026-01-20T14:49:55Z;ADSB;AB7270;A319;N837AW;AAL;AAL;CLT;KCLT;LGA;KLGA;2026-01-20T13:54:12Z
3dfb55ab;DL33;DAL33;5.059.027;-6.581.931;227;38000;407;0;706;2026-01-20T14:49:57Z;ADSB;A50E93;A339;N425DX;DAL;DAL;LHR;EGLL;ATL;KATL;2026-01-20T18:12:16Z
3dfbe9c7;AA3193;AAL3193;3.195.876;-8.689.821;303;36025;371;0;2031;2026-01-20T14:49:58Z;ADSB;AC7A33;A319;N9029F;AAL;AAL;MIA;KMIA;EGE;KEGE;2026-01-20T17:40:16Z
3dfbe8e0;DL1794;DAL1794;2.199.938;-8.184.713;15;38000;487;0;4614;2026-01-20T14:49:58Z;ADSB;A93D9F;B752;N695DL;DAL;DAL;SJO;MROC;ATL;KATL;2026-01-20T16:36:16Z
3dfb53b3;UA6;UAL6;5.609.738;-15.599.297;89;36975;501;0;7456;2026-01-20T14:49:57Z;ADSB;A31A76;B789;N29984;UAL;UAL;NRT;RJAA;IAH;KIAH;2026-01-20T20:48:00Z
3dfc0e0a;AA1283;AAL1283;3.706.169;-8.548.117;137;38375;530;768;4074;2026-01-20T14:49:58Z;ADSB;A4008E;B38M;N357TY;AAL;AAL;IND;KIND;MIA;KMIA;2026-01-20T16:36:16Z
3dfc075e;AA2731;AAL2731;3.817.325;-8.173.016;250;37975;377;-64;1120;2026-01-20T14:49:57Z;ADSB;AAE958;B788;N802AN;AAL;AAL;PHL;KPHL;DFW;KDFW;2026-01-20T16:59:44Z
3dfbf6a5;AA3317;AAL3317;3.606.564;-7.653.763;149;38000;459;0;2750;2026-01-20T14:49:58Z;ADSB;ACF849;B738;N935AN;AAL;AAL;LGA;KLGA;PBI;KPBI;2026-01-20T16:12:48Z
3dfc1880;AA1293;AAL1293;4.196.906;-8.790.673;270;250;117;64;1373;2026-01-20T14:49:57Z;ADSB;A3C291;B38M;N341RW;AAL;AAL;ORD;KORD;MCO;KMCO;
3dfc29a2;UA3895;UAL3895;4.097.803;-7.486.714;256;16625;291;0;7155;2026-01-20T14:49:58Z;ADSB;A8E24D;B752;N67134;UAL;UAL;EWR;KEWR;AMA;KAMA;2026-01-20T17:57:20Z
3dfb5e2d;KL623;KLM623;5.281.756;-6.309.527;223;34000;449;-64;754;2026-01-20T14:49:57Z;ADSB;485E2E;B78X;PH-BKH;KLM;KLM;AMS;EHAM;ATL;KATL;2026-01-20T18:27:12Z
3dfc21cf;DL830;DAL830;3.367.854;-8.652.978;268;34725;343;1216;2001;2026-01-20T14:49:57Z;ADSB;ABD018;A332;N860NW;DAL;DAL;ATL;KATL;SLC;KSLC;2026-01-20T18:12:16Z
3dfbfe28;UA3929;UAL3929;3.984.984;-10.963.358;79;41000;481;64;3220;2026-01-20T14:49:57Z;ADSB;A2E045;B739;N28478;UAL;UAL;SFO;KSFO;IAD;KIAD;2026-01-20T17:55:12Z
3dfbb609;DL966;DAL966;4.702.987;-10.720.445;279;40000;404;384;4021;2026-01-20T14:49:57Z;ADSB;A4A0CD;B738;N398DA;DAL;DAL;CVG;KCVG;SEA;KSEA;2026-01-20T16:32:00Z
3dfb2fe8;DL120;DAL120;5.835.246;-14.716.559;96;41000;529;0;7425;2026-01-20T14:49:55Z;ADSB;A68946;A359;N520DN;DAL;DAL;HND;RJTT;MSP;KMSP;2026-01-20T19:01:20Z
3dfb1035;DL274;DAL274;5.635.464;-13.207.465;106;39000;529;-64;6264;2026-01-20T14:49:58Z;ADSB;A65800;A359;N508DN;DAL;DAL;HND;RJTT;DTW;KDTW;2026-01-20T18:48:32Z
3dfb9bef;UA2115;UAL2115;4.160.676;-10.314.112;255;36000;390;0;7172;2026-01-20T14:49:57Z;ADSB;A16E7D;B752;N19117;UAL;UAL;EWR;KEWR;SFO;KSFO;2026-01-20T17:14:40Z
3dfb5b3f;KL605;KLM373;6.755.214;-998.822;221;37975;528;0;1307;2026-01-20T14:49:59Z;ADSB;486071;B78X;PH-BKL;KLM;KLM;AMS;EHAM;SFO;KSFO;2026-01-20T19:01:20Z
3df77bd0;DL274;DAL274;4.221.032;-8.335.699;118;0;0;0;6527;2026-01-20T14:49:58Z;ADSB;A661C7;A359;N510DN;DAL;DAL;HND;RJTT;DTW;KDTW;2026-01-19T18:59:44Z
3dfbef7c;UA297;UAL297;4.358.667;-8.536.089;293;37000;377;0;3054;2026-01-20T14:49:59Z;ADSB;A2B10C;B38M;N27252;UAL;UAL;EWR;KEWR;BZN;KBZN;2026-01-20T17:46:40Z
3dfb6660;AF338;AFR338;7.126.225;-8.554.795;244;40000;525;0;2777;2026-01-20T14:49:56Z;ESTIMATED;39D2B3;A359;F-HUVT;AFR;AFR;CDG;LFPG;SEA;KSEA;2026-01-20T18:48:32Z
3dfc08be;DL713;DAL713;4.012.053;-8.110.894;270;38000;376;0;7106;2026-01-20T14:49:58Z;ADSB;ABCA08;A332;N859NW;DAL;DAL;JFK;KJFK;LAX;KLAX;2026-01-20T19:24:48Z
3dfb6eb6;BA175;BAW7NY;5.265.097;-6.029.381;223;38000;409;0;763;2026-01-20T14:49:57Z;ADSB;4005C1;B772;G-RAES;BAW;BAW;LHR;EGLL;JFK;KJFK;2026-01-20T17:14:40Z
3dfc4469;AA2581;AAL2581;3.290.196;-9.704.333;19;0;0;0;0;2026-01-20T14:49:16Z;ADSB;AD3FD9;B738;N953AN;AAL;AAL;DFW;KDFW;MKE;KMKE;
3dfc3057;AA2097;AAL2097;2.579.974;-8.029.848;267;0;0;0;6073;2026-01-20T14:49:59Z;ADSB;A99D89;B77W;N719AN;AAL;AAL;MIA;KMIA;DFW;KDFW;
3dfbfc5c;DL8800;DAL8800;3.669.681;-8.939.919;148;39000;496;0;2603;2026-01-20T14:49:58Z;ADSB;ACB878;B739;N919DU;DAL;DAL;MSP;KMSP;MIA;KMIA;2026-01-20T16:34:17Z
3dfbe93a;UA1256;UAL1256;3.850.801;-9.130.127;279;38000;366;0;7125;2026-01-20T14:49:58Z;ADSB;A288FF;B738;N26210;UAL;UAL;CLT;KCLT;DEN;KDEN;2026-01-20T16:27:44Z
3dfb37ee;DL188;DAL188;5.413.133;-16.906.351;76;38000;493;64;7454;2026-01-20T14:49:57Z;ADSB;A69822;A359;N524DN;DAL;DAL;ICN;RKSI;ATL;KATL;2026-01-20T22:13:20Z
3dfbf396;UA1116;UAL1116;4.447.861;-10.391.934;254;38000;379;0;3657;2026-01-20T14:49:59Z;ADSB;A28947;B738;N26232;UAL;UAL;MSP;KMSP;SFO;KSFO;2026-01-20T17:14:40Z
3dfbeb3c;DL1368;DAL1368;3.585.342;-8.176.935;214;38000;292;0;7177;2026-01-20T14:49:58Z;ADSB;A3D4C6;A319;N346NB;DAL;DAL;JFK;KJFK;MSY;KMSY;2026-01-20T16:10:40Z
3dfbf6a2;UA1898;UAL1898;3.669.322;-8.611.814;241;38000;343;0;1331;2026-01-20T14:49:59Z;ADSB;A35843;B739;N31412;UAL;UAL;BWI;KBWI;IAH;KIAH;2026-01-20T16:27:44Z
3dfc2d74;AA249;AAL249;4.197.043;-8.789.809;90;0;11;0;6277;2026-01-20T14:49:58Z;ADSB;A3CDE4;B38M;N344TS;AAL;AAL;ORD;KORD;MEX;MMMX;
3dfb54ee;BA117;BAW17R;4.835.156;-6.574.106;227;38000;405;0;751;2026-01-20T14:49:57Z;ADSB;400685;B772;G-VIIM;BAW;BAW;LHR;EGLL;JFK;KJFK;2026-01-20T16:27:44Z
3dfb79f6;BA195;BAW26E;5.582.675;-6.110.638;246;37975;455;-64;767;2026-01-20T14:49:57Z;ADSB;40749B;B789;G-ZBKR;BAW;BAW;LHR;EGLL;IAH;KIAH;2026-01-20T19:56:48Z
3dfb76b5;AF84;AFR84T;6.902.024;-6.520.255;271;34000;468;0;3045;2026-01-20T14:49:56Z;ESTIMATED;3965A0;B77W;F-GZNA;AFR;AFR;CDG;LFPG;SFO;KSFO;2026-01-20T20:52:16Z
3dfc2269;UA1886;UAL1886;3.263.333;-8.974.632;67;38950;578;0;4026;2026-01-20T14:54:59Z;ADSB;A05A25;B752;N12125;UAL;UAL;IAH;KIAH;EWR;KEWR;2026-01-20T17:01:52Z
3dfbebeb;DL8851;DAL8851;3.582.257;-9.275.682;285;40000;350;0;7120;2026-01-20T14:54:59Z;ADSB;A8DEF1;B752;N6706Q;DAL;DAL;ATL;KATL;DEN;KDEN;2026-01-20T16:31:15Z
3dfbcb4e;DL2301;DAL2301;3.915.551;-9.060.303;162;37000;464;0;2637;2026-01-20T14:54:59Z;ADSB;A7824E;B753;N583NW;DAL;DAL;MSP;KMSP;TPA;KTPA;2026-01-20T16:44:48Z
3dfc1f4a;UA1666;UAL1666;3.966.851;-9.017.792;265;38000;357;0;4054;2026-01-20T14:54:58Z;ADSB;A3C775;B738;N34222;UAL;UAL;CVG;KCVG;DEN;KDEN;2026-01-20T16:44:48Z
3dfc46ab;DL853;DAL853;6.117.355;-1.499.863;202;0;0;0;7270;2026-01-20T14:54:51Z;ADSB;A44502;B738;N3740C;DAL;DAL;ANC;PANC;SEA;KSEA;
3dfbb575;AA1349;AAL1349;3.545.535;-892.357;241;40000;322;0;3031;2026-01-20T14:54:58Z;ADSB;ADC65E;B738;N987NN;AAL;AAL;JFK;KJFK;AUS;KAUS;2026-01-20T16:19:12Z
3dfc18c5;AA3052;AAL3052;3.885.452;-7.704.088;241;0;0;0;555;2026-01-20T14:54:57Z;ADSB;AB4EA8;A319;N828AW;AAL;AAL;DCA;KDCA;FLL;KFLL;
3dfb8063;BA53;BAW5EA;7.226.398;-7.660.445;257;40000;514;0;2102;2026-01-20T14:54:54Z;ESTIMATED;400774;B772;G-VIIW;BAW;BAW;LHR;EGLL;SEA;KSEA;2026-01-20T19:22:40Z
3dfc25be;AA2896;AAL2896;4.036.168;-7.420.634;118;16675;416;0;1164;2026-01-20T14:54:59Z;ADSB;A35388;B38M;N313SB;AAL;AAL;LGA;KLGA;FLL;KFLL;2026-01-20T17:21:04Z
3dfb5ea7;UA905;UAL905;5.185.347;-6.456.372;222;38000;404;0;711;2026-01-20T14:54:54Z;ADSB;A9178D;B763;N685UA;UAL;UAL;LHR;EGLL;EWR;KEWR;2026-01-20T17:01:52Z
3dfb5a0f;KL661;KLM661;5.359.106;-7.187.291;231;35975;455;0;0;2026-01-20T14:54:54Z;ESTIMATED;4851B0;B789;PH-BHE;KLM;KLM;AMS;EHAM;IAH;KIAH;2026-01-20T18:59:12Z
3dfb6bff;AF636;AFR636P;5.971.146;-6.639.513;238;38000;466;0;756;2026-01-20T14:54:54Z;ESTIMATED;39D2A6;A359;F-HUVG;AFR;AFR;CDG;LFPG;IAH;KIAH;2026-01-20T19:52:32Z
3dfc4a66;UA595;UAL595;3.024.057;-9.766.099;344;1775;212;1024;2752;2026-01-20T14:54:58Z;ADSB;A465DF;B738;N38257;UAL;UAL;AUS;KAUS;DEN;KDEN;2026-01-20T16:49:04Z
3dfc13ad;UA654;UAL654;3.280.522;-11.160.058;100;39000;481;0;1021;2026-01-20T14:54:59Z;ADSB;A0A8DF;B752;N14107;UAL;UAL;LAX;KLAX;IAH;KIAH;2026-01-20T16:53:20Z
3dfc50ea;UA357;UAL357;3.289.343;-9.703.801;199;0;2;0;0;2026-01-20T14:54:59Z;ADSB;A43EA3;B738;N37274;UAL;UAL;DFW;KDFW;DEN;KDEN;
3dfc3751;AA3139;AAL3139;3.290.774;-9.703.889;227;0;0;0;3074;2026-01-20T14:54:35Z;ADSB;A0480B;A320;N117UW;AAL;AAL;DFW;KDFW;PNS;KPNS;
3dfbc8a3;UA4200;UAL4200;1.852.202;-7.920.948;1;40025;495;0;1454;2026-01-20T14:54:59Z;ADSB;A8EC57;B763;N674UA;UAL;UAL;MDE;SKRG;EWR;KEWR;2026-01-20T17:50:44Z
3dfc31b9;DL2947;DAL2947;4.550.835;-12.231.702;169;9050;295;3200;3535;2026-01-20T14:54:57Z;ADSB;A39E6B;A319;N332NB;;;PDX;KPDX;LAX;KLAX;2026-01-20T16:46:56Z
3dfb1d91;DL166;DAL166;5.481.107;-13.918.724;112;39000;539;0;7243;2026-01-20T14:54:59Z;ADSB;A65BB7;A359;N509DN;DAL;DAL;HND;RJTT;SEA;KSEA;2026-01-20T16:29:52Z
3dfb554c;KL601;KLM601;6.332.007;-9.723.914;216;35975;522;-64;3351;2026-01-20T14:54:59Z;ADSB;485F84;B78X;PH-BKQ;KLM;KLM;AMS;EHAM;LAX;KLAX;2026-01-20T19:09:52Z
3dfb459f;DL57;DAL57;6.431.908;-8.912.716;230;38000;485;64;1742;2026-01-20T14:54:58Z;ADSB;AB00D6;A333;N808NW;DAL;DAL;AMS;EHAM;SLC;KSLC;2026-01-20T18:48:32Z
3dfc099d;AA2523;AAL2523;3.931.332;-765.827;225;32325;336;1024;1573;2026-01-20T14:54:59Z;ADSB;A3B88E;B738;N339PL;AAL;AAL;PHL;KPHL;TPA;KTPA;2026-01-20T16:53:20Z
3dfbc063;AA2111;AAL2111;4.077.596;-7.387.402;135;0;0;0;1666;2026-01-20T14:54:55Z;ADSB;AB7270;A319;N837AW;AAL;AAL;CLT;KCLT;LGA;KLGA;2026-01-20T13:54:12Z
3dfb55ab;DL33;DAL33;5.020.633;-6.647.495;227;38000;406;0;706;2026-01-20T14:54:58Z;ADSB;A50E93;A339;N425DX;DAL;DAL;LHR;EGLL;ATL;KATL;2026-01-20T18:10:08Z
3dfbe9c7;AA3193;AAL3193;3.223.563;-8.739.931;302;35975;362;0;2031;2026-01-20T14:54:58Z;ADSB;AC7A33;A319;N9029F;AAL;AAL;MIA;KMIA;EGE;KEGE;2026-01-20T17:40:16Z
3dfbe8e0;DL1794;DAL1794;2.264.598;-8.165.079;15;38000;484;0;4614;2026-01-20T14:54:58Z;ADSB;A93D9F;B752;N695DL;DAL;DAL;SJO;MROC;ATL;KATL;2026-01-20T16:36:16Z
3dfb53b3;UA6;UAL6;5.610.113;-15.474.535;90;37000;496;64;7456;2026-01-20T14:54:59Z;ADSB;A31A76;B789;N29984;UAL;UAL;NRT;RJAA;IAH;KIAH;2026-01-20T20:48:00Z
3dfc0e0a;AA1283;AAL1283;3.652.354;-8.486.827;137;39000;523;64;4074;2026-01-20T14:54:59Z;ADSB;A4008E;B38M;N357TY;AAL;AAL;IND;KIND;MIA;KMIA;2026-01-20T16:36:16Z
3dfc075e;AA2731;AAL2731;3.799.814;-8.235.538;250;37975;378;0;1120;2026-01-20T14:54:58Z;ADSB;AAE958;B788;N802AN;AAL;AAL;PHL;KPHL;DFW;KDFW;2026-01-20T16:57:36Z
3dfbf6a5;AA3317;AAL3317;3.573.669;-7.682.419;229;38000;303;0;2750;2026-01-20T14:54:58Z;ADSB;ACF849;B738;N935AN;AAL;AAL;LGA;KLGA;PBI;KPBI;2026-01-20T16:17:04Z
3dfc1880;AA1293;AAL1293;4.164.526;-8.782.579;161;12350;361;2688;1373;2026-01-20T14:54:58Z;ADSB;A3C291;B38M;N341RW;AAL;AAL;ORD;KORD;MCO;KMCO;2026-01-20T16:36:16Z
3dfc29a2;UA3895;UAL3895;4.086.763;-7.540.234;252;27350;322;2240;7155;2026-01-20T14:54:57Z;ADSB;A8E24D;B752;N67134;UAL;UAL;EWR;KEWR;AMA;KAMA;2026-01-20T17:55:12Z
3dfbfb71;DL1930;DAL1930;3.502.556;-691.313;166;39000;422;0;3060;2026-01-20T14:54:54Z;ESTIMATED;A8DE10;B752;N6700;;;JFK;KJFK;STT;TIST;2026-01-20T17:16:48Z
3dfb5e2d;KL623;KLM623;5.236.093;-6.379.555;222;34000;449;-64;754;2026-01-20T14:54:58Z;ADSB;485E2E;B78X;PH-BKH;KLM;KLM;AMS;EHAM;ATL;KATL;2026-01-20T18:27:12Z
3dfb80ef;LH456;DLH456;7.488.689;-7.007.143;262;33000;541;0;2060;2026-01-20T14:54:54Z;ESTIMATED;3C4B2D;B748;D-ABYM;DLH;DLH;FRA;EDDF;LAX;KLAX;2026-01-20T21:00:48Z
3dfa9c2b;DL42;DAL42;2.446.732;-13.341.432;53;41000;541;0;2000;2026-01-20T14:54:53Z;ESTIMATED;A6A347;A359;N527DN;DAL;DAL;SYD;YSSY;LAX;KLAX;2026-01-20T17:01:52Z
3dfc21cf;DL830;DAL830;336.498;-8.708.851;262;38850;339;576;2001;2026-01-20T14:54:59Z;ADSB;ABD018;A332;N860NW;DAL;DAL;ATL;KATL;SLC;KSLC;2026-01-20T18:14:24Z
3dfbfe28;UA3929;UAL3929;3.994.803;-10.876.038;85;41000;500;-64;3220;2026-01-20T14:54:59Z;ADSB;A2E045;B739;N28478;UAL;UAL;SFO;KSFO;IAD;KIAD;2026-01-20T17:55:12Z
3dfbb609;DL966;DAL966;4.712.311;-10.801.258;279;40000;396;0;4021;2026-01-20T14:54:59Z;ADSB;A4A0CD;B738;N398DA;DAL;DAL;CVG;KCVG;SEA;KSEA;2026-01-20T16:32:00Z
3dfb2fe8;DL120;DAL120;5.829.213;-1.458.748;89;41000;525;0;7425;2026-01-20T14:54:54Z;ESTIMATED;A68946;A359;N520DN;DAL;DAL;HND;RJTT;MSP;KMSP;2026-01-20T19:01:20Z
3dfb1035;DL274;DAL274;5.614.442;-13.081.686;107;39000;527;0;6264;2026-01-20T14:54:59Z;ADSB;A65800;A359;N508DN;DAL;DAL;HND;RJTT;DTW;KDTW;2026-01-20T18:48:32Z
3dfb9bef;UA2115;UAL2115;4.146.442;-10.384.764;254;36000;397;0;7172;2026-01-20T14:54:59Z;ADSB;A16E7D;B752;N19117;UAL;UAL;EWR;KEWR;SFO;KSFO;2026-01-20T17:14:40Z
3dfb5b3f;KL605;KLM373;6.697.348;-10.105.774;217;38000;532;-64;1307;2026-01-20T14:54:58Z;ADSB;486071;B78X;PH-BKL;KLM;KLM;AMS;EHAM;SFO;KSFO;2026-01-20T19:01:20Z
3dfc2a84;AA1172;AAL1172;4.197.597;-878.971;90;0;0;0;1377;2026-01-20T14:54:47Z;ADSB;AAEF89;A319;N8031M;AAL;AAL;ORD;KORD;STT;TIST;
3df77bd0;DL274;DAL274;4.221.033;-83.357;118;0;0;0;6527;2026-01-20T14:54:57Z;ADSB;A661C7;A359;N510DN;DAL;DAL;HND;RJTT;DTW;KDTW;2026-01-19T18:59:44Z
3dfb6660;AF338;AFR338;7.091.624;-8.769.085;242;40000;528;128;3322;2026-01-20T14:54:58Z;ADSB;39D2B3;A359;F-HUVT;AFR;AFR;CDG;LFPG;SEA;KSEA;2026-01-20T18:40:00Z
3dfbef7c;UA297;UAL297;4.379.823;-8.601.905;293;37000;380;0;3054;2026-01-20T14:54:58Z;ADSB;A2B10C;B38M;N27252;UAL;UAL;EWR;KEWR;BZN;KBZN;2026-01-20T17:48:48Z
3dfc08be;DL713;DAL713;4.012.146;-8.178.866;270;38000;377;0;7106;2026-01-20T14:54:58Z;ADSB;ABCA08;A332;N859NW;DAL;DAL;JFK;KJFK;LAX;KLAX;2026-01-20T19:22:40Z
3dfb6eb6;BA175;BAW7NY;5.223.329;-6.093.214;222;38000;411;0;763;2026-01-20T14:54:59Z;ADSB;4005C1;B772;G-RAES;BAW;BAW;LHR;EGLL;JFK;KJFK;2026-01-20T17:14:40Z
3dfbe93a;UA1256;UAL1256;3.859.399;-919.375;278;38000;365;0;7125;2026-01-20T14:54:57Z;ADSB;A288FF;B738;N26210;UAL;UAL;CLT;KCLT;DEN;KDEN;2026-01-20T16:29:52Z
3dfb3347;UA838;UAL838;4.734.333;-14.136.528;108;37425;487;0;6266;2026-01-20T14:54:54Z;ESTIMATED;AA92FF;B772;N78008;UAL;UAL;NRT;RJAA;SFO;KSFO;2026-01-20T17:10:24Z
3dfb37ee;DL188;DAL188;5.428.307;-16.790.289;77;38000;505;128;7454;2026-01-20T14:54:59Z;ADSB;A69822;A359;N524DN;DAL;DAL;ICN;RKSI;ATL;KATL;2026-01-20T22:04:48Z
3dfbf396;UA1116;UAL1116;4.433.537;-10.462.769;253;38000;383;0;3657;2026-01-20T14:54:59Z;ADSB;A28947;B738;N26232;UAL;UAL;MSP;KMSP;SFO;KSFO;2026-01-20T17:16:48Z
3dfbfc5c;DL8800;DAL8800;3.611.481;-8.895.676;144;39000;494;0;2603;2026-01-20T14:54:58Z;ADSB;ACB878;B739;N919DU;DAL;DAL;MSP;KMSP;MIA;KMIA;2026-01-20T16:37:56Z
3dfbeb3c;DL1368;DAL1368;3.551.321;-8.205.373;214;38000;296;-64;7177;2026-01-20T14:54:59Z;ADSB;A3D4C6;A319;N346NB;DAL;DAL;JFK;KJFK;MSY;KMSY;2026-01-20T16:12:48Z
3dfbf6a2;UA1898;UAL1898;3.646.921;-8.663.057;241;38000;336;0;1331;2026-01-20T14:54:57Z;ADSB;A35843;B739;N31412;UAL;UAL;BWI;KBWI;IAH;KIAH;2026-01-20T16:27:44Z
3dfc2d74;AA249;AAL249;4.179.323;-8.794.181;207;6125;253;2752;6277;2026-01-20T14:54:58Z;ADSB;A3CDE4;B38M;N344TS;AAL;AAL;ORD;KORD;MEX;MMMX;2026-01-20T18:33:36Z
3dfb54ee;BA117;BAW17R;4.796.878;-6.636.374;227;38000;406;0;751;2026-01-20T14:54:58Z;ADSB;400685;B772;G-VIIM;BAW;BAW;LHR;EGLL;JFK;KJFK;2026-01-20T16:27:44Z
3dfb79f6;BA195;BAW26E;5.557.164;-6.213.418;245;38000;453;-64;767;2026-01-20T14:54:59Z;ADSB;40749B;B789;G-ZBKR;BAW;BAW;LHR;EGLL;IAH;KIAH;2026-01-20T19:54:40Z
3dfb76b5;AF84;AFR84T;690.284;-6.699.776;269;34000;468;0;3045;2026-01-20T14:54:54Z;ESTIMATED;3965A0;B77W;F-GZNA;AFR;AFR;CDG;LFPG;SFO;KSFO;2026-01-20T20:52:16Z
3dfc2269;UA1886;UAL1886;3.293.536;-8.886.621;68;38950;576;0;4026;2026-01-20T14:59:59Z;ADSB;A05A25;B752;N12125;UAL;UAL;IAH;KIAH;EWR;KEWR;2026-01-20T16:59:44Z
3dfbebeb;DL8851;DAL8851;359.543;-9.333.347;285;40000;354;0;7120;2026-01-20T14:59:58Z;ADSB;A8DEF1;B752;N6706Q;DAL;DAL;ATL;KATL;DEN;KDEN;2026-01-20T16:32:22Z
3dfbcb4e;DL2301;DAL2301;3.854.832;-9.041.614;170;37000;445;0;2637;2026-01-20T14:59:58Z;ADSB;A7824E;B753;N583NW;DAL;DAL;MSP;KMSP;TPA;KTPA;2026-01-20T16:44:48Z
3dfc1f4a;UA1666;UAL1666;3.962.526;-9.082.251;264;38000;361;64;4054;2026-01-20T14:59:59Z;ADSB;A3C775;B738;N34222;UAL;UAL;CVG;KCVG;DEN;KDEN;2026-01-20T16:44:48Z
3dfc46ab;DL853;DAL853;6.117.355;-14.998.628;202;0;0;0;7270;2026-01-20T14:59:54Z;ADSB;A44502;B738;N3740C;DAL;DAL;ANC;PANC;SEA;KSEA;
3dfbb575;AA1349;AAL1349;352.373;-8.972.044;240;40000;321;0;3031;2026-01-20T15:00:00Z;ADSB;ADC65E;B738;N987NN;AAL;AAL;JFK;KJFK;AUS;KAUS;2026-01-20T16:21:20Z
3dfc18c5;AA3052;AAL3052;3.885.452;-7.704.088;241;0;0;0;555;2026-01-20T14:59:55Z;ADSB;AB4EA8;A319;N828AW;AAL;AAL;DCA;KDCA;FLL;KFLL;
3dfc25be;AA2896;AAL2896;3.997.398;-7.428.284;215;23525;287;2112;1164;2026-01-20T14:59:59Z;ADSB;A35388;B38M;N313SB;AAL;AAL;LGA;KLGA;FLL;KFLL;2026-01-20T17:21:04Z
3dfb5ea7;UA905;UAL905;5.141.414;-6.519.488;221;38000;400;0;711;2026-01-20T14:59:59Z;ADSB;A9178D;B763;N685UA;UAL;UAL;LHR;EGLL;EWR;KEWR;2026-01-20T17:01:52Z
3dfb5cc2;KL689;KLM689;5.240.885;-7.427.959;229;37975;461;0;0;2026-01-20T14:59:56Z;ESTIMATED;485785;B789;PH-BHN;KLM;KLM;AMS;EHAM;CUN;MMUN;2026-01-20T19:41:52Z
3dfb5a0f;KL661;KLM661;5.319.487;-7.270.544;231;35975;455;0;0;2026-01-20T14:59:56Z;ESTIMATED;4851B0;B789;PH-BHE;KLM;KLM;AMS;EHAM;IAH;KIAH;2026-01-20T18:59:12Z
3dfb6bff;AF636;AFR636P;5.927.706;-6.740.747;235;38000;461;0;756;2026-01-20T14:59:55Z;ADSB;39D2A6;A359;F-HUVG;AFR;AFR;CDG;LFPG;IAH;KIAH;2026-01-20T19:52:32Z
3dfc4a66;UA595;UAL595;3.063.738;-9.781.595;341;16350;350;2304;2752;2026-01-20T14:59:59Z;ADSB;A465DF;B738;N38257;UAL;UAL;AUS;KAUS;DEN;KDEN;2026-01-20T16:49:04Z
3dfc13ad;UA654;UAL654;3.267.613;-11.082.442;101;39000;485;0;1021;2026-01-20T14:59:58Z;ADSB;A0A8DF;B752;N14107;UAL;UAL;LAX;KLAX;IAH;KIAH;2026-01-20T16:53:20Z
3dfc50ea;UA357;UAL357;3.289.381;-9.703.523;90;0;11;0;6217;2026-01-20T14:59:58Z;ADSB;A43EA3;B738;N37274;UAL;UAL;DFW;KDFW;DEN;KDEN;
3dfc3751;AA3139;AAL3139;3.290.776;-9.703.889;227;0;0;0;3074;2026-01-20T14:59:55Z;ADSB;A0480B;A320;N117UW;AAL;AAL;DFW;KDFW;PNS;KPNS;
3dfbc8a3;UA4200;UAL4200;1.921.399;-7.918.558;1;40000;500;0;1454;2026-01-20T14:59:59Z;ADSB;A8EC57;B763;N674UA;UAL;UAL;MDE;SKRG;EWR;KEWR;2026-01-20T17:50:18Z
3dfc31b9;DL2947;DAL2947;4.500.154;-12.238.167;186;22075;409;1792;3535;2026-01-20T14:59:59Z;ADSB;A39E6B;A319;N332NB;;;PDX;KPDX;LAX;KLAX;2026-01-20T16:46:56Z
3dfb1d91;DL166;DAL166;5.452.254;-13.800.085;113;39000;541;0;7243;2026-01-20T14:59:58Z;ADSB;A65BB7;A359;N509DN;DAL;DAL;HND;RJTT;SEA;KSEA;2026-01-20T16:27:44Z
3dfb554c;KL601;KLM601;6.273.065;-9.817.983;215;36000;523;-64;3351;2026-01-20T14:59:59Z;ADSB;485F84;B78X;PH-BKQ;KLM;KLM;AMS;EHAM;LAX;KLAX;2026-01-20T19:09:52Z
3dfc099d;AA2523;AAL2523;3.898.447;-7.700.836;225;37225;328;896;1573;2026-01-20T15:00:00Z;ADSB;A3B88E;B738;N339PL;AAL;AAL;PHL;KPHL;TPA;KTPA;2026-01-20T16:53:20Z
3dfb459f;DL57;DAL57;6.387.758;-9.031.004;227;38000;492;0;1742;2026-01-20T14:59:59Z;ADSB;AB00D6;A333;N808NW;DAL;DAL;AMS;EHAM;SLC;KSLC;2026-01-20T18:48:32Z
3dfbc063;AA2111;AAL2111;4.077.605;-7.387.407;135;0;0;0;1666;2026-01-20T14:59:59Z;ADSB;AB7270;A319;N837AW;AAL;AAL;CLT;KCLT;LGA;KLGA;2026-01-20T13:54:12Z
3dfb55ab;DL33;DAL33;4.982.165;-671.154;226;38000;406;-64;706;2026-01-20T14:59:59Z;ADSB;A50E93;A339;N425DX;DAL;DAL;LHR;EGLL;ATL;KATL;2026-01-20T18:14:24Z
3dfb6bb5;AF158;AFR158K;6.027.055;-6.441.016;236;36000;457;0;2403;2026-01-20T14:59:56Z;ESTIMATED;3949F4;B772;F-GSPU;AFR;AFR;CDG;LFPG;DFW;KDFW;2026-01-20T19:39:44Z
3dfbe9c7;AA3193;AAL3193;325.078;-8.789.813;302;36025;359;0;2031;2026-01-20T14:59:59Z;ADSB;AC7A33;A319;N9029F;AAL;AAL;MIA;KMIA;EGE;KEGE;2026-01-20T17:40:16Z
3dfbe8e0;DL1794;DAL1794;2.329.278;-8.145.238;15;38000;483;0;4614;2026-01-20T15:00:00Z;ADSB;A93D9F;B752;N695DL;DAL;DAL;SJO;MROC;ATL;KATL;2026-01-20T16:36:16Z
3dfb53b3;UA6;UAL6;5.609.284;-15.354.509;91;37000;491;0;7456;2026-01-20T14:59:54Z;ADSB;A31A76;B789;N29984;UAL;UAL;NRT;RJAA;IAH;KIAH;2026-01-20T20:52:16Z
3dfc0e0a;AA1283;AAL1283;3.598.439;-8.426.691;138;39000;514;64;4074;2026-01-20T15:00:00Z;ADSB;A4008E;B38M;N357TY;AAL;AAL;IND;KIND;MIA;KMIA;2026-01-20T16:36:16Z
3dfc075e;AA2731;AAL2731;3.781.961;-8.297.828;249;37975;375;0;1120;2026-01-20T14:59:59Z;ADSB;AAE958;B788;N802AN;AAL;AAL;PHL;KPHL;DFW;KDFW;2026-01-20T16:57:36Z
3dfbf6a5;AA3317;AAL3317;354.369;-7.717.484;165;38000;417;0;2750;2026-01-20T14:59:59Z;ADSB;ACF849;B738;N935AN;AAL;AAL;LGA;KLGA;PBI;KPBI;2026-01-20T16:19:12Z
3dfc1880;AA1293;AAL1293;4.109.404;-8.771.112;174;23125;429;2304;1373;2026-01-20T14:59:58Z;ADSB;A3C291;B38M;N341RW;AAL;AAL;ORD;KORD;MCO;KMCO;2026-01-20T17:01:52Z
3dfc29a2;UA3895;UAL3895;4.073.116;-7.597.389;252;33925;339;0;7155;2026-01-20T14:59:58Z;ADSB;A8E24D;B752;N67134;UAL;UAL;EWR;KEWR;AMA;KAMA;2026-01-20T17:55:12Z
3dfb71d2;LH454;DLH454;7.361.709;-8.231.188;238;34000;524;0;0;2026-01-20T14:59:56Z;ESTIMATED;3C4B2A;B748;D-ABYJ;DLH;DLH;FRA;EDDF;SFO;KSFO;2026-01-20T20:22:24Z
3dfbfb71;DL1930;DAL1930;3.445.347;-6.895.727;166;39000;422;0;3060;2026-01-20T14:59:56Z;ESTIMATED;A8DE10;B752;N6700;;;JFK;KJFK;STT;TIST;2026-01-20T17:16:48Z
3dfb5e2d;KL623;KLM623;5.193.156;-6.443.372;222;34000;448;0;754;2026-01-20T14:59:56Z;ADSB;485E2E;B78X;PH-BKH;KLM;KLM;AMS;EHAM;ATL;KATL;2026-01-20T18:27:12Z
3dfb80ef;LH456;DLH456;7.476.135;-7.287.747;251;33000;537;0;2060;2026-01-20T14:59:56Z;ADSB;3C4B2D;B748;D-ABYM;DLH;DLH;FRA;EDDF;LAX;KLAX;2026-01-20T20:54:24Z
3dfa9c2b;DL42;DAL42;2.491.673;-13.274.231;53;41000;541;0;2000;2026-01-20T14:59:56Z;ESTIMATED;A6A347;A359;N527DN;DAL;DAL;SYD;YSSY;LAX;KLAX;2026-01-20T17:01:52Z
3dfc21cf;DL830;DAL830;335.863;-8.765.784;262;40000;348;0;2001;2026-01-20T15:00:00Z;ADSB;ABD018;A332;N860NW;DAL;DAL;ATL;KATL;SLC;KSLC;2026-01-20T18:12:16Z
3dfbfe28;UA3929;UAL3929;4.000.154;-10.786.526;85;41000;503;64;3220;2026-01-20T14:59:58Z;ADSB;A2E045;B739;N28478;UAL;UAL;SFO;KSFO;IAD;KIAD;2026-01-20T17:55:12Z
3dfbb609;DL966;DAL966;4.721.045;-10.882.418;278;40000;405;64;4021;2026-01-20T15:00:00Z;ADSB;A4A0CD;B738;N398DA;DAL;DAL;CVG;KCVG;SEA;KSEA;2026-01-20T16:32:00Z
3dfb2fe8;DL120;DAL120;5.829.777;-14.447.459;90;41000;525;0;7425;2026-01-20T14:59:56Z;ESTIMATED;A68946;A359;N520DN;DAL;DAL;HND;RJTT;MSP;KMSP;2026-01-20T19:01:20Z
3dfb1035;DL274;DAL274;5.601.761;-12.953.387;96;39000;527;0;6264;2026-01-20T15:00:00Z;ADSB;A65800;A359;N508DN;DAL;DAL;HND;RJTT;DTW;KDTW;2026-01-20T18:48:32Z
3dfb9bef;UA2115;UAL2115;4.131.739;-10.455.289;254;36000;395;0;7172;2026-01-20T15:00:00Z;ADSB;A16E7D;B752;N19117;UAL;UAL;EWR;KEWR;SFO;KSFO;2026-01-20T17:14:40Z
3dfb5b3f;KL605;KLM373;66.384;-10.217.485;216;38000;530;-128;1307;2026-01-20T15:00:00Z;ADSB;486071;B78X;PH-BKL;KLM;KLM;AMS;EHAM;SFO;KSFO;2026-01-20T19:01:20Z
3dfb6660;AF338;AFR338;7.056.709;-8.964.493;240;40000;530;64;3322;2026-01-20T14:59:59Z;ADSB;39D2B3;A359;F-HUVT;AFR;AFR;CDG;LFPG;SEA;KSEA;2026-01-20T18:40:00Z
3dfc2a84;AA1172;AAL1172;4.197.205;-8.790.076;270;0;14;0;1377;2026-01-20T14:59:58Z;ADSB;AAEF89;A319;N8031M;AAL;AAL;ORD;KORD;STT;TIST;
3dfbef7c;UA297;UAL297;4.401.219;-8.668.832;293;37000;384;192;3054;2026-01-20T14:59:58Z;ADSB;A2B10C;B38M;N27252;UAL;UAL;EWR;KEWR;BZN;KBZN;2026-01-20T17:44:32Z
3dfc08be;DL713;DAL713;4.011.827;-8.246.906;269;38000;374;0;7106;2026-01-20T14:59:59Z;ADSB;ABCA08;A332;N859NW;DAL;DAL;JFK;KJFK;LAX;KLAX;2026-01-20T19:24:48Z
3df77bd0;DL274;DAL274;4.221.031;-8.335.699;118;0;0;0;6527;2026-01-20T14:59:51Z;ADSB;A661C7;A359;N510DN;DAL;DAL;HND;RJTT;DTW;KDTW;2026-01-19T18:59:44Z
3dfc1af7;AA1688;AAL1688;4.230.505;-7.134.515;255;11175;266;1344;3461;2026-01-20T14:59:58Z;ADSB;ADECA5;A321;N997AA;AAL;AAL;BOS;KBOS;CLT;KCLT;2026-01-20T16:51:12Z
3dfb6eb6;BA175;BAW7NY;5.181.492;-6.155.449;222;38000;410;64;763;2026-01-20T14:59:58Z;ADSB;4005C1;B772;G-RAES;BAW;BAW;LHR;EGLL;JFK;KJFK;2026-01-20T17:10:24Z
3dfc3057;AA2097;AAL2097;2.580.521;-8.020.129;86;3500;233;3008;6073;2026-01-20T14:59:59Z;ADSB;A99D89;B77W;N719AN;AAL;AAL;MIA;KMIA;DFW;KDFW;
3dfbe93a;UA1256;UAL1256;3.866.848;-925.871;278;38000;373;0;7125;2026-01-20T14:59:58Z;ADSB;A288FF;B738;N26210;UAL;UAL;CLT;KCLT;DEN;KDEN;2026-01-20T16:32:00Z
3dfb3347;UA838;UAL838;471.329;-14.040.907;108;37425;487;0;6266;2026-01-20T14:59:56Z;ESTIMATED;AA92FF;B772;N78008;UAL;UAL;NRT;RJAA;SFO;KSFO;2026-01-20T17:10:24Z
3dfb37ee;DL188;DAL188;5.442.467;-16.672.408;78;38000;506;64;7454;2026-01-20T14:59:59Z;ADSB;A69822;A359;N524DN;DAL;DAL;ICN;RKSI;ATL;KATL;2026-01-20T22:06:56Z
3dfbf396;UA1116;UAL1116;4.418.692;-10.533.607;253;38000;384;0;3657;2026-01-20T14:59:58Z;ADSB;A28947;B738;N26232;UAL;UAL;MSP;KMSP;SFO;KSFO;2026-01-20T17:16:48Z
3dfbfc5c;DL8800;DAL8800;3.554.412;-8.846.268;145;39000;499;0;2603;2026-01-20T14:59:59Z;ADSB;ACB878;B739;N919DU;DAL;DAL;MSP;KMSP;MIA;KMIA;2026-01-20T16:34:25Z
3dfbf6a2;UA1898;UAL1898;3.624.385;-871.376;241;38000;337;0;1331;2026-01-20T15:00:00Z;ADSB;A35843;B739;N31412;UAL;UAL;BWI;KBWI;IAH;KIAH;2026-01-20T16:27:44Z
3dfbeb3c;DL1368;DAL1368;3.517.841;-8.233.069;214;38025;289;64;7177;2026-01-20T15:00:00Z;ADSB;A3D4C6;A319;N346NB;DAL;DAL;JFK;KJFK;MSY;KMSY;2026-01-20T16:14:56Z
3dfc2d74;AA249;AAL249;4.139.365;-8.818.569;200;17600;373;2368;6277;2026-01-20T14:59:59Z;ADSB;A3CDE4;B38M;N344TS;AAL;AAL;ORD;KORD;MEX;MMMX;2026-01-20T18:33:36Z
3dfb54ee;BA117;BAW17R;4.757.867;-6.698.357;226;38000;410;0;751;2026-01-20T15:00:00Z;ADSB;400685;B772;G-VIIM;BAW;BAW;LHR;EGLL;JFK;KJFK;2026-01-20T16:27:44Z
3dfb79f6;BA195;BAW26E;5.531.264;-6.313.124;245;37975;456;-64;767;2026-01-20T14:59:57Z;ADSB;40749B;B789;G-ZBKR;BAW;BAW;LHR;EGLL;IAH;KIAH;2026-01-20T19:56:48Z
3dfb76b5;AF84;AFR84T;6.901.746;-6.881.908;268;34000;468;0;3045;2026-01-20T14:59:56Z;ESTIMATED;3965A0;B77W;F-GZNA;AFR;AFR;CDG;LFPG;SFO;KSFO;2026-01-20T20:52:16Z
3dfc2269;UA1886;UAL1886;3.322.936;-8.798.558;68;38950;575;0;4026;2026-01-20T15:04:58Z;ADSB;A05A25;B752;N12125;UAL;UAL;IAH;KIAH;EWR;KEWR;2026-01-20T17:01:52Z
3dfbebeb;DL8851;DAL8851;3.608.794;-9.393.236;285;40000;369;64;7120;2026-01-20T15:04:59Z;ADSB;A8DEF1;B752;N6706Q;DAL;DAL;ATL;KATL;DEN;KDEN;2026-01-20T16:33:20Z
3dfc1f4a;UA1666;UAL1666;3.957.787;-9.147.882;264;38000;371;0;4054;2026-01-20T15:04:59Z;ADSB;A3C775;B738;N34222;UAL;UAL;CVG;KCVG;DEN;KDEN;2026-01-20T16:46:56Z
3dfc46ab;DL853;DAL853;6.117.355;-14.998.628;202;0;0;0;7270;2026-01-20T15:04:53Z;ADSB;A44502;B738;N3740C;DAL;DAL;ANC;PANC;SEA;KSEA;
3dfbb575;AA1349;AAL1349;3.502.167;-9.019.226;240;40000;320;0;3031;2026-01-20T15:04:58Z;ADSB;ADC65E;B738;N987NN;AAL;AAL;JFK;KJFK;AUS;KAUS;2026-01-20T16:21:20Z
3dfbcb4e;DL2301;DAL2301;3.793.405;-9.028.769;170;37000;447;0;2637;2026-01-20T15:04:59Z;ADSB;A7824E;B753;N583NW;DAL;DAL;MSP;KMSP;TPA;KTPA;2026-01-20T16:49:04Z
3dfc25be;AA2896;AAL2896;3.966.467;-7.463.419;225;28175;314;1664;1164;2026-01-20T15:04:59Z;ADSB;A35388;B38M;N313SB;AAL;AAL;LGA;KLGA;FLL;KFLL;2026-01-20T17:21:04Z
3dfb5ea7;UA905;UAL905;5.099.908;-6.577.626;221;38025;399;0;711;2026-01-20T15:04:59Z;ADSB;A9178D;B763;N685UA;UAL;UAL;LHR;EGLL;EWR;KEWR;2026-01-20T17:01:52Z
3dfb5cc2;KL689;KLM689;5.199.348;-750.733;229;37975;461;0;0;2026-01-20T15:04:57Z;ESTIMATED;485785;B789;PH-BHN;KLM;KLM;AMS;EHAM;CUN;MMUN;2026-01-20T19:41:52Z
3dfb5a0f;KL661;KLM661;5.279.079;-7.352.581;230;36000;455;0;0;2026-01-20T15:04:57Z;ESTIMATED;4851B0;B789;PH-BHE;KLM;KLM;AMS;EHAM;IAH;KIAH;2026-01-20T18:59:12Z
3dfb6bff;AF636;AFR636P;5.890.245;-684.291;234;38000;467;0;756;2026-01-20T15:04:57Z;ADSB;39D2A6;A359;F-HUVG;AFR;AFR;CDG;LFPG;IAH;KIAH;2026-01-20T19:50:24Z
3dfc4a66;UA595;UAL595;3.114.913;-9.801.101;342;26700;415;1728;2752;2026-01-20T15:04:59Z;ADSB;A465DF;B738;N38257;UAL;UAL;AUS;KAUS;DEN;KDEN;2026-01-20T16:49:04Z
3dfc13ad;UA654;UAL654;3.254.118;-11.004.388;101;39000;487;0;1021;2026-01-20T15:04:58Z;ADSB;A0A8DF;B752;N14107;UAL;UAL;LAX;KLAX;IAH;KIAH;2026-01-20T16:53:20Z
3dfc50ea;UA357;UAL357;3.288.606;-9.704.067;270;0;12;0;6217;2026-01-20T15:04:59Z;ADSB;A43EA3;B738;N37274;UAL;UAL;DFW;KDFW;DEN;KDEN;
3dfc3751;AA3139;AAL3139;3.290.839;-970.377;270;0;0;0;3074;2026-01-20T15:04:56Z;ADSB;A0480B;A320;N117UW;AAL;AAL;DFW;KDFW;PNS;KPNS;
3dfbc8a3;UA4200;UAL4200;1.991.053;-7.916.134;1;40000;501;0;1454;2026-01-20T15:04:59Z;ADSB;A8EC57;B763;N674UA;UAL;UAL;MDE;SKRG;EWR;KEWR;2026-01-20T17:49:37Z
3dfc31b9;DL2947;DAL2947;4.441.079;-12.214.117;161;29175;465;1152;3535;2026-01-20T15:04:59Z;ADSB;A39E6B;A319;N332NB;;;PDX;KPDX;LAX;KLAX;2026-01-20T16:46:56Z
3dfb1d91;DL166;DAL166;542.199;-1.368.213;114;39000;542;0;7243;2026-01-20T15:04:59Z;ADSB;A65BB7;A359;N509DN;DAL;DAL;HND;RJTT;SEA;KSEA;2026-01-20T16:29:52Z
3dfb459f;DL57;DAL57;6.341.588;-9.143.963;226;38000;493;-64;1742;2026-01-20T15:04:59Z;ADSB;AB00D6;A333;N808NW;DAL;DAL;AMS;EHAM;SLC;KSLC;2026-01-20T18:35:44Z
3dfc099d;AA2523;AAL2523;3.865.434;-7.742.215;222;38000;341;0;1573;2026-01-20T15:04:59Z;ADSB;A3B88E;B738;N339PL;AAL;AAL;PHL;KPHL;TPA;KTPA;2026-01-20T16:53:20Z
3dfbc063;AA2111;AAL2111;407.766;-7.387.459;30;0;0;0;1666;2026-01-20T15:04:59Z;ADSB;AB7270;A319;N837AW;AAL;AAL;CLT;KCLT;LGA;KLGA;2026-01-20T13:54:12Z
3dfb55ab;DL33;DAL33;4.942.996;-6.775.143;226;38000;412;0;706;2026-01-20T15:04:59Z;ADSB;A50E93;A339;N425DX;DAL;DAL;LHR;EGLL;ATL;KATL;2026-01-20T18:10:08Z
3dfb6bb5;AF158;AFR158K;5.998.258;-65.506;239;36000;457;0;2403;2026-01-20T15:04:57Z;ESTIMATED;3949F4;B772;F-GSPU;AFR;AFR;CDG;LFPG;DFW;KDFW;2026-01-20T19:39:44Z
3dfbe9c7;AA3193;AAL3193;3.282.358;-8.836.067;309;35975;357;0;2031;2026-01-20T15:04:59Z;ADSB;AC7A33;A319;N9029F;AAL;AAL;MIA;KMIA;EGE;KEGE;2026-01-20T17:40:16Z
3dfbe8e0;DL1794;DAL1794;23.936;-8.126.322;8;38000;477;0;4614;2026-01-20T15:04:58Z;ADSB;A93D9F;B752;N695DL;DAL;DAL;SJO;MROC;ATL;KATL;2026-01-20T16:36:16Z
3dfb53b3;UA6;UAL6;5.606.536;-15.238.837;98;37000;491;0;7456;2026-01-20T15:04:57Z;ADSB;A31A76;B789;N29984;UAL;UAL;NRT;RJAA;IAH;KIAH;2026-01-20T20:52:16Z
3dfc0e0a;AA1283;AAL1283;354.566;-83.689;138;39000;508;0;4074;2026-01-20T15:04:58Z;ADSB;A4008E;B38M;N357TY;AAL;AAL;IND;KIND;MIA;KMIA;2026-01-20T16:36:16Z
3dfc075e;AA2731;AAL2731;3.764.023;-8.358.984;249;38000;375;0;1120;2026-01-20T15:04:58Z;ADSB;AAE958;B788;N802AN;AAL;AAL;PHL;KPHL;DFW;KDFW;2026-01-20T16:57:36Z
3dfc471c;AA1616;AAL1616;3.521.746;-8.094.018;160;0;8;0;5751;2026-01-20T15:04:59Z;ADSB;AD8895;B738;N971NN;AAL;AAL;CLT;KCLT;MCI;KMCI;
3dfbf6a5;AA3317;AAL3317;3.499.876;-7.711.539;227;38000;305;0;2750;2026-01-20T15:04:58Z;ADSB;ACF849;B738;N935AN;AAL;AAL;LGA;KLGA;PBI;KPBI;2026-01-20T16:19:12Z
3dfc1880;AA1293;AAL1293;4.046.176;-8.763.095;175;30500;469;1536;1373;2026-01-20T15:04:59Z;ADSB;A3C291;B38M;N341RW;AAL;AAL;ORD;KORD;MCO;KMCO;2026-01-20T17:01:52Z
3dfc29a2;UA3895;UAL3895;407.198;-7.659.711;280;34000;360;0;7155;2026-01-20T15:04:58Z;ADSB;A8E24D;B752;N67134;UAL;UAL;EWR;KEWR;AMA;KAMA;2026-01-20T17:57:20Z
3dfbfb71;DL1930;DAL1930;3.388.605;-688.979;167;39000;417;0;3060;2026-01-20T15:04:34Z;ADSB;A8DE10;B752;N6700;;;JFK;KJFK;STT;TIST;2026-01-20T17:21:04Z
3dfb5e2d;KL623;KLM623;5.159.252;-6.514.462;219;34000;448;0;754;2026-01-20T15:04:57Z;ESTIMATED;485E2E;B78X;PH-BKH;KLM;KLM;AMS;EHAM;ATL;KATL;2026-01-20T18:27:12Z
3dfb80ef;LH456;DLH456;7.451.337;-7.552.404;249;33000;537;0;2060;2026-01-20T15:04:57Z;ESTIMATED;3C4B2D;B748;D-ABYM;DLH;DLH;FRA;EDDF;LAX;KLAX;2026-01-20T20:54:24Z
3dfc21cf;DL830;DAL830;3.352.031;-8.822.487;261;40000;348;0;2001;2026-01-20T15:04:57Z;ADSB;ABD018;A332;N860NW;DAL;DAL;ATL;KATL;SLC;KSLC;2026-01-20T18:12:16Z
3dfbb609;DL966;DAL966;4.729.279;-10.964.271;278;40000;411;0;4021;2026-01-20T15:04:57Z;ADSB;A4A0CD;B738;N398DA;DAL;DAL;CVG;KCVG;SEA;KSEA;2026-01-20T16:27:44Z
3dfb2fe8;DL120;DAL120;5.828.873;-14.308.421;91;41000;525;0;7425;2026-01-20T15:04:57Z;ESTIMATED;A68946;A359;N520DN;DAL;DAL;HND;RJTT;MSP;KMSP;2026-01-20T19:01:20Z
3dfb1035;DL274;DAL274;5.592.562;-1.282.417;97;39000;530;0;6264;2026-01-20T15:04:59Z;ADSB;A65800;A359;N508DN;DAL;DAL;HND;RJTT;DTW;KDTW;2026-01-20T18:48:32Z
3dfbfe28;UA3929;UAL3929;4.004.838;-10.697.113;86;40975;490;0;3220;2026-01-20T15:04:59Z;ADSB;A2E045;B739;N28478;UAL;UAL;SFO;KSFO;IAD;KIAD;2026-01-20T17:55:12Z
3dfb9bef;UA2115;UAL2115;4.116.637;-10.525.317;253;36000;400;0;7172;2026-01-20T15:04:59Z;ADSB;A16E7D;B752;N19117;UAL;UAL;EWR;KEWR;SFO;KSFO;2026-01-20T17:14:40Z
3dfb5b3f;KL605;KLM373;6.579.387;-10.322.777;215;38000;531;0;1307;2026-01-20T15:04:59Z;ADSB;486071;B78X;PH-BKL;KLM;KLM;AMS;EHAM;SFO;KSFO;2026-01-20T19:01:20Z
3dfb6660;AF338;AFR338;7.015.137;-9.143.275;233;40000;533;0;3322;2026-01-20T15:04:59Z;ADSB;39D2B3;A359;F-HUVT;AFR;AFR;CDG;LFPG;SEA;KSEA;2026-01-20T18:40:00Z
3dfc2a84;AA1172;AAL1172;4.195.874;-8.794.805;204;2125;164;1600;1377;2026-01-20T15:04:59Z;ADSB;AAEF89;A319;N8031M;AAL;AAL;ORD;KORD;STT;TIST;
3dfbef7c;UA297;UAL297;4.422.295;-8.736.496;293;38000;381;-64;3054;2026-01-20T15:04:59Z;ADSB;A2B10C;B38M;N27252;UAL;UAL;EWR;KEWR;BZN;KBZN;2026-01-20T17:46:40Z
3dfc08be;DL713;DAL713;4.011.122;-8.314.349;268;38000;374;0;7106;2026-01-20T15:04:58Z;ADSB;ABCA08;A332;N859NW;DAL;DAL;JFK;KJFK;LAX;KLAX;2026-01-20T19:24:48Z
3df77bd0;DL274;DAL274;4.221.032;-8.335.699;118;0;0;0;6527;2026-01-20T15:04:57Z;ADSB;A661C7;A359;N510DN;DAL;DAL;HND;RJTT;DTW;KDTW;2026-01-19T18:59:44Z
3dfc1af7;AA1688;AAL1688;4.223.927;-7.181.015;261;24875;237;768;3461;2026-01-20T15:04:59Z;ADSB;ADECA5;A321;N997AA;AAL;AAL;BOS;KBOS;CLT;KCLT;2026-01-20T16:49:04Z
3dfb6eb6;BA175;BAW7NY;5.139.386;-621.648;221;38000;406;0;763;2026-01-20T15:04:59Z;ADSB;4005C1;B772;G-RAES;BAW;BAW;LHR;EGLL;JFK;KJFK;2026-01-20T17:12:32Z
3dfc4469;AA2581;AAL2581;3.290.135;-9.704.433;264;0;0;0;0;2026-01-20T15:04:43Z;ADSB;AD3FD9;B738;N953AN;AAL;AAL;DFW;KDFW;MKE;KMKE;
3dfc3057;AA2097;AAL2097;2.595.739;-8.039.056;240;11625;362;128;6073;2026-01-20T15:04:58Z;ADSB;A99D89;B77W;N719AN;AAL;AAL;MIA;KMIA;DFW;KDFW;2026-01-20T17:40:16Z
3dfbe93a;UA1256;UAL1256;3.874.031;-9.324.473;277;38000;377;0;7125;2026-01-20T15:04:58Z;ADSB;A288FF;B738;N26210;UAL;UAL;CLT;KCLT;DEN;KDEN;2026-01-20T16:32:00Z
3dfb3347;UA838;UAL838;4.692.393;-13.946.323;108;37425;487;0;6266;2026-01-20T15:04:57Z;ESTIMATED;AA92FF;B772;N78008;UAL;UAL;NRT;RJAA;SFO;KSFO;2026-01-20T17:10:24Z
3dfb37ee;DL188;DAL188;545.511;-16.557.156;79;38000;491;0;7454;2026-01-20T15:04:57Z;ADSB;A69822;A359;N524DN;DAL;DAL;ICN;RKSI;ATL;KATL;2026-01-20T22:11:12Z
3dfbf396;UA1116;UAL1116;4.403.284;-10.604.553;253;38000;386;0;3657;2026-01-20T15:04:59Z;ADSB;A28947;B738;N26232;UAL;UAL;MSP;KMSP;SFO;KSFO;2026-01-20T17:16:48Z
3dfbfc5c;DL8800;DAL8800;3.497.781;-8.798.109;145;39000;495;0;2603;2026-01-20T15:04:59Z;ADSB;ACB878;B739;N919DU;DAL;DAL;MSP;KMSP;MIA;KMIA;2026-01-20T16:35:56Z
3dfbf6a2;UA1898;UAL1898;3.601.868;-8.763.695;240;38000;333;0;1331;2026-01-20T15:04:58Z;ADSB;A35843;B739;N31412;UAL;UAL;BWI;KBWI;IAH;KIAH;2026-01-20T16:27:44Z
3dfbeb3c;DL1368;DAL1368;3.483.788;-8.260.918;213;38025;302;0;7177;2026-01-20T15:04:59Z;ADSB;A3D4C6;A319;N346NB;DAL;DAL;JFK;KJFK;MSY;KMSY;2026-01-20T16:14:56Z
3dfc2d74;AA249;AAL249;4.090.173;-8.846.884;221;27150;380;1472;6277;2026-01-20T15:04:59Z;ADSB;A3CDE4;B38M;N344TS;AAL;AAL;ORD;KORD;MEX;MMMX;2026-01-20T18:33:36Z
3dfb54ee;BA117;BAW17R;4.719.553;-6.759.105;227;38000;406;0;751;2026-01-20T15:04:58Z;ADSB;400685;B772;G-VIIM;BAW;BAW;LHR;EGLL;JFK;KJFK;2026-01-20T16:27:44Z
3dfb79f6;BA195;BAW26E;5.504.618;-6.411.192;244;38000;456;0;767;2026-01-20T15:04:57Z;ADSB;40749B;B789;G-ZBKR;BAW;BAW;LHR;EGLL;IAH;KIAH;2026-01-20T20:05:20Z
3dfc2269;UA1886;UAL1886;3.347.306;-8.707.013;79;38950;585;0;4026;2026-01-20T15:09:59Z;ADSB;A05A25;B752;N12125;UAL;UAL;IAH;KIAH;EWR;KEWR;2026-01-20T17:01:52Z
3dfbebeb;DL8851;DAL8851;3.621.988;-9.454.104;284;40000;368;0;7120;2026-01-20T15:09:58Z;ADSB;A8DEF1;B752;N6706Q;DAL;DAL;ATL;KATL;DEN;KDEN;2026-01-20T16:34:35Z
3dfc46ab;DL853;DAL853;6.117.125;-14.999.435;270;0;12;0;7270;2026-01-20T15:09:59Z;ADSB;A44502;B738;N3740C;DAL;DAL;ANC;PANC;SEA;KSEA;
3dfbb575;AA1349;AAL1349;3.480.315;-9.066.559;240;40000;334;0;3031;2026-01-20T15:09:58Z;ADSB;ADC65E;B738;N987NN;AAL;AAL;JFK;KJFK;AUS;KAUS;2026-01-20T16:23:28Z
3dfbcb4e;DL2301;DAL2301;3.735.402;-8.995.168;144;37000;486;0;2637;2026-01-20T15:09:59Z;ADSB;A7824E;B753;N583NW;DAL;DAL;MSP;KMSP;TPA;KTPA;2026-01-20T16:44:48Z
3dfc1f4a;UA1666;UAL1666;3.952.602;-9.213.904;263;38000;369;0;4054;2026-01-20T15:09:58Z;ADSB;A3C775;B738;N34222;UAL;UAL;CVG;KCVG;DEN;KDEN;2026-01-20T16:49:04Z
3dfc18c5;AA3052;AAL3052;3.885.442;-7.704.006;174;0;0;0;555;2026-01-20T15:09:58Z;ADSB;AB4EA8;A319;N828AW;AAL;AAL;DCA;KDCA;FLL;KFLL;
3dfc25be;AA2896;AAL2896;3.934.903;-750.481;225;36050;321;768;1164;2026-01-20T15:09:59Z;ADSB;A35388;B38M;N313SB;AAL;AAL;LGA;KLGA;FLL;KFLL;2026-01-20T17:23:12Z
3dfb5ea7;UA905;UAL905;5.058.324;-6.634.399;220;38000;400;0;711;2026-01-20T15:09:58Z;ADSB;A9178D;B763;N685UA;UAL;UAL;LHR;EGLL;EWR;KEWR;2026-01-20T17:01:52Z
3dfb5a0f;KL661;KLM661;5.240.013;-7.429.651;229;36000;455;0;0;2026-01-20T15:09:55Z;ESTIMATED;4851B0;B789;PH-BHE;KLM;KLM;AMS;EHAM;IAH;KIAH;2026-01-20T18:59:12Z
3dfb6bff;AF636;AFR636P;5.851.849;-694.324;233;38000;468;0;756;2026-01-20T15:09:58Z;ADSB;39D2A6;A359;F-HUVG;AFR;AFR;CDG;LFPG;IAH;KIAH;2026-01-20T19:50:24Z
3dfc4a66;UA595;UAL595;3.174.596;-981.413;350;33850;444;1216;2752;2026-01-20T15:09:59Z;ADSB;A465DF;B738;N38257;UAL;UAL;AUS;KAUS;DEN;KDEN;2026-01-20T16:46:56Z
3dfc5bb8;AA882;AAL882;3.343.806;-11.199.784;14;0;9;0;0;2026-01-20T15:09:52Z;ADSB;AB5FDD;A319;N832AW;AAL;AAL;PHX;KPHX;RNO;KRNO;
3dfc13ad;UA654;UAL654;3.234.571;-10.928.353;101;39000;486;0;1021;2026-01-20T15:09:58Z;ADSB;A0A8DF;B752;N14107;UAL;UAL;LAX;KLAX;IAH;KIAH;2026-01-20T16:53:20Z
3dfc50ea;UA357;UAL357;3.288.003;-9.704.818;202;0;0;0;6217;2026-01-20T15:09:59Z;ADSB;A43EA3;B738;N37274;UAL;UAL;DFW;KDFW;DEN;KDEN;
3dfc3751;AA3139;AAL3139;3.290.056;-9.703.194;180;0;15;0;3074;2026-01-20T15:09:59Z;ADSB;A0480B;A320;N117UW;AAL;AAL;DFW;KDFW;PNS;KPNS;
3dfbc8a3;UA4200;UAL4200;2.060.623;-7.910.441;4;40025;499;0;1454;2026-01-20T15:09:59Z;ADSB;A8EC57;B763;N674UA;UAL;UAL;MDE;SKRG;EWR;KEWR;2026-01-20T17:49:29Z
3dfc31b9;DL2947;DAL2947;4.377.954;-12.187.278;171;35500;475;1088;3535;2026-01-20T15:09:58Z;ADSB;A39E6B;A319;N332NB;;;PDX;KPDX;LAX;KLAX;2026-01-20T16:46:56Z
3dfb1d91;DL166;DAL166;5.389.481;-13.567.613;118;39000;541;0;7243;2026-01-20T15:09:57Z;ADSB;A65BB7;A359;N509DN;DAL;DAL;HND;RJTT;SEA;KSEA;2026-01-20T16:27:44Z
3dfb554c;KL601;KLM601;6.159.107;-9.987.036;214;35975;518;0;3351;2026-01-20T15:09:55Z;ESTIMATED;485F84;B78X;PH-BKQ;KLM;KLM;AMS;EHAM;LAX;KLAX;2026-01-20T19:39:44Z
3dfb459f;DL57;DAL57;6.295.245;-9.251.714;225;38000;495;0;1742;2026-01-20T15:09:58Z;ADSB;AB00D6;A333;N808NW;DAL;DAL;AMS;EHAM;SLC;KSLC;2026-01-20T18:35:44Z
3dfc099d;AA2523;AAL2523;3.830.759;-7.782.037;221;38000;337;-64;1573;2026-01-20T15:09:59Z;ADSB;A3B88E;B738;N339PL;AAL;AAL;PHL;KPHL;TPA;KTPA;2026-01-20T16:53:20Z
3dfbc063;AA2111;AAL2111;4.077.608;-7.386.922;123;0;15;0;1666;2026-01-20T15:09:59Z;ADSB;AB7270;A319;N837AW;AAL;AAL;CLT;KCLT;LGA;KLGA;2026-01-20T13:54:12Z
3dfb55ab;DL33;DAL33;4.903.143;-6.836.982;223;38000;411;0;706;2026-01-20T15:09:58Z;ADSB;A50E93;A339;N425DX;DAL;DAL;LHR;EGLL;ATL;KATL;2026-01-20T18:10:08Z
3dfb6bb5;AF158;AFR158K;5.965.587;-6.657.321;238;36000;457;0;0;2026-01-20T15:09:55Z;ESTIMATED;3949F4;B772;F-GSPU;AFR;AFR;CDG;LFPG;DFW;KDFW;2026-01-20T19:39:44Z
3dfbe9c7;AA3193;AAL3193;3.313.937;-8.881.477;309;37825;349;1280;2031;2026-01-20T15:09:59Z;ADSB;AC7A33;A319;N9029F;AAL;AAL;MIA;KMIA;EGE;KEGE;2026-01-20T17:40:16Z
3dfbe8e0;DL1794;DAL1794;2.459.015;-8.118.454;6;38000;474;0;4614;2026-01-20T15:09:58Z;ADSB;A93D9F;B752;N695DL;DAL;DAL;SJO;MROC;ATL;KATL;2026-01-20T16:36:16Z
3dfb53b3;UA6;UAL6;5.596.261;-15.118.951;99;37000;491;0;7456;2026-01-20T15:09:55Z;ESTIMATED;A31A76;B789;N29984;UAL;UAL;NRT;RJAA;IAH;KIAH;2026-01-20T20:52:16Z
3dfc075e;AA2731;AAL2731;3.745.505;-8.420.705;249;38000;369;0;1120;2026-01-20T15:09:59Z;ADSB;AAE958;B788;N802AN;AAL;AAL;PHL;KPHL;DFW;KDFW;2026-01-20T16:59:44Z
3dfc0e0a;AA1283;AAL1283;3.493.303;-8.312.605;138;39000;503;-64;4074;2026-01-20T15:09:59Z;ADSB;A4008E;B38M;N357TY;AAL;AAL;IND;KIND;MIA;KMIA;2026-01-20T16:36:16Z
3dfbf6a5;AA3317;AAL3317;3.470.558;-7.750.368;227;38000;318;0;2750;2026-01-20T15:09:59Z;ADSB;ACF849;B738;N935AN;AAL;AAL;LGA;KLGA;PBI;KPBI;2026-01-20T16:23:28Z
3dfc1880;AA1293;AAL1293;3.981.343;-8.743.396;164;36100;485;832;1373;2026-01-20T15:09:59Z;ADSB;A3C291;B38M;N341RW;AAL;AAL;ORD;KORD;MCO;KMCO;2026-01-20T17:01:52Z
3dfc29a2;UA3895;UAL3895;4.081.197;-7.723.633;280;34000;354;0;7155;2026-01-20T15:09:58Z;ADSB;A8E24D;B752;N67134;UAL;UAL;EWR;KEWR;AMA;KAMA;2026-01-20T17:57:20Z
3dfb80ef;LH456;DLH456;7.425.172;-7.793.771;246;33000;524;0;2060;2026-01-20T15:09:55Z;ESTIMATED;3C4B2D;B748;D-ABYM;DLH;DLH;FRA;EDDF;LAX;KLAX;2026-01-20T20:54:24Z
3dfbfb71;DL1930;DAL1930;3.333.765;-6.875.826;168;39000;390;0;3060;2026-01-20T15:09:39Z;ADSB;A8DE10;B752;N6700;;;JFK;KJFK;STT;TIST;2026-01-20T17:21:04Z
3dfb5e2d;KL623;KLM623;5.098.145;-6.579.163;221;33975;445;-64;754;2026-01-20T15:09:58Z;ADSB;485E2E;B78X;PH-BKH;KLM;KLM;AMS;EHAM;ATL;KATL;2026-01-20T18:29:20Z
3dfa9c2b;DL42;DAL42;2.577.884;-13.142.665;54;41000;530;0;2000;2026-01-20T15:09:55Z;ESTIMATED;A6A347;A359;N527DN;DAL;DAL;SYD;YSSY;LAX;KLAX;2026-01-20T17:01:52Z
3dfc21cf;DL830;DAL830;3.348.381;-8.880.428;269;40000;353;0;2001;2026-01-20T15:09:58Z;ADSB;ABD018;A332;N860NW;DAL;DAL;ATL;KATL;SLC;KSLC;2026-01-20T18:14:24Z
3dfbb609;DL966;DAL966;4.737.021;-11.047.742;277;40000;406;0;4021;2026-01-20T15:09:59Z;ADSB;A4A0CD;B738;N398DA;DAL;DAL;CVG;KCVG;SEA;KSEA;2026-01-20T16:27:44Z
3dfb1035;DL274;DAL274;558.206;-12.696.024;98;39000;526;0;6264;2026-01-20T15:09:59Z;ADSB;A65800;A359;N508DN;DAL;DAL;HND;RJTT;DTW;KDTW;2026-01-20T18:50:40Z
3dfb2fe8;DL120;DAL120;5.792.311;-14.174.791;92;41000;539;0;7425;2026-01-20T15:09:55Z;ESTIMATED;A68946;A359;N520DN;DAL;DAL;HND;RJTT;MSP;KMSP;2026-01-20T19:01:20Z
3dfbfe28;UA3929;UAL3929;4.008.748;-10.609.091;86;41000;493;64;3220;2026-01-20T15:09:58Z;ADSB;A2E045;B739;N28478;UAL;UAL;SFO;KSFO;IAD;KIAD;2026-01-20T17:55:12Z
3dfb9bef;UA2115;UAL2115;4.100.628;-10.597.157;253;36000;403;-128;7172;2026-01-20T15:09:58Z;ADSB;A16E7D;B752;N19117;UAL;UAL;EWR;KEWR;SFO;KSFO;2026-01-20T17:14:40Z
3dfb5b3f;KL605;KLM373;6.518.961;-10.424.492;214;37975;536;-64;1307;2026-01-20T15:09:59Z;ADSB;486071;B78X;PH-BKL;KLM;KLM;AMS;EHAM;SFO;KSFO;2026-01-20T19:01:20Z
3dfb6660;AF338;AFR338;6.970.537;-931.366;231;40025;539;192;3322;2026-01-20T15:09:57Z;ADSB;39D2B3;A359;F-HUVT;AFR;AFR;CDG;LFPG;SEA;KSEA;2026-01-20T18:37:52Z
3dfc2a84;AA1172;AAL1172;4.160.052;-8.771.261;148;13575;369;1984;1377;2026-01-20T15:09:58Z;ADSB;AAEF89;A319;N8031M;AAL;AAL;ORD;KORD;STT;TIST;2026-01-20T19:18:24Z
3dfbef7c;UA297;UAL297;4.442.839;-8.804.214;292;38000;377;0;3054;2026-01-20T15:09:58Z;ADSB;A2B10C;B38M;N27252;UAL;UAL;EWR;KEWR;BZN;KBZN;2026-01-20T17:44:32Z
3dfc08be;DL713;DAL713;4.010.024;-8.382.031;268;38000;371;0;7106;2026-01-20T15:09:59Z;ADSB;ABCA08;A332;N859NW;DAL;DAL;JFK;KJFK;LAX;KLAX;2026-01-20T19:24:48Z
3df77bd0;DL274;DAL274;4.221.031;-8.335.699;118;0;0;0;6527;2026-01-20T15:09:56Z;ADSB;A661C7;A359;N510DN;DAL;DAL;HND;RJTT;DTW;KDTW;2026-01-19T18:59:44Z
3dfc1af7;AA1688;AAL1688;4.207.941;-7.229.208;245;30300;308;1280;3461;2026-01-20T15:09:59Z;ADSB;ADECA5;A321;N997AA;AAL;AAL;BOS;KBOS;CLT;KCLT;2026-01-20T16:49:04Z
3dfb6eb6;BA175;BAW7NY;5.097.405;-6.275.749;221;38000;403;0;763;2026-01-20T15:09:59Z;ADSB;4005C1;B772;G-RAES;BAW;BAW;LHR;EGLL;JFK;KJFK;2026-01-20T17:14:40Z
3dfc5ca0;DL1112;DAL1112;3.394.663;-11.840.483;98;0;0;0;6736;2026-01-20T15:09:59Z;ADSB;A4463E;B738;N3749D;DAL;DAL;LAX;KLAX;MSY;KMSY;
3dfc4469;AA2581;AAL2581;3.289.967;-9.704.765;180;0;3;0;0;2026-01-20T15:09:59Z;ADSB;AD3FD9;B738;N953AN;AAL;AAL;DFW;KDFW;MKE;KMKE;
3dfc35bc;AA1766;AAL1766;3.290.113;-9.703.753;90;0;1;0;3065;2026-01-20T15:09:58Z;ADSB;AD1986;B738;N943NN;AAL;AAL;DFW;KDFW;JFK;KJFK;
3dfc3057;AA2097;AAL2097;2.573.007;-8.093.027;253;24375;425;2560;6073;2026-01-20T15:09:59Z;ADSB;A99D89;B77W;N719AN;AAL;AAL;MIA;KMIA;DFW;KDFW;2026-01-20T17:42:24Z
3dfbe93a;UA1256;UAL1256;3.880.948;-9.391.149;277;38000;378;0;7125;2026-01-20T15:09:58Z;ADSB;A288FF;B738;N26210;UAL;UAL;CLT;KCLT;DEN;KDEN;2026-01-20T16:36:16Z
3dfb3347;UA838;UAL838;4.645.897;-13.870.769;121;39000;495;0;6266;2026-01-20T15:09:55Z;ESTIMATED;AA92FF;B772;N78008;UAL;UAL;NRT;RJAA;SFO;KSFO;2026-01-20T17:10:24Z
3dfb37ee;DL188;DAL188;5.466.632;-1.644.142;80;38000;486;0;7454;2026-01-20T15:09:58Z;ADSB;A69822;A359;N524DN;DAL;DAL;ICN;RKSI;ATL;KATL;2026-01-20T22:13:20Z
3dfbf396;UA1116;UAL1116;4.387.302;-10.675.938;252;38000;392;64;3657;2026-01-20T15:09:59Z;ADSB;A28947;B738;N26232;UAL;UAL;MSP;KMSP;SFO;KSFO;2026-01-20T17:16:48Z
3dfbfc5c;DL8800;DAL8800;3.441.486;-8.751.036;145;39000;491;0;2603;2026-01-20T15:09:59Z;ADSB;ACB878;B739;N919DU;DAL;DAL;MSP;KMSP;MIA;KMIA;2026-01-20T16:36:39Z
3dfbf6a2;UA1898;UAL1898;3.579.136;-8.813.332;240;38000;336;0;1331;2026-01-20T15:09:58Z;ADSB;A35843;B739;N31412;UAL;UAL;BWI;KBWI;IAH;KIAH;2026-01-20T16:29:52Z
3dfbeb3c;DL1368;DAL1368;3.449.037;-8.289.053;213;37975;299;-64;7177;2026-01-20T15:09:59Z;ADSB;A3D4C6;A319;N346NB;DAL;DAL;JFK;KJFK;MSY;KMSY;2026-01-20T16:19:12Z
3dfc2d74;AA249;AAL249;4.048.811;-8.894.987;221;33400;399;1536;6277;2026-01-20T15:09:58Z;ADSB;A3CDE4;B38M;N344TS;AAL;AAL;ORD;KORD;MEX;MMMX;2026-01-20T18:35:44Z
3dfb54ee;BA117;BAW17R;4.680.748;-6.819.328;226;38000;406;0;751;2026-01-20T15:09:58Z;ADSB;400685;B772;G-VIIM;BAW;BAW;LHR;EGLL;JFK;KJFK;2026-01-20T16:29:52Z
3dfb79f6;BA195;BAW26E;5.468.647;-6.450.521;149;38000;457;0;767;2026-01-20T15:09:55Z;ESTIMATED;40749B;B789;G-ZBKR;BAW;BAW;LHR;EGLL;IAH;KIAH;2026-01-20T19:56:48Z
3dfc602a;DL2582;DAL2582;3.419.667;-1.183.502;182;0;1;0;0;2026-01-20T15:14:54Z;ADSB;A0757F;BCS1;N129DU;DAL;DAL;BUR;KBUR;SLC;KSLC;
3dfc2269;UA1886;UAL1886;3.360.741;-8.612.177;80;38950;586;0;4026;2026-01-20T15:14:57Z;ADSB;A05A25;B752;N12125;UAL;UAL;IAH;KIAH;EWR;KEWR;2026-01-20T16:57:36Z
3dfbebeb;DL8851;DAL8851;3.634.845;-9.515.118;284;40000;364;0;7120;2026-01-20T15:14:58Z;ADSB;A8DEF1;B752;N6706Q;DAL;DAL;ATL;KATL;DEN;KDEN;2026-01-20T16:35:43Z
3dfc6248;UA1384;UAL1384;3.765.128;-9.742.946;331;0;0;0;0;2026-01-20T15:14:58Z;ADSB;AC4107;A319;N889UA;UAL;UAL;ICT;KICT;DEN;KDEN;
3dfc46ab;DL853;DAL853;6.124.864;-1.500.945;317;1950;237;2176;7270;2026-01-20T15:14:58Z;ADSB;A44502;B738;N3740C;DAL;DAL;ANC;PANC;SEA;KSEA;
3dfbb575;AA1349;AAL1349;3.457.219;-9.115.799;240;40000;338;0;3031;2026-01-20T15:14:58Z;ADSB;ADC65E;B738;N987NN;AAL;AAL;JFK;KJFK;AUS;KAUS;2026-01-20T16:23:28Z
3dfbcb4e;DL2301;DAL2301;3.681.001;-8.947.913;145;37000;477;0;2637;2026-01-20T15:14:57Z;ADSB;A7824E;B753;N583NW;DAL;DAL;MSP;KMSP;TPA;KTPA;2026-01-20T16:44:48Z
3dfc1f4a;UA1666;UAL1666;3.947.141;-9.278.998;263;38000;369;0;4054;2026-01-20T15:14:57Z;ADSB;A3C775;B738;N34222;UAL;UAL;CVG;KCVG;DEN;KDEN;2026-01-20T16:44:48Z
3dfc18c5;AA3052;AAL3052;3.885.272;-7.703.928;174;0;12;0;555;2026-01-20T15:14:58Z;ADSB;AB4EA8;A319;N828AW;AAL;AAL;DCA;KDCA;FLL;KFLL;
3dfc25be;AA2896;AAL2896;3.893.065;-7.535.529;205;38000;355;0;1164;2026-01-20T15:14:58Z;ADSB;A35388;B38M;N313SB;AAL;AAL;LGA;KLGA;FLL;KFLL;2026-01-20T17:18:56Z
3dfb5cc2;KL689;KLM689;5.113.636;-7.659.872;226;38000;461;0;0;2026-01-20T15:14:59Z;ESTIMATED;485785;B789;PH-BHN;KLM;KLM;AMS;EHAM;CUN;MMUN;2026-01-20T19:41:52Z
3dfb5ea7;UA905;UAL905;5.016.142;-6.690.659;219;38000;399;0;711;2026-01-20T15:14:58Z;ADSB;A9178D;B763;N685UA;UAL;UAL;LHR;EGLL;EWR;KEWR;2026-01-20T17:04:00Z
3dfb5a0f;KL661;KLM661;5.198.552;-7.508.828;229;36000;455;0;0;2026-01-20T15:14:59Z;ESTIMATED;4851B0;B789;PH-BHE;KLM;KLM;AMS;EHAM;IAH;KIAH;2026-01-20T18:59:12Z
3dfb6bff;AF636;AFR636P;5.813.475;-7.039.428;232;38000;464;0;756;2026-01-20T15:14:54Z;ADSB;39D2A6;A359;F-HUVG;AFR;AFR;CDG;LFPG;IAH;KIAH;2026-01-20T19:52:32Z
3dfc5bb8;AA882;AAL882;3.343.215;-11.201.045;270;0;12;0;0;2026-01-20T15:14:59Z;ADSB;AB5FDD;A319;N832AW;AAL;AAL;PHX;KPHX;RNO;KRNO;
3dfc13ad;UA654;UAL654;3.221.471;-10.849.918;101;39000;488;0;1021;2026-01-20T15:14:58Z;ADSB;A0A8DF;B752;N14107;UAL;UAL;LAX;KLAX;IAH;KIAH;2026-01-20T16:55:28Z
3dfc4a66;UA595;UAL595;3.234.723;-9.826.007;350;36000;436;-64;2752;2026-01-20T15:14:57Z;ADSB;A465DF;B738;N38257;UAL;UAL;AUS;KAUS;DEN;KDEN;2026-01-20T16:46:56Z
3dfc50ea;UA357;UAL357;3.288.321;-970.509;357;0;63;0;6217;2026-01-20T15:14:58Z;ADSB;A43EA3;B738;N37274;UAL;UAL;DFW;KDFW;DEN;KDEN;
3dfbc8a3;UA4200;UAL4200;2.129.262;-7.904.327;4;40000;500;0;1454;2026-01-20T15:14:58Z;ADSB;A8EC57;B763;N674UA;UAL;UAL;MDE;SKRG;EWR;KEWR;2026-01-20T17:49:34Z
3dfc31b9;DL2947;DAL2947;4.312.958;-12.173.663;171;38000;475;512;3535;2026-01-20T15:14:57Z;ADSB;A39E6B;A319;N332NB;;;PDX;KPDX;LAX;KLAX;2026-01-20T16:42:40Z
3dfb1d91;DL166;DAL166;5.352.935;-13.457.896;119;39000;536;0;7243;2026-01-20T15:14:58Z;ADSB;A65BB7;A359;N509DN;DAL;DAL;HND;RJTT;SEA;KSEA;2026-01-20T16:29:52Z
3dfb459f;DL57;DAL57;6.247.469;-9.357.457;225;38000;487;0;1742;2026-01-20T15:14:58Z;ADSB;AB00D6;A333;N808NW;DAL;DAL;AMS;EHAM;SLC;KSLC;2026-01-20T18:48:32Z
3dfc099d;AA2523;AAL2523;3.795.557;-782.085;216;38000;334;0;1573;2026-01-20T15:14:59Z;ADSB;A3B88E;B738;N339PL;AAL;AAL;PHL;KPHL;TPA;KTPA;2026-01-20T16:57:36Z
3dfb55ab;DL33;DAL33;4.861.464;-6.896.308;223;38000;410;0;706;2026-01-20T15:14:59Z;ADSB;A50E93;A339;N425DX;DAL;DAL;LHR;EGLL;ATL;KATL;2026-01-20T18:10:08Z
3dfb6bb5;AF158;AFR158K;5.917.186;-6.755.539;233;36000;460;0;2403;2026-01-20T15:14:55Z;ADSB;3949F4;B772;F-GSPU;AFR;AFR;CDG;LFPG;DFW;KDFW;2026-01-20T19:41:52Z
3dfbe9c7;AA3193;AAL3193;3.343.437;-8.924.431;309;38000;336;0;2031;2026-01-20T15:14:57Z;ADSB;AC7A33;A319;N9029F;AAL;AAL;MIA;KMIA;EGE;KEGE;2026-01-20T17:40:16Z
3dfbe8e0;DL1794;DAL1794;2.524.704;-8.110.641;6;38400;470;896;4614;2026-01-20T15:14:59Z;ADSB;A93D9F;B752;N695DL;DAL;DAL;SJO;MROC;ATL;KATL;2026-01-20T16:36:16Z
3dfc61e8;UA2609;UAL2609;3.539.562;-9.759.902;180;0;0;0;0;2026-01-20T15:14:57Z;ADSB;A43EA2;B738;N37273;UAL;UAL;OKC;KOKC;DEN;KDEN;
3dfc6077;UA1119;UAL1119;3.985.476;-10.468.062;180;0;2;0;3536;2026-01-20T15:14:59Z;ADSB;A1CDD8;B772;N215UA;UAL;UAL;DEN;KDEN;CUN;MMUN;
3dfc1880;AA1293;AAL1293;3.917.147;-8.719.867;164;37000;478;0;1373;2026-01-20T15:14:59Z;ADSB;A3C291;B38M;N341RW;AAL;AAL;ORD;KORD;MCO;KMCO;2026-01-20T17:01:52Z
3dfc075e;AA2731;AAL2731;372.708;-8.480.767;248;37975;373;0;1120;2026-01-20T15:14:58Z;ADSB;AAE958;B788;N802AN;AAL;AAL;PHL;KPHL;DFW;KDFW;2026-01-20T16:57:36Z
3dfc0e0a;AA1283;AAL1283;3.440.657;-8.256.909;133;39025;523;64;4074;2026-01-20T15:14:58Z;ADSB;A4008E;B38M;N357TY;AAL;AAL;IND;KIND;MIA;KMIA;2026-01-20T16:36:16Z
3dfc471c;AA1616;AAL1616;3.540.703;-8.117.202;300;10375;259;1152;5751;2026-01-20T15:14:58Z;ADSB;AD8895;B738;N971NN;AAL;AAL;CLT;KCLT;MCI;KMCI;2026-01-20T17:16:48Z
3dfbf6a5;AA3317;AAL3317;3.440.511;-7.789.671;227;38000;320;0;2750;2026-01-20T15:14:57Z;ADSB;ACF849;B738;N935AN;AAL;AAL;LGA;KLGA;PBI;KPBI;2026-01-20T16:23:28Z
3dfc29a2;UA3895;UAL3895;4.090.126;-7.788.139;280;36325;357;2112;7155;2026-01-20T15:14:59Z;ADSB;A8E24D;B752;N67134;UAL;UAL;EWR;KEWR;AMA;KAMA;2026-01-20T17:57:20Z
3dfb80ef;LH456;DLH456;7.394.254;-803.649;240;33000;524;0;2060;2026-01-20T15:14:59Z;ESTIMATED;3C4B2D;B748;D-ABYM;DLH;DLH;FRA;EDDF;LAX;KLAX;2026-01-20T20:54:24Z
3dfbfb71;DL1930;DAL1930;3.269.378;-6.859.673;168;39000;420;0;3060;2026-01-20T15:14:58Z;ADSB;A8DE10;B752;N6700;;;JFK;KJFK;STT;TIST;2026-01-20T17:21:04Z
3dfb5e2d;KL623;KLM623;5.051.472;-6.642.985;220;34000;443;-64;754;2026-01-20T15:14:59Z;ADSB;485E2E;B78X;PH-BKH;KLM;KLM;AMS;EHAM;ATL;KATL;2026-01-20T18:29:20Z
3dfa9c2b;DL42;DAL42;2.621.188;-13.075.177;54;41000;530;0;2000;2026-01-20T15:14:59Z;ESTIMATED;A6A347;A359;N527DN;DAL;DAL;SYD;YSSY;LAX;KLAX;2026-01-20T17:01:52Z
3dfc21cf;DL830;DAL830;3.347.791;-8.939.223;269;40000;356;0;2001;2026-01-20T15:14:58Z;ADSB;ABD018;A332;N860NW;DAL;DAL;ATL;KATL;SLC;KSLC;2026-01-20T18:12:16Z
3dfb2fe8;DL120;DAL120;5.768.408;-1.403.215;105;41000;542;0;7425;2026-01-20T15:14:58Z;ADSB;A68946;A359;N520DN;DAL;DAL;HND;RJTT;MSP;KMSP;2026-01-20T18:59:12Z
3dfb1035;DL274;DAL274;5.570.169;-1.256.811;99;39025;533;-64;6264;2026-01-20T15:14:58Z;ADSB;A65800;A359;N508DN;DAL;DAL;HND;RJTT;DTW;KDTW;2026-01-20T18:48:32Z
3dfbb609;DL966;DAL966;4.744.098;-11.130.242;276;40000;402;64;4021;2026-01-20T15:14:57Z;ADSB;A4A0CD;B738;N398DA;DAL;DAL;CVG;KCVG;SEA;KSEA;2026-01-20T16:29:52Z
3dfbfe28;UA3929;UAL3929;4.011.928;-1.052.092;87;40975;498;-64;3220;2026-01-20T15:14:57Z;ADSB;A2E045;B739;N28478;UAL;UAL;SFO;KSFO;IAD;KIAD;2026-01-20T17:55:12Z
3dfb9bef;UA2115;UAL2115;4.084.191;-10.668.598;252;36025;418;-64;7172;2026-01-20T15:14:57Z;ADSB;A16E7D;B752;N19117;UAL;UAL;EWR;KEWR;SFO;KSFO;2026-01-20T17:12:32Z
3dfb5b3f;KL605;KLM373;645.802;-10.521.412;213;38000;536;-64;1307;2026-01-20T15:14:59Z;ADSB;486071;B78X;PH-BKL;KLM;KLM;AMS;EHAM;SFO;KSFO;2026-01-20T19:01:20Z
3dfb6660;AF338;AFR338;6.923.965;-9.478.194;230;40000;531;64;3322;2026-01-20T15:14:59Z;ADSB;39D2B3;A359;F-HUVT;AFR;AFR;CDG;LFPG;SEA;KSEA;2026-01-20T18:40:00Z
3dfc2a84;AA1172;AAL1172;4.105.888;-8.749.493;168;22600;439;1856;1377;2026-01-20T15:14:59Z;ADSB;AAEF89;A319;N8031M;AAL;AAL;ORD;KORD;STT;TIST;2026-01-20T19:18:24Z
3dfbef7c;UA297;UAL297;4.463.242;-8.872.646;292;38000;384;0;3054;2026-01-20T15:14:59Z;ADSB;A2B10C;B38M;N27252;UAL;UAL;EWR;KEWR;BZN;KBZN;2026-01-20T17:46:40Z
3dfc08be;DL713;DAL713;4.008.559;-8.448.938;267;38000;372;0;7106;2026-01-20T15:14:59Z;ADSB;ABCA08;A332;N859NW;DAL;DAL;JFK;KJFK;LAX;KLAX;2026-01-20T19:24:48Z
3df77bd0;DL274;DAL274;4.221.032;-8.335.699;118;0;0;0;6527;2026-01-20T15:14:55Z;ADSB;A661C7;A359;N510DN;DAL;DAL;HND;RJTT;DTW;KDTW;2026-01-19T18:59:44Z
3dfc5de4;AA142;AAL142;4.064.794;-7.379.506;241;0;0;0;2610;2026-01-20T15:14:53Z;ADSB;AACAA5;B772;N795AN;AAL;AAL;JFK;KJFK;LHR;EGLL;
3dfc1af7;AA1688;AAL1688;4.185.873;-7.280.103;225;35350;321;192;3461;2026-01-20T15:14:58Z;ADSB;ADECA5;A321;N997AA;AAL;AAL;BOS;KBOS;CLT;KCLT;2026-01-20T16:49:04Z
3dfb6eb6;BA175;BAW7NY;50.554;-6.333.611;220;38000;402;0;763;2026-01-20T15:14:59Z;ADSB;4005C1;B772;G-RAES;BAW;BAW;LHR;EGLL;JFK;KJFK;2026-01-20T17:14:40Z
3dfc5ca0;DL1112;DAL1112;3.394.663;-11.840.483;98;0;0;0;6736;2026-01-20T15:14:58Z;ADSB;A4463E;B738;N3749D;DAL;DAL;LAX;KLAX;MSY;KMSY;
3dfc4469;AA2581;AAL2581;3.289.038;-9.704.891;180;0;14;0;3044;2026-01-20T15:14:59Z;ADSB;AD3FD9;B738;N953AN;AAL;AAL;DFW;KDFW;MKE;KMKE;
3dfc35bc;AA1766;AAL1766;3.289.975;-9.703.314;180;0;9;0;3065;2026-01-20T15:14:59Z;ADSB;AD1986;B738;N943NN;AAL;AAL;DFW;KDFW;JFK;KJFK;
3dfc3057;AA2097;AAL2097;2.579.631;-8.158.722;297;35375;464;3072;6073;2026-01-20T15:14:57Z;ADSB;A99D89;B77W;N719AN;AAL;AAL;MIA;KMIA;DFW;KDFW;2026-01-20T17:40:16Z
3dfbfc5c;DL8800;DAL8800;3.384.934;-8.704.565;145;39000;497;0;2603;2026-01-20T15:14:59Z;ADSB;ACB878;B739;N919DU;DAL;DAL;MSP;KMSP;MIA;KMIA;2026-01-20T16:36:28Z
3dfbe93a;UA1256;UAL1256;3.887.416;-9.457.574;276;38000;378;0;7125;2026-01-20T15:14:58Z;ADSB;A288FF;B738;N26210;UAL;UAL;CLT;KCLT;DEN;KDEN;2026-01-20T16:36:16Z
3dfb3347;UA838;UAL838;4.610.097;-13.784.337;121;39000;495;0;6266;2026-01-20T15:14:59Z;ESTIMATED;AA92FF;B772;N78008;UAL;UAL;NRT;RJAA;SFO;KSFO;2026-01-20T17:10:24Z
3dfb37ee;DL188;DAL188;5.476.881;-16.327.025;81;38000;483;0;7454;2026-01-20T15:14:59Z;ADSB;A69822;A359;N524DN;DAL;DAL;ICN;RKSI;ATL;KATL;2026-01-20T22:13:20Z
3dfbf396;UA1116;UAL1116;4.371.268;-10.745.631;252;38000;388;-64;3657;2026-01-20T15:14:58Z;ADSB;A28947;B738;N26232;UAL;UAL;MSP;KMSP;SFO;KSFO;2026-01-20T17:18:56Z
3dfbf6a2;UA1898;UAL1898;3.555.954;-886.326;240;38000;335;0;1331;2026-01-20T15:14:59Z;ADSB;A35843;B739;N31412;UAL;UAL;BWI;KBWI;IAH;KIAH;2026-01-20T16:32:00Z
3dfbeb3c;DL1368;DAL1368;3.420.177;-8.322.401;233;38025;279;-64;7177;2026-01-20T15:14:58Z;ADSB;A3D4C6;A319;N346NB;DAL;DAL;JFK;KJFK;MSY;KMSY;2026-01-20T16:21:20Z
3dfc2d74;AA249;AAL249;4.006.071;-8.943.645;220;37350;411;512;6277;2026-01-20T15:14:59Z;ADSB;A3CDE4;B38M;N344TS;AAL;AAL;ORD;KORD;MEX;MMMX;2026-01-20T18:33:36Z
3dfb54ee;BA117;BAW17R;4.641.875;-6.878.554;226;37975;402;0;751;2026-01-20T15:14:59Z;ADSB;400685;B772;G-VIIM;BAW;BAW;LHR;EGLL;JFK;KJFK;2026-01-20T16:29:52Z
3dfb79f6;BA195;BAW26E;5.424.199;-6.471.215;237;38000;457;0;767;2026-01-20T15:14:59Z;ESTIMATED;40749B;B789;G-ZBKR;BAW;BAW;LHR;EGLL;IAH;KIAH;2026-01-20T19:56:48Z
3dfc2269;UA1886;UAL1886;3.373.352;-8.515.845;81;38950;587;0;4026;2026-01-20T15:19:57Z;ADSB;A05A25;B752;N12125;UAL;UAL;IAH;KIAH;EWR;KEWR;2026-01-20T16:57:36Z
3dfc602a;DL2582;DAL2582;3.419.715;-11.834.993;272;0;1;0;0;2026-01-20T15:19:57Z;ADSB;A0757F;BCS1;N129DU;DAL;DAL;BUR;KBUR;SLC;KSLC;
3dfbebeb;DL8851;DAL8851;3.647.227;-9.575.598;284;40000;362;0;7120;2026-01-20T15:19:58Z;ADSB;A8DEF1;B752;N6706Q;DAL;DAL;ATL;KATL;DEN;KDEN;2026-01-20T16:36:01Z
3dfc6248;UA1384;UAL1384;3.765.009;-9.743.275;270;0;11;0;2526;2026-01-20T15:19:56Z;ADSB;AC4107;A319;N889UA;UAL;UAL;ICT;KICT;DEN;KDEN;
3dfc46ab;DL853;DAL853;6.136.037;-14.969.279;94;14425;342;3904;7270;2026-01-20T15:19:58Z;ADSB;A44502;B738;N3740C;DAL;DAL;ANC;PANC;SEA;KSEA;2026-01-20T18:25:10Z
3dfbb575;AA1349;AAL1349;3.434.129;-9.164.363;240;40000;336;0;3031;2026-01-20T15:19:57Z;ADSB;ADC65E;B738;N987NN;AAL;AAL;JFK;KJFK;AUS;KAUS;2026-01-20T16:21:20Z
3dfbcb4e;DL2301;DAL2301;3.625.342;-8.900.356;145;37000;491;0;2637;2026-01-20T15:19:59Z;ADSB;A7824E;B753;N583NW;DAL;DAL;MSP;KMSP;TPA;KTPA;2026-01-20T16:44:48Z
3dfc1f4a;UA1666;UAL1666;3.941.196;-9.344.952;262;38000;375;0;4054;2026-01-20T15:19:57Z;ADSB;A3C775;B738;N34222;UAL;UAL;CVG;KCVG;DEN;KDEN;2026-01-20T16:44:48Z
3dfb8063;BA53;BAW5EA;7.097.168;-8.736.169;242;40000;524;0;0;2026-01-20T15:19:57Z;ADSB;400774;B772;G-VIIW;BAW;BAW;LHR;EGLL;SEA;KSEA;2026-01-20T19:18:24Z
3dfc25be;AA2896;AAL2896;3.844.526;-7.551.947;185;38000;379;0;1164;2026-01-20T15:19:57Z;ADSB;A35388;B38M;N313SB;AAL;AAL;LGA;KLGA;FLL;KFLL;2026-01-20T17:25:20Z
3dfb5ea7;UA905;UAL905;4.974.023;-6.745.486;219;38000;402;0;711;2026-01-20T15:19:57Z;ADSB;A9178D;B763;N685UA;UAL;UAL;LHR;EGLL;EWR;KEWR;2026-01-20T17:06:08Z
3dfb5cc2;KL689;KLM689;5.067.113;-7.736.224;225;40000;457;-64;747;2026-01-20T15:19:57Z;ADSB;485785;B789;PH-BHN;KLM;KLM;AMS;EHAM;CUN;MMUN;2026-01-20T19:31:12Z
3dfb5a0f;KL661;KLM661;5.154.697;-7.589.845;228;35975;461;0;0;2026-01-20T15:19:57Z;ADSB;4851B0;B789;PH-BHE;KLM;KLM;AMS;EHAM;IAH;KIAH;2026-01-20T18:59:12Z
3dfb6bff;AF636;AFR636P;5.773.824;-7.134.876;231;38000;468;0;756;2026-01-20T15:19:54Z;ADSB;39D2A6;A359;F-HUVG;AFR;AFR;CDG;LFPG;IAH;KIAH;2026-01-20T19:44:00Z
3dfab1a1;UA830;UAL830;3.113.943;-12.821.129;35;39000;534;0;2000;2026-01-20T15:19:54Z;ESTIMATED;A1FCC5;B772;N227UA;UAL;UAL;SYD;YSSY;SFO;KSFO;2026-01-20T16:23:28Z
3dfc5bb8;AA882;AAL882;3.343.103;-11.200.199;89;1225;149;2560;1523;2026-01-20T15:19:56Z;ADSB;AB5FDD;A319;N832AW;AAL;AAL;PHX;KPHX;RNO;KRNO;
3dfc13ad;UA654;UAL654;3.207.971;-10.772.172;101;39000;488;0;1021;2026-01-20T15:19:58Z;ADSB;A0A8DF;B752;N14107;UAL;UAL;LAX;KLAX;IAH;KIAH;2026-01-20T16:53:20Z
3dfc4a66;UA595;UAL595;3.294.046;-983.792;350;36000;426;-64;2752;2026-01-20T15:19:58Z;ADSB;A465DF;B738;N38257;UAL;UAL;AUS;KAUS;DEN;KDEN;2026-01-20T16:46:56Z
3dfc50ea;UA357;UAL357;3.320.837;-9.712.469;336;12100;342;3200;6217;2026-01-20T15:19:57Z;ADSB;A43EA3;B738;N37274;UAL;UAL;DFW;KDFW;DEN;KDEN;2026-01-20T16:51:12Z
3dfbc8a3;UA4200;UAL4200;219.841;-7.898.087;4;40000;499;0;1454;2026-01-20T15:19:57Z;ADSB;A8EC57;B763;N674UA;UAL;UAL;MDE;SKRG;EWR;KEWR;2026-01-20T17:49:23Z
3dfc31b9;DL2947;DAL2947;4.247.654;-12.160.307;171;39050;478;0;3535;2026-01-20T15:19:58Z;ADSB;A39E6B;A319;N332NB;;;PDX;KPDX;LAX;KLAX;2026-01-20T16:44:48Z
3dfb1d91;DL166;DAL166;53.16;-1.335.179;120;39000;527;0;7243;2026-01-20T15:19:58Z;ADSB;A65BB7;A359;N509DN;DAL;DAL;HND;RJTT;SEA;KSEA;2026-01-20T16:27:44Z
3dfb554c;KL601;KLM601;6.023.957;-10.122.391;204;35975;523;64;3351;2026-01-20T15:19:58Z;ADSB;485F84;B78X;PH-BKQ;KLM;KLM;AMS;EHAM;LAX;KLAX;2026-01-20T19:05:36Z
3dfb459f;DL57;DAL57;6.199.384;-9.458.875;224;38000;488;-64;1742;2026-01-20T15:19:58Z;ADSB;AB00D6;A333;N808NW;DAL;DAL;AMS;EHAM;SLC;KSLC;2026-01-20T18:48:32Z
3dfc099d;AA2523;AAL2523;3.758.814;-7.855.756;217;38000;330;0;1573;2026-01-20T15:19:59Z;ADSB;A3B88E;B738;N339PL;AAL;AAL;PHL;KPHL;TPA;KTPA;2026-01-20T16:53:20Z
3dfc6318;AA2111;AAL2111;4.081.511;-741.649;232;14575;296;640;1666;2026-01-20T15:19:57Z;MLAT;AB7270;A319;N837AW;AAL;AAL;LGA;KLGA;CLT;KCLT;2026-01-20T16:44:48Z
3dfb55ab;DL33;DAL33;4.819.986;-6.953.984;222;38000;406;0;706;2026-01-20T15:19:58Z;ADSB;A50E93;A339;N425DX;DAL;DAL;LHR;EGLL;ATL;KATL;2026-01-20T18:12:16Z
3dfb6bb5;AF158;AFR158K;5.879.475;-6.854.299;233;36000;458;0;2403;2026-01-20T15:19:54Z;ADSB;3949F4;B772;F-GSPU;AFR;AFR;CDG;LFPG;DFW;KDFW;2026-01-20T19:39:44Z
3dfbe9c7;AA3193;AAL3193;3.373.105;-8.968.179;308;38000;335;0;2031;2026-01-20T15:19:59Z;ADSB;AC7A33;A319;N9029F;AAL;AAL;MIA;KMIA;EGE;KEGE;2026-01-20T17:40:16Z
3dfbe8e0;DL1794;DAL1794;2.588.704;-8.102.951;6;39000;453;0;4614;2026-01-20T15:19:57Z;ADSB;A93D9F;B752;N695DL;DAL;DAL;SJO;MROC;ATL;KATL;2026-01-20T16:38:24Z
3dfc0e0a;AA1283;AAL1283;3.396.584;-8.184.237;149;39000;490;0;4074;2026-01-20T15:19:58Z;ADSB;A4008E;B38M;N357TY;AAL;AAL;IND;KIND;MIA;KMIA;2026-01-20T16:34:08Z
3dfc61e8;UA2609;UAL2609;3.539.635;-9.759.902;182;0;0;0;634;2026-01-20T15:19:47Z;ADSB;A43EA2;B738;N37273;UAL;UAL;OKC;KOKC;DEN;KDEN;
3dfc6077;UA1119;UAL1119;3.985.538;-10.468.059;180;0;0;0;3536;2026-01-20T15:19:56Z;ADSB;A1CDD8;B772;N215UA;UAL;UAL;DEN;KDEN;CUN;MMUN;
3dfc075e;AA2731;AAL2731;3.708.243;-8.540.906;248;38000;373;0;1120;2026-01-20T15:19:58Z;ADSB;AAE958;B788;N802AN;AAL;AAL;PHL;KPHL;DFW;KDFW;2026-01-20T16:57:36Z
3dfc1880;AA1293;AAL1293;3.853.505;-8.697.004;164;37000;479;64;1373;2026-01-20T15:19:57Z;ADSB;A3C291;B38M;N341RW;AAL;AAL;ORD;KORD;MCO;KMCO;2026-01-20T16:59:44Z
3dfc471c;AA1616;AAL1616;3.565.091;-8.166.325;301;21500;366;1728;5751;2026-01-20T15:19:58Z;ADSB;AD8895;B738;N971NN;AAL;AAL;CLT;KCLT;MCI;KMCI;2026-01-20T17:16:48Z
3dfc29a2;UA3895;UAL3895;4.096.955;-7.849.282;276;40000;343;0;7155;2026-01-20T15:19:58Z;ADSB;A8E24D;B752;N67134;UAL;UAL;EWR;KEWR;AMA;KAMA;2026-01-20T17:59:28Z
3dfb80ef;LH456;DLH456;7.357.598;-8.255.273;238;33000;524;0;2060;2026-01-20T15:19:54Z;ESTIMATED;3C4B2D;B748;D-ABYM;DLH;DLH;FRA;EDDF;LAX;KLAX;2026-01-20T20:54:24Z
3dfbf6a5;AA3317;AAL3317;3.409.721;-7.829.502;226;38000;331;0;2750;2026-01-20T15:19:57Z;ADSB;ACF849;B738;N935AN;AAL;AAL;LGA;KLGA;PBI;KPBI;2026-01-20T16:25:36Z
3dfbfb71;DL1930;DAL1930;321.226;-6.845.543;168;39000;424;0;3060;2026-01-20T15:19:58Z;ADSB;A8DE10;B752;N6700;;;JFK;KJFK;STT;TIST;2026-01-20T17:21:04Z
3dfb5e2d;KL623;KLM623;5.005.344;-6.704.414;220;33975;437;-64;754;2026-01-20T15:19:58Z;ADSB;485E2E;B78X;PH-BKH;KLM;KLM;AMS;EHAM;ATL;KATL;2026-01-20T18:31:28Z
3dfc21cf;DL830;DAL830;3.346.935;-899.816;268;40000;356;0;2001;2026-01-20T15:19:58Z;ADSB;ABD018;A332;N860NW;DAL;DAL;ATL;KATL;SLC;KSLC;2026-01-20T18:14:24Z
3dfb2fe8;DL120;DAL120;5.747.461;-13.898.383;106;41000;542;0;7425;2026-01-20T15:19:57Z;ADSB;A68946;A359;N520DN;DAL;DAL;HND;RJTT;MSP;KMSP;2026-01-20T18:57:04Z
3dfb1035;DL274;DAL274;5.556.825;-12.439.761;100;39000;534;0;6264;2026-01-20T15:19:58Z;ADSB;A65800;A359;N508DN;DAL;DAL;HND;RJTT;DTW;KDTW;2026-01-20T18:48:32Z
3dfbb609;DL966;DAL966;4.746.187;-11.211.456;271;40000;402;0;4021;2026-01-20T15:19:57Z;ADSB;A4A0CD;B738;N398DA;DAL;DAL;CVG;KCVG;SEA;KSEA;2026-01-20T16:32:00Z
3dfb9bef;UA2115;UAL2115;4.066.906;-10.741.358;252;36000;419;0;7172;2026-01-20T15:19:57Z;ADSB;A16E7D;B752;N19117;UAL;UAL;EWR;KEWR;SFO;KSFO;2026-01-20T17:10:24Z
3dfbfe28;UA3929;UAL3929;4.014.595;-10.430.932;86;41000;496;-128;3220;2026-01-20T15:19:57Z;ADSB;A2E045;B739;N28478;UAL;UAL;SFO;KSFO;IAD;KIAD;2026-01-20T17:57:20Z
3dfb5b3f;KL605;KLM373;6.396.501;-1.061.405;212;38000;529;0;1307;2026-01-20T15:19:58Z;ADSB;486071;B78X;PH-BKL;KLM;KLM;AMS;EHAM;SFO;KSFO;2026-01-20T19:01:20Z
3dfb6660;AF338;AFR338;6.876.498;-9.633.794;228;40000;528;0;3322;2026-01-20T15:19:58Z;ADSB;39D2B3;A359;F-HUVT;AFR;AFR;CDG;LFPG;SEA;KSEA;2026-01-20T18:40:00Z
3dfc2a84;AA1172;AAL1172;4.042.607;-8.732.129;162;29800;492;1792;1377;2026-01-20T15:19:57Z;ADSB;AAEF89;A319;N8031M;AAL;AAL;ORD;KORD;STT;TIST;2026-01-20T19:18:24Z
3dfbef7c;UA297;UAL297;4.483.379;-8.941.628;292;38000;383;0;3054;2026-01-20T15:19:58Z;ADSB;A2B10C;B38M;N27252;UAL;UAL;EWR;KEWR;BZN;KBZN;2026-01-20T17:48:48Z
3dfc08be;DL713;DAL713;4.006.686;-8.516.174;267;38000;380;0;7106;2026-01-20T15:19:58Z;ADSB;ABCA08;A332;N859NW;DAL;DAL;JFK;KJFK;LAX;KLAX;2026-01-20T19:24:48Z
3df77bd0;DL274;DAL274;4.221.032;-8.335.699;118;0;0;0;6527;2026-01-20T15:19:57Z;ADSB;A661C7;A359;N510DN;DAL;DAL;HND;RJTT;DTW;KDTW;2026-01-19T18:59:44Z
3dfc5de4;AA142;AAL142;4.063.409;-7.378.241;120;0;18;0;2610;2026-01-20T15:19:59Z;ADSB;AACAA5;B772;N795AN;AAL;AAL;JFK;KJFK;LHR;EGLL;
3dfc1af7;AA1688;AAL1688;4.153.656;-7.323.798;225;38000;334;0;3461;2026-01-20T15:19:59Z;ADSB;ADECA5;A321;N997AA;AAL;AAL;BOS;KBOS;CLT;KCLT;2026-01-20T16:49:04Z
3dfb6eb6;BA175;BAW7NY;5.013.509;-6.389.893;220;38000;403;0;763;2026-01-20T15:19:57Z;ADSB;4005C1;B772;G-RAES;BAW;BAW;LHR;EGLL;JFK;KJFK;2026-01-20T17:14:40Z
3dfc5ca0;DL1112;DAL1112;3.394.662;-11.840.482;98;0;0;0;6736;2026-01-20T15:19:58Z;ADSB;A4463E;B738;N3749D;DAL;DAL;LAX;KLAX;MSY;KMSY;
3dfc35bc;AA1766;AAL1766;3.288.103;-970.329;180;0;0;0;3065;2026-01-20T15:19:58Z;ADSB;AD1986;B738;N943NN;AAL;AAL;DFW;KDFW;JFK;KJFK;
3dfc4469;AA2581;AAL2581;3.288.288;-9.703.289;180;0;11;0;3044;2026-01-20T15:19:58Z;ADSB;AD3FD9;B738;N953AN;AAL;AAL;DFW;KDFW;MKE;KMKE;
3dfc3057;AA2097;AAL2097;2.608.005;-8.219.474;295;38000;440;0;6073;2026-01-20T15:19:57Z;ADSB;A99D89;B77W;N719AN;AAL;AAL;MIA;KMIA;DFW;KDFW;2026-01-20T17:40:16Z
3dfbfc5c;DL8800;DAL8800;3.325.648;-8.666.829;155;39000;485;0;2603;2026-01-20T15:19:57Z;ADSB;ACB878;B739;N919DU;DAL;DAL;MSP;KMSP;MIA;KMIA;2026-01-20T16:39:05Z
3dfbeb3c;DL1368;DAL1368;3.396.912;-8.359.102;232;38025;281;0;7177;2026-01-20T15:19:57Z;ADSB;A3D4C6;A319;N346NB;DAL;DAL;JFK;KJFK;MSY;KMSY;2026-01-20T16:23:28Z
3dfbe93a;UA1256;UAL1256;38.936;-9.525.051;276;38000;382;-64;7125;2026-01-20T15:19:58Z;ADSB;A288FF;B738;N26210;UAL;UAL;CLT;KCLT;DEN;KDEN;2026-01-20T16:36:16Z
3dfb3347;UA838;UAL838;4.575.307;-13.700.883;121;39000;495;0;6266;2026-01-20T15:19:54Z;ESTIMATED;AA92FF;B772;N78008;UAL;UAL;NRT;RJAA;SFO;KSFO;2026-01-20T17:10:24Z
3dfb37ee;DL188;DAL188;548.556;-16.220.413;82;38000;483;0;7454;2026-01-20T15:19:54Z;ESTIMATED;A69822;A359;N524DN;DAL;DAL;ICN;RKSI;ATL;KATL;2026-01-20T22:17:36Z
3dfbf396;UA1116;UAL1116;4.354.794;-10.815.438;252;38000;374;64;3657;2026-01-20T15:19:58Z;ADSB;A28947;B738;N26232;UAL;UAL;MSP;KMSP;SFO;KSFO;2026-01-20T17:18:56Z
3dfbf6a2;UA1898;UAL1898;3.532.766;-8.912.454;239;38000;335;0;1331;2026-01-20T15:19:58Z;ADSB;A35843;B739;N31412;UAL;UAL;BWI;KBWI;IAH;KIAH;2026-01-20T16:32:00Z
3dfc2d74;AA249;AAL249;3.963.295;-8.991.486;220;38000;402;-64;6277;2026-01-20T15:19:57Z;ADSB;A3CDE4;B38M;N344TS;AAL;AAL;ORD;KORD;MEX;MMMX;2026-01-20T18:35:44Z
3dfb54ee;BA117;BAW17R;4.602.983;-6.936.486;225;38000;400;0;751;2026-01-20T15:19:59Z;ADSB;400685;B772;G-VIIM;BAW;BAW;LHR;EGLL;JFK;KJFK;2026-01-20T16:29:52Z
3dfb79f6;BA195;BAW26E;5.390.409;-6.560.402;236;38000;457;0;767;2026-01-20T15:19:54Z;ESTIMATED;40749B;B789;G-ZBKR;BAW;BAW;LHR;EGLL;IAH;KIAH;2026-01-20T19:56:48Z
3dfb76b5;AF84;AFR84T;6.848.064;-759.989;253;34000;480;0;0;2026-01-20T15:19:54Z;ESTIMATED;3965A0;B77W;F-GZNA;AFR;AFR;CDG;LFPG;SFO;KSFO;2026-01-20T20:45:52Z
3dfbb575;AA1349;AAL1349;3.415.118;-9.215.848;247;40000;337;0;3031;2026-01-20T15:24:58Z;ADSB;ADC65E;B738;N987NN;AAL;AAL;JFK;KJFK;AUS;KAUS;2026-01-20T16:23:28Z
3dfc2269;UA1886;UAL1886;3.385.364;-8.418.016;81;38950;588;0;4026;2026-01-20T15:25:00Z;ADSB;A05A25;B752;N12125;UAL;UAL;IAH;KIAH;EWR;KEWR;2026-01-20T16:55:28Z
3dfc602a;DL2582;DAL2582;3.419.916;-11.835.549;337;0;6;0;2062;2026-01-20T15:24:59Z;ADSB;A0757F;BCS1;N129DU;DAL;DAL;BUR;KBUR;SLC;KSLC;
3dfbebeb;DL8851;DAL8851;3.659.317;-9.636.343;283;40000;366;0;7120;2026-01-20T15:24:59Z;ADSB;A8DEF1;B752;N6706Q;DAL;DAL;ATL;KATL;DEN;KDEN;2026-01-20T16:36:50Z
3dfc6248;UA1384;UAL1384;3.766.047;-9.743.288;19;0;4;0;2526;2026-01-20T15:24:59Z;ADSB;AC4107;A319;N889UA;UAL;UAL;ICT;KICT;DEN;KDEN;
3dfc1f4a;UA1666;UAL1666;393.474;-9.412.621;262;38000;374;0;4054;2026-01-20T15:24:59Z;ADSB;A3C775;B738;N34222;UAL;UAL;CVG;KCVG;DEN;KDEN;2026-01-20T16:46:56Z
3dfc46ab;DL853;DAL853;6.128.518;-14.848.286;104;23925;464;1600;7270;2026-01-20T15:24:59Z;ADSB;A44502;B738;N3740C;DAL;DAL;ANC;PANC;SEA;KSEA;2026-01-20T18:16:32Z
3dfbcb4e;DL2301;DAL2301;3.569.165;-8.854.308;149;39000;481;0;2637;2026-01-20T15:24:59Z;ADSB;A7824E;B753;N583NW;DAL;DAL;MSP;KMSP;TPA;KTPA;2026-01-20T16:44:48Z
3dfb8063;BA53;BAW5EA;7.062.859;-8.931.351;240;40000;524;-64;2163;2026-01-20T15:25:00Z;ADSB;400774;B772;G-VIIW;BAW;BAW;LHR;EGLL;SEA;KSEA;2026-01-20T19:14:08Z
3dfc25be;AA2896;AAL2896;3.798.043;-7.569.878;198;38000;343;0;1164;2026-01-20T15:24:58Z;ADSB;A35388;B38M;N313SB;AAL;AAL;LGA;KLGA;FLL;KFLL;2026-01-20T17:21:04Z
3dfc18c5;AA3052;AAL3052;388.438;-770.398;171;0;13;0;555;2026-01-20T15:24:59Z;ADSB;AB4EA8;A319;N828AW;AAL;AAL;DCA;KDCA;FLL;KFLL;
3dfb5ea7;UA905;UAL905;4.931.023;-6.800.154;219;38000;397;-64;711;2026-01-20T15:24:59Z;ADSB;A9178D;B763;N685UA;UAL;UAL;LHR;EGLL;EWR;KEWR;2026-01-20T17:06:08Z
3dfb5cc2;KL689;KLM689;5.021.947;-7.808.121;225;39975;465;64;747;2026-01-20T15:24:59Z;ADSB;485785;B789;PH-BHN;KLM;KLM;AMS;EHAM;CUN;MMUN;2026-01-20T19:29:04Z
3dfb5a0f;KL661;KLM661;5.109.663;-7.666.527;226;36000;462;0;0;2026-01-20T15:24:58Z;ADSB;4851B0;B789;PH-BHE;KLM;KLM;AMS;EHAM;IAH;KIAH;2026-01-20T18:59:12Z
3dfb6bff;AF636;AFR636P;573.295;-7.229.433;230;38000;464;0;756;2026-01-20T15:24:58Z;ADSB;39D2A6;A359;F-HUVG;AFR;AFR;CDG;LFPG;IAH;KIAH;2026-01-20T19:44:00Z
3dfab1a1;UA830;UAL830;317.483;-1.277.104;35;39000;534;0;2000;2026-01-20T15:24:55Z;ESTIMATED;A1FCC5;B772;N227UA;UAL;UAL;SYD;YSSY;SFO;KSFO;2026-01-20T16:23:28Z
3dfc13ad;UA654;UAL654;3.193.835;-10.693.806;102;39000;493;0;1021;2026-01-20T15:24:58Z;ADSB;A0A8DF;B752;N14107;UAL;UAL;LAX;KLAX;IAH;KIAH;2026-01-20T16:53:20Z
3dfc5bb8;AA882;AAL882;3.365.675;-11.196.004;319;14900;344;3200;1523;2026-01-20T15:25:00Z;ADSB;AB5FDD;A319;N832AW;AAL;AAL;PHX;KPHX;RNO;KRNO;2026-01-20T16:49:04Z
3dfc4a66;UA595;UAL595;3.346.976;-9.860.555;332;36000;403;0;2752;2026-01-20T15:24:58Z;ADSB;A465DF;B738;N38257;UAL;UAL;AUS;KAUS;DEN;KDEN;2026-01-20T16:49:04Z
3dfc50ea;UA357;UAL357;337.149;-9.722.162;5;23500;413;2368;6217;2026-01-20T15:24:58Z;ADSB;A43EA3;B738;N37274;UAL;UAL;DFW;KDFW;DEN;KDEN;2026-01-20T16:57:36Z
3dfc3751;AA3139;AAL3139;3.301.727;-9.686.987;125;9350;302;1216;3074;2026-01-20T15:24:58Z;ADSB;A0480B;A320;N117UW;AAL;AAL;DFW;KDFW;PNS;KPNS;
3dfbc8a3;UA4200;UAL4200;2.268.109;-7.891.759;4;40000;501;0;1454;2026-01-20T15:24:58Z;ADSB;A8EC57;B763;N674UA;UAL;UAL;MDE;SKRG;EWR;KEWR;2026-01-20T17:49:04Z
3dfc31b9;DL2947;DAL2947;4.182.834;-12.147.308;171;38950;470;0;3535;2026-01-20T15:24:59Z;ADSB;A39E6B;A319;N332NB;;;PDX;KPDX;LAX;KLAX;2026-01-20T16:44:48Z
3dfb1d91;DL166;DAL166;5.278.018;-13.247.182;121;39000;533;0;7243;2026-01-20T15:24:59Z;ADSB;A65BB7;A359;N509DN;DAL;DAL;HND;RJTT;SEA;KSEA;2026-01-20T16:29:52Z
3dfb554c;KL601;KLM601;5.957.799;-10.182.523;204;36000;528;0;3351;2026-01-20T15:24:58Z;ADSB;485F84;B78X;PH-BKQ;KLM;KLM;AMS;EHAM;LAX;KLAX;2026-01-20T19:05:36Z
3dfb459f;DL57;DAL57;6.150.352;-9.557.595;223;37975;487;0;1742;2026-01-20T15:25:00Z;ADSB;AB00D6;A333;N808NW;DAL;DAL;AMS;EHAM;SLC;KSLC;2026-01-20T18:48:32Z
3dfc099d;AA2523;AAL2523;3.722.028;-789.025;216;38000;326;0;1573;2026-01-20T15:24:58Z;ADSB;A3B88E;B738;N339PL;AAL;AAL;PHL;KPHL;TPA;KTPA;2026-01-20T16:55:28Z
3dfc6318;AA2111;AAL2111;4.063.023;-7.462.147;231;21125;312;2496;1666;2026-01-20T15:24:58Z;MLAT;AB7270;A319;N837AW;AAL;AAL;LGA;KLGA;CLT;KCLT;2026-01-20T16:44:48Z
3dfb55ab;DL33;DAL33;4.778.833;-7.009.902;222;38000;400;64;706;2026-01-20T15:24:59Z;ADSB;A50E93;A339;N425DX;DAL;DAL;LHR;EGLL;ATL;KATL;2026-01-20T18:16:32Z
3dfb6bb5;AF158;AFR158K;5.840.369;-6.952.529;232;36000;458;0;2403;2026-01-20T15:24:58Z;ADSB;3949F4;B772;F-GSPU;AFR;AFR;CDG;LFPG;DFW;KDFW;2026-01-20T19:41:52Z
3dfbe9c7;AA3193;AAL3193;3.402.141;-9.011.423;308;38000;330;0;2031;2026-01-20T15:24:59Z;ADSB;AC7A33;A319;N9029F;AAL;AAL;MIA;KMIA;EGE;KEGE;2026-01-20T17:44:32Z
3dfbe8e0;DL1794;DAL1794;2.652.551;-8.095.191;6;39000;465;0;4614;2026-01-20T15:24:58Z;ADSB;A93D9F;B752;N695DL;DAL;DAL;SJO;MROC;ATL;KATL;2026-01-20T16:38:24Z
3dfc0e0a;AA1283;AAL1283;333.834;-8.147.697;152;38000;471;0;4074;2026-01-20T15:24:58Z;ADSB;A4008E;B38M;N357TY;AAL;AAL;IND;KIND;MIA;KMIA;2026-01-20T16:36:16Z
3dfc61e8;UA2609;UAL2609;3.540.558;-97.604;357;0;0;0;634;2026-01-20T15:24:53Z;ADSB;A43EA2;B738;N37273;UAL;UAL;OKC;KOKC;DEN;KDEN;
3dfc6077;UA1119;UAL1119;3.985.822;-10.466.233;2;0;15;0;3536;2026-01-20T15:25:00Z;ADSB;A1CDD8;B772;N215UA;UAL;UAL;DEN;KDEN;CUN;MMUN;
3dfc075e;AA2731;AAL2731;3.689.027;-8.600.964;248;38000;372;0;1120;2026-01-20T15:24:59Z;ADSB;AAE958;B788;N802AN;AAL;AAL;PHL;KPHL;DFW;KDFW;2026-01-20T17:01:52Z
3dfc1880;AA1293;AAL1293;3.790.055;-8.674.661;164;37000;468;0;1373;2026-01-20T15:24:59Z;ADSB;A3C291;B38M;N341RW;AAL;AAL;ORD;KORD;MCO;KMCO;2026-01-20T16:59:44Z
3dfc471c;AA1616;AAL1616;3.591.161;-8.219.252;301;31400;358;1600;5751;2026-01-20T15:24:58Z;ADSB;AD8895;B738;N971NN;AAL;AAL;CLT;KCLT;MCI;KMCI;2026-01-20T17:14:40Z
3dfb71d2;LH454;DLH454;713.745;-921.907;226;36000;529;0;1710;2026-01-20T15:24:59Z;ADSB;3C4B2A;B748;D-ABYJ;DLH;DLH;FRA;EDDF;SFO;KSFO;2026-01-20T20:16:00Z
3dfc29a2;UA3895;UAL3895;4.102.029;-7.913.746;275;40000;357;0;7155;2026-01-20T15:25:00Z;ADSB;A8E24D;B752;N67134;UAL;UAL;EWR;KEWR;AMA;KAMA;2026-01-20T17:57:20Z
3dfbf6a5;AA3317;AAL3317;3.378.172;-7.869.882;226;38000;332;0;2750;2026-01-20T15:24:58Z;ADSB;ACF849;B738;N935AN;AAL;AAL;LGA;KLGA;PBI;KPBI;2026-01-20T16:27:44Z
3dfbfb71;DL1930;DAL1930;3.153.877;-6.831.277;168;39000;427;0;3060;2026-01-20T15:24:59Z;ADSB;A8DE10;B752;N6700;;;JFK;KJFK;STT;TIST;2026-01-20T17:23:12Z
3dfb5e2d;KL623;KLM623;4.958.833;-6.764.742;219;33975;436;-64;754;2026-01-20T15:24:58Z;ADSB;485E2E;B78X;PH-BKH;KLM;KLM;AMS;EHAM;ATL;KATL;2026-01-20T18:31:28Z
3dfa9c2b;DL42;DAL42;270.447;-12.942.517;55;41000;526;0;2000;2026-01-20T15:24:55Z;ESTIMATED;A6A347;A359;N527DN;DAL;DAL;SYD;YSSY;LAX;KLAX;2026-01-20T17:01:52Z
3dfc21cf;DL830;DAL830;3.347.208;-9.057.578;271;40000;355;0;2001;2026-01-20T15:25:00Z;ADSB;ABD018;A332;N860NW;DAL;DAL;ATL;KATL;SLC;KSLC;2026-01-20T18:14:24Z
3dfb1035;DL274;DAL274;554.203;-12.311.425;101;39000;539;0;6264;2026-01-20T15:24:58Z;ADSB;A65800;A359;N508DN;DAL;DAL;HND;RJTT;DTW;KDTW;2026-01-20T18:46:24Z
3dfb2fe8;DL120;DAL120;5.724.792;-13.764.384;107;41000;547;0;7425;2026-01-20T15:25:00Z;ADSB;A68946;A359;N520DN;DAL;DAL;HND;RJTT;MSP;KMSP;2026-01-20T18:57:04Z
3dfbb609;DL966;DAL966;4.747.055;-11.294.247;270;40000;406;0;4021;2026-01-20T15:24:58Z;ADSB;A4A0CD;B738;N398DA;DAL;DAL;CVG;KCVG;SEA;KSEA;2026-01-20T16:32:00Z
3dfb9bef;UA2115;UAL2115;4.049.374;-10.812.862;252;36000;401;0;7172;2026-01-20T15:24:58Z;ADSB;A16E7D;B752;N19117;UAL;UAL;EWR;KEWR;SFO;KSFO;2026-01-20T17:14:40Z
3dfbfe28;UA3929;UAL3929;4.017.677;-10.339.583;87;41000;510;0;3220;2026-01-20T15:24:59Z;ADSB;A2E045;B739;N28478;UAL;UAL;SFO;KSFO;IAD;KIAD;2026-01-20T17:55:12Z
3dfb5b3f;KL605;KLM373;6.334.982;-10.701.903;212;38000;528;0;1307;2026-01-20T15:24:58Z;ADSB;486071;B78X;PH-BKL;KLM;KLM;AMS;EHAM;SFO;KSFO;2026-01-20T19:03:28Z
3dfb6660;AF338;AFR338;6.827.719;-9.782.658;227;40000;530;0;3322;2026-01-20T15:24:58Z;ADSB;39D2B3;A359;F-HUVT;AFR;AFR;CDG;LFPG;SEA;KSEA;2026-01-20T18:35:44Z
3dfc2a84;AA1172;AAL1172;3.985.762;-8.682.931;133;37000;511;-64;1377;2026-01-20T15:24:59Z;ADSB;AAEF89;A319;N8031M;AAL;AAL;ORD;KORD;STT;TIST;2026-01-20T19:16:16Z
3dfbef7c;UA297;UAL297;4.503.026;-9.011.395;290;38000;383;0;3054;2026-01-20T15:25:00Z;ADSB;A2B10C;B38M;N27252;UAL;UAL;EWR;KEWR;BZN;KBZN;2026-01-20T17:48:48Z
3dfc08be;DL713;DAL713;4.004.367;-8.584.785;267;38000;381;0;7106;2026-01-20T15:24:58Z;ADSB;ABCA08;A332;N859NW;DAL;DAL;JFK;KJFK;LAX;KLAX;2026-01-20T19:31:12Z
3df77bd0;DL274;DAL274;4.221.032;-8.335.699;118;0;0;0;6527;2026-01-20T15:25:00Z;ADSB;A661C7;A359;N510DN;DAL;DAL;HND;RJTT;DTW;KDTW;2026-01-19T18:59:44Z
3dfc5de4;AA142;AAL142;4.064.479;-738.363;266;1550;159;1536;2610;2026-01-20T15:24:58Z;ADSB;AACAA5;B772;N795AN;AAL;AAL;JFK;KJFK;LHR;EGLL;
3dfc1af7;AA1688;AAL1688;4.120.902;-7.370.347;231;38000;347;0;3461;2026-01-20T15:24:59Z;ADSB;ADECA5;A321;N997AA;AAL;AAL;BOS;KBOS;CLT;KCLT;2026-01-20T16:49:04Z
3dfb6eb6;BA175;BAW7NY;4.970.462;-6.446.365;219;38000;404;0;763;2026-01-20T15:24:59Z;ADSB;4005C1;B772;G-RAES;BAW;BAW;LHR;EGLL;JFK;KJFK;2026-01-20T17:14:40Z
3dfc4469;AA2581;AAL2581;3.288.002;-9.703.284;163;0;0;0;3044;2026-01-20T15:24:59Z;ADSB;AD3FD9;B738;N953AN;AAL;AAL;DFW;KDFW;MKE;KMKE;
3dfc35bc;AA1766;AAL1766;328.798;-9.703.216;90;0;0;0;3065;2026-01-20T15:24:58Z;ADSB;AD1986;B738;N943NN;AAL;AAL;DFW;KDFW;JFK;KJFK;
3dfc3057;AA2097;AAL2097;2.634.114;-8.280.659;295;38000;434;0;6073;2026-01-20T15:24:58Z;ADSB;A99D89;B77W;N719AN;AAL;AAL;MIA;KMIA;DFW;KDFW;2026-01-20T17:40:16Z
3dfbfc5c;DL8800;DAL8800;3.264.136;-8.632.877;155;39000;482;0;2603;2026-01-20T15:25:00Z;ADSB;ACB878;B739;N919DU;DAL;DAL;MSP;KMSP;MIA;KMIA;2026-01-20T16:38:56Z
3dfbeb3c;DL1368;DAL1368;3.370.419;-8.394.779;219;38000;295;-64;7177;2026-01-20T15:24:59Z;ADSB;A3D4C6;A319;N346NB;DAL;DAL;JFK;KJFK;MSY;KMSY;2026-01-20T16:25:36Z
3dfbe93a;UA1256;UAL1256;3.899.397;-9.592.493;276;38000;380;0;7125;2026-01-20T15:24:59Z;ADSB;A288FF;B738;N26210;UAL;UAL;CLT;KCLT;DEN;KDEN;2026-01-20T16:36:16Z
3dfb3347;UA838;UAL838;4.531.245;-13.620.212;123;39000;506;0;6266;2026-01-20T15:24:55Z;ESTIMATED;AA92FF;B772;N78008;UAL;UAL;NRT;RJAA;SFO;KSFO;2026-01-20T17:10:24Z
3dfb37ee;DL188;DAL188;5.498.042;-16.105.246;78;38000;483;0;7454;2026-01-20T15:24:55Z;ESTIMATED;A69822;A359;N524DN;DAL;DAL;ICN;RKSI;ATL;KATL;2026-01-20T22:17:36Z
3dfbf396;UA1116;UAL1116;4.338.343;-10.882.932;251;37975;374;-64;3657;2026-01-20T15:24:58Z;ADSB;A28947;B738;N26232;UAL;UAL;MSP;KMSP;SFO;KSFO;2026-01-20T17:14:40Z
3dfbf6a2;UA1898;UAL1898;350.853;-8.961.492;234;38000;337;0;1331;2026-01-20T15:24:59Z;ADSB;A35843;B739;N31412;UAL;UAL;BWI;KBWI;IAH;KIAH;2026-01-20T16:32:00Z
3dfc2d74;AA249;AAL249;3.920.518;-9.038.556;220;38000;401;0;6277;2026-01-20T15:24:59Z;ADSB;A3CDE4;B38M;N344TS;AAL;AAL;ORD;KORD;MEX;MMMX;2026-01-20T18:35:44Z
3dfb54ee;BA117;BAW17R;4.563.963;-6.993.394;225;38000;398;64;751;2026-01-20T15:25:00Z;ADSB;400685;B772;G-VIIM;BAW;BAW;LHR;EGLL;JFK;KJFK;2026-01-20T16:29:52Z
3dfb79f6;BA195;BAW26E;5.380.984;-673.962;152;38000;450;0;767;2026-01-20T15:24:55Z;ESTIMATED;40749B;B789;G-ZBKR;BAW;BAW;LHR;EGLL;IAH;KIAH;2026-01-20T19:56:48Z
3dfb76b5;AF84;AFR84T;6.828.705;-7.772.916;252;34000;480;0;0;2026-01-20T15:24:55Z;ESTIMATED;3965A0;B77W;F-GZNA;AFR;AFR;CDG;LFPG;SFO;KSFO;2026-01-20T20:45:52Z
3dfbb575;AA1349;AAL1349;3.397.023;-9.267.612;247;40000;336;0;3031;2026-01-20T15:29:57Z;ADSB;ADC65E;B738;N987NN;AAL;AAL;JFK;KJFK;AUS;KAUS;2026-01-20T16:25:36Z
3dfc602a;DL2582;DAL2582;3.418.969;-11.835.519;181;1650;138;3264;2062;2026-01-20T15:29:58Z;ADSB;A0757F;BCS1;N129DU;DAL;DAL;BUR;KBUR;SLC;KSLC;
3dfbebeb;DL8851;DAL8851;367.126;-9.698.119;283;40000;373;0;7120;2026-01-20T15:29:58Z;ADSB;A8DEF1;B752;N6706Q;DAL;DAL;ATL;KATL;DEN;KDEN;2026-01-20T16:38:32Z
3dfc6248;UA1384;UAL1384;3.758.684;-9.757.677;287;7650;255;4032;2526;2026-01-20T15:29:59Z;ADSB;AC4107;A319;N889UA;UAL;UAL;ICT;KICT;DEN;KDEN;2026-01-20T16:40:32Z
3dfc1f4a;UA1666;UAL1666;3.928.033;-9.478.294;261;38000;374;0;4054;2026-01-20T15:29:57Z;ADSB;A3C775;B738;N34222;UAL;UAL;CVG;KCVG;DEN;KDEN;2026-01-20T16:46:56Z
3dfc46ab;DL853;DAL853;6.111.769;-14.717.224;104;31700;481;1280;7270;2026-01-20T15:29:58Z;ADSB;A44502;B738;N3740C;DAL;DAL;ANC;PANC;SEA;KSEA;2026-01-20T18:12:16Z
3dfbcb4e;DL2301;DAL2301;3.512.241;-8.813.255;149;39000;469;0;2637;2026-01-20T15:29:59Z;ADSB;A7824E;B753;N583NW;DAL;DAL;MSP;KMSP;TPA;KTPA;2026-01-20T16:44:48Z
3dfc2269;UA1886;UAL1886;3.418.849;-833.419;53;38950;567;0;4026;2026-01-20T15:29:59Z;ADSB;A05A25;B752;N12125;UAL;UAL;IAH;KIAH;EWR;KEWR;2026-01-20T16:57:36Z
3dfb8063;BA53;BAW5EA;7.023.683;-9.109.012;233;40000;522;0;2163;2026-01-20T15:29:57Z;ADSB;400774;B772;G-VIIW;BAW;BAW;LHR;EGLL;SEA;KSEA;2026-01-20T19:14:08Z
3dfc25be;AA2896;AAL2896;3.752.669;-7.588.584;198;38000;345;0;1164;2026-01-20T15:29:57Z;ADSB;A35388;B38M;N313SB;AAL;AAL;LGA;KLGA;FLL;KFLL;2026-01-20T17:21:04Z
3dfb5cc2;KL689;KLM689;4.976.729;-7.878.079;224;39975;461;0;747;2026-01-20T15:29:57Z;ADSB;485785;B789;PH-BHN;KLM;KLM;AMS;EHAM;CUN;MMUN;2026-01-20T19:31:12Z
3dfb5ea7;UA905;UAL905;4.890.503;-6.856.343;224;38000;394;64;711;2026-01-20T15:29:58Z;ADSB;A9178D;B763;N685UA;UAL;UAL;LHR;EGLL;EWR;KEWR;2026-01-20T17:04:00Z
3dfb5a0f;KL661;KLM661;5.064.908;-7.739.781;225;35975;468;0;750;2026-01-20T15:29:58Z;ADSB;4851B0;B789;PH-BHE;KLM;KLM;AMS;EHAM;IAH;KIAH;2026-01-20T18:52:48Z
3dfb6bff;AF636;AFR636P;5.693.947;-7.316.222;230;38000;472;0;756;2026-01-20T15:29:54Z;ESTIMATED;39D2A6;A359;F-HUVG;AFR;AFR;CDG;LFPG;IAH;KIAH;2026-01-20T19:44:00Z
3dfc13ad;UA654;UAL654;3.179.984;-10.614.677;97;39000;501;0;1021;2026-01-20T15:29:58Z;ADSB;A0A8DF;B752;N14107;UAL;UAL;LAX;KLAX;IAH;KIAH;2026-01-20T16:53:20Z
3dfc5bb8;AA882;AAL882;3.404.696;-11.235.345;320;26325;394;1664;1523;2026-01-20T15:29:57Z;ADSB;AB5FDD;A319;N832AW;AAL;AAL;PHX;KPHX;RNO;KRNO;2026-01-20T16:49:04Z
3dfc3751;AA3139;AAL3139;3.269.875;-9.632.071;106;19175;465;1728;3074;2026-01-20T15:29:58Z;ADSB;A0480B;A320;N117UW;AAL;AAL;DFW;KDFW;PNS;KPNS;2026-01-20T16:40:32Z
3dfc4a66;UA595;UAL595;3.396.628;-9.892.101;331;38000;402;-64;2752;2026-01-20T15:29:58Z;ADSB;A465DF;B738;N38257;UAL;UAL;AUS;KAUS;DEN;KDEN;2026-01-20T16:49:04Z
3dfc50ea;UA357;UAL357;3.427.821;-9.726.667;309;31950;381;1728;6217;2026-01-20T15:29:58Z;ADSB;A43EA3;B738;N37274;UAL;UAL;DFW;KDFW;DEN;KDEN;2026-01-20T16:57:36Z
3dfc31b9;DL2947;DAL2947;4.118.211;-12.134.637;171;39025;475;-64;3535;2026-01-20T15:29:58Z;ADSB;A39E6B;A319;N332NB;;;PDX;KPDX;LAX;KLAX;2026-01-20T16:42:40Z
3dfb1d91;DL166;DAL166;5.239.301;-13.144.875;122;39000;534;0;7243;2026-01-20T15:29:57Z;ADSB;A65BB7;A359;N509DN;DAL;DAL;HND;RJTT;SEA;KSEA;2026-01-20T16:27:44Z
3dfb554c;KL601;KLM601;5.890.865;-10.240.759;203;36000;527;0;3351;2026-01-20T15:29:57Z;ADSB;485F84;B78X;PH-BKQ;KLM;KLM;AMS;EHAM;LAX;KLAX;2026-01-20T19:05:36Z
3dfb459f;DL57;DAL57;6.101.253;-9.652.029;222;38000;493;64;1742;2026-01-20T15:29:57Z;ADSB;AB00D6;A333;N808NW;DAL;DAL;AMS;EHAM;SLC;KSLC;2026-01-20T18:48:32Z
3dfbc8a3;UA4200;UAL4200;2.337.541;-7.885.371;4;40000;498;64;1454;2026-01-20T15:29:58Z;ADSB;A8EC57;B763;N674UA;UAL;UAL;MDE;SKRG;EWR;KEWR;2026-01-20T17:49:18Z
3dfc099d;AA2523;AAL2523;3.685.643;-7.923.971;216;38000;331;0;1573;2026-01-20T15:29:58Z;ADSB;A3B88E;B738;N339PL;AAL;AAL;PHL;KPHL;TPA;KTPA;2026-01-20T16:55:28Z
3dfc6318;AA2111;AAL2111;4.037.573;-7.503.359;227;30350;290;1856;1666;2026-01-20T15:29:58Z;MLAT;AB7270;A319;N837AW;AAL;AAL;LGA;KLGA;CLT;KCLT;2026-01-20T16:42:40Z
3dfb55ab;DL33;DAL33;4.738.747;-7.065.074;225;37975;399;64;706;2026-01-20T15:29:58Z;ADSB;A50E93;A339;N425DX;DAL;DAL;LHR;EGLL;ATL;KATL;2026-01-20T18:12:16Z
3dfb6bb5;AF158;AFR158K;580.145;-7.046.374;231;36000;458;0;2403;2026-01-20T15:29:57Z;ADSB;3949F4;B772;F-GSPU;AFR;AFR;CDG;LFPG;DFW;KDFW;2026-01-20T19:41:52Z
3dfbe8e0;DL1794;DAL1794;2.716.654;-8.088.473;356;39000;456;0;4614;2026-01-20T15:29:58Z;ADSB;A93D9F;B752;N695DL;DAL;DAL;SJO;MROC;ATL;KATL;2026-01-20T16:38:24Z
3dfc0e0a;AA1283;AAL1283;3.280.797;-8.129.284;168;38000;414;0;4074;2026-01-20T15:29:57Z;ADSB;A4008E;B38M;N357TY;AAL;AAL;IND;KIND;MIA;KMIA;2026-01-20T16:40:32Z
3dfc61e8;UA2609;UAL2609;3.537.286;-9.760.558;181;1700;157;2688;634;2026-01-20T15:29:57Z;ADSB;A43EA2;B738;N37273;UAL;UAL;OKC;KOKC;DEN;KDEN;
3dfc6077;UA1119;UAL1119;398.654;-1.046.491;151;0;13;0;3536;2026-01-20T15:29:59Z;ADSB;A1CDD8;B772;N215UA;UAL;UAL;DEN;KDEN;CUN;MMUN;
3dfbe9c7;AA3193;AAL3193;3.431.216;-9.054.234;309;37950;336;64;2031;2026-01-20T15:29:57Z;ADSB;AC7A33;A319;N9029F;AAL;AAL;MIA;KMIA;EGE;KEGE;2026-01-20T17:42:24Z
3dfc075e;AA2731;AAL2731;366.953;-8.660.643;247;38000;373;-64;1120;2026-01-20T15:29:58Z;ADSB;AAE958;B788;N802AN;AAL;AAL;PHL;KPHL;DFW;KDFW;2026-01-20T16:59:44Z
3dfc1880;AA1293;AAL1293;3.727.863;-8.653.072;164;37000;463;-64;1373;2026-01-20T15:29:57Z;ADSB;A3C291;B38M;N341RW;AAL;AAL;ORD;KORD;MCO;KMCO;2026-01-20T16:59:44Z
3dfc471c;AA1616;AAL1616;361.507;-826.851;300;37200;346;768;5751;2026-01-20T15:29:59Z;ADSB;AD8895;B738;N971NN;AAL;AAL;CLT;KCLT;MCI;KMCI;2026-01-20T17:14:40Z
3dfb71d2;LH454;DLH454;7.087.148;-9.379.736;225;36000;526;0;1710;2026-01-20T15:29:57Z;ADSB;3C4B2A;B748;D-ABYJ;DLH;DLH;FRA;EDDF;SFO;KSFO;2026-01-20T20:13:52Z
3dfc29a2;UA3895;UAL3895;4.106.759;-7.978.977;275;40000;363;0;7155;2026-01-20T15:29:58Z;ADSB;A8E24D;B752;N67134;UAL;UAL;EWR;KEWR;AMA;KAMA;2026-01-20T17:59:28Z
3dfbfb71;DL1930;DAL1930;3.095.533;-6.817.209;168;39000;439;0;3060;2026-01-20T15:29:58Z;ADSB;A8DE10;B752;N6700;;;JFK;KJFK;STT;TIST;2026-01-20T17:18:56Z
3dfbf6a5;AA3317;AAL3317;3.346.193;-7.910.324;226;38000;338;0;2750;2026-01-20T15:29:57Z;ADSB;ACF849;B738;N935AN;AAL;AAL;LGA;KLGA;PBI;KPBI;2026-01-20T16:29:52Z
3dfb5e2d;KL623;KLM623;4.912.877;-6.824.252;232;34000;432;-64;754;2026-01-20T15:29:58Z;ADSB;485E2E;B78X;PH-BKH;KLM;KLM;AMS;EHAM;ATL;KATL;2026-01-20T18:33:36Z
3dfa9c2b;DL42;DAL42;2.745.762;-12.875.255;55;41000;526;0;2000;2026-01-20T15:29:54Z;ESTIMATED;A6A347;A359;N527DN;DAL;DAL;SYD;YSSY;LAX;KLAX;2026-01-20T17:01:52Z
3dfc21cf;DL830;DAL830;3.348.601;-9.115.961;271;40000;357;0;2001;2026-01-20T15:29:57Z;ADSB;ABD018;A332;N860NW;DAL;DAL;ATL;KATL;SLC;KSLC;2026-01-20T18:12:16Z
3dfb2fe8;DL120;DAL120;5.701.089;-13.634.076;109;41000;543;0;7425;2026-01-20T15:29:57Z;ADSB;A68946;A359;N520DN;DAL;DAL;HND;RJTT;MSP;KMSP;2026-01-20T18:59:12Z
3dfbb609;DL966;DAL966;4.747.302;-11.376.521;270;40000;404;0;4021;2026-01-20T15:29:57Z;ADSB;A4A0CD;B738;N398DA;DAL;DAL;CVG;KCVG;SEA;KSEA;2026-01-20T16:29:52Z
3dfb1035;DL274;DAL274;5.525.743;-12.182.917;102;39000;539;0;1337;2026-01-20T15:29:59Z;ADSB;A65800;A359;N508DN;DAL;DAL;HND;RJTT;DTW;KDTW;2026-01-20T18:44:16Z
3dfb9bef;UA2115;UAL2115;4.032.057;-10.881.471;251;36000;401;0;7172;2026-01-20T15:29:59Z;ADSB;A16E7D;B752;N19117;UAL;UAL;EWR;KEWR;SFO;KSFO;2026-01-20T17:14:40Z
3dfbfe28;UA3929;UAL3929;4.019.995;-1.024.653;88;41000;516;64;3220;2026-01-20T15:29:58Z;ADSB;A2E045;B739;N28478;UAL;UAL;SFO;KSFO;IAD;KIAD;2026-01-20T17:53:04Z
3dfb5b3f;KL605;KLM373;6.272.466;-10.786.662;211;38000;531;64;1307;2026-01-20T15:29:57Z;ADSB;486071;B78X;PH-BKL;KLM;KLM;AMS;EHAM;SFO;KSFO;2026-01-20T19:01:20Z
3dfb6660;AF338;AFR338;6.777.187;-9.926.514;226;40000;537;-64;3322;2026-01-20T15:29:59Z;ADSB;39D2B3;A359;F-HUVT;AFR;AFR;CDG;LFPG;SEA;KSEA;2026-01-20T18:35:44Z
3dfc2a84;AA1172;AAL1172;3.931.783;-8.629.315;148;36975;488;0;1377;2026-01-20T15:29:57Z;ADSB;AAEF89;A319;N8031M;AAL;AAL;ORD;KORD;STT;TIST;2026-01-20T19:16:16Z
3dfc08be;DL713;DAL713;4.001.633;-8.653.833;266;38000;384;0;7106;2026-01-20T15:29:57Z;ADSB;ABCA08;A332;N859NW;DAL;DAL;JFK;KJFK;LAX;KLAX;2026-01-20T19:29:04Z
3dfbef7c;UA297;UAL297;4.521.281;-9.081.482;289;38000;387;0;3054;2026-01-20T15:29:57Z;ADSB;A2B10C;B38M;N27252;UAL;UAL;EWR;KEWR;BZN;KBZN;2026-01-20T17:48:48Z
3df77bd0;DL274;DAL274;4.221.032;-83.357;118;0;0;0;6527;2026-01-20T15:29:51Z;ADSB;A661C7;A359;N510DN;DAL;DAL;HND;RJTT;DTW;KDTW;2026-01-19T18:59:44Z
3dfc5de4;AA142;AAL142;4.072.879;-7.359.541;31;11425;349;1088;2610;2026-01-20T15:29:58Z;ADSB;AACAA5;B772;N795AN;AAL;AAL;JFK;KJFK;LHR;EGLL;2026-01-20T21:41:20Z
3dfc1af7;AA1688;AAL1688;4.090.857;-7.420.484;231;38000;351;0;3461;2026-01-20T15:29:58Z;ADSB;ADECA5;A321;N997AA;AAL;AAL;BOS;KBOS;CLT;KCLT;2026-01-20T16:49:04Z
3dfb6eb6;BA175;BAW7NY;4.927.263;-6.501.688;219;38000;405;0;763;2026-01-20T15:29:59Z;ADSB;4005C1;B772;G-RAES;BAW;BAW;LHR;EGLL;JFK;KJFK;2026-01-20T17:14:40Z
3dfc5ca0;DL1112;DAL1112;3.394.908;-11.840.172;84;0;11;0;6736;2026-01-20T15:29:58Z;ADSB;A4463E;B738;N3749D;DAL;DAL;LAX;KLAX;MSY;KMSY;
3dfc4469;AA2581;AAL2581;3.287.981;-9.703.139;90;0;2;0;3044;2026-01-20T15:29:58Z;ADSB;AD3FD9;B738;N953AN;AAL;AAL;DFW;KDFW;MKE;KMKE;
3dfc35bc;AA1766;AAL1766;32.88;-9.703.008;11;0;1;0;3065;2026-01-20T15:29:57Z;ADSB;AD1986;B738;N943NN;AAL;AAL;DFW;KDFW;JFK;KJFK;
3dfc3057;AA2097;AAL2097;2.659.362;-8.340.461;295;38000;422;64;6073;2026-01-20T15:29:58Z;ADSB;A99D89;B77W;N719AN;AAL;AAL;MIA;KMIA;DFW;KDFW;2026-01-20T17:42:24Z
3dfbfc5c;DL8800;DAL8800;3.203.469;-8.599.913;155;39000;487;0;2603;2026-01-20T15:29:58Z;ADSB;ACB878;B739;N919DU;DAL;DAL;MSP;KMSP;MIA;KMIA;2026-01-20T16:38:35Z
3dfbeb3c;DL1368;DAL1368;334.124;-8.428.217;233;38000;287;0;7177;2026-01-20T15:29:59Z;ADSB;A3D4C6;A319;N346NB;DAL;DAL;JFK;KJFK;MSY;KMSY;2026-01-20T16:25:36Z
3dfbe93a;UA1256;UAL1256;3.897.871;-9.660.762;267;38000;385;0;7125;2026-01-20T15:29:58Z;ADSB;A288FF;B738;N26210;UAL;UAL;CLT;KCLT;DEN;KDEN;2026-01-20T16:36:16Z
3dfb3347;UA838;UAL838;4.493.205;-13.536.984;123;39000;506;0;6266;2026-01-20T15:29:54Z;ESTIMATED;AA92FF;B772;N78008;UAL;UAL;NRT;RJAA;SFO;KSFO;2026-01-20T17:10:24Z
3dfbf396;UA1116;UAL1116;4.321.001;-10.952.072;250;38000;403;-64;3657;2026-01-20T15:29:57Z;ADSB;A28947;B738;N26232;UAL;UAL;MSP;KMSP;SFO;KSFO;2026-01-20T17:18:56Z
3dfbf6a2;UA1898;UAL1898;3.481.609;-9.007.742;234;38000;339;0;1331;2026-01-20T15:29:57Z;ADSB;A35843;B739;N31412;UAL;UAL;BWI;KBWI;IAH;KIAH;2026-01-20T16:32:00Z
3dfc2d74;AA249;AAL249;3.878.568;-908.395;220;38000;396;64;6277;2026-01-20T15:29:59Z;ADSB;A3CDE4;B38M;N344TS;AAL;AAL;ORD;KORD;MEX;MMMX;2026-01-20T18:35:44Z
3dfb54ee;BA117;BAW17R;4.525.342;-7.048.553;225;38000;397;-64;751;2026-01-20T15:29:59Z;ADSB;400685;B772;G-VIIM;BAW;BAW;LHR;EGLL;JFK;KJFK;2026-01-20T16:32:00Z
3dfb79f6;BA195;BAW26E;5.329.057;-6.714.636;235;38000;450;0;767;2026-01-20T15:29:54Z;ESTIMATED;40749B;B789;G-ZBKR;BAW;BAW;LHR;EGLL;IAH;KIAH;2026-01-20T19:56:48Z
3dfb76b5;AF84;AFR84T;6.807.756;-7.941.552;250;34000;480;0;0;2026-01-20T15:29:54Z;ESTIMATED;3965A0;B77W;F-GZNA;AFR;AFR;CDG;LFPG;SFO;KSFO;2026-01-20T20:45:52Z
3dfbb575;AA1349;AAL1349;3.378.701;-9.319.215;246;40000;340;0;3031;2026-01-20T15:34:57Z;ADSB;ADC65E;B738;N987NN;AAL;AAL;JFK;KJFK;AUS;KAUS;2026-01-20T16:27:44Z
3dfc602a;DL2582;DAL2582;3.443.739;-11.834.461;23;12225;339;2304;2062;2026-01-20T15:34:58Z;ADSB;A0757F;BCS1;N129DU;DAL;DAL;BUR;KBUR;SLC;KSLC;2026-01-20T16:59:44Z
3dfc6248;UA1384;UAL1384;3.771.071;-9.807.227;286;22575;324;1984;2526;2026-01-20T15:34:58Z;ADSB;AC4107;A319;N889UA;UAL;UAL;ICT;KICT;DEN;KDEN;2026-01-20T16:40:32Z
3dfbebeb;DL8851;DAL8851;3.689.614;-9.759.167;293;40000;383;0;7120;2026-01-20T15:34:57Z;ADSB;A8DEF1;B752;N6706Q;DAL;DAL;ATL;KATL;DEN;KDEN;2026-01-20T16:46:33Z
3dfc1f4a;UA1666;UAL1666;393.798;-9.537.903;316;38000;379;0;4054;2026-01-20T15:34:57Z;ADSB;A3C775;B738;N34222;UAL;UAL;CVG;KCVG;DEN;KDEN;2026-01-20T16:51:12Z
3dfc46ab;DL853;DAL853;6.085.909;-14.592.522;121;36775;488;1152;7270;2026-01-20T15:34:58Z;ADSB;A44502;B738;N3740C;DAL;DAL;ANC;PANC;SEA;KSEA;2026-01-20T18:14:24Z
3dfbcb4e;DL2301;DAL2301;3.456.453;-8.773.904;149;39000;465;0;2637;2026-01-20T15:34:58Z;ADSB;A7824E;B753;N583NW;DAL;DAL;MSP;KMSP;TPA;KTPA;2026-01-20T16:46:56Z
3dfc2269;UA1886;UAL1886;3.465.302;-8.257.072;54;38950;579;0;4026;2026-01-20T15:34:57Z;ADSB;A05A25;B752;N12125;UAL;UAL;IAH;KIAH;EWR;KEWR;2026-01-20T16:57:36Z
3dfb8063;BA53;BAW5EA;6.979.842;-9.279.226;232;40000;528;0;2163;2026-01-20T15:34:58Z;ADSB;400774;B772;G-VIIW;BAW;BAW;LHR;EGLL;SEA;KSEA;2026-01-20T19:14:08Z
3dfc25be;AA2896;AAL2896;3.706.233;-7.607.494;197;38000;356;0;1164;2026-01-20T15:34:58Z;ADSB;A35388;B38M;N313SB;AAL;AAL;LGA;KLGA;FLL;KFLL;2026-01-20T17:21:04Z
3dfc18c5;AA3052;AAL3052;3.903.848;-7.703.998;95;12575;379;1728;555;2026-01-20T15:34:57Z;ADSB;AB4EA8;A319;N828AW;AAL;AAL;DCA;KDCA;FLL;KFLL;
3dfb5cc2;KL689;KLM689;4.930.554;-7.947.559;224;39975;463;64;747;2026-01-20T15:34:58Z;ADSB;485785;B789;PH-BHN;KLM;KLM;AMS;EHAM;CUN;MMUN;2026-01-20T19:29:04Z
3dfb5ea7;UA905;UAL905;4.849.174;-6.911.911;211;38025;405;64;711;2026-01-20T15:34:58Z;ADSB;A9178D;B763;N685UA;UAL;UAL;LHR;EGLL;EWR;KEWR;2026-01-20T17:04:00Z
3dfb5a0f;KL661;KLM661;5.019.452;-7.812.031;225;36000;461;64;750;2026-01-20T15:34:58Z;ADSB;4851B0;B789;PH-BHE;KLM;KLM;AMS;EHAM;IAH;KIAH;2026-01-20T18:52:48Z
3dfb6bff;AF636;AFR636P;564.906;-7.412.442;229;38000;475;0;756;2026-01-20T15:34:57Z;ADSB;39D2A6;A359;F-HUVG;AFR;AFR;CDG;LFPG;IAH;KIAH;2026-01-20T19:44:00Z
3dfc13ad;UA654;UAL654;3.170.175;-10.533.681;98;39000;504;0;1021;2026-01-20T15:34:57Z;ADSB;A0A8DF;B752;N14107;UAL;UAL;LAX;KLAX;IAH;KIAH;2026-01-20T16:53:20Z
3dfc3751;AA3139;AAL3139;326.395;-954.981;94;26500;537;1088;3074;2026-01-20T15:34:58Z;ADSB;A0480B;A320;N117UW;AAL;AAL;DFW;KDFW;PNS;KPNS;2026-01-20T16:36:16Z
3dfc5bb8;AA882;AAL882;3.448.194;-11.279.245;319;34250;405;1536;1523;2026-01-20T15:34:58Z;ADSB;AB5FDD;A319;N832AW;AAL;AAL;PHX;KPHX;RNO;KRNO;2026-01-20T16:49:04Z
3dfc4a66;UA595;UAL595;3.446.197;-9.923.933;331;38000;408;0;2752;2026-01-20T15:34:58Z;ADSB;A465DF;B738;N38257;UAL;UAL;AUS;KAUS;DEN;KDEN;2026-01-20T16:49:04Z
3dfc50ea;UA357;UAL357;3.460.684;-9.775.595;308;38025;377;256;6217;2026-01-20T15:34:57Z;ADSB;A43EA3;B738;N37274;UAL;UAL;DFW;KDFW;DEN;KDEN;2026-01-20T16:57:36Z
3dfc31b9;DL2947;DAL2947;4.053.638;-12.122.202;171;38950;470;0;3535;2026-01-20T15:34:57Z;ADSB;A39E6B;A319;N332NB;;;PDX;KPDX;LAX;KLAX;2026-01-20T16:44:48Z
3dfb1d91;DL166;DAL166;5.199.692;-13.044.304;123;39000;528;0;7243;2026-01-20T15:34:57Z;ADSB;A65BB7;A359;N509DN;DAL;DAL;HND;RJTT;SEA;KSEA;2026-01-20T16:29:52Z
3dfb554c;KL601;KLM601;5.823.973;-10.296.579;203;36000;531;-64;3351;2026-01-20T15:34:57Z;ADSB;485F84;B78X;PH-BKQ;KLM;KLM;AMS;EHAM;LAX;KLAX;2026-01-20T19:05:36Z
3dfb459f;DL57;DAL57;6.050.785;-9.744.903;221;38000;492;0;1742;2026-01-20T15:34:59Z;ADSB;AB00D6;A333;N808NW;DAL;DAL;AMS;EHAM;SLC;KSLC;2026-01-20T18:44:16Z
3dfc099d;AA2523;AAL2523;3.647.992;-7.958.388;216;38000;339;0;1573;2026-01-20T15:34:58Z;ADSB;A3B88E;B738;N339PL;AAL;AAL;PHL;KPHL;TPA;KTPA;2026-01-20T16:57:36Z
3dfbc8a3;UA4200;UAL4200;2.406.175;-7.878.754;5;40025;493;-64;1454;2026-01-20T15:34:58Z;ADSB;A8EC57;B763;N674UA;UAL;UAL;MDE;SKRG;EWR;KEWR;2026-01-20T17:50:53Z
3dfc6318;AA2111;AAL2111;400.766;-7.545.132;226;36450;324;384;1666;2026-01-20T15:34:58Z;MLAT;AB7270;A319;N837AW;AAL;AAL;LGA;KLGA;CLT;KCLT;2026-01-20T16:44:48Z
3dfb55ab;DL33;DAL33;469.916;-7.122.908;224;38000;404;64;706;2026-01-20T15:34:57Z;ADSB;A50E93;A339;N425DX;DAL;DAL;LHR;EGLL;ATL;KATL;2026-01-20T18:14:24Z
3dfb6bb5;AF158;AFR158K;5.761.816;-713.829;230;36000;459;0;2403;2026-01-20T15:34:55Z;ADSB;3949F4;B772;F-GSPU;AFR;AFR;CDG;LFPG;DFW;KDFW;2026-01-20T19:39:44Z
3dfbe8e0;DL1794;DAL1794;2.775.072;-8.103.014;341;39000;434;0;4614;2026-01-20T15:34:58Z;ADSB;A93D9F;B752;N695DL;DAL;DAL;SJO;MROC;ATL;KATL;2026-01-20T16:40:32Z
3dfc0e0a;AA1283;AAL1283;3.225.162;-8.122.338;182;38000;391;-64;4074;2026-01-20T15:34:58Z;ADSB;A4008E;B38M;N357TY;AAL;AAL;IND;KIND;MIA;KMIA;2026-01-20T16:44:48Z
3dfc61e8;UA2609;UAL2609;3.541.252;-980.462;276;16375;366;2880;634;2026-01-20T15:34:57Z;ADSB;A43EA2;B738;N37273;UAL;UAL;OKC;KOKC;DEN;KDEN;2026-01-20T16:51:12Z
3dfb53b3;UA6;UAL6;5.604.725;-14.488.028;105;37975;510;0;0;2026-01-20T15:34:58Z;ESTIMATED;A31A76;B789;N29984;UAL;UAL;NRT;RJAA;IAH;KIAH;2026-01-20T20:48:00Z
3dfc6077;UA1119;UAL1119;3.971.599;-10.464.317;181;9300;264;1920;3536;2026-01-20T15:34:57Z;ADSB;A1CDD8;B772;N215UA;UAL;UAL;DEN;KDEN;CUN;MMUN;2026-01-20T18:48:32Z
3dfb71d2;LH454;DLH454;7.034.715;-953.465;223;36000;531;-64;1710;2026-01-20T15:34:58Z;ADSB;3C4B2A;B748;D-ABYJ;DLH;DLH;FRA;EDDF;SFO;KSFO;2026-01-20T20:13:52Z
3dfbe9c7;AA3193;AAL3193;3.461.998;-9.099.359;309;38000;353;64;2031;2026-01-20T15:34:58Z;ADSB;AC7A33;A319;N9029F;AAL;AAL;MIA;KMIA;EGE;KEGE;2026-01-20T17:42:24Z
3dfc075e;AA2731;AAL2731;3.649.777;-8.719.917;247;37975;375;-64;1120;2026-01-20T15:34:57Z;ADSB;AAE958;B788;N802AN;AAL;AAL;PHL;KPHL;DFW;KDFW;2026-01-20T16:59:44Z
3dfc1880;AA1293;AAL1293;3.666.032;-8.622.328;152;37000;493;64;5663;2026-01-20T15:34:58Z;ADSB;A3C291;B38M;N341RW;AAL;AAL;ORD;KORD;MCO;KMCO;2026-01-20T16:57:36Z
3dfc471c;AA1616;AAL1616;3.639.478;-8.319.614;300;38000;346;0;5751;2026-01-20T15:34:58Z;ADSB;AD8895;B738;N971NN;AAL;AAL;CLT;KCLT;MCI;KMCI;2026-01-20T17:14:40Z
3dfc29a2;UA3895;UAL3895;4.111.219;-8.046.006;274;40000;365;0;7155;2026-01-20T15:34:59Z;ADSB;A8E24D;B752;N67134;UAL;UAL;EWR;KEWR;AMA;KAMA;2026-01-20T18:01:36Z
3dfbf6a5;AA3317;AAL3317;3.313.829;-7.950.784;226;38000;338;0;2750;2026-01-20T15:34:58Z;ADSB;ACF849;B738;N935AN;AAL;AAL;LGA;KLGA;PBI;KPBI;2026-01-20T16:32:00Z
3dfbfb71;DL1930;DAL1930;3.036.128;-6.799.087;168;39000;439;0;3060;2026-01-20T15:34:58Z;ADSB;A8DE10;B752;N6700;;;JFK;KJFK;STT;TIST;2026-01-20T17:18:56Z
3dfb5e2d;KL623;KLM623;4.883.308;-6.902.597;240;33975;428;64;754;2026-01-20T15:34:57Z;ADSB;485E2E;B78X;PH-BKH;KLM;KLM;AMS;EHAM;ATL;KATL;2026-01-20T18:22:56Z
3dfc21cf;DL830;DAL830;3.349.722;-9.175.243;271;40000;359;0;2001;2026-01-20T15:34:57Z;ADSB;ABD018;A332;N860NW;DAL;DAL;ATL;KATL;SLC;KSLC;2026-01-20T18:12:16Z
3dfb2fe8;DL120;DAL120;5.679.131;-13.503.589;103;41000;540;0;7425;2026-01-20T15:34:57Z;ADSB;A68946;A359;N520DN;DAL;DAL;HND;RJTT;MSP;KMSP;2026-01-20T18:59:12Z
3dfbb609;DL966;DAL966;4.746.977;-11.459.557;269;40000;411;0;4021;2026-01-20T15:34:57Z;ADSB;A4A0CD;B738;N398DA;DAL;DAL;CVG;KCVG;SEA;KSEA;2026-01-20T16:32:00Z
3dfb1035;DL274;DAL274;5.508.331;-12.056.946;104;39000;537;0;1337;2026-01-20T15:34:58Z;ADSB;A65800;A359;N508DN;DAL;DAL;HND;RJTT;DTW;KDTW;2026-01-20T18:46:24Z
3dfb9bef;UA2115;UAL2115;4.013.823;-10.951.666;251;36000;416;0;7172;2026-01-20T15:34:57Z;ADSB;A16E7D;B752;N19117;UAL;UAL;EWR;KEWR;SFO;KSFO;2026-01-20T17:12:32Z
3dfbfe28;UA3929;UAL3929;4.021.669;-10.152.893;89;41000;516;0;3220;2026-01-20T15:34:58Z;ADSB;A2E045;B739;N28478;UAL;UAL;SFO;KSFO;IAD;KIAD;2026-01-20T17:53:04Z
3dfb5b3f;KL605;KLM373;6.208.956;-1.086.854;210;37975;533;-64;1307;2026-01-20T15:34:58Z;ADSB;486071;B78X;PH-BKL;KLM;KLM;AMS;EHAM;SFO;KSFO;2026-01-20T19:01:20Z
3dfb6660;AF338;AFR338;6.724.667;-10.059.583;221;40000;533;0;3322;2026-01-20T15:34:58Z;ADSB;39D2B3;A359;F-HUVT;AFR;AFR;CDG;LFPG;SEA;KSEA;2026-01-20T18:35:44Z
3dfc2a84;AA1172;AAL1172;3.873.024;-8.582.872;148;37050;504;0;1377;2026-01-20T15:34:57Z;ADSB;AAEF89;A319;N8031M;AAL;AAL;ORD;KORD;STT;TIST;2026-01-20T19:14:08Z
3dfc08be;DL713;DAL713;3.998.456;-8.723.456;266;38000;385;0;7106;2026-01-20T15:34:57Z;ADSB;ABCA08;A332;N859NW;DAL;DAL;JFK;KJFK;LAX;KLAX;2026-01-20T19:31:12Z
3dfbef7c;UA297;UAL297;4.539.374;-9.153.085;289;38000;380;0;3054;2026-01-20T15:34:59Z;ADSB;A2B10C;B38M;N27252;UAL;UAL;EWR;KEWR;BZN;KBZN;2026-01-20T17:48:48Z
3df77bd0;DL274;DAL274;4.221.032;-8.335.699;118;0;0;0;6527;2026-01-20T15:34:58Z;ADSB;A661C7;A359;N510DN;DAL;DAL;HND;RJTT;DTW;KDTW;2026-01-19T18:59:44Z
3dfc1af7;AA1688;AAL1688;4.060.458;-7.470.597;231;38025;352;0;3461;2026-01-20T15:34:58Z;ADSB;ADECA5;A321;N997AA;AAL;AAL;BOS;KBOS;CLT;KCLT;2026-01-20T16:49:04Z
3dfc5de4;AA142;AAL142;4.124.463;-7.323.412;27;19700;462;2560;2610;2026-01-20T15:34:57Z;ADSB;AACAA5;B772;N795AN;AAL;AAL;JFK;KJFK;LHR;EGLL;2026-01-20T21:43:28Z
3dfb6eb6;BA175;BAW7NY;4.883.775;-6.556.091;219;38000;410;-64;763;2026-01-20T15:34:58Z;ADSB;4005C1;B772;G-RAES;BAW;BAW;LHR;EGLL;JFK;KJFK;2026-01-20T17:12:32Z
3dfc5ca0;DL1112;DAL1112;3.386.726;-11.849.654;189;4250;262;2752;6736;2026-01-20T15:34:58Z;ADSB;A4463E;B738;N3749D;DAL;DAL;LAX;KLAX;MSY;KMSY;
3dfc4469;AA2581;AAL2581;330.472;-9.698.949;19;4525;275;2304;3044;2026-01-20T15:34:57Z;ADSB;AD3FD9;B738;N953AN;AAL;AAL;DFW;KDFW;MKE;KMKE;2026-01-20T17:25:20Z
3dfc35bc;AA1766;AAL1766;3.305.795;-9.687.145;100;9200;300;2752;3065;2026-01-20T15:34:58Z;ADSB;AD1986;B738;N943NN;AAL;AAL;DFW;KDFW;JFK;KJFK;2026-01-20T18:29:20Z
3dfc3057;AA2097;AAL2097;2.683.909;-8.399.465;294;38000;421;0;6073;2026-01-20T15:34:57Z;ADSB;A99D89;B77W;N719AN;AAL;AAL;MIA;KMIA;DFW;KDFW;2026-01-20T17:40:16Z
3dfbfc5c;DL8800;DAL8800;3.148.989;-8.549.044;132;39000;527;0;2603;2026-01-20T15:34:57Z;ADSB;ACB878;B739;N919DU;DAL;DAL;MSP;KMSP;MIA;KMIA;2026-01-20T16:33:54Z
3dfbeb3c;DL1368;DAL1368;3.317.182;-8.466.569;233;38000;292;64;7177;2026-01-20T15:34:58Z;ADSB;A3D4C6;A319;N346NB;DAL;DAL;JFK;KJFK;MSY;KMSY;2026-01-20T16:27:44Z
3dfbe93a;UA1256;UAL1256;3.895.107;-9.728.996;266;38000;384;0;7125;2026-01-20T15:34:57Z;ADSB;A288FF;B738;N26210;UAL;UAL;CLT;KCLT;DEN;KDEN;2026-01-20T16:36:16Z
3dfb3347;UA838;UAL838;4.454.501;-13.452.859;123;39000;506;0;6266;2026-01-20T15:34:58Z;ESTIMATED;AA92FF;B772;N78008;UAL;UAL;NRT;RJAA;SFO;KSFO;2026-01-20T17:10:24Z
3dfb37ee;DL188;DAL188;551.884;-15.863.474;77;39000;500;0;7454;2026-01-20T15:34:57Z;ADSB;A69822;A359;N524DN;DAL;DAL;ICN;RKSI;ATL;KATL;2026-01-20T22:09:04Z
3dfbf396;UA1116;UAL1116;430.199;-11.025.579;250;38000;407;0;3657;2026-01-20T15:34:57Z;ADSB;A28947;B738;N26232;UAL;UAL;MSP;KMSP;SFO;KSFO;2026-01-20T17:14:40Z
3dfbf6a2;UA1898;UAL1898;3.454.199;-9.054.199;234;38000;336;0;1331;2026-01-20T15:34:57Z;ADSB;A35843;B739;N31412;UAL;UAL;BWI;KBWI;IAH;KIAH;2026-01-20T16:34:08Z
3dfc2d74;AA249;AAL249;3.836.526;-9.128.709;219;38000;395;64;6277;2026-01-20T15:34:57Z;ADSB;A3CDE4;B38M;N344TS;AAL;AAL;ORD;KORD;MEX;MMMX;2026-01-20T18:35:44Z
3dfb54ee;BA117;BAW17R;4.486.519;-7.102.844;224;38000;393;64;751;2026-01-20T15:34:58Z;ADSB;400685;B772;G-VIIM;BAW;BAW;LHR;EGLL;JFK;KJFK;2026-01-20T16:32:00Z
3dfb79f6;BA195;BAW26E;5.293.015;-6.801.031;234;38000;450;0;767;2026-01-20T15:34:58Z;ESTIMATED;40749B;B789;G-ZBKR;BAW;BAW;LHR;EGLL;IAH;KIAH;2026-01-20T19:56:48Z
3dfbb575;AA1349;AAL1349;3.360.022;-9.371.063;246;40000;335;0;565;2026-01-20T15:39:58Z;ADSB;ADC65E;B738;N987NN;AAL;AAL;JFK;KJFK;AUS;KAUS;2026-01-20T16:29:52Z
3dfbcb4e;DL2301;DAL2301;3.400.161;-873.484;150;39000;470;0;2637;2026-01-20T15:39:59Z;ADSB;A7824E;B753;N583NW;DAL;DAL;MSP;KMSP;TPA;KTPA;2026-01-20T16:46:56Z
3dfc602a;DL2582;DAL2582;3.469.926;-11.784.255;85;20900;414;1216;2062;2026-01-20T15:39:58Z;ADSB;A0757F;BCS1;N129DU;DAL;DAL;BUR;KBUR;SLC;KSLC;2026-01-20T16:59:44Z
3dfc6248;UA1384;UAL1384;378.344;-9.868.045;280;30850;388;1280;2526;2026-01-20T15:39:58Z;ADSB;AC4107;A319;N889UA;UAL;UAL;ICT;KICT;DEN;KDEN;2026-01-20T16:40:32Z
3dfbebeb;DL8851;DAL8851;3.710.413;-9.820.211;292;40000;368;0;7120;2026-01-20T15:39:57Z;ADSB;A8DEF1;B752;N6706Q;DAL;DAL;ATL;KATL;DEN;KDEN;2026-01-20T16:45:04Z
3dfc46ab;DL853;DAL853;6.050.693;-14.478.911;122;39000;476;64;7270;2026-01-20T15:39:58Z;ADSB;A44502;B738;N3740C;DAL;DAL;ANC;PANC;SEA;KSEA;2026-01-20T18:12:16Z
3dfc1f4a;UA1666;UAL1666;3.975.515;-9.585.718;304;38000;368;-64;4054;2026-01-20T15:39:59Z;ADSB;A3C775;B738;N34222;UAL;UAL;CVG;KCVG;DEN;KDEN;2026-01-20T16:49:04Z
3dfc2269;UA1886;UAL1886;351.299;-8.177.003;52;38950;583;0;4026;2026-01-20T15:39:59Z;ADSB;A05A25;B752;N12125;UAL;UAL;IAH;KIAH;EWR;KEWR;2026-01-20T16:55:28Z
3dfb8063;BA53;BAW5EA;6.934.451;-94.422;230;39975;520;64;2163;2026-01-20T15:39:59Z;ADSB;400774;B772;G-VIIW;BAW;BAW;LHR;EGLL;SEA;KSEA;2026-01-20T19:14:08Z
3dfb5cc2;KL689;KLM689;4.884.315;-8.015.209;223;40000;462;-64;747;2026-01-20T15:39:58Z;ADSB;485785;B789;PH-BHN;KLM;KLM;AMS;EHAM;CUN;MMUN;2026-01-20T19:31:12Z
3dfc25be;AA2896;AAL2896;3.659.496;-7.626.286;198;38000;345;0;1164;2026-01-20T15:39:59Z;ADSB;A35388;B38M;N313SB;AAL;AAL;LGA;KLGA;FLL;KFLL;2026-01-20T17:18:56Z
3dfc18c5;AA3052;AAL3052;3.855.382;-7.676.831;163;24000;424;2176;555;2026-01-20T15:39:58Z;ADSB;AB4EA8;A319;N828AW;AAL;AAL;DCA;KDCA;FLL;KFLL;2026-01-20T17:42:24Z
3dfb5a0f;KL661;KLM661;4.974.088;-7.882.119;224;35975;463;-64;750;2026-01-20T15:39:58Z;ADSB;4851B0;B789;PH-BHE;KLM;KLM;AMS;EHAM;IAH;KIAH;2026-01-20T18:54:56Z
3dfb5ea7;UA905;UAL905;480.218;-6.955.909;211;38000;389;-192;711;2026-01-20T15:39:58Z;ADSB;A9178D;B763;N685UA;UAL;UAL;LHR;EGLL;EWR;KEWR;2026-01-20T17:04:00Z
3dfb6bff;AF636;AFR636P;5.605.714;-7.501.756;228;38000;473;0;756;2026-01-20T15:39:58Z;ADSB;39D2A6;A359;F-HUVG;AFR;AFR;CDG;LFPG;IAH;KIAH;2026-01-20T19:48:16Z
3dfc13ad;UA654;UAL654;3.159.775;-10.452.415;98;39000;501;0;1021;2026-01-20T15:39:59Z;ADSB;A0A8DF;B752;N14107;UAL;UAL;LAX;KLAX;IAH;KIAH;2026-01-20T16:51:12Z
3dfc3751;AA3139;AAL3139;3.253.409;-9.459.371;108;31000;556;0;3074;2026-01-20T15:39:58Z;ADSB;A0480B;A320;N117UW;AAL;AAL;DFW;KDFW;PNS;KPNS;2026-01-20T16:36:16Z
3dfc5bb8;AA882;AAL882;3.485.222;-11.328.255;285;38025;404;-64;1523;2026-01-20T15:39:57Z;ADSB;AB5FDD;A319;N832AW;AAL;AAL;PHX;KPHX;RNO;KRNO;2026-01-20T16:49:04Z
3dfc4a66;UA595;UAL595;3.496.348;-995.656;331;38000;407;64;2752;2026-01-20T15:39:59Z;ADSB;A465DF;B738;N38257;UAL;UAL;AUS;KAUS;DEN;KDEN;2026-01-20T16:49:04Z
3dfc50ea;UA357;UAL357;3.493.727;-9.825.502;308;38000;376;-64;6217;2026-01-20T15:39:59Z;ADSB;A43EA3;B738;N37274;UAL;UAL;DFW;KDFW;DEN;KDEN;2026-01-20T16:55:28Z
3dfc31b9;DL2947;DAL2947;3.988.126;-12.109.839;171;39000;474;0;3535;2026-01-20T15:39:59Z;ADSB;A39E6B;A319;N332NB;;;PDX;KPDX;LAX;KLAX;2026-01-20T16:44:48Z
3dfb1d91;DL166;DAL166;5.159.468;-12.946.066;123;39000;521;0;7243;2026-01-20T15:39:59Z;ADSB;A65BB7;A359;N509DN;DAL;DAL;HND;RJTT;SEA;KSEA;2026-01-20T16:32:00Z
3dfb554c;KL601;KLM601;5.756.152;-10.350.822;202;36000;531;0;3351;2026-01-20T15:39:58Z;ADSB;485F84;B78X;PH-BKQ;KLM;KLM;AMS;EHAM;LAX;KLAX;2026-01-20T19:05:36Z
3dfb459f;DL57;DAL57;6.002.145;-983.046;220;38000;491;0;1742;2026-01-20T15:40:00Z;ADSB;AB00D6;A333;N808NW;DAL;DAL;AMS;EHAM;SLC;KSLC;2026-01-20T18:44:16Z
3dfc099d;AA2523;AAL2523;3.610.263;-7.992.525;215;38000;333;0;1573;2026-01-20T15:39:59Z;ADSB;A3B88E;B738;N339PL;AAL;AAL;PHL;KPHL;TPA;KTPA;2026-01-20T16:57:36Z
3dfbc8a3;UA4200;UAL4200;2.474.158;-7.871.221;5;40000;492;0;5746;2026-01-20T15:39:58Z;ADSB;A8EC57;B763;N674UA;UAL;UAL;MDE;SKRG;EWR;KEWR;2026-01-20T17:51:34Z
3dfc6318;AA2111;AAL2111;3.980.918;-7.592.208;226;37975;335;0;1666;2026-01-20T15:39:58Z;MLAT;AB7270;A319;N837AW;AAL;AAL;LGA;KLGA;CLT;KCLT;2026-01-20T16:44:48Z
3dfb55ab;DL33;DAL33;4.659.074;-7.179.627;223;38000;398;0;706;2026-01-20T15:39:58Z;ADSB;A50E93;A339;N425DX;DAL;DAL;LHR;EGLL;ATL;KATL;2026-01-20T18:14:24Z
3dfb6bb5;AF158;AFR158K;5.724.738;-7.221.214;230;36000;360;0;2403;2026-01-20T15:39:53Z;ADSB;3949F4;B772;F-GSPU;AFR;AFR;CDG;LFPG;DFW;KDFW;2026-01-20T19:39:44Z
3dfbe8e0;DL1794;DAL1794;2.829.706;-8.128.547;335;39000;420;0;4614;2026-01-20T15:39:59Z;ADSB;A93D9F;B752;N695DL;DAL;DAL;SJO;MROC;ATL;KATL;2026-01-20T16:42:40Z
3dfc0e0a;AA1283;AAL1283;3.169.514;-812.039;173;38000;418;0;4074;2026-01-20T15:39:58Z;ADSB;A4008E;B38M;N357TY;AAL;AAL;IND;KIND;MIA;KMIA;2026-01-20T16:40:32Z
3dfbf6a5;AA3317;AAL3317;3.280.893;-7.991.483;225;38975;345;960;2750;2026-01-20T15:39:59Z;ADSB;ACF849;B738;N935AN;AAL;AAL;LGA;KLGA;PBI;KPBI;2026-01-20T16:34:08Z
3dfc61e8;UA2609;UAL2609;3.547.029;-9.872.507;275;27350;429;1536;634;2026-01-20T15:39:58Z;ADSB;A43EA2;B738;N37273;UAL;UAL;OKC;KOKC;DEN;KDEN;2026-01-20T16:49:04Z
3dfc6077;UA1119;UAL1119;3.922.018;-10.440.845;156;19400;438;2304;3536;2026-01-20T15:39:58Z;ADSB;A1CDD8;B772;N215UA;UAL;UAL;DEN;KDEN;CUN;MMUN;2026-01-20T18:52:48Z
3dfb71d2;LH454;DLH454;6.981.169;-9.681.355;222;36000;532;-128;1710;2026-01-20T15:39:58Z;ADSB;3C4B2A;B748;D-ABYJ;DLH;DLH;FRA;EDDF;SFO;KSFO;2026-01-20T20:13:52Z
3dfbe9c7;AA3193;AAL3193;349.334;-9.145.844;309;38000;358;-64;2031;2026-01-20T15:39:57Z;ADSB;AC7A33;A319;N9029F;AAL;AAL;MIA;KMIA;EGE;KEGE;2026-01-20T17:44:32Z
3dfc075e;AA2731;AAL2731;3.629.427;-8.779.777;247;38000;374;0;1120;2026-01-20T15:39:59Z;ADSB;AAE958;B788;N802AN;AAL;AAL;PHL;KPHL;DFW;KDFW;2026-01-20T17:01:52Z
3dfc1880;AA1293;AAL1293;3.605.894;-8.583.267;152;37000;488;-64;5663;2026-01-20T15:39:59Z;ADSB;A3C291;B38M;N341RW;AAL;AAL;ORD;KORD;MCO;KMCO;2026-01-20T16:57:36Z
3dfc471c;AA1616;AAL1616;3.663.452;-8.370.618;300;38000;339;0;5751;2026-01-20T15:39:57Z;ADSB;AD8895;B738;N971NN;AAL;AAL;CLT;KCLT;MCI;KMCI;2026-01-20T17:14:40Z
3dfb80ef;LH456;DLH456;7.184.285;-9.050.774;224;33000;529;0;0;2026-01-20T15:39:53Z;ESTIMATED;3C4B2D;B748;D-ABYM;DLH;DLH;FRA;EDDF;LAX;KLAX;2026-01-20T20:56:32Z
3dfc29a2;UA3895;UAL3895;4.115.263;-811.261;274;40000;364;0;7155;2026-01-20T15:39:58Z;ADSB;A8E24D;B752;N67134;UAL;UAL;EWR;KEWR;AMA;KAMA;2026-01-20T18:01:36Z
3dfbfb71;DL1930;DAL1930;2.980.208;-6.785.398;166;39000;443;0;3060;2026-01-20T15:39:53Z;ADSB;A8DE10;B752;N6700;;;JFK;KJFK;STT;TIST;2026-01-20T17:18:56Z
3dfb5e2d;KL623;KLM623;4.853.018;-6.981.044;239;33975;424;384;754;2026-01-20T15:39:58Z;ADSB;485E2E;B78X;PH-BKH;KLM;KLM;AMS;EHAM;ATL;KATL;2026-01-20T18:31:28Z
3dfa9c2b;DL42;DAL42;2.829.105;-12.736.256;56;41000;530;0;2000;2026-01-20T15:40:00Z;ESTIMATED;A6A347;A359;N527DN;DAL;DAL;SYD;YSSY;LAX;KLAX;2026-01-20T17:01:52Z
3dfc21cf;DL830;DAL830;3.350.579;-9.235.477;270;40000;361;0;2001;2026-01-20T15:39:59Z;ADSB;ABD018;A332;N860NW;DAL;DAL;ATL;KATL;SLC;KSLC;2026-01-20T18:14:24Z
3dfb2fe8;DL120;DAL120;566.058;-13.371.017;104;41000;539;0;7425;2026-01-20T15:39:59Z;ADSB;A68946;A359;N520DN;DAL;DAL;HND;RJTT;MSP;KMSP;2026-01-20T18:59:12Z
3dfbb609;DL966;DAL966;4.746.662;-11.545.173;276;40000;413;0;4021;2026-01-20T15:39:59Z;ADSB;A4A0CD;B738;N398DA;DAL;DAL;CVG;KCVG;SEA;KSEA;2026-01-20T16:29:52Z
3dfb1035;DL274;DAL274;5.479.097;-11.936.573;119;39850;548;384;1337;2026-01-20T15:39:59Z;ADSB;A65800;A359;N508DN;DAL;DAL;HND;RJTT;DTW;KDTW;2026-01-20T18:44:16Z
3dfb9bef;UA2115;UAL2115;3.994.876;-11.022.533;250;36000;409;0;7172;2026-01-20T15:39:59Z;ADSB;A16E7D;B752;N19117;UAL;UAL;EWR;KEWR;SFO;KSFO;2026-01-20T17:12:32Z
3dfbfe28;UA3929;UAL3929;4.022.537;-10.058.795;89;41000;522;0;3220;2026-01-20T15:39:59Z;ADSB;A2E045;B739;N28478;UAL;UAL;SFO;KSFO;IAD;KIAD;2026-01-20T17:53:04Z
3dfb5b3f;KL605;KLM373;6.145.226;-10.946.737;209;38000;531;64;1307;2026-01-20T15:39:57Z;ADSB;486071;B78X;PH-BKL;KLM;KLM;AMS;EHAM;SFO;KSFO;2026-01-20T19:01:20Z
3dfb6660;AF338;AFR338;6.669.846;-10.182.678;220;40000;530;0;3322;2026-01-20T15:39:57Z;ADSB;39D2B3;A359;F-HUVT;AFR;AFR;CDG;LFPG;SEA;KSEA;2026-01-20T18:35:44Z
3dfc2a84;AA1172;AAL1172;3.814.071;-8.537.177;148;37000;488;64;1377;2026-01-20T15:39:58Z;ADSB;AAEF89;A319;N8031M;AAL;AAL;ORD;KORD;STT;TIST;2026-01-20T19:16:16Z
3dfc08be;DL713;DAL713;3.994.885;-8.792.719;266;40000;380;0;7106;2026-01-20T15:39:59Z;ADSB;ABCA08;A332;N859NW;DAL;DAL;JFK;KJFK;LAX;KLAX;2026-01-20T19:33:20Z
3dfbef7c;UA297;UAL297;4.551.743;-9.226.299;281;38000;384;0;3054;2026-01-20T15:39:59Z;ADSB;A2B10C;B38M;N27252;UAL;UAL;EWR;KEWR;BZN;KBZN;2026-01-20T17:48:48Z
3df77bd0;DL274;DAL274;4.221.032;-8.335.699;118;0;0;0;6527;2026-01-20T15:39:55Z;ADSB;A661C7;A359;N510DN;DAL;DAL;HND;RJTT;DTW;KDTW;2026-01-19T18:59:44Z
3dfc1af7;AA1688;AAL1688;4.027.638;-7.517.365;226;37975;350;64;3461;2026-01-20T15:39:59Z;ADSB;ADECA5;A321;N997AA;AAL;AAL;BOS;KBOS;CLT;KCLT;2026-01-20T16:49:04Z
3dfc5de4;AA142;AAL142;4.170.634;-7.245.427;49;28850;596;1536;2610;2026-01-20T15:39:57Z;ADSB;AACAA5;B772;N795AN;AAL;AAL;JFK;KJFK;LHR;EGLL;2026-01-20T21:39:12Z
3dfb6eb6;BA175;BAW7NY;4.839.835;-6.609.763;218;38000;403;64;763;2026-01-20T15:39:58Z;ADSB;4005C1;B772;G-RAES;BAW;BAW;LHR;EGLL;JFK;KJFK;2026-01-20T17:14:40Z
3dfc5ca0;DL1112;DAL1112;3.364.499;-11.817.494;89;16200;404;3392;6736;2026-01-20T15:39:59Z;ADSB;A4463E;B738;N3749D;DAL;DAL;LAX;KLAX;MSY;KMSY;2026-01-20T18:42:08Z
3dfc35bc;AA1766;AAL1766;3.304.026;-9.621.523;67;21200;468;2304;3065;2026-01-20T15:39:59Z;ADSB;AD1986;B738;N943NN;AAL;AAL;DFW;KDFW;JFK;KJFK;2026-01-20T18:29:20Z
3dfc4469;AA2581;AAL2581;3.348.454;-9.680.136;28;16375;395;2240;3044;2026-01-20T15:39:58Z;ADSB;AD3FD9;B738;N953AN;AAL;AAL;DFW;KDFW;MKE;KMKE;2026-01-20T17:25:20Z
3dfc3057;AA2097;AAL2097;270.853;-8.459.509;294;38000;425;0;6073;2026-01-20T15:39:58Z;ADSB;A99D89;B77W;N719AN;AAL;AAL;MIA;KMIA;DFW;KDFW;2026-01-20T17:40:16Z
3dfbfc5c;DL8800;DAL8800;3.099.829;-8.486.125;132;39000;515;0;1012;2026-01-20T15:39:59Z;ADSB;ACB878;B739;N919DU;DAL;DAL;MSP;KMSP;MIA;KMIA;2026-01-20T16:33:50Z
3dfbeb3c;DL1368;DAL1368;3.292.493;-8.505.533;232;38000;296;0;7177;2026-01-20T15:39:59Z;ADSB;A3D4C6;A319;N346NB;DAL;DAL;JFK;KJFK;MSY;KMSY;2026-01-20T16:29:52Z
3dfbe93a;UA1256;UAL1256;3.891.916;-9.797.174;266;38000;389;0;7125;2026-01-20T15:39:58Z;ADSB;A288FF;B738;N26210;UAL;UAL;CLT;KCLT;DEN;KDEN;2026-01-20T16:38:24Z
3dfb3347;UA838;UAL838;4.409.777;-13.376.918;125;39000;508;0;6266;2026-01-20T15:40:00Z;ESTIMATED;AA92FF;B772;N78008;UAL;UAL;NRT;RJAA;SFO;KSFO;2026-01-20T17:10:24Z
3dfb37ee;DL188;DAL188;5.533.539;-1.574.727;77;39000;495;0;7454;2026-01-20T15:39:54Z;ADSB;A69822;A359;N524DN;DAL;DAL;ICN;RKSI;ATL;KATL;2026-01-20T22:13:20Z
3dfbf396;UA1116;UAL1116;4.282.322;-11.098.899;249;38000;419;64;3657;2026-01-20T15:39:57Z;ADSB;A28947;B738;N26232;UAL;UAL;MSP;KMSP;SFO;KSFO;2026-01-20T17:14:40Z
3dfbf6a2;UA1898;UAL1898;3.426.962;-9.099.781;234;38000;332;64;1331;2026-01-20T15:39:57Z;ADSB;A35843;B739;N31412;UAL;UAL;BWI;KBWI;IAH;KIAH;2026-01-20T16:36:16Z
3dfc2d74;AA249;AAL249;3.794.422;-9.172.838;219;38000;392;-64;6277;2026-01-20T15:39:59Z;ADSB;A3CDE4;B38M;N344TS;AAL;AAL;ORD;KORD;MEX;MMMX;2026-01-20T18:35:44Z
3dfb54ee;BA117;BAW17R;4.443.594;-715.002;215;38000;395;0;751;2026-01-20T15:39:59Z;ADSB;400685;B772;G-VIIM;BAW;BAW;LHR;EGLL;JFK;KJFK;2026-01-20T16:29:52Z
3dfb79f6;BA195;BAW26E;528.668;-701.869;152;38000;462;0;767;2026-01-20T15:39:53Z;ESTIMATED;40749B;B789;G-ZBKR;BAW;BAW;LHR;EGLL;IAH;KIAH;2026-01-20T19:56:48Z
3dfbb575;AA1349;AAL1349;3.341.075;-9.422.759;246;40000;348;0;565;2026-01-20T15:44:59Z;ADSB;ADC65E;B738;N987NN;AAL;AAL;JFK;KJFK;AUS;KAUS;2026-01-20T16:29:52Z
3dfbcb4e;DL2301;DAL2301;3.342.613;-8.695.497;150;39000;481;0;2637;2026-01-20T15:44:59Z;ADSB;A7824E;B753;N583NW;DAL;DAL;MSP;KMSP;TPA;KTPA;2026-01-20T16:44:48Z
3dfc602a;DL2582;DAL2582;3.481.229;-11.713.914;71;26100;442;832;2062;2026-01-20T15:44:59Z;ADSB;A0757F;BCS1;N129DU;DAL;DAL;BUR;KBUR;SLC;KSLC;2026-01-20T16:59:44Z
3dfbebeb;DL8851;DAL8851;3.730.074;-9.879.157;292;40000;364;0;7120;2026-01-20T15:44:59Z;ADSB;A8DEF1;B752;N6706Q;DAL;DAL;ATL;KATL;DEN;KDEN;2026-01-20T16:40:21Z
3dfc6248;UA1384;UAL1384;379.283;-9.935.492;279;37750;383;1344;2526;2026-01-20T15:44:58Z;ADSB;AC4107;A319;N889UA;UAL;UAL;ICT;KICT;DEN;KDEN;2026-01-20T16:40:32Z
3dfc1f4a;UA1666;UAL1666;3.951.901;-9.644.503;237;38000;382;64;4054;2026-01-20T15:44:59Z;ADSB;A3C775;B738;N34222;UAL;UAL;CVG;KCVG;DEN;KDEN;2026-01-20T16:53:20Z
3dfc46ab;DL853;DAL853;6.014.067;-14.366.679;123;39000;485;0;7270;2026-01-20T15:44:58Z;ADSB;A44502;B738;N3740C;DAL;DAL;ANC;PANC;SEA;KSEA;2026-01-20T18:14:24Z
3dfb8063;BA53;BAW5EA;688.826;-959.631;229;40000;521;-64;2163;2026-01-20T15:44:58Z;ADSB;400774;B772;G-VIIW;BAW;BAW;LHR;EGLL;SEA;KSEA;2026-01-20T19:14:08Z
3dfc2269;UA1886;UAL1886;3.561.653;-8.097.645;53;38950;591;0;4026;2026-01-20T15:44:58Z;ADSB;A05A25;B752;N12125;UAL;UAL;IAH;KIAH;EWR;KEWR;2026-01-20T16:53:20Z
3dfb5cc2;KL689;KLM689;4.837.914;-8.081.312;223;39975;460;64;747;2026-01-20T15:44:59Z;ADSB;485785;B789;PH-BHN;KLM;KLM;AMS;EHAM;CUN;MMUN;2026-01-20T19:44:00Z
3dfc25be;AA2896;AAL2896;3.615.363;-7.643.835;197;38000;339;0;1164;2026-01-20T15:44:58Z;ADSB;A35388;B38M;N313SB;AAL;AAL;LGA;KLGA;FLL;KFLL;2026-01-20T17:23:12Z
3dfc18c5;AA3052;AAL3052;3.797.974;-7.665.543;177;33075;388;640;555;2026-01-20T15:44:57Z;ADSB;AB4EA8;A319;N828AW;AAL;AAL;DCA;KDCA;FLL;KFLL;2026-01-20T17:44:32Z
3dfb5a0f;KL661;KLM661;4.928.304;-7.950.885;224;36000;462;64;750;2026-01-20T15:44:57Z;ADSB;4851B0;B789;PH-BHE;KLM;KLM;AMS;EHAM;IAH;KIAH;2026-01-20T18:54:56Z
3dfb5ea7;UA905;UAL905;4.756.866;-6.997.509;211;38025;388;0;711;2026-01-20T15:44:57Z;ADSB;A9178D;B763;N685UA;UAL;UAL;LHR;EGLL;EWR;KEWR;2026-01-20T17:08:16Z
3dfb6bff;AF636;AFR636P;5.561.875;-7.588.798;227;38000;475;0;756;2026-01-20T15:44:58Z;ADSB;39D2A6;A359;F-HUVG;AFR;AFR;CDG;LFPG;IAH;KIAH;2026-01-20T19:48:16Z
3dfc13ad;UA654;UAL654;3.148.956;-10.372.052;99;39000;505;0;1021;2026-01-20T15:44:59Z;ADSB;A0A8DF;B752;N14107;UAL;UAL;LAX;KLAX;IAH;KIAH;2026-01-20T16:53:20Z
3dfc3751;AA3139;AAL3139;3.228.882;-9.373.738;108;35100;538;1088;3074;2026-01-20T15:44:59Z;ADSB;A0480B;A320;N117UW;AAL;AAL;DFW;KDFW;PNS;KPNS;2026-01-20T16:38:24Z
3dfab1a1;UA830;UAL830;3.435.252;-12.608.952;30;39000;519;0;2000;2026-01-20T15:44:40Z;ADSB;A1FCC5;B772;N227UA;UAL;UAL;SYD;YSSY;SFO;KSFO;2026-01-20T16:27:44Z
3dfc5bb8;AA882;AAL882;3.515.732;-11.385.217;305;38025;404;0;1523;2026-01-20T15:44:59Z;ADSB;AB5FDD;A319;N832AW;AAL;AAL;PHX;KPHX;RNO;KRNO;2026-01-20T16:49:04Z
3dfc31b9;DL2947;DAL2947;3.923.507;-12.097.876;171;39000;466;0;3535;2026-01-20T15:44:58Z;ADSB;A39E6B;A319;N332NB;;;PDX;KPDX;LAX;KLAX;2026-01-20T16:42:40Z
3dfc4a66;UA595;UAL595;3.545.516;-9.989.033;331;37975;400;0;2752;2026-01-20T15:44:58Z;ADSB;A465DF;B738;N38257;UAL;UAL;AUS;KAUS;DEN;KDEN;2026-01-20T16:49:04Z
3dfc50ea;UA357;UAL357;3.526.305;-987.541;308;38000;384;-64;6217;2026-01-20T15:44:58Z;ADSB;A43EA3;B738;N37274;UAL;UAL;DFW;KDFW;DEN;KDEN;2026-01-20T16:57:36Z
3dfb1d91;DL166;DAL166;5.119.061;-12.851.012;124;39000;524;0;7243;2026-01-20T15:44:57Z;ADSB;A65BB7;A359;N509DN;DAL;DAL;HND;RJTT;SEA;KSEA;2026-01-20T16:32:00Z
3dfb554c;KL601;KLM601;5.688.094;-10.403.117;202;36000;531;64;3351;2026-01-20T15:44:59Z;ADSB;485F84;B78X;PH-BKQ;KLM;KLM;AMS;EHAM;LAX;KLAX;2026-01-20T19:05:36Z
3dfb459f;DL57;DAL57;5.951.154;-9.916.675;220;38000;486;0;1742;2026-01-20T15:44:59Z;ESTIMATED;AB00D6;A333;N808NW;DAL;DAL;AMS;EHAM;SLC;KSLC;2026-01-20T18:44:16Z
3dfc099d;AA2523;AAL2523;3.566.176;-8.014.667;199;38000;342;0;1573;2026-01-20T15:44:59Z;ADSB;A3B88E;B738;N339PL;AAL;AAL;PHL;KPHL;TPA;KTPA;2026-01-20T16:59:44Z
3dfbc8a3;UA4200;UAL4200;254.263;-7.863.566;5;41000;487;0;5746;2026-01-20T15:44:59Z;ADSB;A8EC57;B763;N674UA;UAL;UAL;MDE;SKRG;EWR;KEWR;2026-01-20T17:51:32Z
3dfc6318;AA2111;AAL2111;3.949.412;-7.634.151;225;37975;323;0;1666;2026-01-20T15:44:57Z;MLAT;AB7270;A319;N837AW;AAL;AAL;LGA;KLGA;CLT;KCLT;2026-01-20T16:44:48Z
3dfb55ab;DL33;DAL33;4.619.164;-7.234.902;223;39525;400;320;706;2026-01-20T15:44:59Z;ADSB;A50E93;A339;N425DX;DAL;DAL;LHR;EGLL;ATL;KATL;2026-01-20T18:16:32Z
3dfb6bb5;AF158;AFR158K;568.043;-731.641;229;36000;462;0;2403;2026-01-20T15:44:59Z;ESTIMATED;3949F4;B772;F-GSPU;AFR;AFR;CDG;LFPG;DFW;KDFW;2026-01-20T19:39:44Z
3dfbe8e0;DL1794;DAL1794;28.815;-8.155.125;335;39000;398;0;4614;2026-01-20T15:44:58Z;ADSB;A93D9F;B752;N695DL;DAL;DAL;SJO;MROC;ATL;KATL;2026-01-20T16:44:48Z
3dfc0e0a;AA1283;AAL1283;3.111.715;-8.113.293;174;38000;411;0;4074;2026-01-20T15:44:58Z;ADSB;A4008E;B38M;N357TY;AAL;AAL;IND;KIND;MIA;KMIA;2026-01-20T16:40:32Z
3dfbf6a5;AA3317;AAL3317;3.245.282;-8.031.113;208;40000;377;0;2750;2026-01-20T15:44:58Z;ADSB;ACF849;B738;N935AN;AAL;AAL;LGA;KLGA;PBI;KPBI;2026-01-20T16:36:16Z
3dfc61e8;UA2609;UAL2609;3.565.701;-9.935.117;316;36700;396;896;634;2026-01-20T15:44:58Z;ADSB;A43EA2;B738;N37273;UAL;UAL;OKC;KOKC;DEN;KDEN;2026-01-20T16:49:04Z
3dfc6077;UA1119;UAL1119;3.859.644;-10.418.836;165;28100;491;1856;3536;2026-01-20T15:44:59Z;ADSB;A1CDD8;B772;N215UA;UAL;UAL;DEN;KDEN;CUN;MMUN;2026-01-20T18:50:40Z
3dfb71d2;LH454;DLH454;6.929.503;-981.321;221;36000;545;64;1710;2026-01-20T15:44:46Z;ADSB;3C4B2A;B748;D-ABYJ;DLH;DLH;FRA;EDDF;SFO;KSFO;2026-01-20T20:09:36Z
3dfbe9c7;AA3193;AAL3193;352.408;-9.192.094;308;38000;353;0;2031;2026-01-20T15:44:58Z;ADSB;AC7A33;A319;N9029F;AAL;AAL;MIA;KMIA;EGE;KEGE;2026-01-20T17:42:24Z
3dfc075e;AA2731;AAL2731;36.09;-8.838.659;246;37975;372;0;1120;2026-01-20T15:44:59Z;ADSB;AAE958;B788;N802AN;AAL;AAL;PHL;KPHL;DFW;KDFW;2026-01-20T17:01:52Z
3dfc1880;AA1293;AAL1293;3.546.245;-8.545.206;152;37000;479;0;5663;2026-01-20T15:44:59Z;ADSB;A3C291;B38M;N341RW;AAL;AAL;ORD;KORD;MCO;KMCO;2026-01-20T16:57:36Z
3dfc471c;AA1616;AAL1616;3.687.209;-842.188;299;38000;346;0;5751;2026-01-20T15:44:58Z;ADSB;AD8895;B738;N971NN;AAL;AAL;CLT;KCLT;MCI;KMCI;2026-01-20T17:14:40Z
3dfb80ef;LH456;DLH456;7.128.214;-9.222.076;223;32000;522;0;1310;2026-01-20T15:44:59Z;ADSB;3C4B2D;B748;D-ABYM;DLH;DLH;FRA;EDDF;LAX;KLAX;2026-01-20T20:56:32Z
3dfc29a2;UA3895;UAL3895;411.893;-8.179.462;273;40000;364;0;7155;2026-01-20T15:44:59Z;ADSB;A8E24D;B752;N67134;UAL;UAL;EWR;KEWR;AMA;KAMA;2026-01-20T18:01:36Z
3dfbfb71;DL1930;DAL1930;2.919.489;-6.767.961;166;39000;443;0;3060;2026-01-20T15:44:59Z;ESTIMATED;A8DE10;B752;N6700;;;JFK;KJFK;STT;TIST;2026-01-20T17:18:56Z
3dfb5e2d;KL623;KLM623;4.822.247;-7.058.427;238;34000;427;-128;754;2026-01-20T15:44:59Z;ADSB;485E2E;B78X;PH-BKH;KLM;KLM;AMS;EHAM;ATL;KATL;2026-01-20T18:31:28Z
3dfa9c2b;DL42;DAL42;2.869.614;-12.667.033;56;41000;530;0;2000;2026-01-20T15:44:58Z;ESTIMATED;A6A347;A359;N527DN;DAL;DAL;SYD;YSSY;LAX;KLAX;2026-01-20T17:01:52Z
3dfc21cf;DL830;DAL830;3.351.137;-9.295.082;270;40000;363;64;2001;2026-01-20T15:44:58Z;ADSB;ABD018;A332;N860NW;DAL;DAL;ATL;KATL;SLC;KSLC;2026-01-20T18:14:24Z
3dfb2fe8;DL120;DAL120;564.082;-13.241.064;105;41000;541;0;7425;2026-01-20T15:44:59Z;ADSB;A68946;A359;N520DN;DAL;DAL;HND;RJTT;MSP;KMSP;2026-01-20T18:57:04Z
3dfbb609;DL966;DAL966;4.753.267;-11.627.847;276;40000;403;0;4021;2026-01-20T15:44:58Z;ADSB;A4A0CD;B738;N398DA;DAL;DAL;CVG;KCVG;SEA;KSEA;2026-01-20T16:32:00Z
3dfb1035;DL274;DAL274;544.097;-11.824.876;120;41000;547;0;1337;2026-01-20T15:44:57Z;ADSB;A65800;A359;N508DN;DAL;DAL;HND;RJTT;DTW;KDTW;2026-01-20T18:44:16Z
3dfb9bef;UA2115;UAL2115;3.978.392;-11.093.259;253;38000;418;-64;7172;2026-01-20T15:44:59Z;ADSB;A16E7D;B752;N19117;UAL;UAL;EWR;KEWR;SFO;KSFO;2026-01-20T17:14:40Z
3dfbfe28;UA3929;UAL3929;4.022.612;-996.468;90;41000;523;0;3220;2026-01-20T15:44:57Z;ADSB;A2E045;B739;N28478;UAL;UAL;SFO;KSFO;IAD;KIAD;2026-01-20T17:53:04Z
3dfb5b3f;KL605;KLM373;6.080.466;-11.019.486;205;38000;535;0;1307;2026-01-20T15:44:58Z;ADSB;486071;B78X;PH-BKL;KLM;KLM;AMS;EHAM;SFO;KSFO;2026-01-20T18:59:12Z
3dfb6660;AF338;AFR338;6.613.417;-10.301.788;219;40000;534;0;3322;2026-01-20T15:44:59Z;ADSB;39D2B3;A359;F-HUVT;AFR;AFR;CDG;LFPG;SEA;KSEA;2026-01-20T18:35:44Z
3dfc2a84;AA1172;AAL1172;375.563;-8.492.724;149;37475;485;896;1377;2026-01-20T15:44:58Z;ADSB;AAEF89;A319;N8031M;AAL;AAL;ORD;KORD;STT;TIST;2026-01-20T19:16:16Z
3dfc08be;DL713;DAL713;3.990.942;-8.861.096;265;40000;381;0;7106;2026-01-20T15:44:58Z;ADSB;ABCA08;A332;N859NW;DAL;DAL;JFK;KJFK;LAX;KLAX;2026-01-20T19:33:20Z
3dfbef7c;UA297;UAL297;4.562.497;-9.301.328;281;38000;393;0;3054;2026-01-20T15:44:58Z;ADSB;A2B10C;B38M;N27252;UAL;UAL;EWR;KEWR;BZN;KBZN;2026-01-20T17:48:48Z
3df77bd0;DL274;DAL274;4.221.032;-8.335.699;118;0;0;0;6527;2026-01-20T15:44:58Z;ADSB;A661C7;A359;N510DN;DAL;DAL;HND;RJTT;DTW;KDTW;2026-01-19T18:59:44Z
3dfc1af7;AA1688;AAL1688;3.994.295;-7.563.629;226;38000;351;0;3461;2026-01-20T15:44:58Z;ADSB;ADECA5;A321;N997AA;AAL;AAL;BOS;KBOS;CLT;KCLT;2026-01-20T16:49:04Z
3dfc5de4;AA142;AAL142;4.226.775;-7.158.523;49;36675;617;1408;2610;2026-01-20T15:44:59Z;ADSB;AACAA5;B772;N795AN;AAL;AAL;JFK;KJFK;LHR;EGLL;2026-01-20T21:37:04Z
3dfb6eb6;BA175;BAW7NY;4.795.592;-6.662.611;218;38000;413;0;763;2026-01-20T15:44:58Z;ADSB;4005C1;B772;G-RAES;BAW;BAW;LHR;EGLL;JFK;KJFK;2026-01-20T17:12:32Z
3dfc5ca0;DL1112;DAL1112;3.355.965;-11.745.032;106;27175;484;1472;6736;2026-01-20T15:44:59Z;ADSB;A4463E;B738;N3749D;DAL;DAL;LAX;KLAX;MSY;KMSY;2026-01-20T18:44:16Z
3dfc35bc;AA1766;AAL1766;3.331.204;-9.543.745;67;30450;547;1728;3065;2026-01-20T15:44:58Z;ADSB;AD1986;B738;N943NN;AAL;AAL;DFW;KDFW;JFK;KJFK;2026-01-20T18:27:12Z
3dfc4469;AA2581;AAL2581;3.401.834;-9.645.766;28;26300;473;1664;3044;2026-01-20T15:44:59Z;ADSB;AD3FD9;B738;N953AN;AAL;AAL;DFW;KDFW;MKE;KMKE;2026-01-20T17:25:20Z
3dfbf6a2;UA1898;UAL1898;3.399.669;-9.144.874;233;38000;334;0;1331;2026-01-20T15:44:58Z;ADSB;A35843;B739;N31412;UAL;UAL;BWI;KBWI;IAH;KIAH;2026-01-20T16:36:16Z
3dfc3057;AA2097;AAL2097;2.732.758;-8.519.504;294;38000;420;0;6073;2026-01-20T15:44:59Z;ADSB;A99D89;B77W;N719AN;AAL;AAL;MIA;KMIA;DFW;KDFW;2026-01-20T17:40:16Z
3dfbfc5c;DL8800;DAL8800;3.051.553;-8.425.318;132;39000;510;0;1012;2026-01-20T15:44:59Z;ADSB;ACB878;B739;N919DU;DAL;DAL;MSP;KMSP;MIA;KMIA;2026-01-20T16:35:01Z
3dfbeb3c;DL1368;DAL1368;3.267.674;-8.544.269;232;38000;296;-64;7177;2026-01-20T15:44:58Z;ADSB;A3D4C6;A319;N346NB;DAL;DAL;JFK;KJFK;MSY;KMSY;2026-01-20T16:32:00Z
3dfbe93a;UA1256;UAL1256;3.888.317;-9.866.907;266;38000;391;0;7125;2026-01-20T15:44:59Z;ADSB;A288FF;B738;N26210;UAL;UAL;CLT;KCLT;DEN;KDEN;2026-01-20T16:36:16Z
3dfb3347;UA838;UAL838;4.369.595;-13.297.075;125;39000;508;0;6266;2026-01-20T15:44:59Z;ESTIMATED;AA92FF;B772;N78008;UAL;UAL;NRT;RJAA;SFO;KSFO;2026-01-20T17:10:24Z
3dfbf396;UA1116;UAL1116;4.261.588;-11.172.384;248;38000;416;64;3657;2026-01-20T15:44:58Z;ADSB;A28947;B738;N26232;UAL;UAL;MSP;KMSP;SFO;KSFO;2026-01-20T17:14:40Z
3dfb37ee;DL188;DAL188;5.547.383;-15.627.957;78;39000;494;0;7454;2026-01-20T15:44:58Z;ADSB;A69822;A359;N524DN;DAL;DAL;ICN;RKSI;ATL;KATL;2026-01-20T22:13:20Z
3dfc2d74;AA249;AAL249;3.752.203;-9.216.413;219;38000;390;64;6277;2026-01-20T15:44:59Z;ADSB;A3CDE4;B38M;N344TS;AAL;AAL;ORD;KORD;MEX;MMMX;2026-01-20T18:40:00Z
3dfb54ee;BA117;BAW17R;4.399.075;-7.193.514;214;38000;390;64;751;2026-01-20T15:44:59Z;ADSB;400685;B772;G-VIIM;BAW;BAW;LHR;EGLL;JFK;KJFK;2026-01-20T16:32:00Z
3dfbb575;AA1349;AAL1349;3.321.069;-947.656;246;40000;353;64;565;2026-01-20T15:49:59Z;ADSB;ADC65E;B738;N987NN;AAL;AAL;JFK;KJFK;AUS;KAUS;2026-01-20T16:29:52Z
3dfbcb4e;DL2301;DAL2301;3.284.488;-8.656.391;150;39000;483;0;2637;2026-01-20T15:49:58Z;ADSB;A7824E;B753;N583NW;DAL;DAL;MSP;KMSP;TPA;KTPA;2026-01-20T16:44:48Z
3dfc602a;DL2582;DAL2582;3.518.628;-11.655.328;51;32450;431;1856;2062;2026-01-20T15:49:59Z;ADSB;A0757F;BCS1;N129DU;DAL;DAL;BUR;KBUR;SLC;KSLC;2026-01-20T16:59:44Z
3dfbebeb;DL8851;DAL8851;3.749.108;-9.937.325;292;40000;362;0;7120;2026-01-20T15:49:58Z;ADSB;A8DEF1;B752;N6706Q;DAL;DAL;ATL;KATL;DEN;KDEN;2026-01-20T16:41:07Z
3dfc6248;UA1384;UAL1384;3.801.586;-10.001.141;279;38000;384;128;2526;2026-01-20T15:49:58Z;ADSB;AC4107;A319;N889UA;UAL;UAL;ICT;KICT;DEN;KDEN;2026-01-20T16:40:32Z
3dfc1f4a;UA1666;UAL1666;3.923.213;-9.701.865;237;38000;377;0;4054;2026-01-20T15:49:58Z;ADSB;A3C775;B738;N34222;UAL;UAL;CVG;KCVG;DEN;KDEN;2026-01-20T16:55:28Z
3dfc46ab;DL853;DAL853;5.976.663;-14.257.205;125;39000;473;0;7270;2026-01-20T15:49:59Z;ADSB;A44502;B738;N3740C;DAL;DAL;ANC;PANC;SEA;KSEA;2026-01-20T18:12:16Z
3dfb8063;BA53;BAW5EA;6.840.623;-9.744.274;227;40000;519;64;2163;2026-01-20T15:49:59Z;ADSB;400774;B772;G-VIIW;BAW;BAW;LHR;EGLL;SEA;KSEA;2026-01-20T19:12:00Z
3dfc2269;UA1886;UAL1886;3.610.533;-8.015.974;53;38950;596;0;4026;2026-01-20T15:49:58Z;ADSB;A05A25;B752;N12125;UAL;UAL;IAH;KIAH;EWR;KEWR;2026-01-20T16:53:20Z
3dfb5cc2;KL689;KLM689;4.791.049;-8.146.334;222;39975;463;0;747;2026-01-20T15:49:59Z;ADSB;485785;B789;PH-BHN;KLM;KLM;AMS;EHAM;CUN;MMUN;2026-01-20T19:46:08Z
3dfb5a0f;KL661;KLM661;4.881.779;-8.018.864;223;36000;463;64;750;2026-01-20T15:49:58Z;ADSB;4851B0;B789;PH-BHE;KLM;KLM;AMS;EHAM;IAH;KIAH;2026-01-20T18:57:04Z
3dfc25be;AA2896;AAL2896;3.571.898;-7.664.898;206;38000;330;0;1164;2026-01-20T15:49:59Z;ADSB;A35388;B38M;N313SB;AAL;AAL;LGA;KLGA;FLL;KFLL;2026-01-20T17:23:12Z
3dfc18c5;AA3052;AAL3052;3.744.508;-7.668.684;193;36450;357;1408;555;2026-01-20T15:49:58Z;ADSB;AB4EA8;A319;N828AW;AAL;AAL;DCA;KDCA;FLL;KFLL;2026-01-20T17:40:16Z
3dfb5ea7;UA905;UAL905;4.710.471;-7.039.222;211;38000;389;0;711;2026-01-20T15:49:58Z;ADSB;A9178D;B763;N685UA;UAL;UAL;LHR;EGLL;EWR;KEWR;2026-01-20T17:08:16Z
3dfb6bff;AF636;AFR636P;5.520.755;-766.765;227;38000;477;0;756;2026-01-20T15:49:38Z;ADSB;39D2A6;A359;F-HUVG;AFR;AFR;CDG;LFPG;IAH;KIAH;2026-01-20T19:48:16Z
3dfc13ad;UA654;UAL654;3.138.606;-10.290.145;98;39000;514;0;1021;2026-01-20T15:49:59Z;ADSB;A0A8DF;B752;N14107;UAL;UAL;LAX;KLAX;IAH;KIAH;2026-01-20T16:49:04Z
3dfc3751;AA3139;AAL3139;3.205.467;-9.289.061;107;38450;553;384;3074;2026-01-20T15:49:59Z;ADSB;A0480B;A320;N117UW;AAL;AAL;DFW;KDFW;PNS;KPNS;2026-01-20T16:36:16Z
3dfab1a1;UA830;UAL830;3.501.436;-12.561.659;30;39000;513;0;2000;2026-01-20T15:49:58Z;ADSB;A1FCC5;B772;N227UA;UAL;UAL;SYD;YSSY;SFO;KSFO;2026-01-20T16:25:36Z
3dfc5bb8;AA882;AAL882;3.548.126;-11.440.436;305;38000;399;0;1523;2026-01-20T15:49:58Z;ADSB;AB5FDD;A319;N832AW;AAL;AAL;PHX;KPHX;RNO;KRNO;2026-01-20T16:53:20Z
3dfc31b9;DL2947;DAL2947;3.859.593;-1.208.625;171;39000;467;0;3535;2026-01-20T15:49:58Z;ADSB;A39E6B;A319;N332NB;;;PDX;KPDX;LAX;KLAX;2026-01-20T16:42:40Z
3dfc50ea;UA357;UAL357;3.559.435;-9.926.878;307;38000;371;0;6217;2026-01-20T15:49:59Z;ADSB;A43EA3;B738;N37274;UAL;UAL;DFW;KDFW;DEN;KDEN;2026-01-20T16:57:36Z
3dfc4a66;UA595;UAL595;3.593.285;-1.002.099;331;38000;388;-64;2752;2026-01-20T15:49:58Z;ADSB;A465DF;B738;N38257;UAL;UAL;AUS;KAUS;DEN;KDEN;2026-01-20T16:49:04Z
3dfb1d91;DL166;DAL166;507.724;-12.756.174;125;39000;531;0;7243;2026-01-20T15:49:58Z;ADSB;A65BB7;A359;N509DN;DAL;DAL;HND;RJTT;SEA;KSEA;2026-01-20T16:29:52Z
3dfb554c;KL601;KLM601;5.619.563;-10.453.706;201;35975;535;64;3351;2026-01-20T15:50:00Z;ADSB;485F84;B78X;PH-BKQ;KLM;KLM;AMS;EHAM;LAX;KLAX;2026-01-20T19:03:28Z
3dfb459f;DL57;DAL57;5.893.712;-1.000.274;203;40000;513;0;1742;2026-01-20T15:49:59Z;ADSB;AB00D6;A333;N808NW;DAL;DAL;AMS;EHAM;SLC;KSLC;2026-01-20T18:44:16Z
3dfc099d;AA2523;AAL2523;3.521.109;-8.034.164;199;38000;352;0;1573;2026-01-20T15:49:58Z;ADSB;A3B88E;B738;N339PL;AAL;AAL;PHL;KPHL;TPA;KTPA;2026-01-20T16:59:44Z
3dfbc8a3;UA4200;UAL4200;2.609.551;-7.855.996;5;41000;484;0;5746;2026-01-20T15:49:58Z;ADSB;A8EC57;B763;N674UA;UAL;UAL;MDE;SKRG;EWR;KEWR;2026-01-20T17:53:13Z
3dfc6318;AA2111;AAL2111;3.916.102;-7.677.888;225;38025;347;0;1666;2026-01-20T15:50:00Z;MLAT;AB7270;A319;N837AW;AAL;AAL;LGA;KLGA;CLT;KCLT;2026-01-20T16:44:48Z
3dfb55ab;DL33;DAL33;4.578.599;-7.289.923;223;40000;402;0;706;2026-01-20T15:49:58Z;ADSB;A50E93;A339;N425DX;DAL;DAL;LHR;EGLL;ATL;KATL;2026-01-20T18:14:24Z
3dfb6bb5;AF158;AFR158K;5.637.299;-7.405.798;228;36000;458;0;2403;2026-01-20T15:49:58Z;ADSB;3949F4;B772;F-GSPU;AFR;AFR;CDG;LFPG;DFW;KDFW;2026-01-20T19:44:00Z
3dfbe8e0;DL1794;DAL1794;2.939.122;-8.165.152;355;39000;426;0;4614;2026-01-20T15:49:59Z;ADSB;A93D9F;B752;N695DL;DAL;DAL;SJO;MROC;ATL;KATL;2026-01-20T16:42:40Z
3dfc0e0a;AA1283;AAL1283;3.054.955;-8.107.883;182;38000;406;-64;4074;2026-01-20T15:49:58Z;ADSB;A4008E;B38M;N357TY;AAL;AAL;IND;KIND;MIA;KMIA;2026-01-20T16:40:32Z
3dfbf6a5;AA3317;AAL3317;319.995;-8.059.666;208;40000;363;0;2750;2026-01-20T15:49:58Z;ADSB;ACF849;B738;N935AN;AAL;AAL;LGA;KLGA;PBI;KPBI;2026-01-20T16:40:32Z
3dfc61e8;UA2609;UAL2609;3.605.918;-998.119;316;40000;396;0;634;2026-01-20T15:49:59Z;ADSB;A43EA2;B738;N37273;UAL;UAL;OKC;KOKC;DEN;KDEN;2026-01-20T16:49:04Z
3dfc6077;UA1119;UAL1119;3.802.592;-10.364.619;139;35000;525;512;3536;2026-01-20T15:49:59Z;ADSB;A1CDD8;B772;N215UA;UAL;UAL;DEN;KDEN;CUN;MMUN;2026-01-20T18:48:32Z
3dfb53b3;UA6;UAL6;5.603.339;-14.090.498;93;38975;531;0;0;2026-01-20T15:49:58Z;ADSB;A31A76;B789;N29984;UAL;UAL;NRT;RJAA;IAH;KIAH;2026-01-20T20:39:28Z
3dfb71d2;LH454;DLH454;686.795;-9.959.395;219;36000;543;-64;1710;2026-01-20T15:49:59Z;ADSB;3C4B2A;B748;D-ABYJ;DLH;DLH;FRA;EDDF;SFO;KSFO;2026-01-20T20:09:36Z
3dfbe9c7;AA3193;AAL3193;3.555.529;-924.008;308;37975;365;-64;2031;2026-01-20T15:49:59Z;ADSB;AC7A33;A319;N9029F;AAL;AAL;MIA;KMIA;EGE;KEGE;2026-01-20T17:44:32Z
3dfc075e;AA2731;AAL2731;3.588.332;-8.897.118;246;37975;374;0;1120;2026-01-20T15:49:59Z;ADSB;AAE958;B788;N802AN;AAL;AAL;PHL;KPHL;DFW;KDFW;2026-01-20T17:01:52Z
3dfc1880;AA1293;AAL1293;3.487.698;-8.509.174;156;37000;463;0;5663;2026-01-20T15:49:58Z;ADSB;A3C291;B38M;N341RW;AAL;AAL;ORD;KORD;MCO;KMCO;2026-01-20T16:57:36Z
3dfc471c;AA1616;AAL1616;3.711.247;-8.474.519;299;38000;349;0;5751;2026-01-20T15:49:59Z;ADSB;AD8895;B738;N971NN;AAL;AAL;CLT;KCLT;MCI;KMCI;2026-01-20T17:14:40Z
3dfb80ef;LH456;DLH456;7.075.102;-9.371.674;221;32000;519;0;1310;2026-01-20T15:49:59Z;ADSB;3C4B2D;B748;D-ABYM;DLH;DLH;FRA;EDDF;LAX;KLAX;2026-01-20T20:54:24Z
3dfc29a2;UA3895;UAL3895;4.122.215;-8.246.426;273;40000;365;0;7155;2026-01-20T15:49:58Z;ADSB;A8E24D;B752;N67134;UAL;UAL;EWR;KEWR;AMA;KAMA;2026-01-20T18:03:44Z
3dfb5e2d;KL623;KLM623;4.791.385;-7.133.909;238;34000;434;-64;754;2026-01-20T15:49:57Z;ADSB;485E2E;B78X;PH-BKH;KLM;KLM;AMS;EHAM;ATL;KATL;2026-01-20T18:33:36Z
3dfc21cf;DL830;DAL830;3.351.403;-9.355.935;270;40000;365;0;2001;2026-01-20T15:49:59Z;ADSB;ABD018;A332;N860NW;DAL;DAL;ATL;KATL;SLC;KSLC;2026-01-20T18:16:32Z
3dfb9bef;UA2115;UAL2115;3.961.871;-11.165.596;253;38000;421;0;7172;2026-01-20T15:49:57Z;ADSB;A16E7D;B752;N19117;UAL;UAL;EWR;KEWR;SFO;KSFO;2026-01-20T17:12:32Z
3dfb2fe8;DL120;DAL120;5.619.511;-13.111.192;107;41000;543;0;7425;2026-01-20T15:49:59Z;ADSB;A68946;A359;N520DN;DAL;DAL;HND;RJTT;MSP;KMSP;2026-01-20T18:57:04Z
3dfbb609;DL966;DAL966;4.759.133;-11.709.566;275;40000;398;0;4021;2026-01-20T15:49:59Z;ADSB;A4A0CD;B738;N398DA;DAL;DAL;CVG;KCVG;SEA;KSEA;2026-01-20T16:32:00Z
3dfb1035;DL274;DAL274;5.401.231;-11.713.623;121;41000;550;0;1337;2026-01-20T15:49:59Z;ADSB;A65800;A359;N508DN;DAL;DAL;HND;RJTT;DTW;KDTW;2026-01-20T18:44:16Z
3dfbfe28;UA3929;UAL3929;4.021.922;-9.869.468;90;41000;521;0;3220;2026-01-20T15:49:59Z;ADSB;A2E045;B739;N28478;UAL;UAL;SFO;KSFO;IAD;KIAD;2026-01-20T17:53:04Z
3dfb5b3f;KL605;KLM373;601.305;-11.084.803;205;37975;539;64;1307;2026-01-20T15:49:58Z;ADSB;486071;B78X;PH-BKL;KLM;KLM;AMS;EHAM;SFO;KSFO;2026-01-20T18:57:04Z
3dfb6660;AF338;AFR338;6.556.612;-10.414.705;218;40000;525;0;3322;2026-01-20T15:49:59Z;ADSB;39D2B3;A359;F-HUVT;AFR;AFR;CDG;LFPG;SEA;KSEA;2026-01-20T18:35:44Z
3dfc2a84;AA1172;AAL1172;3.699.986;-8.438.372;137;39000;521;0;1377;2026-01-20T15:49:59Z;ADSB;AAEF89;A319;N8031M;AAL;AAL;ORD;KORD;STT;TIST;2026-01-20T19:14:08Z
3dfc08be;DL713;DAL713;3.986.491;-8.930.145;264;40000;389;0;7106;2026-01-20T15:49:58Z;ADSB;ABCA08;A332;N859NW;DAL;DAL;JFK;KJFK;LAX;KLAX;2026-01-20T19:33:20Z
3dfbef7c;UA297;UAL297;457.284;-9.377.339;280;38000;387;0;3054;2026-01-20T15:49:59Z;ADSB;A2B10C;B38M;N27252;UAL;UAL;EWR;KEWR;BZN;KBZN;2026-01-20T17:48:48Z
3df77bd0;DL274;DAL274;4.221.032;-8.335.699;118;0;0;0;6527;2026-01-20T15:49:58Z;ADSB;A661C7;A359;N510DN;DAL;DAL;HND;RJTT;DTW;KDTW;2026-01-19T18:59:44Z
3dfc1af7;AA1688;AAL1688;39.639;-7.611.475;230;37975;335;0;3461;2026-01-20T15:49:59Z;ADSB;ADECA5;A321;N997AA;AAL;AAL;BOS;KBOS;CLT;KCLT;2026-01-20T16:49:04Z
3dfc5de4;AA142;AAL142;4.282.019;-7.071.101;49;39000;608;0;2610;2026-01-20T15:49:59Z;ADSB;AACAA5;B772;N795AN;AAL;AAL;JFK;KJFK;LHR;EGLL;2026-01-20T21:37:04Z
3dfb6eb6;BA175;BAW7NY;4.750.768;-6.714.947;218;38000;410;0;763;2026-01-20T15:49:58Z;ADSB;4005C1;B772;G-RAES;BAW;BAW;LHR;EGLL;JFK;KJFK;2026-01-20T17:14:40Z
3dfc5ca0;DL1112;DAL1112;3.349.608;-11.665.063;91;35550;476;1408;6736;2026-01-20T15:49:59Z;ADSB;A4463E;B738;N3749D;DAL;DAL;LAX;KLAX;MSY;KMSY;2026-01-20T18:44:16Z
3dfc35bc;AA1766;AAL1766;3.360.681;-9.457.087;68;37200;576;1216;3065;2026-01-20T15:49:59Z;ADSB;AD1986;B738;N943NN;AAL;AAL;DFW;KDFW;JFK;KJFK;2026-01-20T18:25:04Z
3dfbf6a2;UA1898;UAL1898;3.372.363;-9.189.503;233;38000;331;0;1331;2026-01-20T15:49:59Z;ADSB;A35843;B739;N31412;UAL;UAL;BWI;KBWI;IAH;KIAH;2026-01-20T16:36:16Z
3dfc3057;AA2097;AAL2097;275.633;-8.578.732;293;38000;418;0;6073;2026-01-20T15:49:56Z;ADSB;A99D89;B77W;N719AN;AAL;AAL;MIA;KMIA;DFW;KDFW;2026-01-20T17:40:16Z
3dfbeb3c;DL1368;DAL1368;3.242.715;-8.582.871;232;38000;296;-64;7177;2026-01-20T15:49:58Z;ADSB;A3D4C6;A319;N346NB;DAL;DAL;JFK;KJFK;MSY;KMSY;2026-01-20T16:36:16Z
3dfbfc5c;DL8800;DAL8800;2.996.782;-8.380.761;150;39000;479;0;1012;2026-01-20T15:49:59Z;ADSB;ACB878;B739;N919DU;DAL;DAL;MSP;KMSP;MIA;KMIA;2026-01-20T16:38:13Z
3dfbe93a;UA1256;UAL1256;3.884.862;-9.936.907;270;38000;394;0;7125;2026-01-20T15:50:00Z;ADSB;A288FF;B738;N26210;UAL;UAL;CLT;KCLT;DEN;KDEN;2026-01-20T16:36:16Z
3dfb3347;UA838;UAL838;4.329.903;-13.218.732;125;39000;508;0;6266;2026-01-20T15:49:53Z;ESTIMATED;AA92FF;B772;N78008;UAL;UAL;NRT;RJAA;SFO;KSFO;2026-01-20T17:10:24Z
3dfbf396;UA1116;UAL1116;4.240.695;-11.244.357;248;38000;410;-64;3657;2026-01-20T15:49:58Z;ADSB;A28947;B738;N26232;UAL;UAL;MSP;KMSP;SFO;KSFO;2026-01-20T17:14:40Z
3dfb37ee;DL188;DAL188;5.559.953;-15.508.833;79;39000;502;0;7454;2026-01-20T15:49:56Z;ADSB;A69822;A359;N524DN;DAL;DAL;ICN;RKSI;ATL;KATL;2026-01-20T22:09:04Z
3dfc4469;AA2581;AAL2581;3.455.735;-9.592.827;40;31300;506;1600;3044;2026-01-20T15:49:59Z;ADSB;AD3FD9;B738;N953AN;AAL;AAL;DFW;KDFW;MKE;KMKE;2026-01-20T17:25:20Z
3dfc2d74;AA249;AAL249;3.710.371;-925.895;219;38000;392;-64;6277;2026-01-20T15:50:00Z;ADSB;A3CDE4;B38M;N344TS;AAL;AAL;ORD;KORD;MEX;MMMX;2026-01-20T18:37:52Z
3dfb76b5;AF84;AFR84T;6.695.267;-8.582.755;242;34000;491;0;0;2026-01-20T15:49:54Z;ESTIMATED;3965A0;B77W;F-GZNA;AFR;AFR;CDG;LFPG;SFO;KSFO;2026-01-20T20:43:44Z
3dfb54ee;BA117;BAW17R;4.354.692;-7.236.043;214;38000;387;0;751;2026-01-20T15:49:59Z;ADSB;400685;B772;G-VIIM;BAW;BAW;LHR;EGLL;JFK;KJFK;2026-01-20T16:32:00Z
3dfbb575;AA1349;AAL1349;3.301.345;-952.865;245;40000;345;0;565;2026-01-20T15:54:59Z;ADSB;ADC65E;B738;N987NN;AAL;AAL;JFK;KJFK;AUS;KAUS;2026-01-20T16:32:00Z
3dfbcb4e;DL2301;DAL2301;3.226.326;-8.617.844;150;39000;479;0;2637;2026-01-20T15:54:58Z;ADSB;A7824E;B753;N583NW;DAL;DAL;MSP;KMSP;TPA;KTPA;2026-01-20T16:44:48Z
3dfc602a;DL2582;DAL2582;3.555.976;-11.597.758;51;37325;440;512;2062;2026-01-20T15:54:57Z;ADSB;A0757F;BCS1;N129DU;DAL;DAL;BUR;KBUR;SLC;KSLC;2026-01-20T16:57:36Z
3dfbebeb;DL8851;DAL8851;3.767.905;-999.597;291;40000;361;0;7120;2026-01-20T15:54:58Z;ADSB;A8DEF1;B752;N6706Q;DAL;DAL;ATL;KATL;DEN;KDEN;2026-01-20T16:40:32Z
3dfc6248;UA1384;UAL1384;3.809.921;-10.066.603;278;37950;376;64;2526;2026-01-20T15:54:57Z;ADSB;AC4107;A319;N889UA;UAL;UAL;ICT;KICT;DEN;KDEN;2026-01-20T16:36:16Z
3dfc1f4a;UA1666;UAL1666;3.893.889;-9.759.615;241;38025;386;64;4054;2026-01-20T15:54:58Z;ADSB;A3C775;B738;N34222;UAL;UAL;CVG;KCVG;DEN;KDEN;2026-01-20T16:53:20Z
3dfc46ab;DL853;DAL853;5.939.182;-14.152.423;125;39000;485;0;7270;2026-01-20T15:54:55Z;ADSB;A44502;B738;N3740C;DAL;DAL;ANC;PANC;SEA;KSEA;2026-01-20T18:16:32Z
3dfb8063;BA53;BAW5EA;6.791.571;-9.886.544;226;40000;523;0;2163;2026-01-20T15:54:59Z;ADSB;400774;B772;G-VIIW;BAW;BAW;LHR;EGLL;SEA;KSEA;2026-01-20T19:09:52Z
3dfb5cc2;KL689;KLM689;4.743.608;-8.210.477;222;40000;462;0;747;2026-01-20T15:54:58Z;ADSB;485785;B789;PH-BHN;KLM;KLM;AMS;EHAM;CUN;MMUN;2026-01-20T19:46:08Z
3dfb5a0f;KL661;KLM661;4.835.153;-8.085.186;222;35975;464;0;750;2026-01-20T15:54:58Z;ADSB;4851B0;B789;PH-BHE;KLM;KLM;AMS;EHAM;IAH;KIAH;2026-01-20T19:01:20Z
3dfc25be;AA2896;AAL2896;3.530.484;-7.690.247;206;38000;337;0;1164;2026-01-20T15:54:58Z;ADSB;A35388;B38M;N313SB;AAL;AAL;LGA;KLGA;FLL;KFLL;2026-01-20T17:25:20Z
3dfc2269;UA1886;UAL1886;3.659.155;-7.932.994;54;38950;595;64;4026;2026-01-20T15:54:58Z;ADSB;A05A25;B752;N12125;UAL;UAL;IAH;KIAH;EWR;KEWR;2026-01-20T16:53:20Z
3dfc18c5;AA3052;AAL3052;3.695.183;-7.683.534;193;38050;363;0;555;2026-01-20T15:54:58Z;ADSB;AB4EA8;A319;N828AW;AAL;AAL;DCA;KDCA;FLL;KFLL;2026-01-20T17:44:32Z
3dfb5ea7;UA905;UAL905;4.663.934;-7.080.186;211;38000;394;0;711;2026-01-20T15:54:58Z;ADSB;A9178D;B763;N685UA;UAL;UAL;LHR;EGLL;EWR;KEWR;2026-01-20T17:08:16Z
3dfb6bff;AF636;AFR636P;5.471.832;-7.758.165;226;38000;472;0;756;2026-01-20T15:54:58Z;ADSB;39D2A6;A359;F-HUVG;AFR;AFR;CDG;LFPG;IAH;KIAH;2026-01-20T19:46:08Z
3dfc13ad;UA654;UAL654;3.129.642;-10.206.837;96;39000;525;0;1021;2026-01-20T15:54:58Z;ADSB;A0A8DF;B752;N14107;UAL;UAL;LAX;KLAX;IAH;KIAH;2026-01-20T16:49:04Z
3dfc3751;AA3139;AAL3139;3.181.873;-920.369;108;39000;553;0;3074;2026-01-20T15:54:57Z;ADSB;A0480B;A320;N117UW;AAL;AAL;DFW;KDFW;PNS;KPNS;2026-01-20T16:36:16Z
3dfab1a1;UA830;UAL830;3.562.243;-12.517.407;30;39000;513;0;1422;2026-01-20T15:54:56Z;ADSB;A1FCC5;B772;N227UA;UAL;UAL;SYD;YSSY;SFO;KSFO;2026-01-20T16:25:36Z
3dfc5bb8;AA882;AAL882;3.580.025;-11.495.656;305;38000;396;0;1523;2026-01-20T15:54:58Z;ADSB;AB5FDD;A319;N832AW;AAL;AAL;PHX;KPHX;RNO;KRNO;2026-01-20T16:51:12Z
3dfc31b9;DL2947;DAL2947;379.539;-12.074.786;172;38975;468;128;3535;2026-01-20T15:54:57Z;ADSB;A39E6B;A319;N332NB;;;PDX;KPDX;LAX;KLAX;2026-01-20T16:44:48Z
3dfc50ea;UA357;UAL357;3.594.382;-9.971.664;317;38000;368;0;6217;2026-01-20T15:54:57Z;ADSB;A43EA3;B738;N37274;UAL;UAL;DFW;KDFW;DEN;KDEN;2026-01-20T16:57:36Z
3dfc4a66;UA595;UAL595;3.649.407;-1.002.589;4;38000;422;0;2752;2026-01-20T15:54:57Z;ADSB;A465DF;B738;N38257;UAL;UAL;AUS;KAUS;DEN;KDEN;2026-01-20T16:46:56Z
3dfb1d91;DL166;DAL166;5.034.178;-12.664.367;127;39000;523;-64;7243;2026-01-20T15:54:57Z;ADSB;A65BB7;A359;N509DN;DAL;DAL;HND;RJTT;SEA;KSEA;2026-01-20T16:29:52Z
3dfb554c;KL601;KLM601;5.550.966;-1.050.243;201;36000;536;512;3351;2026-01-20T15:54:58Z;ADSB;485F84;B78X;PH-BKQ;KLM;KLM;AMS;EHAM;LAX;KLAX;2026-01-20T19:03:28Z
3dfb459f;DL57;DAL57;5.826.264;-10.041.376;196;40000;516;0;1742;2026-01-20T15:54:57Z;ADSB;AB00D6;A333;N808NW;DAL;DAL;AMS;EHAM;SLC;KSLC;2026-01-20T18:31:28Z
3dfc099d;AA2523;AAL2523;3.474.194;-8.054.208;199;38000;363;0;1573;2026-01-20T15:54:58Z;ADSB;A3B88E;B738;N339PL;AAL;AAL;PHL;KPHL;TPA;KTPA;2026-01-20T17:01:52Z
3dfbc8a3;UA4200;UAL4200;2.676.898;-78.483;5;41025;489;0;5746;2026-01-20T15:54:58Z;ADSB;A8EC57;B763;N674UA;UAL;UAL;MDE;SKRG;EWR;KEWR;2026-01-20T17:53:25Z
3dfc6318;AA2111;AAL2111;3.882.415;-7.721.423;225;38000;347;64;1666;2026-01-20T15:54:58Z;MLAT;AB7270;A319;N837AW;AAL;AAL;LGA;KLGA;CLT;KCLT;2026-01-20T16:44:48Z
3dfb55ab;DL33;DAL33;4.538.099;-7.343.717;222;40000;395;0;706;2026-01-20T15:54:57Z;ADSB;A50E93;A339;N425DX;DAL;DAL;LHR;EGLL;ATL;KATL;2026-01-20T18:18:40Z
3dfb6bb5;AF158;AFR158K;5.594.769;-7.490.645;227;36000;460;0;2403;2026-01-20T15:54:59Z;ADSB;3949F4;B772;F-GSPU;AFR;AFR;CDG;LFPG;DFW;KDFW;2026-01-20T19:41:52Z
3dfc1880;AA1293;AAL1293;3.428.165;-8.477.572;156;38200;473;448;5663;2026-01-20T15:54:57Z;ADSB;A3C291;B38M;N341RW;AAL;AAL;ORD;KORD;MCO;KMCO;2026-01-20T16:57:36Z
3dfbe8e0;DL1794;DAL1794;2.998.178;-8.170.624;355;39000;440;0;4614;2026-01-20T15:54:57Z;ADSB;A93D9F;B752;N695DL;DAL;DAL;SJO;MROC;ATL;KATL;2026-01-20T16:40:32Z
3dfc0e0a;AA1283;AAL1283;2.998.476;-8.111.243;182;38000;406;0;4074;2026-01-20T15:54:57Z;ADSB;A4008E;B38M;N357TY;AAL;AAL;IND;KIND;MIA;KMIA;2026-01-20T16:40:32Z
3dfbf6a5;AA3317;AAL3317;3.155.329;-8.087.459;208;40000;365;0;2750;2026-01-20T15:54:58Z;ADSB;ACF849;B738;N935AN;AAL;AAL;LGA;KLGA;PBI;KPBI;2026-01-20T16:44:48Z
3dfc61e8;UA2609;UAL2609;3.644.528;-10.026.117;316;40000;383;0;634;2026-01-20T15:54:57Z;ADSB;A43EA2;B738;N37273;UAL;UAL;OKC;KOKC;DEN;KDEN;2026-01-20T16:51:12Z
3dfc6077;UA1119;UAL1119;3.748.004;-10.304.743;139;37000;519;64;3536;2026-01-20T15:54:59Z;ADSB;A1CDD8;B772;N215UA;UAL;UAL;DEN;KDEN;CUN;MMUN;2026-01-20T18:48:32Z
3dfb53b3;UA6;UAL6;5.593.824;-13.959.572;105;39000;537;0;5721;2026-01-20T15:54:58Z;ADSB;A31A76;B789;N29984;UAL;UAL;NRT;RJAA;IAH;KIAH;2026-01-20T20:39:28Z
3dfb71d2;LH454;DLH454;6.810.873;-10.087.696;219;36000;539;0;1710;2026-01-20T15:54:57Z;ADSB;3C4B2A;B748;D-ABYJ;DLH;DLH;FRA;EDDF;SFO;KSFO;2026-01-20T20:09:36Z
3dfbe9c7;AA3193;AAL3193;359.062;-9.284.431;326;38000;376;0;2031;2026-01-20T15:54:57Z;ADSB;AC7A33;A319;N9029F;AAL;AAL;MIA;KMIA;EGE;KEGE;2026-01-20T17:50:56Z
3dfc075e;AA2731;AAL2731;3.567.442;-8.955.119;245;38000;372;0;1120;2026-01-20T15:54:59Z;ADSB;AAE958;B788;N802AN;AAL;AAL;PHL;KPHL;DFW;KDFW;2026-01-20T17:01:52Z
3dfc471c;AA1616;AAL1616;373.483;-8.527.091;299;38000;351;-64;5751;2026-01-20T15:54:57Z;ADSB;AD8895;B738;N971NN;AAL;AAL;CLT;KCLT;MCI;KMCI;2026-01-20T17:14:40Z
3dfb80ef;LH456;DLH456;7.020.895;-9.513.322;220;32000;524;128;1310;2026-01-20T15:54:58Z;ADSB;3C4B2D;B748;D-ABYM;DLH;DLH;FRA;EDDF;LAX;KLAX;2026-01-20T20:52:16Z
3dfc29a2;UA3895;UAL3895;4.123.489;-8.313.959;264;40000;369;0;7155;2026-01-20T15:54:58Z;ADSB;A8E24D;B752;N67134;UAL;UAL;EWR;KEWR;AMA;KAMA;2026-01-20T18:03:44Z
3dfbfb71;DL1930;DAL1930;2.802.052;-674.249;166;39000;440;0;3060;2026-01-20T15:54:57Z;ESTIMATED;A8DE10;B752;N6700;;;JFK;KJFK;STT;TIST;2026-01-20T17:18:56Z
3dfb5e2d;KL623;KLM623;4.759.213;-7.210.382;237;34000;440;-192;754;2026-01-20T15:54:58Z;ADSB;485E2E;B78X;PH-BKH;KLM;KLM;AMS;EHAM;ATL;KATL;2026-01-20T18:31:28Z
3dfa9c2b;DL42;DAL42;2.949.559;-12.526.972;57;41000;525;0;2000;2026-01-20T15:54:57Z;ESTIMATED;A6A347;A359;N527DN;DAL;DAL;SYD;YSSY;LAX;KLAX;2026-01-20T17:01:52Z
3dfc21cf;DL830;DAL830;3.351.989;-9.416.068;274;40000;363;0;2001;2026-01-20T15:54:59Z;ADSB;ABD018;A332;N860NW;DAL;DAL;ATL;KATL;SLC;KSLC;2026-01-20T18:18:40Z
3dfb9bef;UA2115;UAL2115;3.945.007;-11.237.163;252;38000;415;0;7172;2026-01-20T15:54:57Z;ADSB;A16E7D;B752;N19117;UAL;UAL;EWR;KEWR;SFO;KSFO;2026-01-20T17:12:32Z
3dfb2fe8;DL120;DAL120;560.517;-12.979.456;100;41000;545;0;7425;2026-01-20T15:54:58Z;ADSB;A68946;A359;N520DN;DAL;DAL;HND;RJTT;MSP;KMSP;2026-01-20T18:57:04Z
3dfbb609;DL966;DAL966;4.764.409;-11.790.617;275;40000;402;0;4021;2026-01-20T15:54:57Z;ADSB;A4A0CD;B738;N398DA;DAL;DAL;CVG;KCVG;SEA;KSEA;2026-01-20T16:32:00Z
3dfb1035;DL274;DAL274;5.360.677;-11.604.996;122;41000;554;-64;1337;2026-01-20T15:54:57Z;ADSB;A65800;A359;N508DN;DAL;DAL;HND;RJTT;DTW;KDTW;2026-01-20T18:42:08Z
3dfbfe28;UA3929;UAL3929;4.020.506;-977.547;91;41000;526;0;3220;2026-01-20T15:54:58Z;ADSB;A2E045;B739;N28478;UAL;UAL;SFO;KSFO;IAD;KIAD;2026-01-20T17:53:04Z
3dfb5b3f;KL605;KLM373;5.945.393;-11.147.406;204;38000;542;-64;1307;2026-01-20T15:54:58Z;ADSB;486071;B78X;PH-BKL;KLM;KLM;AMS;EHAM;SFO;KSFO;2026-01-20T18:57:04Z
3dfb6660;AF338;AFR338;6.499.255;-10.522.298;217;40000;532;0;3322;2026-01-20T15:54:59Z;ADSB;39D2B3;A359;F-HUVT;AFR;AFR;CDG;LFPG;SEA;KSEA;2026-01-20T18:35:44Z
3dfc2a84;AA1172;AAL1172;3.647.136;-8.379.147;138;39000;514;0;1377;2026-01-20T15:54:57Z;ADSB;AAEF89;A319;N8031M;AAL;AAL;ORD;KORD;STT;TIST;2026-01-20T19:14:08Z
3dfc08be;DL713;DAL713;3.981.361;-8.999.817;264;40000;390;0;7106;2026-01-20T15:54:58Z;ADSB;ABCA08;A332;N859NW;DAL;DAL;JFK;KJFK;LAX;KLAX;2026-01-20T19:31:12Z
3dfbef7c;UA297;UAL297;4.582.453;-9.452.122;280;38000;386;0;3054;2026-01-20T15:54:58Z;ADSB;A2B10C;B38M;N27252;UAL;UAL;EWR;KEWR;BZN;KBZN;2026-01-20T17:48:48Z
3df77bd0;DL274;DAL274;4.221.032;-8.335.699;118;0;0;0;6527;2026-01-20T15:54:58Z;ADSB;A661C7;A359;N510DN;DAL;DAL;HND;RJTT;DTW;KDTW;2026-01-19T18:59:44Z
3dfc1af7;AA1688;AAL1688;3.932.742;-7.656.384;225;37975;338;-64;3461;2026-01-20T15:54:58Z;ADSB;ADECA5;A321;N997AA;AAL;AAL;BOS;KBOS;CLT;KCLT;2026-01-20T16:49:04Z
3dfc5de4;AA142;AAL142;4.335.745;-6.983.498;50;39000;610;0;2610;2026-01-20T15:54:57Z;ADSB;AACAA5;B772;N795AN;AAL;AAL;JFK;KJFK;LHR;EGLL;2026-01-20T21:37:04Z
3dfb6eb6;BA175;BAW7NY;4.702.842;-6.761.557;211;38000;415;0;763;2026-01-20T15:54:58Z;ADSB;4005C1;B772;G-RAES;BAW;BAW;LHR;EGLL;JFK;KJFK;2026-01-20T17:14:40Z
3dfc5ca0;DL1112;DAL1112;3.343.721;-11.584.853;97;38975;500;64;6736;2026-01-20T15:54:58Z;ADSB;A4463E;B738;N3749D;DAL;DAL;LAX;KLAX;MSY;KMSY;2026-01-20T18:42:08Z
3dfbf6a2;UA1898;UAL1898;3.344.875;-9.233.784;233;38000;335;0;1331;2026-01-20T15:54:58Z;ADSB;A35843;B739;N31412;UAL;UAL;BWI;KBWI;IAH;KIAH;2026-01-20T16:38:24Z
3dfc35bc;AA1766;AAL1766;3.395.059;-9.375.357;60;39000;545;0;3065;2026-01-20T15:54:57Z;ADSB;AD1986;B738;N943NN;AAL;AAL;DFW;KDFW;JFK;KJFK;2026-01-20T18:25:04Z
3dfc3057;AA2097;AAL2097;2.779.453;-8.637.704;293;38000;415;0;6073;2026-01-20T15:54:55Z;ADSB;A99D89;B77W;N719AN;AAL;AAL;MIA;KMIA;DFW;KDFW;2026-01-20T17:40:16Z
3dfbeb3c;DL1368;DAL1368;3.217.621;-8.621.246;232;38025;298;-64;7177;2026-01-20T15:54:57Z;ADSB;A3D4C6;A319;N346NB;DAL;DAL;JFK;KJFK;MSY;KMSY;2026-01-20T16:38:24Z
3dfbfc5c;DL8800;DAL8800;2.939.305;-8.343.139;150;39000;477;0;1012;2026-01-20T15:54:57Z;ADSB;ACB878;B739;N919DU;DAL;DAL;MSP;KMSP;MIA;KMIA;2026-01-20T16:38:09Z
3dfbe93a;UA1256;UAL1256;3.885.411;-10.006.676;270;38000;396;0;7125;2026-01-20T15:54:57Z;ADSB;A288FF;B738;N26210;UAL;UAL;CLT;KCLT;DEN;KDEN;2026-01-20T16:36:16Z
3dfb3347;UA838;UAL838;4.284.093;-13.145.204;127;39000;507;0;6266;2026-01-20T15:54:57Z;ESTIMATED;AA92FF;B772;N78008;UAL;UAL;NRT;RJAA;SFO;KSFO;2026-01-20T17:10:24Z
3dfbf396;UA1116;UAL1116;4.219.533;-113.152;247;38000;414;-64;3657;2026-01-20T15:54:58Z;ADSB;A28947;B738;N26232;UAL;UAL;MSP;KMSP;SFO;KSFO;2026-01-20T17:16:48Z
3dfb37ee;DL188;DAL188;557.146;-15.387.967;80;39000;495;0;7454;2026-01-20T15:54:56Z;ADSB;A69822;A359;N524DN;DAL;DAL;ICN;RKSI;ATL;KATL;2026-01-20T22:11:12Z
3dfc4469;AA2581;AAL2581;3.508.368;-9.537.586;40;37650;491;640;3044;2026-01-20T15:54:58Z;ADSB;AD3FD9;B738;N953AN;AAL;AAL;DFW;KDFW;MKE;KMKE;2026-01-20T17:23:12Z
3dfc2d74;AA249;AAL249;3.667.859;-9.301.586;218;38025;397;64;6277;2026-01-20T15:54:58Z;ADSB;A3CDE4;B38M;N344TS;AAL;AAL;ORD;KORD;MEX;MMMX;2026-01-20T18:40:00Z
3dfb76b5;AF84;AFR84T;6.662.448;-8.735.789;240;34000;491;0;0;2026-01-20T15:54:57Z;ESTIMATED;3965A0;B77W;F-GZNA;AFR;AFR;CDG;LFPG;SFO;KSFO;2026-01-20T20:43:44Z
3dfb54ee;BA117;BAW17R;4.310.695;-7.277.455;214;38000;389;0;751;2026-01-20T15:54:58Z;ADSB;400685;B772;G-VIIM;BAW;BAW;LHR;EGLL;JFK;KJFK;2026-01-20T16:34:08Z
3dfb79f6;BA195;BAW26E;5.192.236;-7.334.975;236;38000;452;0;767;2026-01-20T15:54:53Z;ADSB;40749B;B789;G-ZBKR;BAW;BAW;LHR;EGLL;IAH;KIAH;2026-01-20T20:01:04Z
3dfb94e0;AA1593;AAL1593;2.943.782;-9.146.857;101;37000;538;0;2513;2026-01-20T11:59:59Z;ADSB;ADD667;B738;N991AN;AAL;AAL;AUS;KAUS;MIA;KMIA;2026-01-20T13:28:32Z
3dfafd06;AA246;AAL246;3.278.513;-12.239.484;68;37000;500;0;3766;2026-01-20T11:59:59Z;ADSB;A4B41C;A21N;N402AN;AAL;AAL;KOA;PHKO;LAX;KLAX;2026-01-20T12:33:04Z
3dfb0e8d;AA102;AAL102;3.264.964;-11.003.307;93;37000;534;0;3721;2026-01-20T11:59:59Z;ADSB;AAA326;B772;N785AN;AAL;AAL;HNL;PHNL;DFW;KDFW;2026-01-20T13:24:16Z
3dfb9759;AA1868;AAL1868;3.477.974;-9.119.465;68;37000;589;0;2372;2026-01-20T11:59:58Z;ADSB;AB20DF;B738;N816NN;AAL;AAL;DFW;KDFW;DCA;KDCA;2026-01-20T13:32:48Z
3dfba08c;WN1167;SWA1167;3.560.888;-8.329.133;333;40000;407;0;2663;2026-01-20T12:00:00Z;ADSB;AC24E4;B38M;N8817L;SWA;SWA;SAV;KSAV;MDW;KMDW;2026-01-20T13:15:44Z
3dfb8dcd;DL1183;DAL1183;3.560.646;-8.205.276;226;37925;321;-768;1635;2026-01-20T11:59:59Z;ADSB;A335F4;A321;N306DN;DAL;DAL;PHL;KPHL;ATL;KATL;2026-01-20T12:33:04Z
3dfb9126;WN2715;SWA2715;3.700.931;-8.539.864;156;39000;477;64;6565;2026-01-20T11:59:59Z;ADSB;AC08B1;B38M;N8748Q;SWA;SWA;MDW;KMDW;MCO;KMCO;2026-01-20T13:24:16Z
3dfb92dd;WN1585;SWA1585;3.793.657;-8.271.677;250;40000;336;0;2401;2026-01-20T11:59:58Z;ADSB;AC0C8B;B38M;N8759Q;SWA;SWA;DCA;KDCA;DAL;KDAL;2026-01-20T14:04:48Z
3dfb948f;WN1350;SWA1350;3.825.993;-8.152.853;251;40025;334;64;3603;2026-01-20T11:59:58Z;ADSB;AC5A4A;B38M;N8950L;SWA;SWA;DCA;KDCA;BNA;KBNA;2026-01-20T12:50:08Z
3dfb90e7;WN1549;SWA1549;386.765;-8.217.391;315;40000;371;-64;7001;2026-01-20T11:59:59Z;ADSB;AC2038;B38M;N8800L;SWA;SWA;RDU;KRDU;MDW;KMDW;2026-01-20T12:58:40Z
3dfb5365;UA1959;UAL1959;4.745.622;-11.342.992;141;37000;532;0;4145;2026-01-20T11:59:58Z;ADSB;A44212;B38M;N37352;UAL;UAL;ANC;PANC;DEN;KDEN;2026-01-20T13:20:00Z
3dfaadbc;DL68;DAL68;5.158.658;-1.339.843;114;39000;511;0;1403;2026-01-20T11:59:59Z;ADSB;A66935;A359;N512DN;DAL;DAL;TPE;RCTP;SEA;KSEA;2026-01-20T13:09:20Z
3dfb39e6;UA2416;UAL2416;4.188.677;-8.148.221;97;35000;530;0;3243;2026-01-20T11:59:59Z;ADSB;A11FA3;B752;N17128;UAL;UAL;SFO;KSFO;EWR;KEWR;2026-01-20T12:48:00Z
3dfb9ec2;DL2286;DAL2286;3.882.312;-7.760.474;228;38000;329;0;3322;2026-01-20T11:59:58Z;ADSB;A988F0;B752;N713TW;DAL;DAL;JFK;KJFK;ATL;KATL;2026-01-20T13:15:44Z
3dfba63f;DL1330;DAL1330;4.327.496;-7.540.695;271;36025;359;-128;3554;2026-01-20T11:59:58Z;ADSB;A41C56;A319;N364NB;DAL;DAL;BDL;KBDL;MSP;KMSP;2026-01-20T14:11:12Z
3dfa7178;UA870;UAL870;2.111.782;-1.352.197;33;35000;572;0;2000;2026-01-20T11:59:59Z;ESTIMATED;AA6BA4;B772;N77019;UAL;UAL;SYD;YSSY;SFO;KSFO;2026-01-20T14:24:00Z
3dfb951c;AA1604;AAL1604;2.882.761;-9.086.533;99;39000;528;0;2544;2026-01-20T11:59:59Z;ADSB;A3D90A;B38M;N347TT;AAL;AAL;SAT;KSAT;MIA;KMIA;2026-01-20T13:24:16Z
3dfba948;DL2497;DAL2497;3.216.951;-9.431.493;50;37000;543;0;2420;2026-01-20T11:59:58Z;ADSB;A423C4;A319;N366NB;DAL;DAL;SAT;KSAT;DTW;KDTW;2026-01-20T13:54:08Z
3dfbb55e;UA1309;UAL1309;2.977.951;-826.908;1;35000;476;0;1477;2026-01-20T12:00:00Z;ADSB;A44257;B38M;N37371;UAL;UAL;SRQ;KSRQ;EWR;KEWR;2026-01-20T13:56:16Z
3dfb9252;WN2272;SWA2272;3.397.801;-8.429.356;157;39000;470;0;6615;2026-01-20T11:59:59Z;ADSB;AC7C52;B737;N903WN;SWA;SWA;IND;KIND;MCO;KMCO;2026-01-20T12:58:40Z
3dfb8c4a;AA1232;AAL1232;3.334.332;-7.781.487;192;38000;377;0;537;2026-01-20T11:59:59Z;ADSB;A3B50F;B38M;N338RS;AAL;AAL;DCA;KDCA;MIA;KMIA;2026-01-20T13:09:20Z
3dfba4b8;DL1389;DAL1389;3.445.844;-9.143.988;39;37000;540;0;2503;2026-01-20T12:00:00Z;ADSB;A42EFC;A320;N369NW;DAL;DAL;IAH;KIAH;DTW;KDTW;2026-01-20T13:28:32Z
3dfb9d1e;UA1488;UAL1488;3.559.868;-9.191.881;13;35000;466;64;2421;2026-01-20T11:59:58Z;ADSB;A76028;B739;N57439;UAL;UAL;IAH;KIAH;ORD;KORD;2026-01-20T13:13:36Z
3dfb8b88;AA2617;AAL2617;379.064;-8.282.032;249;38000;322;0;2404;2026-01-20T11:59:58Z;ADSB;AD6FF2;B738;N965NN;AAL;AAL;IAD;KIAD;DFW;KDFW;2026-01-20T14:02:40Z
3dfb9c97;DL2538;DAL2538;3.866.619;-8.278.729;322;36050;394;0;7024;2026-01-20T12:00:00Z;ADSB;A3BE8F;A320;N340NW;DAL;DAL;RDU;KRDU;MSP;KMSP;2026-01-20T13:41:20Z
3dfb3f3a;DL915;DAL915;4.074.449;-8.372.546;71;37000;559;64;7376;2026-01-20T11:59:58Z;ADSB;A12C23;B763;N175DZ;DAL;DAL;LAX;KLAX;JFK;KJFK;2026-01-20T13:05:04Z
3dfa3e1b;DL158;DAL158;4.834.273;-9.781.241;115;39000;548;0;6275;2026-01-20T12:00:00Z;ADSB;A6B47C;A359;N531DN;DAL;DAL;ICN;RKSI;DTW;KDTW;2026-01-20T13:24:16Z
3dfba408;DL2752;DAL2752;4.199.743;-8.733.684;328;38000;388;0;6710;2026-01-20T11:59:59Z;ADSB;AB43C6;B739;N825DN;DAL;DAL;CVG;KCVG;MSP;KMSP;2026-01-20T12:56:32Z
3dfb94c3;AA949;AAL949;3.632.718;-7.969.441;219;38000;335;0;3672;2026-01-20T11:59:58Z;ADSB;A98CBC;A319;N714US;AAL;AAL;DCA;KDCA;RSW;KRSW;2026-01-20T13:37:04Z
3dfba783;UA1289;UAL1289;372.443;-7.788.966;26;39000;533;-64;1054;2026-01-20T11:59:58Z;ADSB;A24C73;B737;N24702;UAL;UAL;CHS;KCHS;EWR;KEWR;2026-01-20T12:50:08Z
3dfb9baa;AA2144;AAL2144;2.910.669;-8.992.062;112;37000;530;0;2422;2026-01-20T11:59:58Z;ADSB;AB9ECA;B738;N848NN;AAL;AAL;IAH;KIAH;MIA;KMIA;2026-01-20T13:17:52Z
3dfba543;DL1073;DAL1073;3.041.532;-9.195.139;82;37000;553;0;2533;2026-01-20T11:59:59Z;ADSB;A3A155;A321;N333DX;DAL;DAL;SAT;KSAT;ATL;KATL;2026-01-20T13:02:56Z
3dfb1270;UA252;UAL252;3.282.012;-11.179.351;100;37000;529;0;3726;2026-01-20T11:59:58Z;ADSB;AA64BA;B772;N769UA;UAL;UAL;HNL;PHNL;IAH;KIAH;2026-01-20T13:45:36Z
3dfb9be4;UA1525;UAL1525;3.276.202;-8.060.013;23;35000;516;0;3737;2026-01-20T12:00:00Z;ADSB;A12796;B38M;N17361;UAL;UAL;PBI;KPBI;EWR;KEWR;2026-01-20T13:26:24Z
3dfba1ee;UA1105;UAL1105;3.304.459;-8.025.586;21;35000;508;0;2607;2026-01-20T11:59:59Z;ADSB;A8D46A;B739;N66808;UAL;UAL;MCO;KMCO;EWR;KEWR;2026-01-20T13:24:16Z
3dfb8f2e;WN2977;SWA2977;3.945.484;-8.152.032;299;40000;366;0;573;2026-01-20T12:00:00Z;ADSB;AC5349;B38M;N8933Q;SWA;SWA;DCA;KDCA;MDW;KMDW;2026-01-20T12:58:40Z
3dfb35df;UA805;UAL805;5.439.404;-16.293.887;281;37000;513;-64;0;2026-01-20T11:59:58Z;ADSB;A31A56;B789;N29977;UAL;UAL;SFO;KSFO;ICN;RKSI;2026-01-20T19:18:24Z
3dfb9ee9;WN724;SWA724;4.202.945;-819.062;256;40000;368;0;5767;2026-01-20T11:59:58Z;ADSB;A1F1DE;B737;N224WN;SWA;SWA;BUF;KBUF;MDW;KMDW;2026-01-20T12:54:24Z
3dfae9f9;AA74;AAL74;4.260.633;-941.368;92;41000;552;0;3712;2026-01-20T11:59:59Z;ADSB;AC3448;B788;N886BR;AAL;AAL;HNL;PHNL;ORD;KORD;2026-01-20T12:41:36Z
3dfa11fc;EK221;UAE221;5.091.362;-9.595.652;188;36000;519;0;1724;2026-01-20T11:59:59Z;ADSB;896452;B77W;A6-EQC;UAE;UAE;DXB;OMDB;DFW;KDFW;2026-01-20T14:21:52Z
3dfba1aa;DL2127;DAL2127;3.689.498;-8.028.796;229;38025;321;0;522;2026-01-20T11:59:58Z;ADSB;A41131;A319;N361NB;DAL;DAL;IAD;KIAD;ATL;KATL;2026-01-20T12:54:24Z
3dfb802f;AA1017;AAL1017;3.449.809;-7.695.105;200;38000;354;0;3337;2026-01-20T12:00:00Z;ADSB;A3244F;B738;N301PA;AAL;AAL;JFK;KJFK;MIA;KMIA;2026-01-20T13:20:00Z
3dfb9286;WN4958;SWA4958;3.987.888;-7.731.464;247;40000;321;0;1572;2026-01-20T11:59:59Z;ADSB;AB5F00;B738;N8314L;SWA;SWA;LGA;KLGA;BNA;KBNA;2026-01-20T13:28:32Z
3dfb9b3f;WN2296;SWA2296;4.038.974;-7.663.013;268;40000;322;0;2644;2026-01-20T12:00:00Z;ADSB;AC3E5D;B38M;N8883Q;SWA;SWA;LGA;KLGA;STL;KSTL;2026-01-20T13:49:52Z
3df9fb52;UA163;UAL163;4.975.365;-6.781.839;221;36000;420;0;702;2026-01-20T11:59:59Z;ADSB;A219EA;B77W;N2341U;UAL;UAL;DXB;OMDB;EWR;KEWR;2026-01-20T13:32:48Z
3dfa36c4;AA8;AAL8;2.670.661;-11.802.223;68;40000;515;0;0;2026-01-20T11:59:57Z;ESTIMATED;ABA155;B789;N849AN;AAL;AAL;BNE;YBBN;DFW;KDFW;2026-01-20T14:19:44Z
3dfb3db3;UA2312;UAL2312;2.353.732;-9.348.418;122;37000;472;0;3346;2026-01-20T11:59:55Z;ADSB;A1244B;B38M;N17294;UAL;UAL;SFO;KSFO;SJO;MROC;2026-01-20T14:11:12Z
3dfb0bbd;AA9606;AAL9606;3.252.237;-10.312.009;94;39000;569;-64;3724;2026-01-20T12:00:00Z;ADSB;AB8748;B789;N842AA;AAL;AAL;OGG;PHOG;DFW;KDFW;2026-01-20T12:40:59Z
3dfb9ef0;DL1201;DAL1201;3.318.352;-8.200.102;359;37000;461;0;2673;2026-01-20T12:00:00Z;ADSB;A79898;B753;N589NW;DAL;DAL;MCO;KMCO;DTW;KDTW;2026-01-20T13:30:40Z
3dfafde5;UA887;UAL887;3.381.253;-7.797.754;357;37000;468;0;5610;2026-01-20T11:59:58Z;ADSB;A05A03;B752;N12116;UAL;UAL;LIM;SPJC;EWR;KEWR;2026-01-20T13:15:44Z
3dfb9093;AA1942;AAL1942;3.716.922;-889.878;249;38000;340;0;4033;2026-01-20T12:00:00Z;ADSB;AAEA84;B738;N802NN;AAL;AAL;CVG;KCVG;DFW;KDFW;2026-01-20T13:15:44Z
3dfba1d4;UA1645;UAL1645;4.006.641;-8.487.415;224;36000;382;0;4176;2026-01-20T11:59:58Z;ADSB;A12778;B38M;N17356;UAL;UAL;CLE;KCLE;IAH;KIAH;2026-01-20T14:13:20Z
3dfb9e62;DL2555;DAL2555;3.784.447;-8.389.195;180;37000;419;0;7463;2026-01-20T12:00:00Z;ADSB;A06A54;A321;N126DN;DAL;DAL;DTW;KDTW;MCO;KMCO;2026-01-20T13:30:40Z
3dfb9756;WN1309;SWA1309;3.686.938;-784.965;48;39000;583;-64;7101;2026-01-20T12:00:00Z;ADSB;AAA247;B737;N7844A;SWA;SWA;ATL;KATL;LGA;KLGA;2026-01-20T12:50:08Z
3dfb8f6f;AA716;AAL716;347.937;-7.704.792;197;38000;355;-64;5617;2026-01-20T12:00:00Z;ADSB;A32FF6;B38M;N304UF;AAL;AAL;BWI;KBWI;MIA;KMIA;2026-01-20T13:32:48Z
3dfb9234;WN879;SWA879;4.087.463;-7.762.421;278;40000;340;0;2763;2026-01-20T11:59:58Z;ADSB;AC53D5;B38M;N8937Q;SWA;SWA;LGA;KLGA;MDW;KMDW;2026-01-20T13:20:00Z
3dfb241b;AA28;AAL28;3.808.266;-7.541.738;33;37000;586;-64;7227;2026-01-20T11:59:59Z;ADSB;A03235;A321;N111ZM;AAL;AAL;LAX;KLAX;JFK;KJFK;2026-01-20T12:28:48Z
3dfb9f5f;UA2434;UAL2434;4.250.345;-7.933.614;288;36000;421;-128;1637;2026-01-20T12:00:00Z;ADSB;A47FDE;B789;N38955;UAL;UAL;EWR;KEWR;LAX;KLAX;2026-01-20T16:38:24Z
3dfb87b4;AA865;AAL865;430.806;-7.622.413;271;38000;352;-64;3442;2026-01-20T11:59:59Z;ADSB;AAEF89;A319;N8031M;AAL;AAL;PVD;KPVD;ORD;KORD;2026-01-20T13:32:48Z
3dfa1c45;EK203;UAE8ER;4.881.063;-7.401.494;198;40000;423;-64;731;2026-01-20T11:59:58Z;MLAT;89639E;A388;A6-EOE;UAE;UAE;DXB;OMDB;JFK;KJFK;2026-01-20T13:26:24Z
3dfa4d14;AA34;AAL34;305.473;-10.632.806;69;38975;554;0;205;2026-01-20T12:00:00Z;ADSB;ABAC2C;B789;N851MK;AAL;AAL;AKL;NZAA;DFW;KDFW;2026-01-20T13:05:04Z
3dfbb108;UA2266;UAL2266;3.380.315;-8.000.082;23;35025;513;1216;723;2026-01-20T11:59:58Z;ADSB;AC4E85;A319;N892UA;UAL;UAL;SAV;KSAV;EWR;KEWR;2026-01-20T13:17:52Z
3dfac7e4;AA9604;AAL9604;2.663.552;-7.754.647;356;38650;487;192;2173;2026-01-20T11:59:58Z;ADSB;AABBC9;B772;N791AN;AAL;AAL;EZE;SAEZ;JFK;KJFK;2026-01-20T13:57:13Z
3dfb924e;WN4424;SWA4424;4.054.439;-8.793.925;275;40000;361;0;3723;2026-01-20T12:00:00Z;ADSB;ABF2EA;B738;N8692F;SWA;SWA;CMH;KCMH;DEN;KDEN;2026-01-20T14:02:40Z
3dfb9bba;WN2747;SWA2747;375.556;-8.541.631;346;39975;424;0;3146;2026-01-20T11:59:58Z;ADSB;AC6573;B38M;N8980Q;SWA;SWA;ATL;KATL;MDW;KMDW;2026-01-20T12:50:08Z
3dfac859;DL650;DAL650;3.769.373;-8.175.809;80;39000;604;-64;2776;2026-01-20T12:00:00Z;ADSB;A0F4F6;B763;N16065;DAL;DAL;HNL;PHNL;JFK;KJFK;2026-01-20T12:50:08Z
3dfb8f16;WN1671;SWA1671;3.682.901;-8.134.701;238;40000;319;0;7004;2026-01-20T11:59:59Z;ADSB;AC3751;B38M;N8866H;SWA;SWA;DCA;KDCA;HOU;KHOU;2026-01-20T14:17:36Z
3dfb96ba;WN933;SWA933;3.916.914;-811.898;297;40000;360;0;2437;2026-01-20T11:59:58Z;ADSB;A2D76A;B737;N282WN;SWA;SWA;DCA;KDCA;MCI;KMCI;2026-01-20T13:45:36Z
3dfa7496;UA844;UAL844;4.047.531;-8.411.308;302;35300;386;-704;6054;2026-01-20T11:59:58Z;ADSB;A0F427;B78X;N16008;UAL;UAL;GRU;SBGR;ORD;KORD;2026-01-20T12:39:28Z
3dfb739a;DL925;DAL925;5.444.728;-1.315.524;138;37000;494;0;7224;2026-01-20T11:59:59Z;ADSB;A3901D;BCS3;N329DU;DAL;DAL;ANC;PANC;SEA;KSEA;2026-01-20T13:15:44Z
3dfba9bc;DL2408;DAL2408;627.648;-14.169.048;132;37000;489;0;5763;2026-01-20T11:59:59Z;ADSB;A449AF;B738;N3757D;DAL;DAL;FAI;PAFA;SEA;KSEA;2026-01-20T14:36:48Z
3dfb925b;WN4904;SWA4904;4.141.166;-8.397.208;277;40000;364;0;3076;2026-01-20T11:59:58Z;ADSB;ABB507;B738;N8531Q;SWA;SWA;PHL;KPHL;MDW;KMDW;2026-01-20T12:33:04Z
3dfb9d9e;WN702;SWA702;4.170.904;-7.350.856;236;40000;331;64;3453;2026-01-20T11:59:58Z;ADSB;AC4210;B38M;N8893L;SWA;SWA;BOS;KBOS;STL;KSTL;2026-01-20T14:17:36Z
3dfa1362;EK231;UAE3MX;4.606.763;-7.505.798;196;40000;445;-64;733;2026-01-20T11:59:59Z;ADSB;8960FA;A388;A6-EDY;UAE;UAE;DXB;OMDB;IAD;KIAD;2026-01-20T13:15:44Z
3dfa149c;EK243;UAE88F;4.812.705;-7.014.243;211;40000;427;64;712;2026-01-20T11:59:59Z;ADSB;89667C;A359;A6-EXN;UAE;UAE;DXB;OMDB;YUL;CYUL;2026-01-20T12:48:00Z
3dfb94e0;AA1593;AAL1593;2.927.833;-9.063.042;102;37000;538;0;2513;2026-01-20T12:04:59Z;ADSB;ADD667;B738;N991AN;AAL;AAL;AUS;KAUS;MIA;KMIA;2026-01-20T13:24:16Z
3dfafd06;AA246;AAL246;3.303.147;-12.163.031;69;37000;498;0;3766;2026-01-20T12:04:58Z;ADSB;A4B41C;A21N;N402AN;AAL;AAL;KOA;PHKO;LAX;KLAX;2026-01-20T12:35:12Z
3dfb0e8d;AA102;AAL102;3.260.458;-10.915.685;93;37000;538;0;3721;2026-01-20T12:04:58Z;ADSB;AAA326;B772;N785AN;AAL;AAL;HNL;PHNL;DFW;KDFW;2026-01-20T13:22:08Z
3dfb9759;AA1868;AAL1868;350.766;-9.026.586;69;37000;589;0;2372;2026-01-20T12:04:58Z;ADSB;AB20DF;B738;N816NN;AAL;AAL;DFW;KDFW;DCA;KDCA;2026-01-20T13:32:48Z
3dfb9126;WN2715;SWA2715;3.640.759;-8.512.871;168;39000;447;0;6565;2026-01-20T12:04:59Z;ADSB;AC08B1;B38M;N8748Q;SWA;SWA;MDW;KMDW;MCO;KMCO;2026-01-20T13:24:16Z
3dfb8dcd;DL1183;DAL1183;353.074;-8.243.311;226;33275;325;-960;1635;2026-01-20T12:04:58Z;ADSB;A335F4;A321;N306DN;DAL;DAL;PHL;KPHL;ATL;KATL;2026-01-20T12:37:20Z
3dfba08c;WN1167;SWA1167;361.324;-8.355.862;342;40000;419;0;2663;2026-01-20T12:04:58Z;ADSB;AC24E4;B38M;N8817L;SWA;SWA;SAV;KSAV;MDW;KMDW;2026-01-20T13:15:44Z
3dfb92dd;WN1585;SWA1585;3.777.286;-8.326.389;249;40000;333;0;2401;2026-01-20T12:04:58Z;ADSB;AC0C8B;B38M;N8759Q;SWA;SWA;DCA;KDCA;DAL;KDAL;2026-01-20T14:04:48Z
3dfb948f;WN1350;SWA1350;3.810.612;-8.208.871;250;39600;338;-1024;3603;2026-01-20T12:04:58Z;ADSB;AC5A4A;B38M;N8950L;SWA;SWA;DCA;KDCA;BNA;KBNA;2026-01-20T12:52:16Z
3dfb90e7;WN1549;SWA1549;3.903.778;-8.262.732;315;40000;358;0;7001;2026-01-20T12:04:58Z;ADSB;AC2038;B38M;N8800L;SWA;SWA;RDU;KRDU;MDW;KMDW;2026-01-20T12:58:40Z
3dfb5365;UA1959;UAL1959;4.688.109;-1.127.737;142;37000;517;64;4145;2026-01-20T12:04:58Z;ADSB;A44212;B38M;N37352;UAL;UAL;ANC;PANC;DEN;KDEN;2026-01-20T13:22:08Z
3dfaadbc;DL68;DAL68;5.128.235;-13.295.566;115;39000;518;0;1403;2026-01-20T12:04:59Z;ADSB;A66935;A359;N512DN;DAL;DAL;TPE;RCTP;SEA;KSEA;2026-01-20T13:07:12Z
3dfb9ec2;DL2286;DAL2286;3.853.235;-7.805.177;232;38000;324;0;3322;2026-01-20T12:04:59Z;ADSB;A988F0;B752;N713TW;DAL;DAL;JFK;KJFK;ATL;KATL;2026-01-20T13:15:44Z
3dfb39e6;UA2416;UAL2416;4.179.437;-8.051.087;97;35000;528;0;3243;2026-01-20T12:04:58Z;ADSB;A11FA3;B752;N17128;UAL;UAL;SFO;KSFO;EWR;KEWR;2026-01-20T12:48:00Z
3dfba63f;DL1330;DAL1330;4.328.545;-7.610.063;271;36050;378;0;3554;2026-01-20T12:04:59Z;ADSB;A41C56;A319;N364NB;DAL;DAL;BDL;KBDL;MSP;KMSP;2026-01-20T14:11:12Z
3dfba948;DL2497;DAL2497;3.265.379;-9.362.307;50;37000;549;0;2420;2026-01-20T12:04:58Z;ADSB;A423C4;A319;N366NB;DAL;DAL;SAT;KSAT;DTW;KDTW;2026-01-20T13:52:00Z
3dfb951c;AA1604;AAL1604;287.049;-9.004.411;99;39000;531;0;2544;2026-01-20T12:04:58Z;ADSB;A3D90A;B38M;N347TT;AAL;AAL;SAT;KSAT;MIA;KMIA;2026-01-20T13:24:16Z
3dfbb55e;UA1309;UAL1309;3.043.112;-8.268.693;1;35000;469;0;1477;2026-01-20T12:04:58Z;ADSB;A44257;B38M;N37371;UAL;UAL;SRQ;KSRQ;EWR;KEWR;2026-01-20T13:56:16Z
3dfb9252;WN2272;SWA2272;3.338.717;-8.401.021;158;39000;455;0;6615;2026-01-20T12:04:57Z;ADSB;AC7C52;B737;N903WN;SWA;SWA;IND;KIND;MCO;KMCO;2026-01-20T12:58:40Z
3dfb8c4a;AA1232;AAL1232;3.283.097;-7.794.604;192;38000;383;0;537;2026-01-20T12:04:57Z;ADSB;A3B50F;B38M;N338RS;AAL;AAL;DCA;KDCA;MIA;KMIA;2026-01-20T13:15:44Z
3dfba4b8;DL1389;DAL1389;3.503.512;-9.085.888;39;36975;550;64;2503;2026-01-20T12:04:59Z;ADSB;A42EFC;A320;N369NW;DAL;DAL;IAH;KIAH;DTW;KDTW;2026-01-20T13:28:32Z
3dfb9d1e;UA1488;UAL1488;362.249;-9.173.046;13;35000;464;0;2421;2026-01-20T12:04:58Z;ADSB;A76028;B739;N57439;UAL;UAL;IAH;KIAH;ORD;KORD;2026-01-20T13:11:28Z
3dfb8b88;AA2617;AAL2617;3.774.619;-8.335.763;250;38000;328;0;2404;2026-01-20T12:04:59Z;ADSB;AD6FF2;B738;N965NN;AAL;AAL;IAD;KIAD;DFW;KDFW;2026-01-20T13:58:24Z
3dfb9c97;DL2538;DAL2538;3.909.201;-8.321.373;322;35975;389;0;7024;2026-01-20T12:04:57Z;ADSB;A3BE8F;A320;N340NW;DAL;DAL;RDU;KRDU;MSP;KMSP;2026-01-20T13:41:20Z
3dfb3f3a;DL915;DAL915;4.096.284;-8.273.627;74;37000;562;64;7376;2026-01-20T12:04:59Z;ADSB;A12C23;B763;N175DZ;DAL;DAL;LAX;KLAX;JFK;KJFK;2026-01-20T13:02:56Z
3dfa3e1b;DL158;DAL158;4.800.613;-9.678.818;116;39000;550;64;6275;2026-01-20T12:04:59Z;ADSB;A6B47C;A359;N531DN;DAL;DAL;ICN;RKSI;DTW;KDTW;2026-01-20T13:26:24Z
3dfba408;DL2752;DAL2752;4.245.131;-8.771.616;328;38000;385;0;6710;2026-01-20T12:04:58Z;ADSB;AB43C6;B739;N825DN;DAL;DAL;CVG;KCVG;MSP;KMSP;2026-01-20T12:56:32Z
3dfb94c3;AA949;AAL949;3.594.908;-8.002.377;201;38025;354;-64;3672;2026-01-20T12:04:58Z;ADSB;A98CBC;A319;N714US;AAL;AAL;DCA;KDCA;RSW;KRSW;2026-01-20T13:37:04Z
3dfba783;UA1289;UAL1289;3.790.078;-7.740.919;32;39025;549;-64;1054;2026-01-20T12:04:59Z;ADSB;A24C73;B737;N24702;UAL;UAL;CHS;KCHS;EWR;KEWR;2026-01-20T12:50:08Z
3dfba543;DL1073;DAL1073;3.053.938;-910.787;69;37025;554;64;2533;2026-01-20T12:04:57Z;ADSB;A3A155;A321;N333DX;DAL;DAL;SAT;KSAT;ATL;KATL;2026-01-20T13:05:04Z
3dfb1270;UA252;UAL252;326.813;-11.093.758;101;37000;534;0;3726;2026-01-20T12:04:57Z;ADSB;AA64BA;B772;N769UA;UAL;UAL;HNL;PHNL;IAH;KIAH;2026-01-20T13:43:28Z
3dfb9baa;AA2144;AAL2144;2.881.569;-8.915.104;113;37000;527;0;2422;2026-01-20T12:04:59Z;ADSB;AB9ECA;B738;N848NN;AAL;AAL;IAH;KIAH;MIA;KMIA;2026-01-20T13:17:52Z
3dfb9be4;UA1525;UAL1525;3.341.501;-8.025.562;24;35000;513;0;3737;2026-01-20T12:04:58Z;ADSB;A12796;B38M;N17361;UAL;UAL;PBI;KPBI;EWR;KEWR;2026-01-20T13:26:24Z
3dfba1ee;UA1105;UAL1105;336.967;-7.994.424;21;35000;509;0;2607;2026-01-20T12:04:58Z;ADSB;A8D46A;B739;N66808;UAL;UAL;MCO;KMCO;EWR;KEWR;2026-01-20T13:24:16Z
3dfb802f;AA1017;AAL1017;3.403.965;-7.715.973;200;38000;357;0;3337;2026-01-20T12:04:59Z;ADSB;A3244F;B738;N301PA;AAL;AAL;JFK;KJFK;MIA;KMIA;2026-01-20T13:20:00Z
3dfb8f2e;WN2977;SWA2977;3.970.239;-8.208.644;299;40000;363;0;573;2026-01-20T12:04:57Z;ADSB;AC5349;B38M;N8933Q;SWA;SWA;DCA;KDCA;MDW;KMDW;2026-01-20T12:58:40Z
3dfb35df;UA805;UAL805;5.452.747;-1.641.256;280;37000;509;0;7430;2026-01-20T12:04:57Z;ADSB;A31A56;B789;N29977;UAL;UAL;SFO;KSFO;ICN;RKSI;2026-01-20T19:18:24Z
3dfb9ee9;WN724;SWA724;4.190.373;-8.256.787;255;40000;367;0;5767;2026-01-20T12:04:57Z;ADSB;A1F1DE;B737;N224WN;SWA;SWA;BUF;KBUF;MDW;KMDW;2026-01-20T12:50:08Z
3dfae9f9;AA74;AAL74;4.257.141;-9.311.462;91;41000;551;-64;3712;2026-01-20T12:04:57Z;ADSB;AC3448;B788;N886BR;AAL;AAL;HNL;PHNL;ORD;KORD;2026-01-20T12:41:36Z
3dfa11fc;EK221;UAE221;5.020.303;-961.204;188;36000;520;0;1724;2026-01-20T12:04:58Z;ADSB;896452;B77W;A6-EQC;UAE;UAE;DXB;OMDB;DFW;KDFW;2026-01-20T14:21:52Z
3dfba1aa;DL2127;DAL2127;3.660.283;-807.098;228;37000;323;-64;522;2026-01-20T12:04:58Z;ADSB;A41131;A319;N361NB;DAL;DAL;IAD;KIAD;ATL;KATL;2026-01-20T12:54:24Z
3dfb9286;WN4958;SWA4958;3.970.692;-7.785.181;247;40000;326;0;1572;2026-01-20T12:04:58Z;ADSB;AB5F00;B738;N8314L;SWA;SWA;LGA;KLGA;BNA;KBNA;2026-01-20T13:28:32Z
3dfb9b3f;WN2296;SWA2296;4.037.851;-7.721.741;268;40000;328;0;2644;2026-01-20T12:04:59Z;ADSB;AC3E5D;B38M;N8883Q;SWA;SWA;LGA;KLGA;STL;KSTL;2026-01-20T13:49:52Z
3df9fb52;UA163;UAL163;4.928.057;-6.833.192;212;36000;421;0;702;2026-01-20T12:04:58Z;ADSB;A219EA;B77W;N2341U;UAL;UAL;DXB;OMDB;EWR;KEWR;2026-01-20T13:34:56Z
3dfa36c4;AA8;AAL8;2.696.612;-11.727.028;69;40000;512;0;1046;2026-01-20T12:04:58Z;ADSB;ABA155;B789;N849AN;AAL;AAL;BNE;YBBN;DFW;KDFW;2026-01-20T14:21:52Z
3dfb3db3;UA2312;UAL2312;2.316.537;-9.285.345;122;37000;466;0;3346;2026-01-20T12:04:57Z;ADSB;A1244B;B38M;N17294;UAL;UAL;SFO;KSFO;SJO;MROC;2026-01-20T14:15:28Z
3dfb0bbd;AA9606;AAL9606;3.246.135;-10.219.147;94;39000;575;-64;3724;2026-01-20T12:04:57Z;ADSB;AB8748;B789;N842AA;AAL;AAL;OGG;PHOG;DFW;KDFW;2026-01-20T12:40:40Z
3dfb9ef0;DL1201;DAL1201;3.382.425;-8.200.848;359;37000;465;0;2673;2026-01-20T12:04:58Z;ADSB;A79898;B753;N589NW;DAL;DAL;MCO;KMCO;DTW;KDTW;2026-01-20T13:28:32Z
3dfb9093;AA1942;AAL1942;3.699.921;-895.353;248;38000;340;0;4033;2026-01-20T12:04:58Z;ADSB;AAEA84;B738;N802NN;AAL;AAL;CVG;KCVG;DFW;KDFW;2026-01-20T13:15:44Z
3dfb9e62;DL2555;DAL2555;3.726.901;-8.389.277;180;36975;413;64;7463;2026-01-20T12:04:58Z;ADSB;A06A54;A321;N126DN;DAL;DAL;DTW;KDTW;MCO;KMCO;2026-01-20T13:32:48Z
3dfba1d4;UA1645;UAL1645;3.967.932;-8.535.845;223;36000;389;0;4176;2026-01-20T12:04:59Z;ADSB;A12778;B38M;N17356;UAL;UAL;CLE;KCLE;IAH;KIAH;2026-01-20T14:11:12Z
3dfafde5;UA887;UAL887;344.794;-7.794.026;3;37000;483;0;5610;2026-01-20T12:04:58Z;ADSB;A05A03;B752;N12116;UAL;UAL;LIM;SPJC;EWR;KEWR;2026-01-20T13:15:44Z
3dfb8f6f;AA716;AAL716;3.433.032;-7.722.696;197;38000;350;0;5617;2026-01-20T12:04:58Z;ADSB;A32FF6;B38M;N304UF;AAL;AAL;BWI;KBWI;MIA;KMIA;2026-01-20T13:32:48Z
3dfb9756;WN1309;SWA1309;3.740.514;-7.772.713;49;39000;602;0;7101;2026-01-20T12:04:57Z;ADSB;AAA247;B737;N7844A;SWA;SWA;ATL;KATL;LGA;KLGA;2026-01-20T12:50:08Z
3dfb241b;AA28;AAL28;3.878.365;-7.510.175;31;33925;573;-3648;7227;2026-01-20T12:04:57Z;ADSB;A03235;A321;N111ZM;AAL;AAL;LAX;KLAX;JFK;KJFK;2026-01-20T12:30:56Z
3dfb9234;WN879;SWA879;4.094.646;-7.824.811;278;40000;345;0;2763;2026-01-20T12:04:58Z;ADSB;AC53D5;B38M;N8937Q;SWA;SWA;LGA;KLGA;MDW;KMDW;2026-01-20T13:20:00Z
3dfb9f5f;UA2434;UAL2434;4.262.514;-8.009.276;273;36000;416;-64;1637;2026-01-20T12:04:58Z;ADSB;A47FDE;B789;N38955;UAL;UAL;EWR;KEWR;LAX;KLAX;2026-01-20T16:40:32Z
3dfb87b4;AA865;AAL865;4.306.063;-7.689.168;259;38000;354;0;3442;2026-01-20T12:04:58Z;ADSB;AAEF89;A319;N8031M;AAL;AAL;PVD;KPVD;ORD;KORD;2026-01-20T13:28:32Z
3dfa1c45;EK203;UAE8ER;4.820.821;-7.429.193;196;40000;461;0;731;2026-01-20T12:04:59Z;MLAT;89639E;A388;A6-EOE;UAE;UAE;DXB;OMDB;JFK;KJFK;2026-01-20T13:24:16Z
3dfa4d14;AA34;AAL34;3.081.715;-1.054.953;69;38975;561;-64;205;2026-01-20T12:04:58Z;ADSB;ABAC2C;B789;N851MK;AAL;AAL;AKL;NZAA;DFW;KDFW;2026-01-20T13:05:04Z
3dfac7e4;AA9604;AAL9604;2.731.215;-7.758.677;357;39000;482;0;2173;2026-01-20T12:04:57Z;ADSB;AABBC9;B772;N791AN;AAL;AAL;EZE;SAEZ;JFK;KJFK;2026-01-20T13:55:51Z
3dfb9bba;WN2747;SWA2747;3.812.256;-8.558.104;351;38625;425;-1088;3146;2026-01-20T12:04:57Z;ADSB;AC6573;B38M;N8980Q;SWA;SWA;ATL;KATL;MDW;KMDW;2026-01-20T12:50:08Z
3dfb8f16;WN1671;SWA1671;3.659.206;-8.182.185;238;40000;323;0;7004;2026-01-20T12:04:57Z;ADSB;AC3751;B38M;N8866H;SWA;SWA;DCA;KDCA;HOU;KHOU;2026-01-20T14:15:28Z
3dfb924e;WN4424;SWA4424;4.059.091;-8.859.149;275;40000;362;0;3723;2026-01-20T12:04:58Z;ADSB;ABF2EA;B738;N8692F;SWA;SWA;CMH;KCMH;DEN;KDEN;2026-01-20T14:00:32Z
3dfa7496;UA844;UAL844;4.075.259;-8.470.013;301;33975;378;-128;6054;2026-01-20T12:04:58Z;ADSB;A0F427;B78X;N16008;UAL;UAL;GRU;SBGR;ORD;KORD;2026-01-20T12:37:14Z
3dfb96ba;WN933;SWA933;3.933.096;-8.176.947;277;40000;345;-64;2437;2026-01-20T12:04:58Z;ADSB;A2D76A;B737;N282WN;SWA;SWA;DCA;KDCA;MCI;KMCI;2026-01-20T13:45:36Z
3dfb739a;DL925;DAL925;539.344;-13.078.651;139;37000;499;0;7224;2026-01-20T12:04:57Z;ADSB;A3901D;BCS3;N329DU;DAL;DAL;ANC;PANC;SEA;KSEA;2026-01-20T13:15:44Z
3dfba9bc;DL2408;DAL2408;6.228.969;-14.066.281;139;37000;487;64;5763;2026-01-20T12:04:58Z;ADSB;A449AF;B738;N3757D;DAL;DAL;FAI;PAFA;SEA;KSEA;2026-01-20T14:36:48Z
3dfb925b;WN4904;SWA4904;4.147.944;-8.463.203;277;30700;363;-2752;3076;2026-01-20T12:04:57Z;ADSB;ABB507;B738;N8531Q;SWA;SWA;PHL;KPHL;MDW;KMDW;2026-01-20T12:37:24Z
3dfbb108;UA2266;UAL2266;3.445.143;-7.965.951;23;36975;510;0;723;2026-01-20T12:04:58Z;ADSB;AC4E85;A319;N892UA;UAL;UAL;SAV;KSAV;EWR;KEWR;2026-01-20T13:17:52Z
3dfac859;DL650;DAL650;3.780.759;-8.071.805;85;39025;603;0;2776;2026-01-20T12:04:59Z;ADSB;A0F4F6;B763;N16065;DAL;DAL;HNL;PHNL;JFK;KJFK;2026-01-20T12:50:08Z
3dfb9d9e;WN702;SWA702;4.145.491;-7.401.598;236;40000;327;-64;3453;2026-01-20T12:04:58Z;ADSB;AC4210;B38M;N8893L;SWA;SWA;BOS;KBOS;STL;KSTL;2026-01-20T14:15:28Z
3dfa1362;EK231;UAE3MX;4.548.184;-7.529.892;195;40000;442;0;733;2026-01-20T12:04:59Z;ADSB;8960FA;A388;A6-EDY;UAE;UAE;DXB;OMDB;IAD;KIAD;2026-01-20T13:17:52Z
3dfa149c;EK243;UAE88F;4.761.845;-7.059.499;210;40000;430;64;712;2026-01-20T12:04:58Z;ADSB;89667C;A359;A6-EXN;UAE;UAE;DXB;OMDB;YUL;CYUL;2026-01-20T12:45:52Z
3dfb0e8d;AA102;AAL102;3.257.666;-10.827.323;91;37000;539;0;3721;2026-01-20T12:09:58Z;ADSB;AAA326;B772;N785AN;AAL;AAL;HNL;PHNL;DFW;KDFW;2026-01-20T13:22:08Z
3dfafd06;AA246;AAL246;3.327.292;-1.208.618;69;37000;502;0;3766;2026-01-20T12:09:59Z;ADSB;A4B41C;A21N;N402AN;AAL;AAL;KOA;PHKO;LAX;KLAX;2026-01-20T12:35:12Z
3dfb94e0;AA1593;AAL1593;2.907.187;-8.982.734;113;37000;522;0;2513;2026-01-20T12:09:58Z;ADSB;ADD667;B738;N991AN;AAL;AAL;AUS;KAUS;MIA;KMIA;2026-01-20T13:28:32Z
3dfb9759;AA1868;AAL1868;3.536.531;-8.933.322;69;37000;587;0;2372;2026-01-20T12:09:59Z;ADSB;AB20DF;B738;N816NN;AAL;AAL;DFW;KDFW;DCA;KDCA;2026-01-20T13:28:32Z
3dfb9126;WN2715;SWA2715;3.580.733;-8.497.456;168;39000;434;0;6565;2026-01-20T12:09:58Z;ADSB;AC08B1;B38M;N8748Q;SWA;SWA;MDW;KMDW;MCO;KMCO;2026-01-20T13:26:24Z
3dfb8dcd;DL1183;DAL1183;3.496.701;-828.483;224;28400;368;-1024;1635;2026-01-20T12:09:59Z;ADSB;A335F4;A321;N306DN;DAL;DAL;PHL;KPHL;ATL;KATL;2026-01-20T12:37:20Z
3dfba08c;WN1167;SWA1167;366.833;-837.719;342;40000;412;0;2663;2026-01-20T12:09:58Z;ADSB;AC24E4;B38M;N8817L;SWA;SWA;SAV;KSAV;MDW;KMDW;2026-01-20T13:15:44Z
3dfb92dd;WN1585;SWA1585;3.761.421;-8.381.049;249;40000;336;0;2401;2026-01-20T12:09:58Z;ADSB;AC0C8B;B38M;N8759Q;SWA;SWA;DCA;KDCA;DAL;KDAL;2026-01-20T14:04:48Z
3dfb948f;WN1350;SWA1350;3.795.589;-826.256;250;36000;317;-64;3603;2026-01-20T12:09:58Z;ADSB;AC5A4A;B38M;N8950L;SWA;SWA;DCA;KDCA;BNA;KBNA;2026-01-20T12:54:24Z
3dfb90e7;WN1549;SWA1549;3.939.376;-8.308.087;315;40000;361;128;7001;2026-01-20T12:09:59Z;ADSB;AC2038;B38M;N8800L;SWA;SWA;RDU;KRDU;MDW;KMDW;2026-01-20T12:56:32Z
3dfaadbc;DL68;DAL68;5.096.791;-13.193.652;116;39000;517;0;1403;2026-01-20T12:09:58Z;ADSB;A66935;A359;N512DN;DAL;DAL;TPE;RCTP;SEA;KSEA;2026-01-20T13:07:12Z
3dfb5365;UA1959;UAL1959;4.631.323;-11.214.227;142;37000;510;0;4145;2026-01-20T12:09:59Z;ADSB;A44212;B38M;N37352;UAL;UAL;ANC;PANC;DEN;KDEN;2026-01-20T13:22:08Z
3dfb9ec2;DL2286;DAL2286;3.826.671;-7.849.901;232;38000;314;0;3322;2026-01-20T12:09:58Z;ADSB;A988F0;B752;N713TW;DAL;DAL;JFK;KJFK;ATL;KATL;2026-01-20T13:15:44Z
3dfb39e6;UA2416;UAL2416;416.933;-7.953.693;98;35000;531;0;3243;2026-01-20T12:09:58Z;ADSB;A11FA3;B752;N17128;UAL;UAL;SFO;KSFO;EWR;KEWR;2026-01-20T12:48:00Z
3dfba63f;DL1330;DAL1330;4.329.344;-7.681.575;271;35950;374;-128;3554;2026-01-20T12:09:59Z;ADSB;A41C56;A319;N364NB;DAL;DAL;BDL;KBDL;MSP;KMSP;2026-01-20T14:09:04Z
3dfb951c;AA1604;AAL1604;2.857.672;-892.225;100;39000;529;0;2544;2026-01-20T12:09:57Z;ADSB;A3D90A;B38M;N347TT;AAL;AAL;SAT;KSAT;MIA;KMIA;2026-01-20T13:24:16Z
3dfba948;DL2497;DAL2497;3.314.035;-9.291.445;51;37000;557;0;2420;2026-01-20T12:09:59Z;ADSB;A423C4;A319;N366NB;DAL;DAL;SAT;KSAT;DTW;KDTW;2026-01-20T13:52:00Z
3dfbb55e;UA1309;UAL1309;3.109.703;-8.255.259;20;35000;509;0;1477;2026-01-20T12:09:57Z;ADSB;A44257;B38M;N37371;UAL;UAL;SRQ;KSRQ;EWR;KEWR;2026-01-20T13:56:16Z
3dfb9252;WN2272;SWA2272;3.279.763;-8.373.146;158;39000;454;-64;6615;2026-01-20T12:09:58Z;ADSB;AC7C52;B737;N903WN;SWA;SWA;IND;KIND;MCO;KMCO;2026-01-20T12:58:40Z
3dfb8c4a;AA1232;AAL1232;3.230.379;-7.807.956;192;38000;395;0;537;2026-01-20T12:09:58Z;ADSB;A3B50F;B38M;N338RS;AAL;AAL;DCA;KDCA;MIA;KMIA;2026-01-20T13:15:44Z
3dfba4b8;DL1389;DAL1389;3.562.028;-9.025.765;40;36975;547;0;2503;2026-01-20T12:09:59Z;ADSB;A42EFC;A320;N369NW;DAL;DAL;IAH;KIAH;DTW;KDTW;2026-01-20T13:28:32Z
3dfb9d1e;UA1488;UAL1488;3.685.033;-9.154.286;13;35000;463;64;2421;2026-01-20T12:09:58Z;ADSB;A76028;B739;N57439;UAL;UAL;IAH;KIAH;ORD;KORD;2026-01-20T13:11:28Z
3dfb8b88;AA2617;AAL2617;375.893;-8.389.458;249;38000;328;64;2404;2026-01-20T12:09:59Z;ADSB;AD6FF2;B738;N965NN;AAL;AAL;IAD;KIAD;DFW;KDFW;2026-01-20T14:00:32Z
3dfb9c97;DL2538;DAL2538;3.951.093;-8.363.959;321;36000;385;0;7024;2026-01-20T12:09:58Z;ADSB;A3BE8F;A320;N340NW;DAL;DAL;RDU;KRDU;MSP;KMSP;2026-01-20T13:41:20Z
3dfb3f3a;DL915;DAL915;4.116.475;-8.174.933;75;37025;558;-64;7376;2026-01-20T12:09:57Z;ADSB;A12C23;B763;N175DZ;DAL;DAL;LAX;KLAX;JFK;KJFK;2026-01-20T13:02:56Z
3dfa3e1b;DL158;DAL158;476.606;-9.577.761;117;39000;548;0;6275;2026-01-20T12:09:59Z;ADSB;A6B47C;A359;N531DN;DAL;DAL;ICN;RKSI;DTW;KDTW;2026-01-20T13:24:16Z
3dfba408;DL2752;DAL2752;4.284.896;-8.817.817;314;38000;376;0;6710;2026-01-20T12:09:58Z;ADSB;AB43C6;B739;N825DN;DAL;DAL;CVG;KCVG;MSP;KMSP;2026-01-20T12:56:32Z
3dfb94c3;AA949;AAL949;3.549.757;-8.024.577;201;38000;343;64;3672;2026-01-20T12:09:58Z;ADSB;A98CBC;A319;N714US;AAL;AAL;DCA;KDCA;RSW;KRSW;2026-01-20T13:37:04Z
3dfba783;UA1289;UAL1289;3.852.608;-7.686.262;37;39000;551;0;1054;2026-01-20T12:09:58Z;ADSB;A24C73;B737;N24702;UAL;UAL;CHS;KCHS;EWR;KEWR;2026-01-20T12:45:52Z
3dfb9baa;AA2144;AAL2144;2.852.246;-88.394;113;37000;525;0;2422;2026-01-20T12:09:57Z;ADSB;AB9ECA;B738;N848NN;AAL;AAL;IAH;KIAH;MIA;KMIA;2026-01-20T13:17:52Z
3dfb1270;UA252;UAL252;3.254.828;-11.007.015;96;37000;534;0;3726;2026-01-20T12:09:59Z;ADSB;AA64BA;B772;N769UA;UAL;UAL;HNL;PHNL;IAH;KIAH;2026-01-20T13:43:28Z
3dfba543;DL1073;DAL1073;3.080.122;-902.383;70;38525;559;448;2533;2026-01-20T12:09:57Z;ADSB;A3A155;A321;N333DX;DAL;DAL;SAT;KSAT;ATL;KATL;2026-01-20T13:02:56Z
3dfb9be4;UA1525;UAL1525;3.406.837;-7.990.402;24;35000;517;0;3737;2026-01-20T12:09:58Z;ADSB;A12796;B38M;N17361;UAL;UAL;PBI;KPBI;EWR;KEWR;2026-01-20T13:24:16Z
3dfba1ee;UA1105;UAL1105;3.435.558;-7.962.397;22;35000;514;0;2607;2026-01-20T12:09:59Z;ADSB;A8D46A;B739;N66808;UAL;UAL;MCO;KMCO;EWR;KEWR;2026-01-20T13:24:16Z
3dfb802f;AA1017;AAL1017;3.357.152;-773.707;200;38000;363;0;3337;2026-01-20T12:09:58Z;ADSB;A3244F;B738;N301PA;AAL;AAL;JFK;KJFK;MIA;KMIA;2026-01-20T13:20:00Z
3dfb8f2e;WN2977;SWA2977;3.994.973;-82.663;299;38000;369;0;573;2026-01-20T12:09:58Z;ADSB;AC5349;B38M;N8933Q;SWA;SWA;DCA;KDCA;MDW;KMDW;2026-01-20T12:58:40Z
3dfb35df;UA805;UAL805;5.465.135;-1.653.405;279;36975;522;64;7430;2026-01-20T12:09:57Z;ADSB;A31A56;B789;N29977;UAL;UAL;SFO;KSFO;ICN;RKSI;2026-01-20T19:14:08Z
3dfb9ee9;WN724;SWA724;4.177.295;-832.336;255;40000;366;0;5767;2026-01-20T12:09:59Z;ADSB;A1F1DE;B737;N224WN;SWA;SWA;BUF;KBUF;MDW;KMDW;2026-01-20T12:50:08Z
3dfae9f9;AA74;AAL74;4.254.246;-9.207.482;92;39825;549;-1344;3712;2026-01-20T12:09:58Z;ADSB;AC3448;B788;N886BR;AAL;AAL;HNL;PHNL;ORD;KORD;2026-01-20T12:41:36Z
3dfa11fc;EK221;UAE221;4.949.409;-9.627.898;188;36000;516;0;1724;2026-01-20T12:09:58Z;ADSB;896452;B77W;A6-EQC;UAE;UAE;DXB;OMDB;DFW;KDFW;2026-01-20T14:19:44Z
3dfba1aa;DL2127;DAL2127;3.630.698;-811.314;228;37000;318;0;522;2026-01-20T12:09:59Z;ADSB;A41131;A319;N361NB;DAL;DAL;IAD;KIAD;ATL;KATL;2026-01-20T12:54:24Z
3dfb9286;WN4958;SWA4958;3.953.067;-7.839.172;247;40000;327;0;1572;2026-01-20T12:09:59Z;ADSB;AB5F00;B738;N8314L;SWA;SWA;LGA;KLGA;BNA;KBNA;2026-01-20T13:28:32Z
3dfb9b3f;WN2296;SWA2296;4.036.423;-7.781.017;268;40000;332;0;2644;2026-01-20T12:09:57Z;ADSB;AC3E5D;B38M;N8883Q;SWA;SWA;LGA;KLGA;STL;KSTL;2026-01-20T13:49:52Z
3df9fb52;UA163;UAL163;4.878.586;-6.881.351;212;36000;424;0;702;2026-01-20T12:09:58Z;ADSB;A219EA;B77W;N2341U;UAL;UAL;DXB;OMDB;EWR;KEWR;2026-01-20T13:34:56Z
3dfa36c4;AA8;AAL8;2.721.833;-11.652.686;69;40000;514;0;1046;2026-01-20T12:09:59Z;ADSB;ABA155;B789;N849AN;AAL;AAL;BNE;YBBN;DFW;KDFW;2026-01-20T14:24:00Z
3dfb3db3;UA2312;UAL2312;2.281.767;-9.226.206;122;37000;466;0;3346;2026-01-20T12:09:57Z;ADSB;A1244B;B38M;N17294;UAL;UAL;SFO;KSFO;SJO;MROC;2026-01-20T14:15:28Z
3dfb0bbd;AA9606;AAL9606;3.239.198;-10.124.524;95;38975;585;-64;3724;2026-01-20T12:09:57Z;ADSB;AB8748;B789;N842AA;AAL;AAL;OGG;PHOG;DFW;KDFW;2026-01-20T12:40:08Z
3dfb9ef0;DL1201;DAL1201;3.446.819;-8.201.053;359;37000;462;0;2673;2026-01-20T12:09:57Z;ADSB;A79898;B753;N589NW;DAL;DAL;MCO;KMCO;DTW;KDTW;2026-01-20T13:28:32Z
3dfb8f6f;AA716;AAL716;3.385.935;-7.740.658;197;38000;362;-64;5617;2026-01-20T12:09:58Z;ADSB;A32FF6;B38M;N304UF;AAL;AAL;BWI;KBWI;MIA;KMIA;2026-01-20T13:32:48Z
3dfb9093;AA1942;AAL1942;3.682.489;-9.008.606;248;38000;342;0;4033;2026-01-20T12:09:59Z;ADSB;AAEA84;B738;N802NN;AAL;AAL;CVG;KCVG;DFW;KDFW;2026-01-20T13:15:44Z
3dfb9e62;DL2555;DAL2555;3.669.746;-8.389.371;180;37000;411;0;7463;2026-01-20T12:09:59Z;ADSB;A06A54;A321;N126DN;DAL;DAL;DTW;KDTW;MCO;KMCO;2026-01-20T13:32:48Z
3dfba1d4;UA1645;UAL1645;3.928.862;-8.583.905;223;36000;385;-64;4176;2026-01-20T12:09:58Z;ADSB;A12778;B38M;N17356;UAL;UAL;CLE;KCLE;IAH;KIAH;2026-01-20T14:11:12Z
3dfafde5;UA887;UAL887;3.515.462;-7.789.175;3;37000;485;0;5610;2026-01-20T12:09:59Z;ADSB;A05A03;B752;N12116;UAL;UAL;LIM;SPJC;EWR;KEWR;2026-01-20T13:13:36Z
3dfb9756;WN1309;SWA1309;3.797.834;-7.696.526;43;39000;592;0;7101;2026-01-20T12:09:58Z;ADSB;AAA247;B737;N7844A;SWA;SWA;ATL;KATL;LGA;KLGA;2026-01-20T12:50:08Z
3dfb241b;AA28;AAL28;3.940.503;-7.446.539;40;20150;518;-2752;7227;2026-01-20T12:09:59Z;ADSB;A03235;A321;N111ZM;AAL;AAL;LAX;KLAX;JFK;KJFK;2026-01-20T12:32:53Z
3dfb9234;WN879;SWA879;4.101.569;-7.888.203;277;40000;352;0;2763;2026-01-20T12:09:58Z;ADSB;AC53D5;B38M;N8937Q;SWA;SWA;LGA;KLGA;MDW;KMDW;2026-01-20T13:20:00Z
3dfb9f5f;UA2434;UAL2434;4.265.433;-808.664;272;35975;410;-64;1637;2026-01-20T12:09:58Z;ADSB;A47FDE;B789;N38955;UAL;UAL;EWR;KEWR;LAX;KLAX;2026-01-20T16:40:32Z
3dfb87b4;AA865;AAL865;4.305.615;-7.757.708;270;38025;370;-64;3442;2026-01-20T12:09:59Z;ADSB;AAEF89;A319;N8031M;AAL;AAL;PVD;KPVD;ORD;KORD;2026-01-20T13:32:48Z
3dfa1c45;EK203;UAE8ER;4.760.917;-7.455.816;196;40000;450;0;731;2026-01-20T12:09:57Z;MLAT;89639E;A388;A6-EOE;UAE;UAE;DXB;OMDB;JFK;KJFK;2026-01-20T13:24:16Z
3dfa4d14;AA34;AAL34;3.118.925;-10.469.427;60;38975;562;-64;205;2026-01-20T12:09:59Z;ADSB;ABAC2C;B789;N851MK;AAL;AAL;AKL;NZAA;DFW;KDFW;2026-01-20T13:02:56Z
3dfac7e4;AA9604;AAL9604;2.798.598;-775.977;359;39000;484;0;2173;2026-01-20T12:09:58Z;ADSB;AABBC9;B772;N791AN;AAL;AAL;EZE;SAEZ;JFK;KJFK;2026-01-20T13:55:55Z
3dfb9bba;WN2747;SWA2747;387.117;-8.569.467;351;34300;400;-1152;3146;2026-01-20T12:09:59Z;ADSB;AC6573;B38M;N8980Q;SWA;SWA;ATL;KATL;MDW;KMDW;2026-01-20T12:50:08Z
3dfb8f16;WN1671;SWA1671;3.635.385;-8.229.285;237;40000;323;0;7004;2026-01-20T12:09:58Z;ADSB;AC3751;B38M;N8866H;SWA;SWA;DCA;KDCA;HOU;KHOU;2026-01-20T14:17:36Z
3dfb924e;WN4424;SWA4424;4.063.458;-8.925.562;274;40000;368;0;3723;2026-01-20T12:09:58Z;ADSB;ABF2EA;B738;N8692F;SWA;SWA;CMH;KCMH;DEN;KDEN;2026-01-20T14:02:40Z
3dfa7496;UA844;UAL844;409.311;-8.531.414;287;29125;351;-832;6054;2026-01-20T12:09:59Z;ADSB;A0F427;B78X;N16008;UAL;UAL;GRU;SBGR;ORD;KORD;2026-01-20T12:39:33Z
3dfb96ba;WN933;SWA933;3.938.915;-8.237.384;276;40000;333;0;2437;2026-01-20T12:09:58Z;ADSB;A2D76A;B737;N282WN;SWA;SWA;DCA;KDCA;MCI;KMCI;2026-01-20T13:45:36Z
3dfb739a;DL925;DAL925;5.340.742;-13.002.626;139;37000;500;-64;7224;2026-01-20T12:09:59Z;ADSB;A3901D;BCS3;N329DU;DAL;DAL;ANC;PANC;SEA;KSEA;2026-01-20T13:15:44Z
3dfba9bc;DL2408;DAL2408;6.177.212;-13.973.317;140;37000;489;0;5763;2026-01-20T12:09:58Z;ADSB;A449AF;B738;N3757D;DAL;DAL;FAI;PAFA;SEA;KSEA;2026-01-20T14:36:48Z
3dfb925b;WN4904;SWA4904;4.150.504;-8.528.635;272;30000;356;0;3076;2026-01-20T12:09:57Z;ADSB;ABB507;B738;N8531Q;SWA;SWA;PHL;KPHL;MDW;KMDW;2026-01-20T12:38:35Z
3dfbb108;UA2266;UAL2266;3.510.099;-7.931.161;23;37000;512;0;723;2026-01-20T12:09:58Z;ADSB;AC4E85;A319;N892UA;UAL;UAL;SAV;KSAV;EWR;KEWR;2026-01-20T13:17:52Z
3dfac859;DL650;DAL650;3.787.029;-7.966.473;87;39000;606;0;2776;2026-01-20T12:09:58Z;ADSB;A0F4F6;B763;N16065;DAL;DAL;HNL;PHNL;JFK;KJFK;2026-01-20T12:50:08Z
3dfb9d9e;WN702;SWA702;4.120.454;-7.450.787;235;40000;327;0;3453;2026-01-20T12:09:58Z;ADSB;AC4210;B38M;N8893L;SWA;SWA;BOS;KBOS;STL;KSTL;2026-01-20T14:15:28Z
3dfa1362;EK231;UAE3MX;4.488.963;-755.371;195;40000;438;0;733;2026-01-20T12:09:59Z;ADSB;8960FA;A388;A6-EDY;UAE;UAE;DXB;OMDB;IAD;KIAD;2026-01-20T13:17:52Z
3dfa149c;EK243;UAE88F;4.711.077;-7.103.647;210;40000;421;-192;712;2026-01-20T12:09:58Z;ADSB;89667C;A359;A6-EXN;UAE;UAE;DXB;OMDB;YUL;CYUL;2026-01-20T12:45:52Z
3dfb94e0;AA1593;AAL1593;2.881.598;-8.904.887;109;37000;527;0;2513;2026-01-20T12:14:59Z;ADSB;ADD667;B738;N991AN;AAL;AAL;AUS;KAUS;MIA;KMIA;2026-01-20T13:28:32Z
3dfb0e8d;AA102;AAL102;3.255.165;-10.739.394;92;37000;534;0;3721;2026-01-20T12:14:57Z;ADSB;AAA326;B772;N785AN;AAL;AAL;HNL;PHNL;DFW;KDFW;2026-01-20T13:22:08Z
3dfafd06;AA246;AAL246;3.350.098;-12.011.781;70;28675;484;-4032;3766;2026-01-20T12:14:57Z;ADSB;A4B41C;A21N;N402AN;AAL;AAL;KOA;PHKO;LAX;KLAX;2026-01-20T12:47:00Z
3dfb8dcd;DL1183;DAL1183;3.458.835;-8.328.578;223;23550;386;-1088;1635;2026-01-20T12:14:57Z;ADSB;A335F4;A321;N306DN;DAL;DAL;PHL;KPHL;ATL;KATL;2026-01-20T12:33:04Z
3dfb9759;AA1868;AAL1868;356.457;-8.839.956;70;37000;586;0;2372;2026-01-20T12:14:58Z;ADSB;AB20DF;B738;N816NN;AAL;AAL;DFW;KDFW;DCA;KDCA;2026-01-20T13:32:48Z
3dfb9126;WN2715;SWA2715;3.521.901;-8.482.617;168;39000;426;0;6565;2026-01-20T12:14:58Z;ADSB;AC08B1;B38M;N8748Q;SWA;SWA;MDW;KMDW;MCO;KMCO;2026-01-20T13:28:32Z
3dfb92dd;WN1585;SWA1585;3.745.221;-8.435.209;248;40000;330;64;2401;2026-01-20T12:14:58Z;ADSB;AC0C8B;B38M;N8759Q;SWA;SWA;DCA;KDCA;DAL;KDAL;2026-01-20T14:04:48Z
3dfba08c;WN1167;SWA1167;3.723.271;-8.398.797;342;40000;413;64;2663;2026-01-20T12:14:58Z;ADSB;AC24E4;B38M;N8817L;SWA;SWA;SAV;KSAV;MDW;KMDW;2026-01-20T13:15:44Z
3dfb948f;WN1350;SWA1350;3.780.796;-8.314.333;249;35775;318;-1024;3603;2026-01-20T12:14:57Z;ADSB;AC5A4A;B38M;N8950L;SWA;SWA;DCA;KDCA;BNA;KBNA;2026-01-20T12:54:24Z
3dfb90e7;WN1549;SWA1549;397.478;-8.353.867;314;40000;372;0;7001;2026-01-20T12:14:58Z;ADSB;AC2038;B38M;N8800L;SWA;SWA;RDU;KRDU;MDW;KMDW;2026-01-20T12:58:40Z
3dfaadbc;DL68;DAL68;5.064.348;-13.092.757;117;39000;518;0;1403;2026-01-20T12:14:58Z;ADSB;A66935;A359;N512DN;DAL;DAL;TPE;RCTP;SEA;KSEA;2026-01-20T13:09:20Z
3dfb5365;UA1959;UAL1959;4.575.154;-11.153.478;143;37000;512;64;4145;2026-01-20T12:14:58Z;ADSB;A44212;B38M;N37352;UAL;UAL;ANC;PANC;DEN;KDEN;2026-01-20T13:22:08Z
3dfb9ec2;DL2286;DAL2286;3.799.775;-7.894.644;232;38000;330;64;3322;2026-01-20T12:14:57Z;ADSB;A988F0;B752;N713TW;DAL;DAL;JFK;KJFK;ATL;KATL;2026-01-20T13:15:44Z
3dfb39e6;UA2416;UAL2416;4.158.432;-7.856.783;98;34925;523;-640;3243;2026-01-20T12:14:58Z;ADSB;A11FA3;B752;N17128;UAL;UAL;SFO;KSFO;EWR;KEWR;2026-01-20T12:48:00Z
3dfba63f;DL1330;DAL1330;4.335.686;-7.752.643;278;36000;386;0;3554;2026-01-20T12:14:58Z;ADSB;A41C56;A319;N364NB;DAL;DAL;BDL;KBDL;MSP;KMSP;2026-01-20T14:13:20Z
3dfa7178;UA870;UAL870;2.313.717;-13.377.379;34;35000;580;0;2000;2026-01-20T12:14:57Z;ESTIMATED;AA6BA4;B772;N77019;UAL;UAL;SYD;YSSY;SFO;KSFO;2026-01-20T14:24:00Z
3dfb951c;AA1604;AAL1604;2.839.766;-8.842.438;105;39000;522;0;2544;2026-01-20T12:14:57Z;ADSB;A3D90A;B38M;N347TT;AAL;AAL;SAT;KSAT;MIA;KMIA;2026-01-20T13:22:08Z
3dfba948;DL2497;DAL2497;3.362.315;-9.218.542;52;37000;567;0;2420;2026-01-20T12:14:58Z;ADSB;A423C4;A319;N366NB;DAL;DAL;SAT;KSAT;DTW;KDTW;2026-01-20T13:49:52Z
3dfbb55e;UA1309;UAL1309;3.173.808;-8.216.541;27;35000;519;0;1477;2026-01-20T12:14:57Z;ADSB;A44257;B38M;N37371;UAL;UAL;SRQ;KSRQ;EWR;KEWR;2026-01-20T13:54:08Z
3dfb9252;WN2272;SWA2272;322.108;-8.345.786;158;39000;454;0;6615;2026-01-20T12:14:57Z;ADSB;AC7C52;B737;N903WN;SWA;SWA;IND;KIND;MCO;KMCO;2026-01-20T12:58:40Z
3dfb94c3;AA949;AAL949;3.504.337;-8.045.529;198;38000;357;0;3672;2026-01-20T12:14:57Z;ADSB;A98CBC;A319;N714US;AAL;AAL;DCA;KDCA;RSW;KRSW;2026-01-20T13:37:04Z
3dfb8c4a;AA1232;AAL1232;3.175.961;-7.821.552;191;38000;398;-64;537;2026-01-20T12:14:58Z;ADSB;A3B50F;B38M;N338RS;AAL;AAL;DCA;KDCA;MIA;KMIA;2026-01-20T13:15:44Z
3dfb9d1e;UA1488;UAL1488;3.747.363;-9.135.301;13;35000;460;0;2421;2026-01-20T12:14:59Z;ADSB;A76028;B739;N57439;UAL;UAL;IAH;KIAH;ORD;KORD;2026-01-20T13:11:28Z
3dfba4b8;DL1389;DAL1389;3.619.311;-8.965.755;40;36975;545;64;2503;2026-01-20T12:14:57Z;ADSB;A42EFC;A320;N369NW;DAL;DAL;IAH;KIAH;DTW;KDTW;2026-01-20T13:28:32Z
3dfb8b88;AA2617;AAL2617;3.742.516;-8.442.796;248;38000;329;0;2404;2026-01-20T12:14:59Z;ADSB;AD6FF2;B738;N965NN;AAL;AAL;IAD;KIAD;DFW;KDFW;2026-01-20T14:02:40Z
3dfb9c97;DL2538;DAL2538;3.992.609;-8.406.857;321;36000;380;0;7024;2026-01-20T12:14:58Z;ADSB;A3BE8F;A320;N340NW;DAL;DAL;RDU;KRDU;MSP;KMSP;2026-01-20T13:41:20Z
3dfba408;DL2752;DAL2752;432.049;-886.836;313;38000;368;0;6710;2026-01-20T12:14:57Z;ADSB;AB43C6;B739;N825DN;DAL;DAL;CVG;KCVG;MSP;KMSP;2026-01-20T12:54:24Z
3dfa3e1b;DL158;DAL158;4.730.871;-9.478.722;118;39000;549;0;6275;2026-01-20T12:14:57Z;ADSB;A6B47C;A359;N531DN;DAL;DAL;ICN;RKSI;DTW;KDTW;2026-01-20T13:26:24Z
3dfba783;UA1289;UAL1289;3.912.337;-7.626.046;41;33950;551;-3840;1054;2026-01-20T12:14:57Z;ADSB;A24C73;B737;N24702;UAL;UAL;CHS;KCHS;EWR;KEWR;2026-01-20T12:45:52Z
3dfb3f3a;DL915;DAL915;4.135.836;-8.074.976;76;37000;559;0;7376;2026-01-20T12:14:59Z;ADSB;A12C23;B763;N175DZ;DAL;DAL;LAX;KLAX;JFK;KJFK;2026-01-20T13:02:56Z
3dfb9baa;AA2144;AAL2144;2.826.354;-8.762.318;108;37000;528;64;2422;2026-01-20T12:14:57Z;ADSB;AB9ECA;B738;N848NN;AAL;AAL;IAH;KIAH;MIA;KMIA;2026-01-20T13:17:52Z
3dfb1270;UA252;UAL252;3.246.395;-1.092.009;96;37000;537;0;3726;2026-01-20T12:14:57Z;ADSB;AA64BA;B772;N769UA;UAL;UAL;HNL;PHNL;IAH;KIAH;2026-01-20T13:47:44Z
3dfba543;DL1073;DAL1073;3.106.073;-8.938.471;70;39000;560;0;2533;2026-01-20T12:14:58Z;ADSB;A3A155;A321;N333DX;DAL;DAL;SAT;KSAT;ATL;KATL;2026-01-20T13:02:56Z
3dfb9be4;UA1525;UAL1525;3.472.904;-7.954.222;24;35000;522;0;3737;2026-01-20T12:14:58Z;ADSB;A12796;B38M;N17361;UAL;UAL;PBI;KPBI;EWR;KEWR;2026-01-20T13:22:08Z
3dfba1ee;UA1105;UAL1105;3.501.407;-7.929.876;22;35000;514;0;2607;2026-01-20T12:14:57Z;ADSB;A8D46A;B739;N66808;UAL;UAL;MCO;KMCO;EWR;KEWR;2026-01-20T13:24:16Z
3dfb802f;AA1017;AAL1017;3.309.943;-7.758.091;200;38000;363;0;3337;2026-01-20T12:14:58Z;ADSB;A3244F;B738;N301PA;AAL;AAL;JFK;KJFK;MIA;KMIA;2026-01-20T13:22:08Z
3dfb8f2e;WN2977;SWA2977;4.019.762;-832.519;298;38000;370;0;573;2026-01-20T12:14:57Z;ADSB;AC5349;B38M;N8933Q;SWA;SWA;DCA;KDCA;MDW;KMDW;2026-01-20T12:58:40Z
3dfb35df;UA805;UAL805;5.476.391;-16.656.996;278;36975;519;-64;7430;2026-01-20T12:14:57Z;ADSB;A31A56;B789;N29977;UAL;UAL;SFO;KSFO;ICN;RKSI;2026-01-20T19:14:08Z
3dfb9ee9;WN724;SWA724;4.164.205;-8.387.825;254;40000;361;0;5767;2026-01-20T12:14:58Z;ADSB;A1F1DE;B737;N224WN;SWA;SWA;BUF;KBUF;MDW;KMDW;2026-01-20T12:50:08Z
3dfae9f9;AA74;AAL74;4.250.378;-9.103.776;93;32675;554;-1856;3712;2026-01-20T12:14:57Z;ADSB;AC3448;B788;N886BR;AAL;AAL;HNL;PHNL;ORD;KORD;2026-01-20T12:48:36Z
3dfa11fc;EK221;UAE221;4.878.521;-9.643.307;188;36000;515;-64;1724;2026-01-20T12:14:58Z;ADSB;896452;B77W;A6-EQC;UAE;UAE;DXB;OMDB;DFW;KDFW;2026-01-20T14:19:44Z
3dfba1aa;DL2127;DAL2127;3.602.252;-8.153.223;228;36000;311;0;522;2026-01-20T12:14:57Z;ADSB;A41131;A319;N361NB;DAL;DAL;IAD;KIAD;ATL;KATL;2026-01-20T12:54:24Z
3dfb9286;WN4958;SWA4958;393.494;-7.893.671;246;40000;334;0;1572;2026-01-20T12:14:59Z;ADSB;AB5F00;B738;N8314L;SWA;SWA;LGA;KLGA;BNA;KBNA;2026-01-20T13:28:32Z
3dfb9b3f;WN2296;SWA2296;4.034.615;-7.841.772;267;40000;332;0;2644;2026-01-20T12:14:59Z;ADSB;AC3E5D;B38M;N8883Q;SWA;SWA;LGA;KLGA;STL;KSTL;2026-01-20T13:49:52Z
3df9fb52;UA163;UAL163;4.829.296;-692.834;212;36000;418;-64;702;2026-01-20T12:14:58Z;ADSB;A219EA;B77W;N2341U;UAL;UAL;DXB;OMDB;EWR;KEWR;2026-01-20T13:34:56Z
3dfa36c4;AA8;AAL8;2.747.304;-11.575.528;69;40000;511;-64;1046;2026-01-20T12:14:58Z;ADSB;ABA155;B789;N849AN;AAL;AAL;BNE;YBBN;DFW;KDFW;2026-01-20T14:24:00Z
3dfb3db3;UA2312;UAL2312;2.234.537;-9.181.534;145;37000;456;0;3346;2026-01-20T12:14:58Z;ADSB;A1244B;B38M;N17294;UAL;UAL;SFO;KSFO;SJO;MROC;2026-01-20T14:15:28Z
3dfb0bbd;AA9606;AAL9606;3.231.451;-10.028.898;95;38975;587;-64;3724;2026-01-20T12:14:58Z;ADSB;AB8748;B789;N842AA;AAL;AAL;OGG;PHOG;DFW;KDFW;2026-01-20T12:41:03Z
3dfb9ef0;DL1201;DAL1201;3.510.471;-8.202.319;358;37000;453;0;2673;2026-01-20T12:14:59Z;ADSB;A79898;B753;N589NW;DAL;DAL;MCO;KMCO;DTW;KDTW;2026-01-20T13:28:32Z
3dfb8f6f;AA716;AAL716;3.337.823;-7.758.797;197;38000;359;0;5617;2026-01-20T12:14:58Z;ADSB;A32FF6;B38M;N304UF;AAL;AAL;BWI;KBWI;MIA;KMIA;2026-01-20T13:32:48Z
3dfb9093;AA1942;AAL1942;3.664.788;-9.063.487;248;38000;342;0;4033;2026-01-20T12:14:58Z;ADSB;AAEA84;B738;N802NN;AAL;AAL;CVG;KCVG;DFW;KDFW;2026-01-20T13:17:52Z
3dfba1d4;UA1645;UAL1645;388.987;-8.631.164;223;36000;382;0;4176;2026-01-20T12:14:59Z;ADSB;A12778;B38M;N17356;UAL;UAL;CLE;KCLE;IAH;KIAH;2026-01-20T14:11:12Z
3dfb9e62;DL2555;DAL2555;3.612.598;-8.386.322;159;37025;466;64;7463;2026-01-20T12:14:57Z;ADSB;A06A54;A321;N126DN;DAL;DAL;DTW;KDTW;MCO;KMCO;2026-01-20T13:32:48Z
3dfb9f5f;UA2434;UAL2434;4.270.844;-816.296;278;36000;412;-64;1637;2026-01-20T12:14:57Z;ADSB;A47FDE;B789;N38955;UAL;UAL;EWR;KEWR;LAX;KLAX;2026-01-20T16:40:32Z
3dfafde5;UA887;UAL887;3.582.558;-7.784.264;3;37000;487;-64;5610;2026-01-20T12:14:58Z;ADSB;A05A03;B752;N12116;UAL;UAL;LIM;SPJC;EWR;KEWR;2026-01-20T13:15:44Z
3dfb9756;WN1309;SWA1309;3.856.834;-7.625.146;44;36625;576;-2624;7101;2026-01-20T12:14:59Z;ADSB;AAA247;B737;N7844A;SWA;SWA;ATL;KATL;LGA;KLGA;2026-01-20T12:48:00Z
3dfb241b;AA28;AAL28;3.988.922;-7.395.245;28;13100;341;-1920;7227;2026-01-20T12:14:58Z;ADSB;A03235;A321;N111ZM;AAL;AAL;LAX;KLAX;JFK;KJFK;2026-01-20T12:28:55Z
3dfb9234;WN879;SWA879;4.112.611;-7.952.004;277;38000;358;0;2763;2026-01-20T12:14:58Z;ADSB;AC53D5;B38M;N8937Q;SWA;SWA;LGA;KLGA;MDW;KMDW;2026-01-20T13:20:00Z
3dfb87b4;AA865;AAL865;4.305.835;-7.828.288;270;38025;377;0;3442;2026-01-20T12:14:57Z;ADSB;AAEF89;A319;N8031M;AAL;AAL;PVD;KPVD;ORD;KORD;2026-01-20T13:28:32Z
3dfa1c45;EK203;UAE8ER;4.701.452;-7.481.874;196;40000;444;0;731;2026-01-20T12:14:59Z;MLAT;89639E;A388;A6-EOE;UAE;UAE;DXB;OMDB;JFK;KJFK;2026-01-20T13:26:24Z
3dfa4d14;AA34;AAL34;3.156.516;-10.390.589;61;39000;563;-64;205;2026-01-20T12:14:58Z;ADSB;ABAC2C;B789;N851MK;AAL;AAL;AKL;NZAA;DFW;KDFW;2026-01-20T13:02:56Z
3dfac7e4;AA9604;AAL9604;2.866.063;-7.760.941;359;39000;486;0;2173;2026-01-20T12:14:59Z;ADSB;AABBC9;B772;N791AN;AAL;AAL;EZE;SAEZ;JFK;KJFK;2026-01-20T13:55:48Z
3dfb8f16;WN1671;SWA1671;3.611.467;-827.588;237;40000;322;0;7004;2026-01-20T12:14:57Z;ADSB;AC3751;B38M;N8866H;SWA;SWA;DCA;KDCA;HOU;KHOU;2026-01-20T14:15:28Z
3dfb9bba;WN2747;SWA2747;3.925.941;-8.580.237;351;29525;398;-960;3146;2026-01-20T12:14:58Z;ADSB;AC6573;B38M;N8980Q;SWA;SWA;ATL;KATL;MDW;KMDW;2026-01-20T12:52:16Z
3dfb924e;WN4424;SWA4424;4.067.477;-8.992.273;274;40000;365;0;3723;2026-01-20T12:14:58Z;ADSB;ABF2EA;B738;N8692F;SWA;SWA;CMH;KCMH;DEN;KDEN;2026-01-20T14:02:40Z
3dfb925b;WN4904;SWA4904;4.152.213;-8.591.871;271;21150;329;-2560;3076;2026-01-20T12:14:57Z;ADSB;ABB507;B738;N8531Q;SWA;SWA;PHL;KPHL;MDW;KMDW;2026-01-20T12:37:08Z
3dfa7496;UA844;UAL844;410.681;-8.589.429;287;23100;326;-1024;6054;2026-01-20T12:14:58Z;ADSB;A0F427;B78X;N16008;UAL;UAL;GRU;SBGR;ORD;KORD;2026-01-20T12:38:27Z
3dfb96ba;WN933;SWA933;394.439;-8.297.296;276;40000;341;-64;2437;2026-01-20T12:14:58Z;ADSB;A2D76A;B737;N282WN;SWA;SWA;DCA;KDCA;MCI;KMCI;2026-01-20T13:45:36Z
3dfb739a;DL925;DAL925;5.288.763;-12.926.976;136;37000;500;0;7224;2026-01-20T12:14:57Z;ADSB;A3901D;BCS3;N329DU;DAL;DAL;ANC;PANC;SEA;KSEA;2026-01-20T13:15:44Z
3dfba9bc;DL2408;DAL2408;612.465;-13.887.665;147;37000;481;0;5763;2026-01-20T12:14:58Z;ADSB;A449AF;B738;N3757D;DAL;DAL;FAI;PAFA;SEA;KSEA;2026-01-20T14:36:48Z
3dfbb108;UA2266;UAL2266;3.575.491;-7.895.491;24;37000;516;64;723;2026-01-20T12:14:59Z;ADSB;AC4E85;A319;N892UA;UAL;UAL;SAV;KSAV;EWR;KEWR;2026-01-20T13:15:44Z
3dfac859;DL650;DAL650;3.773.194;-7.864.432;105;39000;592;0;2776;2026-01-20T12:14:58Z;ADSB;A0F4F6;B763;N16065;DAL;DAL;HNL;PHNL;JFK;KJFK;2026-01-20T12:52:16Z
3dfb9d9e;WN702;SWA702;4.094.751;-7.500.763;237;40000;329;0;3453;2026-01-20T12:14:57Z;ADSB;AC4210;B38M;N8893L;SWA;SWA;BOS;KBOS;STL;KSTL;2026-01-20T14:17:36Z
3dfa1362;EK231;UAE3MX;4.430.809;-7.576.627;195;40000;435;64;733;2026-01-20T12:14:59Z;ADSB;8960FA;A388;A6-EDY;UAE;UAE;DXB;OMDB;IAD;KIAD;2026-01-20T13:17:52Z
3dfa149c;EK243;UAE88F;4.667.418;-715.636;227;35050;408;-960;712;2026-01-20T12:14:59Z;ADSB;89667C;A359;A6-EXN;UAE;UAE;DXB;OMDB;YUL;CYUL;2026-01-20T12:50:42Z
3dfb94e0;AA1593;AAL1593;2.856.853;-882.677;109;37000;523;0;2513;2026-01-20T12:19:59Z;ADSB;ADD667;B738;N991AN;AAL;AAL;AUS;KAUS;MIA;KMIA;2026-01-20T13:28:32Z
3dfb0e8d;AA102;AAL102;3.252.081;-10.651.295;92;37000;535;0;3721;2026-01-20T12:19:59Z;ADSB;AAA326;B772;N785AN;AAL;AAL;HNL;PHNL;DFW;KDFW;2026-01-20T13:24:16Z
3dfafd06;AA246;AAL246;3.369.456;-11.947.076;70;19250;373;-1984;3766;2026-01-20T12:19:58Z;ADSB;A4B41C;A21N;N402AN;AAL;AAL;KOA;PHKO;LAX;KLAX;2026-01-20T12:41:12Z
3dfb9126;WN2715;SWA2715;3.463.799;-8.468.073;168;39000;429;0;6565;2026-01-20T12:19:58Z;ADSB;AC08B1;B38M;N8748Q;SWA;SWA;MDW;KMDW;MCO;KMCO;2026-01-20T13:28:32Z
3dfb8dcd;DL1183;DAL1183;3.420.617;-8.371.713;221;13300;354;-1280;1635;2026-01-20T12:19:58Z;ADSB;A335F4;A321;N306DN;DAL;DAL;PHL;KPHL;ATL;KATL;2026-01-20T12:35:03Z
3dfb9759;AA1868;AAL1868;3.591.878;-8.745.935;70;37000;582;0;2372;2026-01-20T12:19:59Z;ADSB;AB20DF;B738;N816NN;AAL;AAL;DFW;KDFW;DCA;KDCA;2026-01-20T13:32:48Z
3dfb92dd;WN1585;SWA1585;3.728.327;-8.488.652;248;40000;326;0;2401;2026-01-20T12:19:59Z;ADSB;AC0C8B;B38M;N8759Q;SWA;SWA;DCA;KDCA;DAL;KDAL;2026-01-20T14:06:56Z
3dfb948f;WN1350;SWA1350;3.759.992;-8.363.127;239;34025;312;0;3603;2026-01-20T12:19:58Z;ADSB;AC5A4A;B38M;N8950L;SWA;SWA;DCA;KDCA;BNA;KBNA;2026-01-20T12:54:24Z
3dfba08c;WN1167;SWA1167;3.776.299;-8.422.119;334;40000;391;-64;2663;2026-01-20T12:19:59Z;ADSB;AC24E4;B38M;N8817L;SWA;SWA;SAV;KSAV;MDW;KMDW;2026-01-20T13:15:44Z
3dfb90e7;WN1549;SWA1549;4.011.589;-8.402.216;314;39775;381;-1024;7001;2026-01-20T12:19:58Z;ADSB;AC2038;B38M;N8800L;SWA;SWA;RDU;KRDU;MDW;KMDW;2026-01-20T12:58:40Z
3dfaadbc;DL68;DAL68;5.030.686;-12.992.216;117;39000;525;0;1403;2026-01-20T12:19:58Z;ADSB;A66935;A359;N512DN;DAL;DAL;TPE;RCTP;SEA;KSEA;2026-01-20T13:07:12Z
3dfb5365;UA1959;UAL1959;4.517.839;-11.093.063;143;37000;518;-64;4145;2026-01-20T12:19:58Z;ADSB;A44212;B38M;N37352;UAL;UAL;ANC;PANC;DEN;KDEN;2026-01-20T13:22:08Z
3dfb9ec2;DL2286;DAL2286;3.769.498;-793.924;227;38000;329;0;3322;2026-01-20T12:19:59Z;ADSB;A988F0;B752;N713TW;DAL;DAL;JFK;KJFK;ATL;KATL;2026-01-20T13:15:44Z
3dfb39e6;UA2416;UAL2416;4.146.492;-7.763.371;101;33000;511;0;3243;2026-01-20T12:19:58Z;ADSB;A11FA3;B752;N17128;UAL;UAL;SFO;KSFO;EWR;KEWR;2026-01-20T12:50:08Z
3dfba63f;DL1330;DAL1330;4.343.761;-7.824.987;278;35975;385;0;3554;2026-01-20T12:19:59Z;ADSB;A41C56;A319;N364NB;DAL;DAL;BDL;KBDL;MSP;KMSP;2026-01-20T14:11:12Z
3dfb951c;AA1604;AAL1604;2.819.771;-8.763.088;106;39000;523;0;2544;2026-01-20T12:19:58Z;ADSB;A3D90A;B38M;N347TT;AAL;AAL;SAT;KSAT;MIA;KMIA;2026-01-20T13:22:08Z
3dfb9252;WN2272;SWA2272;3.160.849;-8.318.105;158;39000;468;0;6615;2026-01-20T12:19:59Z;ADSB;AC7C52;B737;N903WN;SWA;SWA;IND;KIND;MCO;KMCO;2026-01-20T12:58:40Z
3dfbb55e;UA1309;UAL1309;3.237.508;-8.176.659;30;35000;523;0;1477;2026-01-20T12:19:58Z;ADSB;A44257;B38M;N37371;UAL;UAL;SRQ;KSRQ;EWR;KEWR;2026-01-20T13:54:08Z
3dfba948;DL2497;DAL2497;3.410.664;-9.143.589;52;37000;567;0;2420;2026-01-20T12:19:59Z;ADSB;A423C4;A319;N366NB;DAL;DAL;SAT;KSAT;DTW;KDTW;2026-01-20T13:49:52Z
3dfb94c3;AA949;AAL949;3.456.839;-8.064.411;197;38000;360;-64;3026;2026-01-20T12:19:58Z;ADSB;A98CBC;A319;N714US;AAL;AAL;DCA;KDCA;RSW;KRSW;2026-01-20T13:37:04Z
3dfb8c4a;AA1232;AAL1232;3.122.745;-7.836.844;196;38000;392;0;537;2026-01-20T12:19:58Z;ADSB;A3B50F;B38M;N338RS;AAL;AAL;DCA;KDCA;MIA;KMIA;2026-01-20T13:15:44Z
3dfb9d1e;UA1488;UAL1488;380.825;-9.116.438;13;35000;444;64;2421;2026-01-20T12:19:59Z;ADSB;A76028;B739;N57439;UAL;UAL;IAH;KIAH;ORD;KORD;2026-01-20T13:11:28Z
3dfba4b8;DL1389;DAL1389;3.676.831;-890.425;41;36975;535;0;2503;2026-01-20T12:19:58Z;ADSB;A42EFC;A320;N369NW;DAL;DAL;IAH;KIAH;DTW;KDTW;2026-01-20T13:28:32Z
3dfb8b88;AA2617;AAL2617;3.726.128;-8.495.132;248;38000;323;0;2404;2026-01-20T12:19:59Z;ADSB;AD6FF2;B738;N965NN;AAL;AAL;IAD;KIAD;DFW;KDFW;2026-01-20T14:02:40Z
3dfb9c97;DL2538;DAL2538;4.033.407;-8.449.691;320;36000;373;-64;7024;2026-01-20T12:19:58Z;ADSB;A3BE8F;A320;N340NW;DAL;DAL;RDU;KRDU;MSP;KMSP;2026-01-20T13:41:20Z
3dfa3e1b;DL158;DAL158;4.694.458;-9.379.996;118;39000;551;0;6275;2026-01-20T12:19:58Z;ADSB;A6B47C;A359;N531DN;DAL;DAL;ICN;RKSI;DTW;KDTW;2026-01-20T13:24:16Z
3dfba408;DL2752;DAL2752;435.618;-8.920.004;313;38000;378;0;6710;2026-01-20T12:19:57Z;ADSB;AB43C6;B739;N825DN;DAL;DAL;CVG;KCVG;MSP;KMSP;2026-01-20T12:56:32Z
3dfba783;UA1289;UAL1289;3.965.268;-756.391;42;20500;466;-1792;1054;2026-01-20T12:19:59Z;ADSB;A24C73;B737;N24702;UAL;UAL;CHS;KCHS;EWR;KEWR;2026-01-20T12:40:53Z
3dfb3f3a;DL915;DAL915;4.154.352;-7.974.414;76;37000;563;0;7376;2026-01-20T12:19:59Z;ADSB;A12C23;B763;N175DZ;DAL;DAL;LAX;KLAX;JFK;KJFK;2026-01-20T13:02:56Z
3dfb9baa;AA2144;AAL2144;2.803.271;-8.683.958;108;37000;519;0;2422;2026-01-20T12:19:58Z;ADSB;AB9ECA;B738;N848NN;AAL;AAL;IAH;KIAH;MIA;KMIA;2026-01-20T13:17:52Z
3dfb1270;UA252;UAL252;3.237.094;-10.831.813;97;37000;539;0;3726;2026-01-20T12:19:59Z;ADSB;AA64BA;B772;N769UA;UAL;UAL;HNL;PHNL;IAH;KIAH;2026-01-20T13:45:36Z
3dfba543;DL1073;DAL1073;3.131.543;-8.852.299;71;39000;562;0;2533;2026-01-20T12:19:58Z;ADSB;A3A155;A321;N333DX;DAL;DAL;SAT;KSAT;ATL;KATL;2026-01-20T13:02:56Z
3dfb802f;AA1017;AAL1017;3.261.891;-7.779.194;200;38000;372;0;3337;2026-01-20T12:19:59Z;ADSB;A3244F;B738;N301PA;AAL;AAL;JFK;KJFK;MIA;KMIA;2026-01-20T13:24:16Z
3dfba1aa;DL2127;DAL2127;3.572.617;-8.193.214;224;34000;323;0;522;2026-01-20T12:19:58Z;ADSB;A41131;A319;N361NB;DAL;DAL;IAD;KIAD;ATL;KATL;2026-01-20T12:54:24Z
3dfb8f2e;WN2977;SWA2977;4.044.131;-8.384.247;298;38000;367;0;573;2026-01-20T12:19:58Z;ADSB;AC5349;B38M;N8933Q;SWA;SWA;DCA;KDCA;MDW;KMDW;2026-01-20T12:58:40Z
3dfb9ee9;WN724;SWA724;4.150.653;-8.452.663;254;32875;371;-3968;5767;2026-01-20T12:19:58Z;ADSB;A1F1DE;B737;N224WN;SWA;SWA;BUF;KBUF;MDW;KMDW;2026-01-20T12:56:00Z
3dfb35df;UA805;UAL805;5.486.293;-16.779.836;277;37000;509;-128;7430;2026-01-20T12:19:59Z;ADSB;A31A56;B789;N29977;UAL;UAL;SFO;KSFO;ICN;RKSI;2026-01-20T19:14:08Z
3dfae9f9;AA74;AAL74;4.245.703;-9.001.161;94;24025;527;-1088;3712;2026-01-20T12:19:58Z;ADSB;AC3448;B788;N886BR;AAL;AAL;HNL;PHNL;ORD;KORD;2026-01-20T12:43:38Z
3dfa11fc;EK221;UAE221;4.807.748;-9.658.257;187;36000;514;0;1724;2026-01-20T12:19:58Z;ADSB;896452;B77W;A6-EQC;UAE;UAE;DXB;OMDB;DFW;KDFW;2026-01-20T14:19:44Z
3dfb9be4;UA1525;UAL1525;3.539.017;-791.736;24;35000;526;0;3737;2026-01-20T12:19:58Z;ADSB;A12796;B38M;N17361;UAL;UAL;PBI;KPBI;EWR;KEWR;2026-01-20T13:24:16Z
3dfba1ee;UA1105;UAL1105;3.568.428;-7.896.183;22;35000;520;0;2607;2026-01-20T12:19:59Z;ADSB;A8D46A;B739;N66808;UAL;UAL;MCO;KMCO;EWR;KEWR;2026-01-20T13:24:16Z
3dfb9286;WN4958;SWA4958;391.636;-7.948.537;246;38100;335;-960;1572;2026-01-20T12:19:58Z;ADSB;AB5F00;B738;N8314L;SWA;SWA;LGA;KLGA;BNA;KBNA;2026-01-20T13:30:40Z
3dfb9b3f;WN2296;SWA2296;403.249;-7.902.953;267;40000;342;-64;2644;2026-01-20T12:19:59Z;ADSB;AC3E5D;B38M;N8883Q;SWA;SWA;LGA;KLGA;STL;KSTL;2026-01-20T13:49:52Z
3df9fb52;UA163;UAL163;4.780.184;-6.974.382;211;36000;410;0;702;2026-01-20T12:19:59Z;ADSB;A219EA;B77W;N2341U;UAL;UAL;DXB;OMDB;EWR;KEWR;2026-01-20T13:34:56Z
3dfa36c4;AA8;AAL8;2.772.066;-11.500.405;68;40000;513;-64;1046;2026-01-20T12:19:59Z;ADSB;ABA155;B789;N849AN;AAL;AAL;BNE;YBBN;DFW;KDFW;2026-01-20T14:24:00Z
3dfb3db3;UA2312;UAL2312;2.182.315;-9.143.597;145;37000;449;0;3346;2026-01-20T12:19:59Z;ADSB;A1244B;B38M;N17294;UAL;UAL;SFO;KSFO;SJO;MROC;2026-01-20T14:19:44Z
3dfb0bbd;AA9606;AAL9606;3.230.777;-9.935.036;86;28550;537;-1856;3724;2026-01-20T12:19:58Z;ADSB;AB8748;B789;N842AA;AAL;AAL;OGG;PHOG;DFW;KDFW;2026-01-20T12:48:48Z
3dfb8f6f;AA716;AAL716;3.289.723;-77.767;197;38000;367;0;5617;2026-01-20T12:19:59Z;ADSB;A32FF6;B38M;N304UF;AAL;AAL;BWI;KBWI;MIA;KMIA;2026-01-20T13:32:48Z
3dfb9093;AA1942;AAL1942;3.646.957;-9.117.685;247;38000;336;64;4033;2026-01-20T12:19:59Z;ADSB;AAEA84;B738;N802NN;AAL;AAL;CVG;KCVG;DFW;KDFW;2026-01-20T13:20:00Z
3dfba1d4;UA1645;UAL1645;385.139;-8.677.014;222;36000;377;64;4176;2026-01-20T12:19:59Z;ADSB;A12778;B38M;N17356;UAL;UAL;CLE;KCLE;IAH;KIAH;2026-01-20T14:09:04Z
3dfb9e62;DL2555;DAL2555;3.552.299;-8.358.942;159;36975;451;0;7463;2026-01-20T12:19:59Z;ADSB;A06A54;A321;N126DN;DAL;DAL;DTW;KDTW;MCO;KMCO;2026-01-20T13:28:32Z
3dfb9ef0;DL1201;DAL1201;3.572.594;-8.204.263;358;37000;442;0;2673;2026-01-20T12:19:58Z;ADSB;A79898;B753;N589NW;DAL;DAL;MCO;KMCO;DTW;KDTW;2026-01-20T13:28:32Z
3dfb9f5f;UA2434;UAL2434;4.279.291;-8.239.657;278;36000;409;-64;1637;2026-01-20T12:19:58Z;ADSB;A47FDE;B789;N38955;UAL;UAL;EWR;KEWR;LAX;KLAX;2026-01-20T16:40:32Z
3dfafde5;UA887;UAL887;3.649.818;-7.779.202;7;37000;498;-192;5610;2026-01-20T12:19:58Z;ADSB;A05A03;B752;N12116;UAL;UAL;LIM;SPJC;EWR;KEWR;2026-01-20T13:15:44Z
3dfb9756;WN1309;SWA1309;3.916.198;-755.824;36;27000;556;0;7101;2026-01-20T12:19:58Z;ADSB;AAA247;B737;N7844A;SWA;SWA;ATL;KATL;LGA;KLGA;2026-01-20T12:46:36Z
3dfb241b;AA28;AAL28;40.261;-7.364.423;34;6975;290;-1216;7227;2026-01-20T12:19:59Z;ADSB;A03235;A321;N111ZM;AAL;AAL;LAX;KLAX;JFK;KJFK;2026-01-20T12:28:04Z
3dfb9234;WN879;SWA879;4.118.458;-8.017.947;276;38000;366;0;2763;2026-01-20T12:19:57Z;ADSB;AC53D5;B38M;N8937Q;SWA;SWA;LGA;KLGA;MDW;KMDW;2026-01-20T13:20:00Z
3dfb87b4;AA865;AAL865;4.305.593;-7.900.681;269;38050;383;-64;3442;2026-01-20T12:19:59Z;ADSB;AAEF89;A319;N8031M;AAL;AAL;PVD;KPVD;ORD;KORD;2026-01-20T13:34:56Z
3dfa1c45;EK203;UAE8ER;4.642.391;-7.507.156;195;39975;442;64;731;2026-01-20T12:19:58Z;MLAT;89639E;A388;A6-EOE;UAE;UAE;DXB;OMDB;JFK;KJFK;2026-01-20T13:26:24Z
3dfa4d14;AA34;AAL34;317.909;-1.030.258;78;39000;570;-64;520;2026-01-20T12:19:59Z;ADSB;ABAC2C;B789;N851MK;AAL;AAL;AKL;NZAA;DFW;KDFW;2026-01-20T13:02:56Z
3dfac7e4;AA9604;AAL9604;2.933.862;-7.762.132;359;39000;487;0;2173;2026-01-20T12:19:59Z;ADSB;AABBC9;B772;N791AN;AAL;AAL;EZE;SAEZ;JFK;KJFK;2026-01-20T13:55:43Z
3dfb8f16;WN1671;SWA1671;3.586.878;-8.323.148;237;40000;329;0;7004;2026-01-20T12:19:59Z;ADSB;AC3751;B38M;N8866H;SWA;SWA;DCA;KDCA;HOU;KHOU;2026-01-20T14:15:28Z
3dfb924e;WN4424;SWA4424;4.071.058;-9.058.708;273;40000;364;0;3723;2026-01-20T12:19:59Z;ADSB;ABF2EA;B738;N8692F;SWA;SWA;CMH;KCMH;DEN;KDEN;2026-01-20T14:02:40Z
3dfb9bba;WN2747;SWA2747;3.980.887;-8.591.205;351;27975;402;0;3146;2026-01-20T12:19:59Z;ADSB;AC6573;B38M;N8980Q;SWA;SWA;ATL;KATL;MDW;KMDW;2026-01-20T12:50:08Z
3dfa7496;UA844;UAL844;4.119.878;-8.645.874;286;17825;309;-1024;6054;2026-01-20T12:19:58Z;ADSB;A0F427;B78X;N16008;UAL;UAL;GRU;SBGR;ORD;KORD;2026-01-20T12:37:15Z
3dfb96ba;WN933;SWA933;394.958;-8.357.903;276;40000;340;0;2437;2026-01-20T12:19:58Z;ADSB;A2D76A;B737;N282WN;SWA;SWA;DCA;KDCA;MCI;KMCI;2026-01-20T13:45:36Z
3dfb739a;DL925;DAL925;5.237.997;-12.848.323;137;37000;500;0;7224;2026-01-20T12:19:59Z;ADSB;A3901D;BCS3;N329DU;DAL;DAL;ANC;PANC;SEA;KSEA;2026-01-20T13:15:44Z
3dfba9bc;DL2408;DAL2408;6.073.627;-13.796.129;139;37000;487;0;5763;2026-01-20T12:19:59Z;ADSB;A449AF;B738;N3757D;DAL;DAL;FAI;PAFA;SEA;KSEA;2026-01-20T14:36:48Z
3dfb925b;WN4904;SWA4904;4.152.274;-8.648.281;269;9600;283;-64;3076;2026-01-20T12:19:59Z;ADSB;ABB507;B738;N8531Q;SWA;SWA;PHL;KPHL;MDW;KMDW;2026-01-20T12:29:11Z
3dfbb108;UA2266;UAL2266;3.640.795;-7.859.233;25;37000;517;0;723;2026-01-20T12:19:59Z;ADSB;AC4E85;A319;N892UA;UAL;UAL;SAV;KSAV;EWR;KEWR;2026-01-20T13:15:44Z
3dfac859;DL650;DAL650;3.751.799;-7.763.588;97;39000;611;64;2776;2026-01-20T12:19:59Z;ADSB;A0F4F6;B763;N16065;DAL;DAL;HNL;PHNL;JFK;KJFK;2026-01-20T12:54:24Z
3dfb9d9e;WN702;SWA702;4.071.301;-7.552.302;243;40000;318;0;3453;2026-01-20T12:19:59Z;ADSB;AC4210;B38M;N8893L;SWA;SWA;BOS;KBOS;STL;KSTL;2026-01-20T14:17:36Z
3dfa1362;EK231;UAE3MX;4.372.897;-7.598.962;195;37175;427;-1792;733;2026-01-20T12:19:58Z;ADSB;8960FA;A388;A6-EDY;UAE;UAE;DXB;OMDB;IAD;KIAD;2026-01-20T13:17:52Z
3dfa149c;EK243;UAE88F;4.629.826;-7.214.608;226;27350;370;-2304;712;2026-01-20T12:19:59Z;ADSB;89667C;A359;A6-EXN;UAE;UAE;DXB;OMDB;YUL;CYUL;2026-01-20T12:48:03Z
3dfb94e0;AA1593;AAL1593;2.832.014;-8.750.103;110;37000;521;-128;2513;2026-01-20T12:24:57Z;ADSB;ADD667;B738;N991AN;AAL;AAL;AUS;KAUS;MIA;KMIA;2026-01-20T13:24:16Z
3dfb0e8d;AA102;AAL102;3.249.724;-10.564.195;90;37000;534;0;3721;2026-01-20T12:24:58Z;ADSB;AAA326;B772;N785AN;AAL;AAL;HNL;PHNL;DFW;KDFW;2026-01-20T13:22:08Z
3dfafd06;AA246;AAL246;3.384.962;-11.894.199;70;9875;260;-448;3766;2026-01-20T12:24:58Z;ADSB;A4B41C;A21N;N402AN;AAL;AAL;KOA;PHKO;LAX;KLAX;2026-01-20T12:34:57Z
3dfb9126;WN2715;SWA2715;3.404.421;-8.452.698;167;39000;443;0;6565;2026-01-20T12:24:58Z;ADSB;AC08B1;B38M;N8748Q;SWA;SWA;MDW;KMDW;MCO;KMCO;2026-01-20T13:28:32Z
3dfb8dcd;DL1183;DAL1183;3.393.565;-8.404.008;224;8550;257;-128;1635;2026-01-20T12:24:57Z;ADSB;A335F4;A321;N306DN;DAL;DAL;PHL;KPHL;ATL;KATL;2026-01-20T12:31:45Z
3dfb9759;AA1868;AAL1868;3.619.144;-8.651.676;68;37000;593;0;2372;2026-01-20T12:24:57Z;ADSB;AB20DF;B738;N816NN;AAL;AAL;DFW;KDFW;DCA;KDCA;2026-01-20T13:30:40Z
3dfb92dd;WN1585;SWA1585;3.714.496;-8.542.741;255;40000;336;0;2401;2026-01-20T12:24:58Z;ADSB;AC0C8B;B38M;N8759Q;SWA;SWA;DCA;KDCA;DAL;KDAL;2026-01-20T14:06:56Z
3dfb948f;WN1350;SWA1350;3.737.778;-8.410.373;239;34025;314;64;3603;2026-01-20T12:24:59Z;ADSB;AC5A4A;B38M;N8950L;SWA;SWA;DCA;KDCA;BNA;KBNA;2026-01-20T12:54:24Z
3dfba08c;WN1167;SWA1167;3.825.293;-8.451.537;334;36000;394;0;2663;2026-01-20T12:24:59Z;ADSB;AC24E4;B38M;N8817L;SWA;SWA;SAV;KSAV;MDW;KMDW;2026-01-20T13:15:44Z
3dfb90e7;WN1549;SWA1549;4.047.782;-8.450.515;314;36000;367;-64;7001;2026-01-20T12:24:59Z;ADSB;AC2038;B38M;N8800L;SWA;SWA;RDU;KRDU;MDW;KMDW;2026-01-20T12:58:40Z
3dfaadbc;DL68;DAL68;4.996.042;-12.892.783;118;39000;527;0;1403;2026-01-20T12:24:58Z;ADSB;A66935;A359;N512DN;DAL;DAL;TPE;RCTP;SEA;KSEA;2026-01-20T13:07:12Z
3dfb5365;UA1959;UAL1959;4.460.042;-110.337;144;37000;509;0;4145;2026-01-20T12:24:59Z;ADSB;A44212;B38M;N37352;UAL;UAL;ANC;PANC;DEN;KDEN;2026-01-20T13:20:00Z
3dfb9ec2;DL2286;DAL2286;3.738.908;-7.981.293;227;38000;328;0;3322;2026-01-20T12:24:58Z;ADSB;A988F0;B752;N713TW;DAL;DAL;JFK;KJFK;ATL;KATL;2026-01-20T13:17:52Z
3dfb39e6;UA2416;UAL2416;4.131.995;-767.052;108;26000;489;-64;3243;2026-01-20T12:24:58Z;ADSB;A11FA3;B752;N17128;UAL;UAL;SFO;KSFO;EWR;KEWR;2026-01-20T12:52:47Z
3dfba63f;DL1330;DAL1330;4.351.466;-7.898.235;277;36000;389;0;3554;2026-01-20T12:24:59Z;ADSB;A41C56;A319;N364NB;DAL;DAL;BDL;KBDL;MSP;KMSP;2026-01-20T14:13:20Z
3dfb951c;AA1604;AAL1604;2.799.447;-8.684.418;106;39000;521;0;2544;2026-01-20T12:24:58Z;ADSB;A3D90A;B38M;N347TT;AAL;AAL;SAT;KSAT;MIA;KMIA;2026-01-20T13:24:16Z
3dfb9252;WN2272;SWA2272;310.318;-8.292.028;159;32250;439;-2944;6615;2026-01-20T12:24:58Z;ADSB;AC7C52;B737;N903WN;SWA;SWA;IND;KIND;MCO;KMCO;2026-01-20T13:02:56Z
3dfba948;DL2497;DAL2497;345.845;-9.067.924;52;37050;566;0;2420;2026-01-20T12:24:59Z;ADSB;A423C4;A319;N366NB;DAL;DAL;SAT;KSAT;DTW;KDTW;2026-01-20T13:49:52Z
3dfbb55e;UA1309;UAL1309;3.299.854;-8.132.459;31;35000;524;0;1477;2026-01-20T12:24:57Z;ADSB;A44257;B38M;N37371;UAL;UAL;SRQ;KSRQ;EWR;KEWR;2026-01-20T13:54:08Z
3dfb94c3;AA949;AAL949;3.408.723;-8.083.253;198;38025;362;-64;3026;2026-01-20T12:24:58Z;ADSB;A98CBC;A319;N714US;AAL;AAL;DCA;KDCA;RSW;KRSW;2026-01-20T13:37:04Z
3dfb8c4a;AA1232;AAL1232;3.069.814;-7.854.411;195;38000;399;0;537;2026-01-20T12:24:57Z;ADSB;A3B50F;B38M;N338RS;AAL;AAL;DCA;KDCA;MIA;KMIA;2026-01-20T13:15:44Z
3dfba4b8;DL1389;DAL1389;373.287;-8.843.117;41;36700;528;-576;2503;2026-01-20T12:24:59Z;ADSB;A42EFC;A320;N369NW;DAL;DAL;IAH;KIAH;DTW;KDTW;2026-01-20T13:26:24Z
3dfb9d1e;UA1488;UAL1488;3.867.979;-9.097.571;15;35000;449;0;2421;2026-01-20T12:24:57Z;ADSB;A76028;B739;N57439;UAL;UAL;IAH;KIAH;ORD;KORD;2026-01-20T13:11:28Z
3dfb8b88;AA2617;AAL2617;3.709.378;-8.547.667;248;38000;330;0;2404;2026-01-20T12:24:57Z;ADSB;AD6FF2;B738;N965NN;AAL;AAL;IAD;KIAD;DFW;KDFW;2026-01-20T14:02:40Z
3dfb9c97;DL2538;DAL2538;4.073.941;-8.492.926;320;36000;379;0;7024;2026-01-20T12:24:58Z;ADSB;A3BE8F;A320;N340NW;DAL;DAL;RDU;KRDU;MSP;KMSP;2026-01-20T13:41:20Z
3dfa3e1b;DL158;DAL158;4.657.104;-9.282.349;119;39000;557;0;6275;2026-01-20T12:24:58Z;ADSB;A6B47C;A359;N531DN;DAL;DAL;ICN;RKSI;DTW;KDTW;2026-01-20T13:26:24Z
3dfba408;DL2752;DAL2752;4.392.101;-8.972.917;312;37550;375;-1024;6710;2026-01-20T12:24:58Z;ADSB;AB43C6;B739;N825DN;DAL;DAL;CVG;KCVG;MSP;KMSP;2026-01-20T12:58:40Z
3dfba783;UA1289;UAL1289;4.007.831;-7.512.214;43;11700;369;-1600;1054;2026-01-20T12:24:57Z;ADSB;A24C73;B737;N24702;UAL;UAL;CHS;KCHS;EWR;KEWR;2026-01-20T12:38:48Z
3dfb3f3a;DL915;DAL915;4.163.699;-7.870.955;87;37000;567;0;7376;2026-01-20T12:24:58Z;ADSB;A12C23;B763;N175DZ;DAL;DAL;LAX;KLAX;JFK;KJFK;2026-01-20T13:05:04Z
3dfb9baa;AA2144;AAL2144;2.780.756;-8.606.927;108;37000;518;0;2422;2026-01-20T12:24:58Z;ADSB;AB9ECA;B738;N848NN;AAL;AAL;IAH;KIAH;MIA;KMIA;2026-01-20T13:15:44Z
3dfb1270;UA252;UAL252;3.227.289;-1.074.464;97;37000;542;0;3726;2026-01-20T12:24:57Z;ADSB;AA64BA;B772;N769UA;UAL;UAL;HNL;PHNL;IAH;KIAH;2026-01-20T13:45:36Z
3dfba543;DL1073;DAL1073;315.867;-8.767.224;58;38950;550;-512;2533;2026-01-20T12:24:57Z;ADSB;A3A155;A321;N333DX;DAL;DAL;SAT;KSAT;ATL;KATL;2026-01-20T13:02:56Z
3dfb802f;AA1017;AAL1017;3.212.612;-7.800.601;200;38000;384;0;3337;2026-01-20T12:24:58Z;ADSB;A3244F;B738;N301PA;AAL;AAL;JFK;KJFK;MIA;KMIA;2026-01-20T13:28:32Z
3dfb9ee9;WN724;SWA724;4.150.154;-8.519.866;272;30000;370;0;5767;2026-01-20T12:24:58Z;ADSB;A1F1DE;B737;N224WN;SWA;SWA;BUF;KBUF;MDW;KMDW;2026-01-20T12:52:35Z
3dfb8f2e;WN2977;SWA2977;4.067.865;-8.442.905;297;34425;373;-3840;573;2026-01-20T12:24:58Z;ADSB;AC5349;B38M;N8933Q;SWA;SWA;DCA;KDCA;MDW;KMDW;2026-01-20T12:58:40Z
3dfb35df;UA805;UAL805;5.494.803;-16.901.004;276;36975;510;128;7430;2026-01-20T12:24:59Z;ADSB;A31A56;B789;N29977;UAL;UAL;SFO;KSFO;ICN;RKSI;2026-01-20T19:16:16Z
3dfae9f9;AA74;AAL74;4.240.942;-8.915.898;94;15800;407;-1472;3712;2026-01-20T12:24:58Z;ADSB;AC3448;B788;N886BR;AAL;AAL;HNL;PHNL;ORD;KORD;2026-01-20T12:42:11Z
3dfa11fc;EK221;UAE221;4.737.122;-9.672.768;187;36000;516;0;1724;2026-01-20T12:24:58Z;ADSB;896452;B77W;A6-EQC;UAE;UAE;DXB;OMDB;DFW;KDFW;2026-01-20T14:21:52Z
3dfba1aa;DL2127;DAL2127;3.540.423;-8.231.588;225;33925;320;-768;522;2026-01-20T12:24:58Z;ADSB;A41131;A319;N361NB;DAL;DAL;IAD;KIAD;ATL;KATL;2026-01-20T13:02:56Z
3dfb9be4;UA1525;UAL1525;3.605.373;-7.879.733;25;35000;526;0;3737;2026-01-20T12:24:59Z;ADSB;A12796;B38M;N17361;UAL;UAL;PBI;KPBI;EWR;KEWR;2026-01-20T13:24:16Z
3dfba1ee;UA1105;UAL1105;3.634.748;-7.862.202;22;35000;521;0;2607;2026-01-20T12:24:58Z;ADSB;A8D46A;B739;N66808;UAL;UAL;MCO;KMCO;EWR;KEWR;2026-01-20T13:24:16Z
3dfb9286;WN4958;SWA4958;3.897.442;-8.003.186;245;38000;330;0;1572;2026-01-20T12:24:59Z;ADSB;AB5F00;B738;N8314L;SWA;SWA;LGA;KLGA;BNA;KBNA;2026-01-20T13:28:32Z
3dfb9b3f;WN2296;SWA2296;4.029.991;-7.964.996;266;40000;345;0;2644;2026-01-20T12:24:58Z;ADSB;AC3E5D;B38M;N8883Q;SWA;SWA;LGA;KLGA;STL;KSTL;2026-01-20T13:49:52Z
3df9fb52;UA163;UAL163;4.732.119;-7.018.433;211;36000;406;0;702;2026-01-20T12:24:58Z;ADSB;A219EA;B77W;N2341U;UAL;UAL;DXB;OMDB;EWR;KEWR;2026-01-20T13:37:04Z
3dfa36c4;AA8;AAL8;2.798.101;-11.425.991;68;39975;511;0;1046;2026-01-20T12:24:59Z;ADSB;ABA155;B789;N849AN;AAL;AAL;BNE;YBBN;DFW;KDFW;2026-01-20T14:24:00Z
3dfb3db3;UA2312;UAL2312;2.130.208;-9.106.053;146;37000;459;0;3346;2026-01-20T12:24:57Z;ADSB;A1244B;B38M;N17294;UAL;UAL;SFO;KSFO;SJO;MROC;2026-01-20T14:15:28Z
3dfb0bbd;AA9606;AAL9606;3.234.692;-9.850.835;86;19475;474;-1920;3724;2026-01-20T12:24:59Z;ADSB;AB8748;B789;N842AA;AAL;AAL;OGG;PHOG;DFW;KDFW;2026-01-20T12:46:55Z
3dfb9e62;DL2555;DAL2555;3.494.146;-8.332.981;159;37000;446;0;7463;2026-01-20T12:24:59Z;ADSB;A06A54;A321;N126DN;DAL;DAL;DTW;KDTW;MCO;KMCO;2026-01-20T13:28:32Z
3dfb8f6f;AA716;AAL716;3.240.399;-7.794.893;197;38000;377;0;5617;2026-01-20T12:24:59Z;ADSB;A32FF6;B38M;N304UF;AAL;AAL;BWI;KBWI;MIA;KMIA;2026-01-20T13:32:48Z
3dfb9093;AA1942;AAL1942;3.629.105;-9.171.009;247;38000;337;0;4033;2026-01-20T12:24:58Z;ADSB;AAEA84;B738;N802NN;AAL;AAL;CVG;KCVG;DFW;KDFW;2026-01-20T13:20:00Z
3dfba1d4;UA1645;UAL1645;3.813.171;-8.721.865;222;36000;370;-64;4176;2026-01-20T12:24:58Z;ADSB;A12778;B38M;N17356;UAL;UAL;CLE;KCLE;IAH;KIAH;2026-01-20T14:06:56Z
3dfb9f5f;UA2434;UAL2434;4.289.039;-831.546;280;36000;408;-64;1637;2026-01-20T12:24:58Z;ADSB;A47FDE;B789;N38955;UAL;UAL;EWR;KEWR;LAX;KLAX;2026-01-20T16:42:40Z
3dfb9ef0;DL1201;DAL1201;3.636.227;-8.206.295;358;37000;467;0;2673;2026-01-20T12:24:59Z;ADSB;A79898;B753;N589NW;DAL;DAL;MCO;KMCO;DTW;KDTW;2026-01-20T13:26:24Z
3dfafde5;UA887;UAL887;3.719.733;-7.758.176;13;37000;519;0;5610;2026-01-20T12:24:57Z;ADSB;A05A03;B752;N12116;UAL;UAL;LIM;SPJC;EWR;KEWR;2026-01-20T13:11:28Z
3dfb9756;WN1309;SWA1309;3.974.071;-7.505.644;33;18075;448;-1792;7101;2026-01-20T12:24:57Z;ADSB;AAA247;B737;N7844A;SWA;SWA;ATL;KATL;LGA;KLGA;2026-01-20T12:45:33Z
3dfb241b;AA28;AAL28;405.037;-7.347.394;331;2700;148;-64;7227;2026-01-20T12:24:58Z;ADSB;A03235;A321;N111ZM;AAL;AAL;LAX;KLAX;JFK;KJFK;2026-01-20T12:27:17Z
3dfb9234;WN879;SWA879;412.396;-808.517;276;38000;367;-64;2763;2026-01-20T12:24:58Z;ADSB;AC53D5;B38M;N8937Q;SWA;SWA;LGA;KLGA;MDW;KMDW;2026-01-20T13:20:00Z
3dfb87b4;AA865;AAL865;430.489;-797.287;269;38000;381;64;3442;2026-01-20T12:24:59Z;ADSB;AAEF89;A319;N8031M;AAL;AAL;PVD;KPVD;ORD;KORD;2026-01-20T13:32:48Z
3dfa1c45;EK203;UAE8ER;4.583.635;-753.158;196;40000;444;0;731;2026-01-20T12:24:58Z;MLAT;89639E;A388;A6-EOE;UAE;UAE;DXB;OMDB;JFK;KJFK;2026-01-20T13:26:24Z
3dfa4d14;AA34;AAL34;3.194.156;-10.211.215;79;38975;574;-64;520;2026-01-20T12:24:58Z;ADSB;ABAC2C;B789;N851MK;AAL;AAL;AKL;NZAA;DFW;KDFW;2026-01-20T13:00:48Z
3dfac7e4;AA9604;AAL9604;3.002.151;-7.758.604;10;39000;509;0;2173;2026-01-20T12:24:58Z;ADSB;AABBC9;B772;N791AN;AAL;AAL;EZE;SAEZ;JFK;KJFK;2026-01-20T13:55:58Z
3dfb8f16;WN1671;SWA1671;3.561.786;-8.370.718;236;40000;333;0;7004;2026-01-20T12:24:58Z;ADSB;AC3751;B38M;N8866H;SWA;SWA;DCA;KDCA;HOU;KHOU;2026-01-20T14:15:28Z
3dfb924e;WN4424;SWA4424;4.074.312;-9.125.401;273;40000;367;0;3723;2026-01-20T12:24:58Z;ADSB;ABF2EA;B738;N8692F;SWA;SWA;CMH;KCMH;DEN;KDEN;2026-01-20T14:00:32Z
3dfa7496;UA844;UAL844;4.132.036;-8.699.664;286;12425;309;-960;6054;2026-01-20T12:24:58Z;ADSB;A0F427;B78X;N16008;UAL;UAL;GRU;SBGR;ORD;KORD;2026-01-20T12:37:23Z
3dfb925b;WN4904;SWA4904;4.151.843;-8.697.707;269;8650;235;-960;3076;2026-01-20T12:24:59Z;ADSB;ABB507;B738;N8531Q;SWA;SWA;PHL;KPHL;MDW;KMDW;2026-01-20T12:32:11Z
3dfb96ba;WN933;SWA933;3.954.548;-8.419.867;275;40000;349;0;2437;2026-01-20T12:24:59Z;ADSB;A2D76A;B737;N282WN;SWA;SWA;DCA;KDCA;MCI;KMCI;2026-01-20T13:45:36Z
3dfb9bba;WN2747;SWA2747;4.030.074;-8.607.776;340;22975;340;0;3146;2026-01-20T12:24:58Z;ADSB;AC6573;B38M;N8980Q;SWA;SWA;ATL;KATL;MDW;KMDW;2026-01-20T12:54:24Z
3dfb739a;DL925;DAL925;5.187.255;-12.772.171;137;37000;501;0;7224;2026-01-20T12:24:58Z;ADSB;A3901D;BCS3;N329DU;DAL;DAL;ANC;PANC;SEA;KSEA;2026-01-20T13:15:44Z
3dfba9bc;DL2408;DAL2408;6.022.151;-13.706.543;139;37000;493;0;5763;2026-01-20T12:24:59Z;ADSB;A449AF;B738;N3757D;DAL;DAL;FAI;PAFA;SEA;KSEA;2026-01-20T14:36:48Z
3dfbb108;UA2266;UAL2266;3.703.575;-7.810.605;32;37025;536;0;723;2026-01-20T12:24:58Z;ADSB;AC4E85;A319;N892UA;UAL;UAL;SAV;KSAV;EWR;KEWR;2026-01-20T13:13:36Z
3dfac859;DL650;DAL650;3.748.735;-7.657.393;85;39000;619;0;2776;2026-01-20T12:24:58Z;ADSB;A0F4F6;B763;N16065;DAL;DAL;HNL;PHNL;JFK;KJFK;2026-01-20T12:54:24Z
3dfb9d9e;WN702;SWA702;4.051.865;-7.603.806;243;40000;316;0;3453;2026-01-20T12:24:58Z;ADSB;AC4210;B38M;N8893L;SWA;SWA;BOS;KBOS;STL;KSTL;2026-01-20T14:15:28Z
3dfa1362;EK231;UAE3MX;4.314.926;-7.621.906;205;30000;429;0;733;2026-01-20T12:24:59Z;ADSB;8960FA;A388;A6-EDY;UAE;UAE;DXB;OMDB;IAD;KIAD;2026-01-20T13:17:52Z
3dfa149c;EK243;UAE88F;4.597.378;-7.263.879;226;16775;316;-1920;712;2026-01-20T12:24:59Z;ADSB;89667C;A359;A6-EXN;UAE;UAE;DXB;OMDB;YUL;CYUL;2026-01-20T12:44:47Z
3dfb94e0;AA1593;AAL1593;2.806.709;-8.673.711;110;37000;514;0;2513;2026-01-20T12:29:59Z;ADSB;ADD667;B738;N991AN;AAL;AAL;AUS;KAUS;MIA;KMIA;2026-01-20T13:28:32Z
3dfb0e8d;AA102;AAL102;3.248.465;-10.475.414;91;37000;549;0;3721;2026-01-20T12:29:59Z;ADSB;AAA326;B772;N785AN;AAL;AAL;HNL;PHNL;DFW;KDFW;2026-01-20T13:22:08Z
3dfafd06;AA246;AAL246;3.392.509;-11.864.517;82;3525;151;-1216;3766;2026-01-20T12:29:58Z;ADSB;A4B41C;A21N;N402AN;AAL;AAL;KOA;PHKO;LAX;KLAX;2026-01-20T12:33:49Z
3dfb9126;WN2715;SWA2715;3.344.746;-8.432.683;153;39000;476;0;6565;2026-01-20T12:29:57Z;ADSB;AC08B1;B38M;N8748Q;SWA;SWA;MDW;KMDW;MCO;KMCO;2026-01-20T13:24:16Z
3dfb8dcd;DL1183;DAL1183;3.364.935;-84.188;270;3550;201;0;1635;2026-01-20T12:29:58Z;ADSB;A335F4;A321;N306DN;DAL;DAL;PHL;KPHL;ATL;KATL;2026-01-20T12:31:43Z
3dfb92dd;WN1585;SWA1585;370.258;-859.935;255;40000;335;0;2401;2026-01-20T12:29:58Z;ADSB;AC0C8B;B38M;N8759Q;SWA;SWA;DCA;KDCA;DAL;KDAL;2026-01-20T14:06:56Z
3dfb9759;AA1868;AAL1868;3.649.246;-8.557.171;68;37000;589;0;2372;2026-01-20T12:29:57Z;ADSB;AB20DF;B738;N816NN;AAL;AAL;DFW;KDFW;DCA;KDCA;2026-01-20T13:28:32Z
3dfb948f;WN1350;SWA1350;3.715.215;-8.457.644;238;31525;331;-960;3603;2026-01-20T12:29:59Z;ADSB;AC5A4A;B38M;N8950L;SWA;SWA;DCA;KDCA;BNA;KBNA;2026-01-20T13:02:56Z
3dfba08c;WN1167;SWA1167;3.875.022;-8.481.775;334;34875;383;-960;2663;2026-01-20T12:29:58Z;ADSB;AC24E4;B38M;N8817L;SWA;SWA;SAV;KSAV;MDW;KMDW;2026-01-20T13:15:44Z
3dfb90e7;WN1549;SWA1549;4.079.708;-849.383;313;30000;304;0;7001;2026-01-20T12:29:58Z;ADSB;AC2038;B38M;N8800L;SWA;SWA;RDU;KRDU;MDW;KMDW;2026-01-20T12:58:35Z
3dfaadbc;DL68;DAL68;4.960.231;-12.793.875;119;39000;530;0;1403;2026-01-20T12:29:59Z;ADSB;A66935;A359;N512DN;DAL;DAL;TPE;RCTP;SEA;KSEA;2026-01-20T13:07:12Z
3dfb5365;UA1959;UAL1959;4.403.437;-10.976.977;144;37000;501;64;4145;2026-01-20T12:29:58Z;ADSB;A44212;B38M;N37352;UAL;UAL;ANC;PANC;DEN;KDEN;2026-01-20T13:24:16Z
3dfb9ec2;DL2286;DAL2286;3.708.325;-8.022.795;227;38000;322;0;3322;2026-01-20T12:29:59Z;ADSB;A988F0;B752;N713TW;DAL;DAL;JFK;KJFK;ATL;KATL;2026-01-20T13:17:52Z
3dfb39e6;UA2416;UAL2416;4.109.092;-7.586.016;110;16350;443;-3072;3243;2026-01-20T12:29:57Z;ADSB;A11FA3;B752;N17128;UAL;UAL;SFO;KSFO;EWR;KEWR;2026-01-20T12:49:08Z
3dfba63f;DL1330;DAL1330;4.358.647;-7.971.246;277;36000;387;-64;3554;2026-01-20T12:29:58Z;ADSB;A41C56;A319;N364NB;DAL;DAL;BDL;KBDL;MSP;KMSP;2026-01-20T14:11:12Z
3dfa7178;UA870;UAL870;251.396;-13.228.348;34;35000;580;0;2000;2026-01-20T12:29:53Z;ESTIMATED;AA6BA4;B772;N77019;UAL;UAL;SYD;YSSY;SFO;KSFO;2026-01-20T14:24:00Z
3dfb951c;AA1604;AAL1604;2.778.726;-8.606.342;106;39000;521;0;2544;2026-01-20T12:29:58Z;ADSB;A3D90A;B38M;N347TT;AAL;AAL;SAT;KSAT;MIA;KMIA;2026-01-20T13:22:08Z
3dfba948;DL2497;DAL2497;3.507.232;-8.995.148;38;37000;537;0;2420;2026-01-20T12:29:57Z;ADSB;A423C4;A319;N366NB;DAL;DAL;SAT;KSAT;DTW;KDTW;2026-01-20T13:49:52Z
3dfb9252;WN2272;SWA2272;3.050.633;-8.251.007;141;26475;448;-1152;6615;2026-01-20T12:29:57Z;ADSB;AC7C52;B737;N903WN;SWA;SWA;IND;KIND;MCO;KMCO;2026-01-20T12:56:06Z
3dfb94c3;AA949;AAL949;3.361.427;-8.101.588;197;38000;366;0;3026;2026-01-20T12:29:58Z;ADSB;A98CBC;A319;N714US;AAL;AAL;DCA;KDCA;RSW;KRSW;2026-01-20T13:39:12Z
3dfbb55e;UA1309;UAL1309;3.362.547;-8.087.357;31;35000;531;0;1477;2026-01-20T12:29:57Z;ADSB;A44257;B38M;N37371;UAL;UAL;SRQ;KSRQ;EWR;KEWR;2026-01-20T13:54:08Z
3dfb8c4a;AA1232;AAL1232;3.015.971;-787.206;195;38000;409;64;537;2026-01-20T12:29:58Z;ADSB;A3B50F;B38M;N338RS;AAL;AAL;DCA;KDCA;MIA;KMIA;2026-01-20T13:17:52Z
3dfb8b88;AA2617;AAL2617;3.692.216;-8.600.478;247;38000;329;-64;2404;2026-01-20T12:29:57Z;ADSB;AD6FF2;B738;N965NN;AAL;AAL;IAD;KIAD;DFW;KDFW;2026-01-20T14:02:40Z
3dfba4b8;DL1389;DAL1389;3.788.031;-8.781.763;40;35000;532;0;2503;2026-01-20T12:29:59Z;ADSB;A42EFC;A320;N369NW;DAL;DAL;IAH;KIAH;DTW;KDTW;2026-01-20T13:26:24Z
3dfb9d1e;UA1488;UAL1488;3.926.751;-9.065.942;23;35000;455;0;2421;2026-01-20T12:29:58Z;ADSB;A76028;B739;N57439;UAL;UAL;IAH;KIAH;ORD;KORD;2026-01-20T13:11:28Z
3dfb9c97;DL2538;DAL2538;4.112.563;-8.539.471;312;36000;377;0;7024;2026-01-20T12:29:58Z;ADSB;A3BE8F;A320;N340NW;DAL;DAL;RDU;KRDU;MSP;KMSP;2026-01-20T13:39:12Z
3dfba408;DL2752;DAL2752;4.426.611;-9.028.649;308;34000;382;0;6710;2026-01-20T12:29:59Z;ADSB;AB43C6;B739;N825DN;DAL;DAL;CVG;KCVG;MSP;KMSP;2026-01-20T13:02:22Z
3dfa3e1b;DL158;DAL158;4.619.067;-9.186.404;120;39000;551;0;6275;2026-01-20T12:29:57Z;ADSB;A6B47C;A359;N531DN;DAL;DAL;ICN;RKSI;DTW;KDTW;2026-01-20T13:26:24Z
3dfba783;UA1289;UAL1289;4.039.105;-7.471.402;47;7650;297;0;1054;2026-01-20T12:29:57Z;ADSB;A24C73;B737;N24702;UAL;UAL;CHS;KCHS;EWR;KEWR;2026-01-20T12:36:50Z
3dfb3f3a;DL915;DAL915;4.166.807;-7.765.923;88;37000;572;64;7376;2026-01-20T12:29:58Z;ADSB;A12C23;B763;N175DZ;DAL;DAL;LAX;KLAX;JFK;KJFK;2026-01-20T13:05:04Z
3dfb9baa;AA2144;AAL2144;2.758.456;-8.530.158;100;37000;517;0;2422;2026-01-20T12:29:58Z;ADSB;AB9ECA;B738;N848NN;AAL;AAL;IAH;KIAH;MIA;KMIA;2026-01-20T13:17:52Z
3dfb1270;UA252;UAL252;321.671;-10.656.239;98;37000;546;0;3726;2026-01-20T12:29:58Z;ADSB;AA64BA;B772;N769UA;UAL;UAL;HNL;PHNL;IAH;KIAH;2026-01-20T13:45:36Z
3dfba543;DL1073;DAL1073;3.203.241;-8.694.148;55;32625;554;-1408;2533;2026-01-20T12:29:59Z;ADSB;A3A155;A321;N333DX;DAL;DAL;SAT;KSAT;ATL;KATL;2026-01-20T13:03:15Z
3dfba1aa;DL2127;DAL2127;350.685;-8.272.791;224;28450;370;-1024;522;2026-01-20T12:29:57Z;ADSB;A41131;A319;N361NB;DAL;DAL;IAD;KIAD;ATL;KATL;2026-01-20T12:57:25Z
3dfb802f;AA1017;AAL1017;3.162.261;-7.822.227;200;36225;381;-960;3337;2026-01-20T12:29:59Z;ADSB;A3244F;B738;N301PA;AAL;AAL;JFK;KJFK;MIA;KMIA;2026-01-20T13:32:48Z
3dfb9ee9;WN724;SWA724;4.152.086;-8.585.335;271;22100;347;-1088;5767;2026-01-20T12:29:59Z;ADSB;A1F1DE;B737;N224WN;SWA;SWA;BUF;KBUF;MDW;KMDW;2026-01-20T12:51:35Z
3dfb8f2e;WN2977;SWA2977;4.096.262;-8.494.747;317;28000;347;0;573;2026-01-20T12:29:59Z;ADSB;AC5349;B38M;N8933Q;SWA;SWA;DCA;KDCA;MDW;KMDW;2026-01-20T12:56:50Z
3dfb35df;UA805;UAL805;5.501.793;-17.023.453;273;37000;508;64;7430;2026-01-20T12:29:59Z;ADSB;A31A56;B789;N29977;UAL;UAL;SFO;KSFO;ICN;RKSI;2026-01-20T19:14:08Z
3dfae9f9;AA74;AAL74;4.235.124;-8.845.236;103;9600;365;-128;3712;2026-01-20T12:29:59Z;ADSB;AC3448;B788;N886BR;AAL;AAL;HNL;PHNL;ORD;KORD;2026-01-20T12:39:09Z
3dfa11fc;EK221;UAE221;4.666.117;-9.684.915;178;36000;524;0;1724;2026-01-20T12:29:57Z;ADSB;896452;B77W;A6-EQC;UAE;UAE;DXB;OMDB;DFW;KDFW;2026-01-20T14:19:44Z
3dfb9be4;UA1525;UAL1525;3.670.917;-783.645;32;35000;548;-64;3737;2026-01-20T12:29:58Z;ADSB;A12796;B38M;N17361;UAL;UAL;PBI;KPBI;EWR;KEWR;2026-01-20T13:20:00Z
3dfba1ee;UA1105;UAL1105;3.698.841;-7.814.384;32;35000;538;0;2607;2026-01-20T12:29:57Z;ADSB;A8D46A;B739;N66808;UAL;UAL;MCO;KMCO;EWR;KEWR;2026-01-20T13:20:00Z
3dfb9286;WN4958;SWA4958;3.878.644;-8.056.592;245;38000;332;0;1572;2026-01-20T12:29:59Z;ADSB;AB5F00;B738;N8314L;SWA;SWA;LGA;KLGA;BNA;KBNA;2026-01-20T13:30:40Z
3dfb9b3f;WN2296;SWA2296;4.027.136;-8.027.492;266;40000;344;0;2644;2026-01-20T12:29:58Z;ADSB;AC3E5D;B38M;N8883Q;SWA;SWA;LGA;KLGA;STL;KSTL;2026-01-20T13:49:52Z
3df9fb52;UA163;UAL163;4.684.012;-7.061.572;211;36000;406;0;702;2026-01-20T12:29:59Z;ADSB;A219EA;B77W;N2341U;UAL;UAL;DXB;OMDB;EWR;KEWR;2026-01-20T13:39:12Z
3dfa36c4;AA8;AAL8;2.823.624;-11.351.492;69;40000;511;-64;1046;2026-01-20T12:29:58Z;ADSB;ABA155;B789;N849AN;AAL;AAL;BNE;YBBN;DFW;KDFW;2026-01-20T14:24:00Z
3dfb3db3;UA2312;UAL2312;2.076.956;-9.068.045;146;37000;461;0;3346;2026-01-20T12:29:57Z;ADSB;A1244B;B38M;N17294;UAL;UAL;SFO;KSFO;SJO;MROC;2026-01-20T14:15:28Z
3dfb0bbd;AA9606;AAL9606;3.237.531;-9.781.156;87;10575;377;-1600;3724;2026-01-20T12:29:58Z;ADSB;AB8748;B789;N842AA;AAL;AAL;OGG;PHOG;DFW;KDFW;2026-01-20T12:41:06Z
3dfb9e62;DL2555;DAL2555;3.436.207;-8.307.484;160;37000;440;0;7463;2026-01-20T12:29:58Z;ADSB;A06A54;A321;N126DN;DAL;DAL;DTW;KDTW;MCO;KMCO;2026-01-20T13:30:40Z
3dfb8f6f;AA716;AAL716;3.189.775;-7.813.322;197;38000;388;0;5617;2026-01-20T12:29:58Z;ADSB;A32FF6;B38M;N304UF;AAL;AAL;BWI;KBWI;MIA;KMIA;2026-01-20T13:37:04Z
3dfb9093;AA1942;AAL1942;3.611.082;-9.223.898;246;38000;339;0;4033;2026-01-20T12:29:57Z;ADSB;AAEA84;B738;N802NN;AAL;AAL;CVG;KCVG;DFW;KDFW;2026-01-20T13:20:00Z
3dfba1d4;UA1645;UAL1645;3.775.864;-8.765.635;222;36000;359;0;4176;2026-01-20T12:29:59Z;ADSB;A12778;B38M;N17356;UAL;UAL;CLE;KCLE;IAH;KIAH;2026-01-20T14:11:12Z
3dfb9f5f;UA2434;UAL2434;4.296.336;-8.391.901;276;36000;407;-64;1637;2026-01-20T12:29:58Z;ADSB;A47FDE;B789;N38955;UAL;UAL;EWR;KEWR;LAX;KLAX;2026-01-20T16:42:40Z
3dfb9ef0;DL1201;DAL1201;3.700.845;-8.208.418;358;37000;467;-64;2673;2026-01-20T12:29:58Z;ADSB;A79898;B753;N589NW;DAL;DAL;MCO;KMCO;DTW;KDTW;2026-01-20T13:28:32Z
3dfafde5;UA887;UAL887;3.790.423;-7.736.399;14;37000;532;0;5610;2026-01-20T12:29:57Z;ADSB;A05A03;B752;N12116;UAL;UAL;LIM;SPJC;EWR;KEWR;2026-01-20T13:09:20Z
3dfb9756;WN1309;SWA1309;4.015.494;-7.456.364;47;9700;372;64;7101;2026-01-20T12:29:59Z;ADSB;AAA247;B737;N7844A;SWA;SWA;ATL;KATL;LGA;KLGA;2026-01-20T12:39:32Z
3dfb241b;AA28;AAL28;4.061.082;-7.368.683;301;1150;126;-704;7227;2026-01-20T12:29:59Z;ADSB;A03235;A321;N111ZM;AAL;AAL;LAX;KLAX;JFK;KJFK;2026-01-20T12:31:53Z
3dfb9234;WN879;SWA879;4.129.016;-8.151.581;275;38000;360;-64;2763;2026-01-20T12:29:59Z;ADSB;AC53D5;B38M;N8937Q;SWA;SWA;LGA;KLGA;MDW;KMDW;2026-01-20T13:20:00Z
3dfb87b4;AA865;AAL865;4.303.759;-8.045.171;268;38000;381;-64;3442;2026-01-20T12:29:59Z;ADSB;AAEF89;A319;N8031M;AAL;AAL;PVD;KPVD;ORD;KORD;2026-01-20T13:32:48Z
3dfa1c45;EK203;UAE8ER;4.524.555;-7.555.638;195;40000;446;0;731;2026-01-20T12:29:58Z;MLAT;89639E;A388;A6-EOE;UAE;UAE;DXB;OMDB;JFK;KJFK;2026-01-20T13:28:32Z
3dfa4d14;AA34;AAL34;3.208.622;-10.119.159;79;38975;580;-64;520;2026-01-20T12:29:57Z;ADSB;ABAC2C;B789;N851MK;AAL;AAL;AKL;NZAA;DFW;KDFW;2026-01-20T13:00:48Z
3dfb8f16;WN1671;SWA1671;3.536.378;-8.418.256;236;40000;335;0;7004;2026-01-20T12:29:58Z;ADSB;AC3751;B38M;N8866H;SWA;SWA;DCA;KDCA;HOU;KHOU;2026-01-20T14:17:36Z
3dfac7e4;AA9604;AAL9604;3.071.841;-7.743.875;10;39000;513;0;2173;2026-01-20T12:29:57Z;ADSB;AABBC9;B772;N791AN;AAL;AAL;EZE;SAEZ;JFK;KJFK;2026-01-20T13:52:05Z
3dfb924e;WN4424;SWA4424;407.715;-9.192.493;273;40000;369;0;3723;2026-01-20T12:29:57Z;ADSB;ABF2EA;B738;N8692F;SWA;SWA;CMH;KCMH;DEN;KDEN;2026-01-20T14:02:40Z
3dfb9bba;WN2747;SWA2747;4.074.838;-8.628.918;340;20050;342;-2752;3146;2026-01-20T12:29:57Z;ADSB;AC6573;B38M;N8980Q;SWA;SWA;ATL;KATL;MDW;KMDW;2026-01-20T12:56:32Z
3dfa7496;UA844;UAL844;4.153.752;-8.738.963;325;8250;240;-1088;6054;2026-01-20T12:29:59Z;ADSB;A0F427;B78X;N16008;UAL;UAL;GRU;SBGR;ORD;KORD;2026-01-20T12:38:06Z
3dfb925b;WN4904;SWA4904;41.698;-8.731.422;311;3525;224;-960;3076;2026-01-20T12:29:59Z;ADSB;ABB507;B738;N8531Q;SWA;SWA;PHL;KPHL;MDW;KMDW;2026-01-20T12:33:32Z
3dfb96ba;WN933;SWA933;3.959.189;-8.481.732;275;40000;346;0;2437;2026-01-20T12:29:58Z;ADSB;A2D76A;B737;N282WN;SWA;SWA;DCA;KDCA;MCI;KMCI;2026-01-20T13:45:36Z
3dfb739a;DL925;DAL925;5.135.953;-12.697.612;138;37000;500;0;7224;2026-01-20T12:29:58Z;ADSB;A3901D;BCS3;N329DU;DAL;DAL;ANC;PANC;SEA;KSEA;2026-01-20T13:15:44Z
3dfba9bc;DL2408;DAL2408;5.970.163;-13.619.952;140;37000;493;0;5763;2026-01-20T12:29:57Z;ADSB;A449AF;B738;N3757D;DAL;DAL;FAI;PAFA;SEA;KSEA;2026-01-20T14:32:32Z
3dfbb108;UA2266;UAL2266;3.766.649;-7.759.895;32;35975;530;64;723;2026-01-20T12:29:59Z;ADSB;AC4E85;A319;N892UA;UAL;UAL;SAV;KSAV;EWR;KEWR;2026-01-20T13:15:44Z
3dfac859;DL650;DAL650;3.778.148;-7.567.114;30;39000;580;0;2776;2026-01-20T12:29:57Z;ADSB;A0F4F6;B763;N16065;DAL;DAL;HNL;PHNL;JFK;KJFK;2026-01-20T12:56:32Z
3dfb9d9e;WN702;SWA702;4.039.018;-7.658.252;268;40000;324;-64;3453;2026-01-20T12:29:59Z;ADSB;AC4210;B38M;N8893L;SWA;SWA;BOS;KBOS;STL;KSTL;2026-01-20T14:19:44Z
3dfa1362;EK231;UAE3MX;4.265.012;-7.662.452;211;28475;405;-1024;733;2026-01-20T12:29:57Z;ADSB;8960FA;A388;A6-EDY;UAE;UAE;DXB;OMDB;IAD;KIAD;2026-01-20T13:17:52Z
3dfa149c;EK243;UAE88F;4.571.551;-7.305.469;264;9475;216;-960;712;2026-01-20T12:29:59Z;ADSB;89667C;A359;A6-EXN;UAE;UAE;DXB;OMDB;YUL;CYUL;2026-01-20T12:39:26Z
3dfb94e0;AA1593;AAL1593;2.781.366;-8.598.766;110;37000;511;0;2513;2026-01-20T12:34:58Z;ADSB;ADD667;B738;N991AN;AAL;AAL;AUS;KAUS;MIA;KMIA;2026-01-20T13:26:24Z
3dfb0e8d;AA102;AAL102;3.246.576;-10.384.753;91;37000;563;0;3721;2026-01-20T12:34:57Z;ADSB;AAA326;B772;N785AN;AAL;AAL;HNL;PHNL;DFW;KDFW;2026-01-20T13:20:00Z
3dfafd06;AA246;AAL246;3.394.873;-11.841.595;81;0;38;0;3766;2026-01-20T12:34:59Z;ADSB;A4B41C;A21N;N402AN;AAL;AAL;KOA;PHKO;LAX;KLAX;2026-01-20T12:34:37Z
3dfb9126;WN2715;SWA2715;3.286.323;-8.398.112;153;39000;467;0;6565;2026-01-20T12:34:58Z;ADSB;AC08B1;B38M;N8748Q;SWA;SWA;MDW;KMDW;MCO;KMCO;2026-01-20T13:24:16Z
3dfb8dcd;DL1183;DAL1183;3.364.954;-8.442.621;270;0;67;0;1635;2026-01-20T12:34:58Z;ADSB;A335F4;A321;N306DN;DAL;DAL;PHL;KPHL;ATL;KATL;2026-01-20T12:33:56Z
3dfb92dd;WN1585;SWA1585;3.689.125;-865.482;245;40000;341;-64;2401;2026-01-20T12:34:57Z;ADSB;AC0C8B;B38M;N8759Q;SWA;SWA;DCA;KDCA;DAL;KDAL;2026-01-20T14:06:56Z
3dfb948f;WN1350;SWA1350;3.691.177;-8.507.316;238;26575;332;-960;3603;2026-01-20T12:34:57Z;ADSB;AC5A4A;B38M;N8950L;SWA;SWA;DCA;KDCA;BNA;KBNA;2026-01-20T13:01:27Z
3dfb9759;AA1868;AAL1868;3.678.703;-8.461.458;69;37000;591;0;2372;2026-01-20T12:34:59Z;ADSB;AB20DF;B738;N816NN;AAL;AAL;DFW;KDFW;DCA;KDCA;2026-01-20T13:28:32Z
3dfba08c;WN1167;SWA1167;3.924.486;-8.507.854;339;30050;379;-960;2663;2026-01-20T12:34:58Z;ADSB;AC24E4;B38M;N8817L;SWA;SWA;SAV;KSAV;MDW;KMDW;2026-01-20T13:15:44Z
3dfb90e7;WN1549;SWA1549;4.110.178;-8.540.308;310;30000;350;0;7001;2026-01-20T12:34:59Z;ADSB;AC2038;B38M;N8800L;SWA;SWA;RDU;KRDU;MDW;KMDW;2026-01-20T13:03:35Z
3dfaadbc;DL68;DAL68;4.923.569;-126.964;120;39000;532;0;1403;2026-01-20T12:34:57Z;ADSB;A66935;A359;N512DN;DAL;DAL;TPE;RCTP;SEA;KSEA;2026-01-20T13:07:12Z
3dfb5365;UA1959;UAL1959;4.347.189;-10.921.956;144;37025;493;-128;4145;2026-01-20T12:34:58Z;ADSB;A44212;B38M;N37352;UAL;UAL;ANC;PANC;DEN;KDEN;2026-01-20T13:22:08Z
3dfb9ec2;DL2286;DAL2286;3.677.282;-8.062.907;225;38000;318;0;3322;2026-01-20T12:34:58Z;ADSB;A988F0;B752;N713TW;DAL;DAL;JFK;KJFK;ATL;KATL;2026-01-20T13:17:52Z
3dfb39e6;UA2416;UAL2416;4.090.838;-752.076;110;8475;317;-1408;3243;2026-01-20T12:34:57Z;ADSB;A11FA3;B752;N17128;UAL;UAL;SFO;KSFO;EWR;KEWR;2026-01-20T12:43:59Z
3dfba63f;DL1330;DAL1330;4.367.321;-8.043.078;283;36000;382;0;3554;2026-01-20T12:34:58Z;ADSB;A41C56;A319;N364NB;DAL;DAL;BDL;KBDL;MSP;KMSP;2026-01-20T14:13:20Z
3dfb951c;AA1604;AAL1604;2.758.187;-8.528.613;101;39000;518;-64;2544;2026-01-20T12:34:58Z;ADSB;A3D90A;B38M;N347TT;AAL;AAL;SAT;KSAT;MIA;KMIA;2026-01-20T13:22:08Z
3dfb9252;WN2272;SWA2272;299.889;-8.219.493;170;26000;411;0;6615;2026-01-20T12:34:58Z;ADSB;AC7C52;B737;N903WN;SWA;SWA;IND;KIND;MCO;KMCO;2026-01-20T13:00:06Z
3dfb94c3;AA949;AAL949;3.312.457;-8.120.343;197;37975;374;0;3026;2026-01-20T12:34:57Z;ADSB;A98CBC;A319;N714US;AAL;AAL;DCA;KDCA;RSW;KRSW;2026-01-20T13:39:12Z
3dfb8c4a;AA1232;AAL1232;2.959.749;-7.886.805;186;38000;421;0;537;2026-01-20T12:34:58Z;ADSB;A3B50F;B38M;N338RS;AAL;AAL;DCA;KDCA;MIA;KMIA;2026-01-20T13:15:44Z
3dfbb55e;UA1309;UAL1309;3.426.133;-8.040.796;31;35000;537;0;1477;2026-01-20T12:34:58Z;ADSB;A44257;B38M;N37371;UAL;UAL;SRQ;KSRQ;EWR;KEWR;2026-01-20T13:49:52Z
3dfba948;DL2497;DAL2497;3.569.067;-8.948.528;31;37000;518;0;2420;2026-01-20T12:34:59Z;ADSB;A423C4;A319;N366NB;DAL;DAL;SAT;KSAT;DTW;KDTW;2026-01-20T13:49:52Z
3dfba4b8;DL1389;DAL1389;3.847.609;-8.737.373;29;35025;494;64;2503;2026-01-20T12:34:58Z;ADSB;A42EFC;A320;N369NW;DAL;DAL;IAH;KIAH;DTW;KDTW;2026-01-20T13:28:32Z
3dfb8b88;AA2617;AAL2617;3.675.005;-8.652.518;247;38000;324;0;2404;2026-01-20T12:34:57Z;ADSB;AD6FF2;B738;N965NN;AAL;AAL;IAD;KIAD;DFW;KDFW;2026-01-20T14:02:40Z
3dfb9d1e;UA1488;UAL1488;3.984.676;-903.255;24;35000;453;0;2421;2026-01-20T12:34:59Z;ADSB;A76028;B739;N57439;UAL;UAL;IAH;KIAH;ORD;KORD;2026-01-20T13:11:28Z
3dfb9c97;DL2538;DAL2538;4.148.163;-8.590.267;312;36000;372;0;7024;2026-01-20T12:34:59Z;ADSB;A3BE8F;A320;N340NW;DAL;DAL;RDU;KRDU;MSP;KMSP;2026-01-20T13:39:12Z
3dfba408;DL2752;DAL2752;4.454.228;-9.091.683;299;34000;380;0;6710;2026-01-20T12:34:59Z;ADSB;AB43C6;B739;N825DN;DAL;DAL;CVG;KCVG;MSP;KMSP;2026-01-20T13:07:22Z
3dfa3e1b;DL158;DAL158;4.580.154;-9.091.605;120;39000;549;0;6275;2026-01-20T12:34:58Z;ADSB;A6B47C;A359;N531DN;DAL;DAL;ICN;RKSI;DTW;KDTW;2026-01-20T13:26:24Z
3dfba783;UA1289;UAL1289;4.073.428;-7.454.754;33;4875;274;-1280;1054;2026-01-20T12:34:57Z;ADSB;A24C73;B737;N24702;UAL;UAL;CHS;KCHS;EWR;KEWR;2026-01-20T12:38:50Z
3dfb3f3a;DL915;DAL915;4.154.448;-7.665.798;110;37000;546;0;7376;2026-01-20T12:34:58Z;ADSB;A12C23;B763;N175DZ;DAL;DAL;LAX;KLAX;JFK;KJFK;2026-01-20T13:02:56Z
3dfb9baa;AA2144;AAL2144;2.744.641;-8.451.999;101;34000;511;-960;2422;2026-01-20T12:34:57Z;ADSB;AB9ECA;B738;N848NN;AAL;AAL;IAH;KIAH;MIA;KMIA;2026-01-20T13:17:52Z
3dfb1270;UA252;UAL252;3.205.494;-10.568.057;98;37000;548;0;3726;2026-01-20T12:34:58Z;ADSB;AA64BA;B772;N769UA;UAL;UAL;HNL;PHNL;IAH;KIAH;2026-01-20T13:45:36Z
3dfba543;DL1073;DAL1073;3.247.014;-8.619.268;55;29000;570;0;2533;2026-01-20T12:34:57Z;ADSB;A3A155;A321;N333DX;DAL;DAL;SAT;KSAT;ATL;KATL;2026-01-20T13:02:10Z
3dfba1aa;DL2127;DAL2127;3.470.938;-8.314.632;223;23500;350;-1024;522;2026-01-20T12:34:57Z;ADSB;A41131;A319;N361NB;DAL;DAL;IAD;KIAD;ATL;KATL;2026-01-20T12:58:22Z
3dfb802f;AA1017;AAL1017;3.111.099;-7.840.738;196;36000;391;0;3337;2026-01-20T12:34:59Z;ADSB;A3244F;B738;N301PA;AAL;AAL;JFK;KJFK;MIA;KMIA;2026-01-20T13:30:40Z
3dfb9ee9;WN724;SWA724;4.152.306;-8.644.436;269;10200;293;-960;5767;2026-01-20T12:34:59Z;ADSB;A1F1DE;B737;N224WN;SWA;SWA;BUF;KBUF;MDW;KMDW;2026-01-20T12:46:35Z
3dfb8f2e;WN2977;SWA2977;4.124.482;-8.547.863;302;24325;360;-1024;573;2026-01-20T12:34:57Z;ADSB;AC5349;B38M;N8933Q;SWA;SWA;DCA;KDCA;MDW;KMDW;2026-01-20T12:58:42Z
3dfb35df;UA805;UAL805;5.507.283;-17.136.508;277;36975;507;0;7430;2026-01-20T12:34:54Z;ADSB;A31A56;B789;N29977;UAL;UAL;SFO;KSFO;ICN;RKSI;2026-01-20T19:14:08Z
3dfae9f9;AA74;AAL74;421.149;-8.792.165;116;7250;297;-1152;3712;2026-01-20T12:34:57Z;ADSB;AC3448;B788;N886BR;AAL;AAL;HNL;PHNL;ORD;KORD;2026-01-20T12:42:08Z
3dfa11fc;EK221;UAE221;4.593.571;-9.683.222;179;37000;522;0;1724;2026-01-20T12:34:57Z;ADSB;896452;B77W;A6-EQC;UAE;UAE;DXB;OMDB;DFW;KDFW;2026-01-20T14:19:44Z
3dfb9be4;UA1525;UAL1525;3.734.285;-7.786.081;32;35000;544;-64;3737;2026-01-20T12:34:58Z;ADSB;A12796;B38M;N17361;UAL;UAL;PBI;KPBI;EWR;KEWR;2026-01-20T13:22:08Z
3dfba1ee;UA1105;UAL1105;3.762.273;-776.353;32;35000;542;0;2607;2026-01-20T12:34:59Z;ADSB;A8D46A;B739;N66808;UAL;UAL;MCO;KMCO;EWR;KEWR;2026-01-20T13:20:00Z
3dfb9286;WN4958;SWA4958;3.859.381;-8.110.291;245;38000;333;0;1572;2026-01-20T12:34:58Z;ADSB;AB5F00;B738;N8314L;SWA;SWA;LGA;KLGA;BNA;KBNA;2026-01-20T13:28:32Z
3dfb9b3f;WN2296;SWA2296;4.023.989;-8.089.558;265;40000;345;64;2644;2026-01-20T12:34:57Z;ADSB;AC3E5D;B38M;N8883Q;SWA;SWA;LGA;KLGA;STL;KSTL;2026-01-20T13:49:52Z
3df9fb52;UA163;UAL163;4.636.063;-7.103.691;211;36000;401;0;702;2026-01-20T12:34:58Z;ADSB;A219EA;B77W;N2341U;UAL;UAL;DXB;OMDB;EWR;KEWR;2026-01-20T13:39:12Z
3dfa36c4;AA8;AAL8;2.848.923;-11.276.125;69;39975;514;0;1046;2026-01-20T12:34:59Z;ADSB;ABA155;B789;N849AN;AAL;AAL;BNE;YBBN;DFW;KDFW;2026-01-20T14:21:52Z
3dfb3db3;UA2312;UAL2312;2.023.466;-9.030.193;146;37000;460;0;3346;2026-01-20T12:34:58Z;ADSB;A1244B;B38M;N17294;UAL;UAL;SFO;KSFO;SJO;MROC;2026-01-20T14:17:36Z
3dfb0bbd;AA9606;AAL9606;3.248.808;-9.733.974;66;5425;280;-1216;3724;2026-01-20T12:34:57Z;ADSB;AB8748;B789;N842AA;AAL;AAL;OGG;PHOG;DFW;KDFW;2026-01-20T12:40:57Z
3dfb9e62;DL2555;DAL2555;3.378.748;-8.282.581;160;36000;439;0;7463;2026-01-20T12:34:59Z;ADSB;A06A54;A321;N126DN;DAL;DAL;DTW;KDTW;MCO;KMCO;2026-01-20T13:30:40Z
3dfb8f6f;AA716;AAL716;3.138.342;-7.831.631;195;36025;382;-832;5617;2026-01-20T12:34:59Z;ADSB;A32FF6;B38M;N304UF;AAL;AAL;BWI;KBWI;MIA;KMIA;2026-01-20T13:37:04Z
3dfb9093;AA1942;AAL1942;3.592.757;-9.276.762;246;38000;331;0;4033;2026-01-20T12:34:58Z;ADSB;AAEA84;B738;N802NN;AAL;AAL;CVG;KCVG;DFW;KDFW;2026-01-20T13:22:08Z
3dfba1d4;UA1645;UAL1645;373.965;-8.808.113;222;36000;358;0;4176;2026-01-20T12:34:57Z;ADSB;A12778;B38M;N17356;UAL;UAL;CLE;KCLE;IAH;KIAH;2026-01-20T14:11:12Z
3dfb9f5f;UA2434;UAL2434;430.287;-8.468.739;279;36000;411;-64;1637;2026-01-20T12:34:58Z;ADSB;A47FDE;B789;N38955;UAL;UAL;EWR;KEWR;LAX;KLAX;2026-01-20T16:40:32Z
3dfb9ef0;DL1201;DAL1201;3.764.144;-8.210.513;358;37000;446;0;2673;2026-01-20T12:34:57Z;ADSB;A79898;B753;N589NW;DAL;DAL;MCO;KMCO;DTW;KDTW;2026-01-20T13:28:32Z
3dfafde5;UA887;UAL887;3.857.016;-7.681.957;37;37000;579;0;5610;2026-01-20T12:34:57Z;ADSB;A05A03;B752;N12116;UAL;UAL;LIM;SPJC;EWR;KEWR;2026-01-20T13:07:12Z
3dfb9756;WN1309;SWA1309;4.051.717;-7.416.248;40;7375;292;-1600;7101;2026-01-20T12:34:59Z;ADSB;AAA247;B737;N7844A;SWA;SWA;ATL;KATL;LGA;KLGA;2026-01-20T12:43:05Z
3dfb241b;AA28;AAL28;4.065.287;-7.379.295;264;0;16;0;7227;2026-01-20T12:34:58Z;ADSB;A03235;A321;N111ZM;AAL;AAL;LAX;KLAX;JFK;KJFK;2026-01-20T12:32:37Z
3dfb9234;WN879;SWA879;4.133.685;-8.218.117;275;38000;365;0;2763;2026-01-20T12:34:58Z;ADSB;AC53D5;B38M;N8937Q;SWA;SWA;LGA;KLGA;MDW;KMDW;2026-01-20T13:20:00Z
3dfb87b4;AA865;AAL865;430.215;-8.117.421;267;38000;382;-64;3442;2026-01-20T12:34:58Z;ADSB;AAEF89;A319;N8031M;AAL;AAL;PVD;KPVD;ORD;KORD;2026-01-20T13:32:48Z
3dfa1c45;EK203;UAE8ER;4.465.571;-7.578.916;195;40000;436;-64;731;2026-01-20T12:34:57Z;MLAT;89639E;A388;A6-EOE;UAE;UAE;DXB;OMDB;JFK;KJFK;2026-01-20T13:28:32Z
3dfa4d14;AA34;AAL34;3.222.686;-1.002.503;80;37600;588;-1536;520;2026-01-20T12:34:59Z;ADSB;ABAC2C;B789;N851MK;AAL;AAL;AKL;NZAA;DFW;KDFW;2026-01-20T13:02:56Z
3dfb8f16;WN1671;SWA1671;3.510.975;-8.465.109;236;40000;330;0;7004;2026-01-20T12:34:57Z;ADSB;AC3751;B38M;N8866H;SWA;SWA;DCA;KDCA;HOU;KHOU;2026-01-20T14:19:44Z
3dfac7e4;AA9604;AAL9604;3.142.723;-7.728.585;10;39000;517;0;2173;2026-01-20T12:34:59Z;ADSB;AABBC9;B772;N791AN;AAL;AAL;EZE;SAEZ;JFK;KJFK;2026-01-20T13:51:35Z
3dfb924e;WN4424;SWA4424;4.079.629;-9.259.833;272;40000;366;0;3723;2026-01-20T12:34:58Z;ADSB;ABF2EA;B738;N8692F;SWA;SWA;CMH;KCMH;DEN;KDEN;2026-01-20T14:02:40Z
3dfb9bba;WN2747;SWA2747;4.111.289;-8.658.868;298;9575;291;0;3146;2026-01-20T12:34:59Z;ADSB;AC6573;B38M;N8980Q;SWA;SWA;ATL;KATL;MDW;KMDW;2026-01-20T12:44:11Z
3dfb96ba;WN933;SWA933;3.963.462;-8.543.317;274;40000;348;0;2437;2026-01-20T12:34:57Z;ADSB;A2D76A;B737;N282WN;SWA;SWA;DCA;KDCA;MCI;KMCI;2026-01-20T13:45:36Z
3dfb739a;DL925;DAL925;5.084.072;-12.624.557;138;37000;503;0;7224;2026-01-20T12:34:57Z;ADSB;A3901D;BCS3;N329DU;DAL;DAL;ANC;PANC;SEA;KSEA;2026-01-20T13:15:44Z
3dfba9bc;DL2408;DAL2408;5.916.166;-1.353.761;144;37000;497;0;5763;2026-01-20T12:34:57Z;ADSB;A449AF;B738;N3757D;DAL;DAL;FAI;PAFA;SEA;KSEA;2026-01-20T14:32:32Z
3dfa7496;UA844;UAL844;4.183.882;-8.753.488;1;6600;251;-448;6054;2026-01-20T12:34:59Z;ADSB;A0F427;B78X;N16008;UAL;UAL;GRU;SBGR;ORD;KORD;2026-01-20T12:40:09Z
3dfb925b;WN4904;SWA4904;4.184.771;-8.759.725;266;2625;155;-128;3076;2026-01-20T12:34:57Z;ADSB;ABB507;B738;N8531Q;SWA;SWA;PHL;KPHL;MDW;KMDW;2026-01-20T12:36:11Z
3dfbb108;UA2266;UAL2266;3.829.112;-7.708.814;34;36000;541;0;723;2026-01-20T12:34:58Z;ADSB;AC4E85;A319;N892UA;UAL;UAL;SAV;KSAV;EWR;KEWR;2026-01-20T13:13:36Z
3dfb9d9e;WN702;SWA702;4.037.938;-7.717.377;268;40000;327;-64;3453;2026-01-20T12:34:57Z;ADSB;AC4210;B38M;N8893L;SWA;SWA;BOS;KBOS;STL;KSTL;2026-01-20T14:15:28Z
3dfac859;DL650;DAL650;3.848.195;-7.523.294;9;36075;533;-960;2776;2026-01-20T12:34:58Z;ADSB;A0F4F6;B763;N16065;DAL;DAL;HNL;PHNL;JFK;KJFK;2026-01-20T12:58:40Z
3dfa1362;EK231;UAE3MX;4.216.171;-7.701.895;210;28000;410;0;733;2026-01-20T12:34:59Z;ADSB;8960FA;A388;A6-EDY;UAE;UAE;DXB;OMDB;IAD;KIAD;2026-01-20T13:20:00Z
3dfa149c;EK243;UAE88F;4.565.021;-7.344.166;255;5425;147;-320;712;2026-01-20T12:34:58Z;ADSB;89667C;A359;A6-EXN;UAE;UAE;DXB;OMDB;YUL;CYUL;2026-01-20T12:39:59Z
3dfb94e0;AA1593;AAL1593;2.757.368;-8.523.927;101;37000;512;0;2513;2026-01-20T12:39:57Z;ADSB;ADD667;B738;N991AN;AAL;AAL;AUS;KAUS;MIA;KMIA;2026-01-20T13:28:32Z
3dfb0e8d;AA102;AAL102;3.243.956;-10.292.088;92;35125;566;-1408;3721;2026-01-20T12:39:57Z;ADSB;AAA326;B772;N785AN;AAL;AAL;HNL;PHNL;DFW;KDFW;2026-01-20T13:20:00Z
3dfafd06;AA246;AAL246;3.393.966;-1.184.048;357;0;8;0;3766;2026-01-20T12:39:59Z;ADSB;A4B41C;A21N;N402AN;AAL;AAL;KOA;PHKO;LAX;KLAX;2026-01-20T12:34:33Z
3dfb9126;WN2715;SWA2715;322.931;-8.364.845;153;37000;455;0;6565;2026-01-20T12:39:58Z;ADSB;AC08B1;B38M;N8748Q;SWA;SWA;MDW;KMDW;MCO;KMCO;2026-01-20T13:28:32Z
3dfb92dd;WN1585;SWA1585;3.669.596;-8.708.728;245;40000;337;0;2401;2026-01-20T12:39:57Z;ADSB;AC0C8B;B38M;N8759Q;SWA;SWA;DCA;KDCA;DAL;KDAL;2026-01-20T14:06:56Z
3dfb948f;WN1350;SWA1350;3.668.316;-8.554.522;239;22000;309;0;3603;2026-01-20T12:39:58Z;ADSB;AC5A4A;B38M;N8950L;SWA;SWA;DCA;KDCA;BNA;KBNA;2026-01-20T13:00:36Z
3dfba08c;WN1167;SWA1167;3.968.909;-8.539.154;329;27500;360;-1024;2663;2026-01-20T12:39:57Z;ADSB;AC24E4;B38M;N8817L;SWA;SWA;SAV;KSAV;MDW;KMDW;2026-01-20T13:15:44Z
3dfb90e7;WN1549;SWA1549;4.139.942;-8.587.234;309;22150;325;-640;7001;2026-01-20T12:39:57Z;ADSB;AC2038;B38M;N8800L;SWA;SWA;RDU;KRDU;MDW;KMDW;2026-01-20T13:01:42Z
3dfaadbc;DL68;DAL68;488.583;-12.599.692;121;39000;536;0;1403;2026-01-20T12:39:57Z;ADSB;A66935;A359;N512DN;DAL;DAL;TPE;RCTP;SEA;KSEA;2026-01-20T13:07:12Z
3dfb5365;UA1959;UAL1959;4.291.383;-10.868.589;145;37000;488;0;4145;2026-01-20T12:39:58Z;ADSB;A44212;B38M;N37352;UAL;UAL;ANC;PANC;DEN;KDEN;2026-01-20T13:22:08Z
3dfb9759;AA1868;AAL1868;3.707.402;-8.365.318;70;37000;596;0;2372;2026-01-20T12:39:59Z;ADSB;AB20DF;B738;N816NN;AAL;AAL;DFW;KDFW;DCA;KDCA;2026-01-20T13:28:32Z
3dfb9ec2;DL2286;DAL2286;3.645.794;-810.268;225;38000;331;0;3322;2026-01-20T12:39:57Z;ADSB;A988F0;B752;N713TW;DAL;DAL;JFK;KJFK;ATL;KATL;2026-01-20T13:20:00Z
3dfba63f;DL1330;DAL1330;4.379.292;-8.114.527;282;36025;383;-64;3554;2026-01-20T12:39:58Z;ADSB;A41C56;A319;N364NB;DAL;DAL;BDL;KBDL;MSP;KMSP;2026-01-20T14:11:12Z
3dfb39e6;UA2416;UAL2416;4.086.411;-7.467.944;78;5025;285;-1152;3243;2026-01-20T12:39:57Z;ADSB;A11FA3;B752;N17128;UAL;UAL;SFO;KSFO;EWR;KEWR;2026-01-20T12:44:50Z
3dfb951c;AA1604;AAL1604;2.744.238;-8.449.522;101;36525;508;-960;2544;2026-01-20T12:39:59Z;ADSB;A3D90A;B38M;N347TT;AAL;AAL;SAT;KSAT;MIA;KMIA;2026-01-20T13:22:08Z
3dfb9252;WN2272;SWA2272;2.942.207;-820.825;170;25425;411;-2304;6615;2026-01-20T12:39:58Z;ADSB;AC7C52;B737;N903WN;SWA;SWA;IND;KIND;MCO;KMCO;2026-01-20T13:05:06Z
3dfb94c3;AA949;AAL949;3.262.446;-8.139.266;197;38000;381;64;3026;2026-01-20T12:39:59Z;ADSB;A98CBC;A319;N714US;AAL;AAL;DCA;KDCA;RSW;KRSW;2026-01-20T13:41:20Z
3dfb8c4a;AA1232;AAL1232;290.188;-789.455;186;38000;422;0;537;2026-01-20T12:39:57Z;ADSB;A3B50F;B38M;N338RS;AAL;AAL;DCA;KDCA;MIA;KMIA;2026-01-20T13:17:52Z
3dfbb55e;UA1309;UAL1309;3.489.653;-7.992.296;35;35000;550;0;1477;2026-01-20T12:39:58Z;ADSB;A44257;B38M;N37371;UAL;UAL;SRQ;KSRQ;EWR;KEWR;2026-01-20T13:49:52Z
3dfba948;DL2497;DAL2497;3.630.362;-8.902.496;31;37025;517;-64;2420;2026-01-20T12:39:58Z;ADSB;A423C4;A319;N366NB;DAL;DAL;SAT;KSAT;DTW;KDTW;2026-01-20T13:49:52Z
3dfb8b88;AA2617;AAL2617;3.657.535;-8.704.398;247;38000;325;-64;2404;2026-01-20T12:39:58Z;ADSB;AD6FF2;B738;N965NN;AAL;AAL;IAD;KIAD;DFW;KDFW;2026-01-20T14:04:48Z
3dfba4b8;DL1389;DAL1389;3.905.714;-8.689.136;34;34975;503;-64;2503;2026-01-20T12:39:57Z;ADSB;A42EFC;A320;N369NW;DAL;DAL;IAH;KIAH;DTW;KDTW;2026-01-20T13:24:16Z
3dfb9d1e;UA1488;UAL1488;4.036.438;-8.980.156;41;33600;479;-896;2421;2026-01-20T12:39:59Z;ADSB;A76028;B739;N57439;UAL;UAL;IAH;KIAH;ORD;KORD;2026-01-20T13:11:28Z
3dfb9c97;DL2538;DAL2538;4.183.278;-8.640.953;313;36000;377;-64;7024;2026-01-20T12:39:58Z;ADSB;A3BE8F;A320;N340NW;DAL;DAL;RDU;KRDU;MSP;KMSP;2026-01-20T13:37:04Z
3dfba408;DL2752;DAL2752;447.957;-9.154.411;299;28450;343;-2304;6710;2026-01-20T12:39:59Z;ADSB;AB43C6;B739;N825DN;DAL;DAL;CVG;KCVG;MSP;KMSP;2026-01-20T13:10:16Z
3dfa3e1b;DL158;DAL158;4.540.169;-8.997.449;121;39000;557;0;6275;2026-01-20T12:39:58Z;ADSB;A6B47C;A359;N531DN;DAL;DAL;ICN;RKSI;DTW;KDTW;2026-01-20T13:26:24Z
3dfb3f3a;DL915;DAL915;4.128.955;-7.574.811;111;28550;506;-2176;7376;2026-01-20T12:39:59Z;ADSB;A12C23;B763;N175DZ;DAL;DAL;LAX;KLAX;JFK;KJFK;2026-01-20T13:11:19Z
3dfba783;UA1289;UAL1289;4.093.799;-7.419.122;83;3650;251;0;1054;2026-01-20T12:39:58Z;ADSB;A24C73;B737;N24702;UAL;UAL;CHS;KCHS;EWR;KEWR;2026-01-20T12:42:50Z
3dfb1270;UA252;UAL252;3.193.642;-10.479.959;99;37000;545;0;3726;2026-01-20T12:39:58Z;ADSB;AA64BA;B772;N769UA;UAL;UAL;HNL;PHNL;IAH;KIAH;2026-01-20T13:45:36Z
3dfba543;DL1073;DAL1073;3.291.536;-8.541.416;56;22875;541;-2752;2533;2026-01-20T12:39:59Z;ADSB;A3A155;A321;N333DX;DAL;DAL;SAT;KSAT;ATL;KATL;2026-01-20T13:05:19Z
3dfb9baa;AA2144;AAL2144;2.730.391;-8.373.945;101;33000;510;0;2422;2026-01-20T12:39:58Z;ADSB;AB9ECA;B738;N848NN;AAL;AAL;IAH;KIAH;MIA;KMIA;2026-01-20T13:15:44Z
3dfba1aa;DL2127;DAL2127;3.435.965;-8.354.799;223;18450;348;-1024;522;2026-01-20T12:39:59Z;ADSB;A41131;A319;N361NB;DAL;DAL;IAD;KIAD;ATL;KATL;2026-01-20T12:58:18Z
3dfb802f;AA1017;AAL1017;3.058.431;-7.858.169;195;36000;398;0;3337;2026-01-20T12:39:57Z;ADSB;A3244F;B738;N301PA;AAL;AAL;JFK;KJFK;MIA;KMIA;2026-01-20T13:28:32Z
3dfb9ee9;WN724;SWA724;4.151.854;-8.696.758;269;8700;237;-896;5767;2026-01-20T12:39:59Z;ADSB;A1F1DE;B737;N224WN;SWA;SWA;BUF;KBUF;MDW;KMDW;2026-01-20T12:48:11Z
3dfb8f2e;WN2977;SWA2977;414.422;-8.605.693;287;18900;328;-2176;573;2026-01-20T12:39:57Z;ADSB;AC5349;B38M;N8933Q;SWA;SWA;DCA;KDCA;MDW;KMDW;2026-01-20T12:59:35Z
3dfae9f9;AA74;AAL74;4.197.945;-8.759.406;239;3625;187;0;3712;2026-01-20T12:39:58Z;ADSB;AC3448;B788;N886BR;AAL;AAL;HNL;PHNL;ORD;KORD;2026-01-20T12:42:21Z
3dfa11fc;EK221;UAE221;452.075;-9.681.544;179;37000;527;0;1724;2026-01-20T12:39:59Z;ADSB;896452;B77W;A6-EQC;UAE;UAE;DXB;OMDB;DFW;KDFW;2026-01-20T14:17:36Z
3dfb9286;WN4958;SWA4958;3.840.089;-8.163.134;245;38000;325;64;1572;2026-01-20T12:39:57Z;ADSB;AB5F00;B738;N8314L;SWA;SWA;LGA;KLGA;BNA;KBNA;2026-01-20T13:32:48Z
3dfb9b3f;WN2296;SWA2296;4.020.433;-8.152.567;265;40000;349;0;2644;2026-01-20T12:39:57Z;ADSB;AC3E5D;B38M;N8883Q;SWA;SWA;LGA;KLGA;STL;KSTL;2026-01-20T13:49:52Z
3dfb9be4;UA1525;UAL1525;3.798.332;-7.734.172;32;35000;549;0;3737;2026-01-20T12:39:59Z;ADSB;A12796;B38M;N17361;UAL;UAL;PBI;KPBI;EWR;KEWR;2026-01-20T13:22:08Z
3dfba1ee;UA1105;UAL1105;3.825.824;-7.711.578;33;34975;544;-704;2607;2026-01-20T12:39:58Z;ADSB;A8D46A;B739;N66808;UAL;UAL;MCO;KMCO;EWR;KEWR;2026-01-20T13:20:00Z
3df9fb52;UA163;UAL163;4.588.133;-7.144.912;210;36000;395;64;702;2026-01-20T12:39:57Z;ADSB;A219EA;B77W;N2341U;UAL;UAL;DXB;OMDB;EWR;KEWR;2026-01-20T13:39:12Z
3dfa36c4;AA8;AAL8;2.873.819;-11.200.336;69;40000;514;-64;1046;2026-01-20T12:39:58Z;ADSB;ABA155;B789;N849AN;AAL;AAL;BNE;YBBN;DFW;KDFW;2026-01-20T14:24:00Z
3dfb3db3;UA2312;UAL2312;1.970.291;-8.992.864;146;37000;458;0;3346;2026-01-20T12:39:58Z;ADSB;A1244B;B38M;N17294;UAL;UAL;SFO;KSFO;SJO;MROC;2026-01-20T14:15:28Z
3dfb0bbd;AA9606;AAL9606;3.268.616;-9.705.547;1;2550;190;-64;3724;2026-01-20T12:39:57Z;ADSB;AB8748;B789;N842AA;AAL;AAL;OGG;PHOG;DFW;KDFW;2026-01-20T12:41:07Z
3dfb9e62;DL2555;DAL2555;3.321.542;-8.258.143;160;36000;438;0;7463;2026-01-20T12:39:58Z;ADSB;A06A54;A321;N126DN;DAL;DAL;DTW;KDTW;MCO;KMCO;2026-01-20T13:32:48Z
3dfb8f6f;AA716;AAL716;3.086.716;-784.883;195;36000;389;0;5617;2026-01-20T12:39:59Z;ADSB;A32FF6;B38M;N304UF;AAL;AAL;BWI;KBWI;MIA;KMIA;2026-01-20T13:37:04Z
3dfb9093;AA1942;AAL1942;357.442;-9.328.714;246;38000;336;0;4033;2026-01-20T12:39:57Z;ADSB;AAEA84;B738;N802NN;AAL;AAL;CVG;KCVG;DFW;KDFW;2026-01-20T13:24:16Z
3dfba1d4;UA1645;UAL1645;3.703.384;-8.850.049;222;36000;348;0;4176;2026-01-20T12:39:59Z;ADSB;A12778;B38M;N17356;UAL;UAL;CLE;KCLE;IAH;KIAH;2026-01-20T14:06:56Z
3dfb9f5f;UA2434;UAL2434;4.311.417;-854.567;278;36000;409;0;1637;2026-01-20T12:39:59Z;ADSB;A47FDE;B789;N38955;UAL;UAL;EWR;KEWR;LAX;KLAX;2026-01-20T16:42:40Z
3dfb9ef0;DL1201;DAL1201;3.827.148;-8.212.639;358;37000;461;-64;2673;2026-01-20T12:39:59Z;ADSB;A79898;B753;N589NW;DAL;DAL;MCO;KMCO;DTW;KDTW;2026-01-20T13:28:32Z
3dfafde5;UA887;UAL887;3.920.378;-7.616.779;42;28350;584;-3648;5610;2026-01-20T12:39:58Z;ADSB;A05A03;B752;N12116;UAL;UAL;LIM;SPJC;EWR;KEWR;2026-01-20T13:13:17Z
3dfb9234;WN879;SWA879;4.138.005;-8.285.308;274;38000;368;0;2763;2026-01-20T12:39:57Z;ADSB;AC53D5;B38M;N8937Q;SWA;SWA;LGA;KLGA;MDW;KMDW;2026-01-20T13:20:00Z
3dfb87b4;AA865;AAL865;4.300.068;-8.189.784;267;38025;388;64;3442;2026-01-20T12:39:57Z;ADSB;AAEF89;A319;N8031M;AAL;AAL;PVD;KPVD;ORD;KORD;2026-01-20T13:32:48Z
3dfa1c45;EK203;UAE8ER;4.407.334;-7.601.724;195;40000;436;0;731;2026-01-20T12:39:57Z;MLAT;89639E;A388;A6-EOE;UAE;UAE;DXB;OMDB;JFK;KJFK;2026-01-20T13:26:24Z
3dfb241b;AA28;AAL28;4.064.684;-7.379.324;337;0;0;0;7227;2026-01-20T12:39:56Z;ADSB;A03235;A321;N111ZM;AAL;AAL;LAX;KLAX;JFK;KJFK;2026-01-20T12:32:37Z
3dfb9756;WN1309;SWA1309;4.076.903;-7.380.151;32;2700;248;128;7101;2026-01-20T12:39:58Z;ADSB;AAA247;B737;N7844A;SWA;SWA;ATL;KATL;LGA;KLGA;2026-01-20T12:42:11Z
3dfa4d14;AA34;AAL34;3.230.933;-9.931.981;86;28025;533;-1792;520;2026-01-20T12:39:59Z;ADSB;ABAC2C;B789;N851MK;AAL;AAL;AKL;NZAA;DFW;KDFW;2026-01-20T13:09:37Z
3dfb8f16;WN1671;SWA1671;3.485.389;-8.511.674;235;40000;330;0;7004;2026-01-20T12:39:58Z;ADSB;AC3751;B38M;N8866H;SWA;SWA;DCA;KDCA;HOU;KHOU;2026-01-20T14:19:44Z
3dfac7e4;AA9604;AAL9604;3.212.833;-7.713.232;10;39000;512;0;2173;2026-01-20T12:39:58Z;ADSB;AABBC9;B772;N791AN;AAL;AAL;EZE;SAEZ;JFK;KJFK;2026-01-20T13:51:53Z
3dfb924e;WN4424;SWA4424;4.081.686;-9.327.006;272;40000;372;0;3723;2026-01-20T12:39:58Z;ADSB;ABF2EA;B738;N8692F;SWA;SWA;CMH;KCMH;DEN;KDEN;2026-01-20T14:02:40Z
3dfb9bba;WN2747;SWA2747;4.137.098;-8.690.092;319;5650;236;-896;3146;2026-01-20T12:39:58Z;ADSB;AC6573;B38M;N8980Q;SWA;SWA;ATL;KATL;MDW;KMDW;2026-01-20T12:46:21Z
3dfb96ba;WN933;SWA933;3.967.498;-8.606.421;274;40000;355;0;2437;2026-01-20T12:39:57Z;ADSB;A2D76A;B737;N282WN;SWA;SWA;DCA;KDCA;MCI;KMCI;2026-01-20T13:45:36Z
3dfb739a;DL925;DAL925;5.031.221;-12.552.407;139;37000;504;-64;7224;2026-01-20T12:39:58Z;ADSB;A3901D;BCS3;N329DU;DAL;DAL;ANC;PANC;SEA;KSEA;2026-01-20T13:15:44Z
3dfba9bc;DL2408;DAL2408;5.859.232;-13.460.101;145;37000;502;0;5763;2026-01-20T12:39:59Z;ADSB;A449AF;B738;N3757D;DAL;DAL;FAI;PAFA;SEA;KSEA;2026-01-20T14:32:32Z
3dfb925b;WN4904;SWA4904;4.178.229;-8.775.336;45;0;13;0;3076;2026-01-20T12:39:55Z;ADSB;ABB507;B738;N8531Q;SWA;SWA;PHL;KPHL;MDW;KMDW;2026-01-20T12:39:12Z
3dfa7496;UA844;UAL844;4.196.596;-8.774.614;269;2650;141;-832;6054;2026-01-20T12:39:57Z;ADSB;A0F427;B78X;N16008;UAL;UAL;GRU;SBGR;ORD;KORD;2026-01-20T12:42:08Z
3dfb9d9e;WN702;SWA702;4.036.501;-7.777.496;267;40000;332;0;3453;2026-01-20T12:39:59Z;ADSB;AC4210;B38M;N8893L;SWA;SWA;BOS;KBOS;STL;KSTL;2026-01-20T14:17:36Z
3dfbb108;UA2266;UAL2266;3.889.366;-7.650.473;37;35450;550;-1664;723;2026-01-20T12:39:59Z;ADSB;AC4E85;A319;N892UA;UAL;UAL;SAV;KSAV;EWR;KEWR;2026-01-20T13:11:28Z
3dfac859;DL650;DAL650;3.915.686;-7.473.541;40;27425;590;-2368;2776;2026-01-20T12:39:57Z;ADSB;A0F4F6;B763;N16065;DAL;DAL;HNL;PHNL;JFK;KJFK;2026-01-20T13:10:52Z
3dfa1362;EK231;UAE3MX;4.166.961;-774.091;210;28000;416;0;733;2026-01-20T12:39:58Z;ADSB;8960FA;A388;A6-EDY;UAE;UAE;DXB;OMDB;IAD;KIAD;2026-01-20T13:17:52Z
3dfa149c;EK243;UAE88F;4.554.112;-7.366.005;221;1775;118;-768;712;2026-01-20T12:39:59Z;ADSB;89667C;A359;A6-EXN;UAE;UAE;DXB;OMDB;YUL;CYUL;2026-01-20T12:42:53Z
3dfb94e0;AA1593;AAL1593;2.743.705;-8.446.685;101;33975;506;64;2513;2026-01-20T12:44:59Z;ADSB;ADD667;B738;N991AN;AAL;AAL;AUS;KAUS;MIA;KMIA;2026-01-20T13:26:24Z
3dfb0e8d;AA102;AAL102;3.240.711;-10.200.307;92;33000;561;0;3721;2026-01-20T12:44:57Z;ADSB;AAA326;B772;N785AN;AAL;AAL;HNL;PHNL;DFW;KDFW;2026-01-20T13:20:00Z
3dfafd06;AA246;AAL246;3.394.147;-11.840.649;264;0;0;0;3766;2026-01-20T12:44:54Z;ADSB;A4B41C;A21N;N402AN;AAL;AAL;KOA;PHKO;LAX;KLAX;2026-01-20T12:34:33Z
3dfb8dcd;DL1183;DAL1183;3.364.124;-8.444.115;180;0;0;0;1635;2026-01-20T12:44:56Z;ADSB;A335F4;A321;N306DN;DAL;DAL;PHL;KPHL;ATL;KATL;2026-01-20T12:34:12Z
3dfb9126;WN2715;SWA2715;3.172.737;-8.332.317;153;37000;455;0;6565;2026-01-20T12:44:57Z;ADSB;AC08B1;B38M;N8748Q;SWA;SWA;MDW;KMDW;MCO;KMCO;2026-01-20T13:24:16Z
3dfb92dd;WN1585;SWA1585;3.650.203;-8.761.375;245;40000;336;0;2401;2026-01-20T12:44:57Z;ADSB;AC0C8B;B38M;N8759Q;SWA;SWA;DCA;KDCA;DAL;KDAL;2026-01-20T14:06:56Z
3dfb948f;WN1350;SWA1350;364.726;-8.598.919;239;14900;290;-2688;3603;2026-01-20T12:44:58Z;ADSB;AC5A4A;B38M;N8950L;SWA;SWA;DCA;KDCA;BNA;KBNA;2026-01-20T13:01:09Z
3dfb90e7;WN1549;SWA1549;4.152.342;-8.638.238;269;11050;284;-2496;7001;2026-01-20T12:44:57Z;ADSB;AC2038;B38M;N8800L;SWA;SWA;RDU;KRDU;MDW;KMDW;2026-01-20T12:56:32Z
3dfba08c;WN1167;SWA1167;4.009.912;-8.571.465;330;24000;335;0;2663;2026-01-20T12:44:57Z;ADSB;AC24E4;B38M;N8817L;SWA;SWA;SAV;KSAV;MDW;KMDW;2026-01-20T13:07:20Z
3dfaadbc;DL68;DAL68;4.847.801;-12.505.679;121;35500;507;-1984;1403;2026-01-20T12:44:57Z;ADSB;A66935;A359;N512DN;DAL;DAL;TPE;RCTP;SEA;KSEA;2026-01-20T13:07:12Z
3dfb5365;UA1959;UAL1959;4.236.086;-10.816.914;145;37000;480;64;4145;2026-01-20T12:44:57Z;ADSB;A44212;B38M;N37352;UAL;UAL;ANC;PANC;DEN;KDEN;2026-01-20T13:22:08Z
3dfb9ec2;DL2286;DAL2286;3.613.538;-8.142.967;225;38000;333;0;3322;2026-01-20T12:44:57Z;ADSB;A988F0;B752;N713TW;DAL;DAL;JFK;KJFK;ATL;KATL;2026-01-20T13:24:16Z
3dfb9759;AA1868;AAL1868;3.735.198;-8.268.621;70;37000;591;0;2372;2026-01-20T12:44:58Z;ADSB;AB20DF;B738;N816NN;AAL;AAL;DFW;KDFW;DCA;KDCA;2026-01-20T13:28:32Z
3dfba63f;DL1330;DAL1330;4.390.869;-8.186.226;282;36025;387;0;3554;2026-01-20T12:44:57Z;ADSB;A41C56;A319;N364NB;DAL;DAL;BDL;KBDL;MSP;KMSP;2026-01-20T14:13:20Z
3dfb39e6;UA2416;UAL2416;4.093.525;-7.417.445;96;3600;263;128;3243;2026-01-20T12:44:59Z;ADSB;A11FA3;B752;N17128;UAL;UAL;SFO;KSFO;EWR;KEWR;2026-01-20T12:47:50Z
3dfb951c;AA1604;AAL1604;2.722.998;-8.376.609;118;35000;489;0;2544;2026-01-20T12:44:59Z;ADSB;A3D90A;B38M;N347TT;AAL;AAL;SAT;KSAT;MIA;KMIA;2026-01-20T13:22:08Z
3dfb9252;WN2272;SWA2272;2.895.652;-8.177.888;127;15400;372;-1280;6615;2026-01-20T12:44:58Z;ADSB;AC7C52;B737;N903WN;SWA;SWA;IND;KIND;MCO;KMCO;2026-01-20T13:02:03Z
3dfb94c3;AA949;AAL949;3.211.499;-8.157.265;196;37975;380;0;3026;2026-01-20T12:44:59Z;ADSB;A98CBC;A319;N714US;AAL;AAL;DCA;KDCA;RSW;KRSW;2026-01-20T13:45:36Z
3dfb8c4a;AA1232;AAL1232;2.843.048;-7.902.342;186;38000;421;0;537;2026-01-20T12:44:59Z;ADSB;A3B50F;B38M;N338RS;AAL;AAL;DCA;KDCA;MIA;KMIA;2026-01-20T13:15:44Z
3dfba948;DL2497;DAL2497;3.691.774;-8.855.547;31;37000;520;0;2420;2026-01-20T12:44:58Z;ADSB;A423C4;A319;N366NB;DAL;DAL;SAT;KSAT;DTW;KDTW;2026-01-20T13:49:52Z
3dfb8b88;AA2617;AAL2617;363.984;-8.756.051;247;38000;323;0;2404;2026-01-20T12:44:59Z;ADSB;AD6FF2;B738;N965NN;AAL;AAL;IAD;KIAD;DFW;KDFW;2026-01-20T14:04:48Z
3dfb9d1e;UA1488;UAL1488;40.846;-8.924.519;42;23325;426;-2112;2421;2026-01-20T12:44:58Z;ADSB;A76028;B739;N57439;UAL;UAL;IAH;KIAH;ORD;KORD;2026-01-20T13:09:42Z
3dfba4b8;DL1389;DAL1389;3.963.167;-8.638.514;34;35025;502;-256;2503;2026-01-20T12:44:57Z;ADSB;A42EFC;A320;N369NW;DAL;DAL;IAH;KIAH;DTW;KDTW;2026-01-20T13:26:24Z
3dfb9c97;DL2538;DAL2538;4.218.489;-8.691.188;313;36000;372;0;7024;2026-01-20T12:44:57Z;ADSB;A3BE8F;A320;N340NW;DAL;DAL;RDU;KRDU;MSP;KMSP;2026-01-20T13:39:12Z
3dfba408;DL2752;DAL2752;450.011;-9.206.307;298;17950;285;-1856;6710;2026-01-20T12:44:57Z;ADSB;AB43C6;B739;N825DN;DAL;DAL;CVG;KCVG;MSP;KMSP;2026-01-20T13:03:56Z
3dfa3e1b;DL158;DAL158;4.499.404;-8.904.607;122;39000;561;0;6275;2026-01-20T12:44:58Z;ADSB;A6B47C;A359;N531DN;DAL;DAL;ICN;RKSI;DTW;KDTW;2026-01-20T13:24:16Z
3dfbb55e;UA1309;UAL1309;3.552.164;-7.940.672;33;35000;547;0;1477;2026-01-20T12:44:57Z;ADSB;A44257;B38M;N37371;UAL;UAL;SRQ;KSRQ;EWR;KEWR;2026-01-20T13:49:52Z
3dfb3f3a;DL915;DAL915;4.101.704;-7.493.113;114;21625;469;-576;7376;2026-01-20T12:44:58Z;ADSB;A12C23;B763;N175DZ;DAL;DAL;LAX;KLAX;JFK;KJFK;2026-01-20T13:06:50Z
3dfb1270;UA252;UAL252;3.181.142;-1.039.188;99;37000;547;0;3726;2026-01-20T12:44:59Z;ADSB;AA64BA;B772;N769UA;UAL;UAL;HNL;PHNL;IAH;KIAH;2026-01-20T13:45:36Z
3dfba543;DL1073;DAL1073;3.332.926;-848.269;44;11600;406;-384;2533;2026-01-20T12:44:59Z;ADSB;A3A155;A321;N333DX;DAL;DAL;SAT;KSAT;ATL;KATL;2026-01-20T12:57:28Z
3dfb9baa;AA2144;AAL2144;2.700.179;-8.305.485;123;33000;488;0;2422;2026-01-20T12:44:58Z;ADSB;AB9ECA;B738;N848NN;AAL;AAL;IAH;KIAH;MIA;KMIA;2026-01-20T13:15:44Z
3dfba1aa;DL2127;DAL2127;3.403.084;-8.389.149;214;9950;267;-2240;522;2026-01-20T12:44:58Z;ADSB;A41131;A319;N361NB;DAL;DAL;IAD;KIAD;ATL;KATL;2026-01-20T12:54:23Z
3dfb802f;AA1017;AAL1017;3.004.738;-7.875.743;195;36000;404;0;3337;2026-01-20T12:44:58Z;ADSB;A3244F;B738;N301PA;AAL;AAL;JFK;KJFK;MIA;KMIA;2026-01-20T13:30:40Z
3dfb8f2e;WN2977;SWA2977;4.152.214;-8.656.834;269;9600;274;0;573;2026-01-20T12:44:58Z;ADSB;AC5349;B38M;N8933Q;SWA;SWA;DCA;KDCA;MDW;KMDW;2026-01-20T12:53:32Z
3dfae9f9;AA74;AAL74;4.196.582;-8.784.924;270;950;120;-640;3712;2026-01-20T12:44:57Z;ADSB;AC3448;B788;N886BR;AAL;AAL;HNL;PHNL;ORD;KORD;2026-01-20T12:45:40Z
3dfb9ee9;WN724;SWA724;4.168.011;-8.731.203;314;3200;226;-960;5767;2026-01-20T12:44:59Z;ADSB;A1F1DE;B737;N224WN;SWA;SWA;BUF;KBUF;MDW;KMDW;2026-01-20T12:47:58Z
3dfa11fc;EK221;UAE221;4.448.076;-9.679.923;179;37000;524;0;1724;2026-01-20T12:44:57Z;ADSB;896452;B77W;A6-EQC;UAE;UAE;DXB;OMDB;DFW;KDFW;2026-01-20T14:17:36Z
3dfb9286;WN4958;SWA4958;3.823.717;-8.217.063;250;38000;327;0;1572;2026-01-20T12:44:59Z;ADSB;AB5F00;B738;N8314L;SWA;SWA;LGA;KLGA;BNA;KBNA;2026-01-20T13:32:48Z
3dfb9b3f;WN2296;SWA2296;4.016.496;-821.601;265;40000;351;0;2644;2026-01-20T12:44:58Z;ADSB;AC3E5D;B38M;N8883Q;SWA;SWA;LGA;KLGA;STL;KSTL;2026-01-20T13:49:52Z
3dfb9be4;UA1525;UAL1525;3.860.161;-7.678.972;37;34000;541;64;3737;2026-01-20T12:44:59Z;ADSB;A12796;B38M;N17361;UAL;UAL;PBI;KPBI;EWR;KEWR;2026-01-20T13:20:00Z
3dfba1ee;UA1105;UAL1105;3.887.375;-7.652.383;37;30150;549;-1920;2607;2026-01-20T12:44:57Z;ADSB;A8D46A;B739;N66808;UAL;UAL;MCO;KMCO;EWR;KEWR;2026-01-20T13:17:52Z
3df9fb52;UA163;UAL163;4.540.705;-7.184.878;210;36000;396;0;702;2026-01-20T12:44:58Z;ADSB;A219EA;B77W;N2341U;UAL;UAL;DXB;OMDB;EWR;KEWR;2026-01-20T13:37:04Z
3dfa36c4;AA8;AAL8;2.898.477;-11.123.583;70;40000;519;-64;1046;2026-01-20T12:44:59Z;ADSB;ABA155;B789;N849AN;AAL;AAL;BNE;YBBN;DFW;KDFW;2026-01-20T14:21:52Z
3dfb3db3;UA2312;UAL2312;191.787;-8.956.364;146;37000;448;-320;3346;2026-01-20T12:44:57Z;ADSB;A1244B;B38M;N17294;UAL;UAL;SFO;KSFO;SJO;MROC;2026-01-20T14:19:44Z
3dfb0bbd;AA9606;AAL9606;3.289.697;-9.705.473;357;0;35;0;3724;2026-01-20T12:44:59Z;ADSB;AB8748;B789;N842AA;AAL;AAL;OGG;PHOG;DFW;KDFW;2026-01-20T12:44:12Z
3dfb9e62;DL2555;DAL2555;326.418;-8.233.961;160;35975;440;0;7463;2026-01-20T12:44:57Z;ADSB;A06A54;A321;N126DN;DAL;DAL;DTW;KDTW;MCO;KMCO;2026-01-20T13:32:48Z
3dfb8f6f;AA716;AAL716;3.034.488;-7.866.039;195;36000;396;0;5617;2026-01-20T12:44:57Z;ADSB;A32FF6;B38M;N304UF;AAL;AAL;BWI;KBWI;MIA;KMIA;2026-01-20T13:37:04Z
3dfb9093;AA1942;AAL1942;3.547.394;-9.377.186;234;38000;345;0;4033;2026-01-20T12:44:57Z;ADSB;AAEA84;B738;N802NN;AAL;AAL;CVG;KCVG;DFW;KDFW;2026-01-20T13:26:24Z
3dfba1d4;UA1645;UAL1645;3.667.868;-8.890.565;222;36000;347;0;4176;2026-01-20T12:44:59Z;ADSB;A12778;B38M;N17356;UAL;UAL;CLE;KCLE;IAH;KIAH;2026-01-20T14:06:56Z
3dfb9f5f;UA2434;UAL2434;4.319.408;-8.622.984;277;36000;414;0;1637;2026-01-20T12:44:58Z;ADSB;A47FDE;B789;N38955;UAL;UAL;EWR;KEWR;LAX;KLAX;2026-01-20T16:40:32Z
3dfb9ef0;DL1201;DAL1201;3.891.888;-8.214.866;358;37000;469;64;2673;2026-01-20T12:44:58Z;ADSB;A79898;B753;N589NW;DAL;DAL;MCO;KMCO;DTW;KDTW;2026-01-20T13:26:24Z
3dfafde5;UA887;UAL887;3.975.508;-7.551.429;43;18125;508;-2432;5610;2026-01-20T12:44:57Z;ADSB;A05A03;B752;N12116;UAL;UAL;LIM;SPJC;EWR;KEWR;2026-01-20T13:05:02Z
3dfb9234;WN879;SWA879;414.196;-8.353.086;274;38000;366;0;2763;2026-01-20T12:44:58Z;ADSB;AC53D5;B38M;N8937Q;SWA;SWA;LGA;KLGA;MDW;KMDW;2026-01-20T13:20:00Z
3dfb87b4;AA865;AAL865;4.297.586;-8.261.686;266;37975;376;0;3442;2026-01-20T12:44:57Z;ADSB;AAEF89;A319;N8031M;AAL;AAL;PVD;KPVD;ORD;KORD;2026-01-20T13:32:48Z
3dfb241b;AA28;AAL28;4.064.684;-7.379.324;337;0;0;0;7227;2026-01-20T12:44:43Z;ADSB;A03235;A321;N111ZM;AAL;AAL;LAX;KLAX;JFK;KJFK;2026-01-20T12:32:37Z
3dfb9756;WN1309;SWA1309;4.081.207;-7.384.841;212;350;123;-512;7101;2026-01-20T12:44:58Z;ADSB;AAA247;B737;N7844A;SWA;SWA;ATL;KATL;LGA;KLGA;2026-01-20T12:45:46Z
3dfa1c45;EK203;UAE8ER;4.345.689;-7.611.436;160;40000;485;0;731;2026-01-20T12:44:57Z;MLAT;89639E;A388;A6-EOE;UAE;UAE;DXB;OMDB;JFK;KJFK;2026-01-20T13:24:16Z
3dfa4d14;AA34;AAL34;3.234.691;-9.851.204;86;19025;473;-2944;520;2026-01-20T12:44:58Z;ADSB;ABAC2C;B789;N851MK;AAL;AAL;AKL;NZAA;DFW;KDFW;2026-01-20T13:04:57Z
3dfb8f16;WN1671;SWA1671;3.459.525;-8.558.167;236;40000;336;0;7004;2026-01-20T12:44:58Z;ADSB;AC3751;B38M;N8866H;SWA;SWA;DCA;KDCA;HOU;KHOU;2026-01-20T14:19:44Z
3dfac7e4;AA9604;AAL9604;3.281.681;-7.697.913;10;39000;495;0;2173;2026-01-20T12:44:59Z;ADSB;AABBC9;B772;N791AN;AAL;AAL;EZE;SAEZ;JFK;KJFK;2026-01-20T13:53:56Z
3dfb924e;WN4424;SWA4424;4.083.376;-9.395.496;271;40000;374;0;3723;2026-01-20T12:44:58Z;ADSB;ABF2EA;B738;N8692F;SWA;SWA;CMH;KCMH;DEN;KDEN;2026-01-20T14:02:40Z
3dfb96ba;WN933;SWA933;3.971.264;-8.670.685;274;40000;360;0;2437;2026-01-20T12:44:59Z;ADSB;A2D76A;B737;N282WN;SWA;SWA;DCA;KDCA;MCI;KMCI;2026-01-20T13:45:36Z
3dfb739a;DL925;DAL925;4.978.313;-12.482.348;139;37000;503;-64;7224;2026-01-20T12:44:57Z;ADSB;A3901D;BCS3;N329DU;DAL;DAL;ANC;PANC;SEA;KSEA;2026-01-20T13:15:44Z
3dfba9bc;DL2408;DAL2408;5.802.127;-13.385.458;145;37000;504;0;5763;2026-01-20T12:44:59Z;ADSB;A449AF;B738;N3757D;DAL;DAL;FAI;PAFA;SEA;KSEA;2026-01-20T14:32:32Z
3dfa7496;UA844;UAL844;419.674;-8.790.769;92;0;24;0;6054;2026-01-20T12:44:58Z;ADSB;A0F427;B78X;N16008;UAL;UAL;GRU;SBGR;ORD;KORD;2026-01-20T12:43:33Z
3dfb9bba;WN2747;SWA2747;4.159.044;-8.719.611;338;3775;232;-1600;3146;2026-01-20T12:44:58Z;ADSB;AC6573;B38M;N8980Q;SWA;SWA;ATL;KATL;MDW;KMDW;2026-01-20T12:49:08Z
3dfbb108;UA2266;UAL2266;3.946.717;-758.573;42;23575;516;-1728;723;2026-01-20T12:44:58Z;ADSB;AC4E85;A319;N892UA;UAL;UAL;SAV;KSAV;EWR;KEWR;2026-01-20T13:09:54Z
3dfac859;DL650;DAL650;3.971.106;-7.412.976;40;16275;474;-2880;2776;2026-01-20T12:44:58Z;ADSB;A0F4F6;B763;N16065;DAL;DAL;HNL;PHNL;JFK;KJFK;2026-01-20T13:02:28Z
3dfb9d9e;WN702;SWA702;4.034.738;-7.837.833;267;40000;338;-64;3453;2026-01-20T12:44:59Z;ADSB;AC4210;B38M;N8893L;SWA;SWA;BOS;KBOS;STL;KSTL;2026-01-20T14:15:28Z
3dfa1362;EK231;UAE3MX;4.118.669;-7.778.497;210;24475;380;-1024;733;2026-01-20T12:44:59Z;ADSB;8960FA;A388;A6-EDY;UAE;UAE;DXB;OMDB;IAD;KIAD;2026-01-20T13:22:08Z
3dfa149c;EK243;UAE88F;4.546.132;-7.376.155;160;0;8;0;712;2026-01-20T12:44:59Z;ADSB;89667C;A359;A6-EXN;UAE;UAE;DXB;OMDB;YUL;CYUL;2026-01-20T12:42:40Z
3dfb0e8d;AA102;AAL102;3.236.014;-1.010.729;94;33000;569;0;3721;2026-01-20T12:49:59Z;ADSB;AAA326;B772;N785AN;AAL;AAL;HNL;PHNL;DFW;KDFW;2026-01-20T13:20:00Z
3dfafd06;AA246;AAL246;3.394.147;-11.840.647;264;0;0;0;3766;2026-01-20T12:49:56Z;ADSB;A4B41C;A21N;N402AN;AAL;AAL;KOA;PHKO;LAX;KLAX;2026-01-20T12:34:33Z
3dfb8dcd;DL1183;DAL1183;336.409;-8.444.116;180;0;0;0;1635;2026-01-20T12:49:52Z;ADSB;A335F4;A321;N306DN;DAL;DAL;PHL;KPHL;ATL;KATL;2026-01-20T12:34:12Z
3dfb94e0;AA1593;AAL1593;2.727.249;-8.371.107;120;33000;492;0;2513;2026-01-20T12:49:57Z;ADSB;ADD667;B738;N991AN;AAL;AAL;AUS;KAUS;MIA;KMIA;2026-01-20T13:28:32Z
3dfb9126;WN2715;SWA2715;3.115.574;-8.300.291;154;36000;448;-2560;6565;2026-01-20T12:49:58Z;ADSB;AC08B1;B38M;N8748Q;SWA;SWA;MDW;KMDW;MCO;KMCO;2026-01-20T13:26:24Z
3dfb92dd;WN1585;SWA1585;3.630.574;-8.813.736;244;40000;335;0;2401;2026-01-20T12:49:57Z;ADSB;AC0C8B;B38M;N8759Q;SWA;SWA;DCA;KDCA;DAL;KDAL;2026-01-20T14:06:56Z
3dfb948f;WN1350;SWA1350;3.633.267;-8.637.959;247;6000;219;-1600;3603;2026-01-20T12:49:57Z;ADSB;AC5A4A;B38M;N8950L;SWA;SWA;DCA;KDCA;BNA;KBNA;2026-01-20T12:56:12Z
3dfb90e7;WN1549;SWA1549;4.151.971;-8.684.698;269;9600;245;0;7001;2026-01-20T12:49:58Z;ADSB;AC2038;B38M;N8800L;SWA;SWA;RDU;KRDU;MDW;KMDW;2026-01-20T12:58:11Z
3dfba08c;WN1167;SWA1167;4.050.105;-8.601.501;330;21050;331;-1024;2663;2026-01-20T12:49:58Z;ADSB;AC24E4;B38M;N8817L;SWA;SWA;SAV;KSAV;MDW;KMDW;2026-01-20T13:10:36Z
3dfaadbc;DL68;DAL68;4.823.361;-12.415.736;101;25750;440;-1792;1403;2026-01-20T12:49:57Z;ADSB;A66935;A359;N512DN;DAL;DAL;TPE;RCTP;SEA;KSEA;2026-01-20T13:17:16Z
3dfb5365;UA1959;UAL1959;4.179.832;-10.766.142;146;37000;491;0;4145;2026-01-20T12:49:59Z;ADSB;A44212;B38M;N37352;UAL;UAL;ANC;PANC;DEN;KDEN;2026-01-20T13:22:08Z
3dfb9ec2;DL2286;DAL2286;3.581.277;-8.182.794;225;38000;322;0;3322;2026-01-20T12:49:58Z;ADSB;A988F0;B752;N713TW;DAL;DAL;JFK;KJFK;ATL;KATL;2026-01-20T13:24:16Z
3dfb9759;AA1868;AAL1868;3.762.112;-817.142;71;37000;586;0;2372;2026-01-20T12:49:57Z;ADSB;AB20DF;B738;N816NN;AAL;AAL;DFW;KDFW;DCA;KDCA;2026-01-20T13:26:24Z
3dfba63f;DL1330;DAL1330;4.401.956;-8.258.155;281;35975;377;-64;3554;2026-01-20T12:49:58Z;ADSB;A41C56;A319;N364NB;DAL;DAL;BDL;KBDL;MSP;KMSP;2026-01-20T14:13:20Z
3dfb951c;AA1604;AAL1604;2.690.359;-8.310.281;118;35000;487;0;2544;2026-01-20T12:49:58Z;ADSB;A3D90A;B38M;N347TT;AAL;AAL;SAT;KSAT;MIA;KMIA;2026-01-20T13:24:16Z
3dfb9252;WN2272;SWA2272;286.239;-8.143.896;152;8650;278;-1216;6615;2026-01-20T12:49:57Z;ADSB;AC7C52;B737;N903WN;SWA;SWA;IND;KIND;MCO;KMCO;2026-01-20T12:58:41Z
3dfb94c3;AA949;AAL949;3.160.874;-8.174.932;196;38000;377;-64;3026;2026-01-20T12:49:57Z;ADSB;A98CBC;A319;N714US;AAL;AAL;DCA;KDCA;RSW;KRSW;2026-01-20T13:43:28Z
3dfb8c4a;AA1232;AAL1232;2.788.518;-7.920.531;198;38000;410;0;537;2026-01-20T12:49:59Z;ADSB;A3B50F;B38M;N338RS;AAL;AAL;DCA;KDCA;MIA;KMIA;2026-01-20T13:17:52Z
3dfb8b88;AA2617;AAL2617;3.622.388;-8.806.103;246;38000;317;0;2404;2026-01-20T12:49:58Z;ADSB;AD6FF2;B738;N965NN;AAL;AAL;IAD;KIAD;DFW;KDFW;2026-01-20T14:06:56Z
3dfba948;DL2497;DAL2497;3.752.511;-8.808.217;32;37025;509;0;2420;2026-01-20T12:49:59Z;ADSB;A423C4;A319;N366NB;DAL;DAL;SAT;KSAT;DTW;KDTW;2026-01-20T13:49:52Z
3dfb9d1e;UA1488;UAL1488;4.124.859;-8.876.029;43;13675;367;-1856;2421;2026-01-20T12:49:57Z;ADSB;A76028;B739;N57439;UAL;UAL;IAH;KIAH;ORD;KORD;2026-01-20T13:04:36Z
3dfba4b8;DL1389;DAL1389;4.019.998;-8.587.402;34;32025;499;-960;2503;2026-01-20T12:49:57Z;ADSB;A42EFC;A320;N369NW;DAL;DAL;IAH;KIAH;DTW;KDTW;2026-01-20T13:26:24Z
3dfb9c97;DL2538;DAL2538;4.253.739;-8.742.326;312;36000;374;0;7024;2026-01-20T12:49:58Z;ADSB;A3BE8F;A320;N340NW;DAL;DAL;RDU;KRDU;MSP;KMSP;2026-01-20T13:41:20Z
3dfa3e1b;DL158;DAL158;4.457.544;-8.812.328;122;39000;556;0;6275;2026-01-20T12:49:59Z;ADSB;A6B47C;A359;N531DN;DAL;DAL;ICN;RKSI;DTW;KDTW;2026-01-20T13:26:24Z
3dfba408;DL2752;DAL2752;4.499.586;-9.258.232;225;9275;260;-1728;6710;2026-01-20T12:49:58Z;ADSB;AB43C6;B739;N825DN;DAL;DAL;CVG;KCVG;MSP;KMSP;2026-01-20T12:58:09Z
3dfbb55e;UA1309;UAL1309;361.561;-7.888.229;34;35000;553;0;1477;2026-01-20T12:49:58Z;ADSB;A44257;B38M;N37371;UAL;UAL;SRQ;KSRQ;EWR;KEWR;2026-01-20T13:49:52Z
3dfb3f3a;DL915;DAL915;4.089.656;-7.410.437;116;19025;378;0;7376;2026-01-20T12:49:57Z;ADSB;A12C23;B763;N175DZ;DAL;DAL;LAX;KLAX;JFK;KJFK;2026-01-20T13:08:17Z
3dfb1270;UA252;UAL252;3.168.113;-10.304.533;100;37000;549;0;3726;2026-01-20T12:49:57Z;ADSB;AA64BA;B772;N769UA;UAL;UAL;HNL;PHNL;IAH;KIAH;2026-01-20T13:45:36Z
3dfba543;DL1073;DAL1073;3.353.698;-8.439.384;89;8125;270;-1792;2533;2026-01-20T12:49:58Z;ADSB;A3A155;A321;N333DX;DAL;DAL;SAT;KSAT;ATL;KATL;2026-01-20T12:58:13Z
3dfb9baa;AA2144;AAL2144;2.663.063;-8.243.116;123;33000;483;0;2422;2026-01-20T12:49:57Z;ADSB;AB9ECA;B738;N848NN;AAL;AAL;IAH;KIAH;MIA;KMIA;2026-01-20T13:17:52Z
3dfba1aa;DL2127;DAL2127;3.373.389;-841.368;213;3525;244;0;522;2026-01-20T12:49:57Z;ADSB;A41131;A319;N361NB;DAL;DAL;IAD;KIAD;ATL;KATL;2026-01-20T12:53:39Z
3dfb802f;AA1017;AAL1017;2.948.039;-7.888.374;186;36000;427;0;3337;2026-01-20T12:49:59Z;ADSB;A3244F;B738;N301PA;AAL;AAL;JFK;KJFK;MIA;KMIA;2026-01-20T13:30:40Z
3dfb8f2e;WN2977;SWA2977;4.151.766;-8.702.922;269;6200;236;-1024;573;2026-01-20T12:49:58Z;ADSB;AC5349;B38M;N8933Q;SWA;SWA;DCA;KDCA;MDW;KMDW;2026-01-20T12:55:50Z
3dfb9ee9;WN724;SWA724;4.184.846;-8.758.812;268;2600;147;-64;5767;2026-01-20T12:49:58Z;ADSB;A1F1DE;B737;N224WN;SWA;SWA;BUF;KBUF;MDW;KMDW;2026-01-20T12:50:45Z
3dfae9f9;AA74;AAL74;4.197.013;-8.789.439;2;0;18;0;3712;2026-01-20T12:49:58Z;ADSB;AC3448;B788;N886BR;AAL;AAL;HNL;PHNL;ORD;KORD;2026-01-20T12:46:12Z
3dfa11fc;EK221;UAE221;4.375.337;-9.678.336;179;37000;526;0;1724;2026-01-20T12:49:58Z;ADSB;896452;B77W;A6-EQC;UAE;UAE;DXB;OMDB;DFW;KDFW;2026-01-20T14:17:36Z
3dfb9286;WN4958;SWA4958;380.714;-8.270.364;239;38000;333;0;1572;2026-01-20T12:49:57Z;ADSB;AB5F00;B738;N8314L;SWA;SWA;LGA;KLGA;BNA;KBNA;2026-01-20T13:32:48Z
3dfb9be4;UA1525;UAL1525;3.914.886;-7.623.198;42;27000;482;0;3737;2026-01-20T12:49:59Z;ADSB;A12796;B38M;N17361;UAL;UAL;PBI;KPBI;EWR;KEWR;2026-01-20T13:16:21Z
3dfba1ee;UA1105;UAL1105;3.939.125;-7.594.727;42;24600;469;-1600;2607;2026-01-20T12:49:58Z;ADSB;A8D46A;B739;N66808;UAL;UAL;MCO;KMCO;EWR;KEWR;2026-01-20T13:15:45Z
3dfb9b3f;WN2296;SWA2296;4.011.845;-8.278.406;261;40000;346;0;2644;2026-01-20T12:49:58Z;ADSB;AC3E5D;B38M;N8883Q;SWA;SWA;LGA;KLGA;STL;KSTL;2026-01-20T13:49:52Z
3df9fb52;UA163;UAL163;449.365;-7.223.779;210;36000;387;0;702;2026-01-20T12:49:57Z;ADSB;A219EA;B77W;N2341U;UAL;UAL;DXB;OMDB;EWR;KEWR;2026-01-20T13:39:12Z
3dfa36c4;AA8;AAL8;2.922.775;-1.104.622;70;39975;520;0;1046;2026-01-20T12:49:58Z;ADSB;ABA155;B789;N849AN;AAL;AAL;BNE;YBBN;DFW;KDFW;2026-01-20T14:21:52Z
3dfb3db3;UA2312;UAL2312;1.866.431;-8.920.854;146;37000;442;0;3346;2026-01-20T12:49:57Z;ADSB;A1244B;B38M;N17294;UAL;UAL;SFO;KSFO;SJO;MROC;2026-01-20T14:17:36Z
3dfb0bbd;AA9606;AAL9606;3.289.593;-9.704.564;87;0;0;0;3724;2026-01-20T12:49:58Z;ADSB;AB8748;B789;N842AA;AAL;AAL;OGG;PHOG;DFW;KDFW;2026-01-20T12:44:12Z
3dfb9e62;DL2555;DAL2555;3.206.765;-8.210.083;160;36000;435;0;7463;2026-01-20T12:49:57Z;ADSB;A06A54;A321;N126DN;DAL;DAL;DTW;KDTW;MCO;KMCO;2026-01-20T13:32:48Z
3dfb8f6f;AA716;AAL716;2.980.889;-7.883.477;195;36000;403;0;5617;2026-01-20T12:49:57Z;ADSB;A32FF6;B38M;N304UF;AAL;AAL;BWI;KBWI;MIA;KMIA;2026-01-20T13:37:04Z
3dfb9093;AA1942;AAL1942;3.519.777;-9.424.679;234;38000;342;0;4033;2026-01-20T12:49:57Z;ADSB;AAEA84;B738;N802NN;AAL;AAL;CVG;KCVG;DFW;KDFW;2026-01-20T13:26:24Z
3dfba1d4;UA1645;UAL1645;3.632.185;-8.930.734;222;36000;344;0;4176;2026-01-20T12:49:58Z;ADSB;A12778;B38M;N17356;UAL;UAL;CLE;KCLE;IAH;KIAH;2026-01-20T14:06:56Z
3dfb9f5f;UA2434;UAL2434;4.317.236;-8.701.878;266;35975;414;64;1637;2026-01-20T12:49:58Z;ADSB;A47FDE;B789;N38955;UAL;UAL;EWR;KEWR;LAX;KLAX;2026-01-20T16:42:40Z
3dfb9ef0;DL1201;DAL1201;395.685;-8.217.135;358;36975;464;-448;2673;2026-01-20T12:49:59Z;ADSB;A79898;B753;N589NW;DAL;DAL;MCO;KMCO;DTW;KDTW;2026-01-20T13:24:16Z
3dfb9234;WN879;SWA879;414.549;-8.420.153;273;37200;342;-2752;2763;2026-01-20T12:49:59Z;ADSB;AC53D5;B38M;N8937Q;SWA;SWA;LGA;KLGA;MDW;KMDW;2026-01-20T13:22:08Z
3dfb87b4;AA865;AAL865;4.294.652;-8.333.232;266;38000;377;0;3442;2026-01-20T12:49:58Z;ADSB;AAEF89;A319;N8031M;AAL;AAL;PVD;KPVD;ORD;KORD;2026-01-20T13:32:48Z
3dfafde5;UA887;UAL887;4.015.508;-7.502.838;43;10075;321;-1216;5610;2026-01-20T12:49:59Z;ADSB;A05A03;B752;N12116;UAL;UAL;LIM;SPJC;EWR;KEWR;2026-01-20T13:00:11Z
3dfa1c45;EK203;UAE8ER;4.290.878;-7.546.042;137;37550;526;-1024;731;2026-01-20T12:49:57Z;MLAT;89639E;A388;A6-EOE;UAE;UAE;DXB;OMDB;JFK;KJFK;2026-01-20T13:20:00Z
3dfb241b;AA28;AAL28;4.064.684;-7.379.326;337;0;0;0;7227;2026-01-20T12:49:43Z;ADSB;A03235;A321;N111ZM;AAL;AAL;LAX;KLAX;JFK;KJFK;2026-01-20T12:32:37Z
3dfb9756;WN1309;SWA1309;4.077.357;-7.387.096;135;0;16;0;7101;2026-01-20T12:49:07Z;ADSB;AAA247;B737;N7844A;SWA;SWA;ATL;KATL;LGA;KLGA;2026-01-20T12:46:12Z
3dfa4d14;AA34;AAL34;3.237.488;-9.782.397;87;10575;340;-640;520;2026-01-20T12:49:57Z;ADSB;ABAC2C;B789;N851MK;AAL;AAL;AKL;NZAA;DFW;KDFW;2026-01-20T13:00:23Z
3dfb8f16;WN1671;SWA1671;3.434.205;-860.503;242;40000;325;0;7004;2026-01-20T12:49:59Z;ADSB;AC3751;B38M;N8866H;SWA;SWA;DCA;KDCA;HOU;KHOU;2026-01-20T14:19:44Z
3dfac7e4;AA9604;AAL9604;3.348.573;-7.682.811;10;39000;488;0;2173;2026-01-20T12:49:58Z;ADSB;AABBC9;B772;N791AN;AAL;AAL;EZE;SAEZ;JFK;KJFK;2026-01-20T13:54:54Z
3dfb924e;WN4424;SWA4424;4.084.698;-946.333;271;40000;368;0;3723;2026-01-20T12:49:58Z;ADSB;ABF2EA;B738;N8692F;SWA;SWA;CMH;KCMH;DEN;KDEN;2026-01-20T14:02:40Z
3dfb96ba;WN933;SWA933;397.462;-8.733.833;273;40000;348;0;2437;2026-01-20T12:49:57Z;ADSB;A2D76A;B737;N282WN;SWA;SWA;DCA;KDCA;MCI;KMCI;2026-01-20T13:47:44Z
3dfb739a;DL925;DAL925;492.485;-12.413.622;140;37000;501;-64;7224;2026-01-20T12:49:58Z;ADSB;A3901D;BCS3;N329DU;DAL;DAL;ANC;PANC;SEA;KSEA;2026-01-20T13:15:44Z
3dfba9bc;DL2408;DAL2408;5.744.037;-13.312.442;146;37000;510;0;5763;2026-01-20T12:49:57Z;ADSB;A449AF;B738;N3757D;DAL;DAL;FAI;PAFA;SEA;KSEA;2026-01-20T14:32:32Z
3dfb9bba;WN2747;SWA2747;4.181.406;-8.738.123;284;2750;171;-1088;3146;2026-01-20T12:49:59Z;ADSB;AC6573;B38M;N8980Q;SWA;SWA;ATL;KATL;MDW;KMDW;2026-01-20T12:52:11Z
3dfa7496;UA844;UAL844;4.197.385;-8.789.198;81;0;1;0;6054;2026-01-20T12:49:58Z;ADSB;A0F427;B78X;N16008;UAL;UAL;GRU;SBGR;ORD;KORD;2026-01-20T12:43:33Z
3dfbb108;UA2266;UAL2266;3.995.499;-7.527.195;43;14250;418;-1792;723;2026-01-20T12:49:58Z;ADSB;AC4E85;A319;N892UA;UAL;UAL;SAV;KSAV;EWR;KEWR;2026-01-20T13:05:29Z
3dfb9d9e;WN702;SWA702;4.032.634;-7.899.264;267;40000;341;64;3453;2026-01-20T12:49:57Z;ADSB;AC4210;B38M;N8893L;SWA;SWA;BOS;KBOS;STL;KSTL;2026-01-20T14:17:36Z
3dfa1362;EK231;UAE3MX;4.068.414;-7.792.416;167;19575;410;-1216;733;2026-01-20T12:49:57Z;ADSB;8960FA;A388;A6-EDY;UAE;UAE;DXB;OMDB;IAD;KIAD;2026-01-20T13:10:08Z
3dfac859;DL650;DAL650;4.013.887;-738.335;7;8900;281;-1920;2776;2026-01-20T12:49:57Z;ADSB;A0F4F6;B763;N16065;DAL;DAL;HNL;PHNL;JFK;KJFK;2026-01-20T12:59:23Z
3dfa149c;EK243;UAE88F;4.545.959;-7.375.733;177;0;0;0;712;2026-01-20T12:49:54Z;ADSB;89667C;A359;A6-EXN;UAE;UAE;DXB;OMDB;YUL;CYUL;2026-01-20T12:42:40Z
3dfb0e8d;AA102;AAL102;3.229.793;-100.14;94;33000;574;0;3721;2026-01-20T12:54:59Z;ADSB;AAA326;B772;N785AN;AAL;AAL;HNL;PHNL;DFW;KDFW;2026-01-20T13:20:00Z
3dfafd06;AA246;AAL246;3.394.149;-11.840.654;264;0;0;0;3766;2026-01-20T12:54:59Z;ADSB;A4B41C;A21N;N402AN;AAL;AAL;KOA;PHKO;LAX;KLAX;2026-01-20T12:34:33Z
3dfb94e0;AA1593;AAL1593;2.692.419;-8.305.156;120;33000;483;0;2513;2026-01-20T12:55:00Z;ADSB;ADD667;B738;N991AN;AAL;AAL;AUS;KAUS;MIA;KMIA;2026-01-20T13:28:32Z
3dfb9126;WN2715;SWA2715;3.060.548;-8.259.898;142;29000;486;0;6565;2026-01-20T12:54:59Z;ADSB;AC08B1;B38M;N8748Q;SWA;SWA;MDW;KMDW;MCO;KMCO;2026-01-20T13:23:33Z
3dfb5365;UA1959;UAL1959;4.123.279;-10.716.669;146;37000;493;64;4145;2026-01-20T12:54:58Z;ADSB;A44212;B38M;N37352;UAL;UAL;ANC;PANC;DEN;KDEN;2026-01-20T13:22:08Z
3dfb92dd;WN1585;SWA1585;3.610.652;-8.866.055;244;40000;333;0;2401;2026-01-20T12:54:59Z;ADSB;AC0C8B;B38M;N8759Q;SWA;SWA;DCA;KDCA;DAL;KDAL;2026-01-20T14:09:04Z
3dfb948f;WN1350;SWA1350;3.618.594;-8.663.835;198;1175;135;-832;3603;2026-01-20T12:54:58Z;ADSB;AC5A4A;B38M;N8950L;SWA;SWA;DCA;KDCA;BNA;KBNA;2026-01-20T12:56:30Z
3dfba08c;WN1167;SWA1167;4.089.967;-8.631.805;329;15975;329;-1664;2663;2026-01-20T12:54:58Z;ADSB;AC24E4;B38M;N8817L;SWA;SWA;SAV;KSAV;MDW;KMDW;2026-01-20T13:10:39Z
3dfaadbc;DL68;DAL68;4.810.794;-1.233.021;102;16400;383;-1792;1403;2026-01-20T12:54:59Z;ADSB;A66935;A359;N512DN;DAL;DAL;TPE;RCTP;SEA;KSEA;2026-01-20T13:11:52Z
3dfb90e7;WN1549;SWA1549;4.162.464;-871.822;352;4150;239;-1024;7001;2026-01-20T12:54:59Z;ADSB;AC2038;B38M;N8800L;SWA;SWA;RDU;KRDU;MDW;KMDW;2026-01-20T12:58:59Z
3dfb9ec2;DL2286;DAL2286;3.549.408;-8.220.889;224;35000;320;-64;3322;2026-01-20T12:55:00Z;ADSB;A988F0;B752;N713TW;DAL;DAL;JFK;KJFK;ATL;KATL;2026-01-20T13:28:37Z
3dfb9759;AA1868;AAL1868;3.790.865;-8.075.483;67;37000;585;0;2372;2026-01-20T12:54:59Z;ADSB;AB20DF;B738;N816NN;AAL;AAL;DFW;KDFW;DCA;KDCA;2026-01-20T13:28:32Z
3dfba63f;DL1330;DAL1330;4.412.714;-8.331.096;281;36000;390;0;3554;2026-01-20T12:55:00Z;ADSB;A41C56;A319;N364NB;DAL;DAL;BDL;KBDL;MSP;KMSP;2026-01-20T14:11:12Z
3dfb39e6;UA2416;UAL2416;406.933;-7.417.373;289;0;1;0;3243;2026-01-20T12:55:00Z;ADSB;A11FA3;B752;N17128;UAL;UAL;SFO;KSFO;EWR;KEWR;2026-01-20T12:51:25Z
3dfb951c;AA1604;AAL1604;2.657.746;-8.245.028;119;35000;475;0;2544;2026-01-20T12:54:59Z;ADSB;A3D90A;B38M;N347TT;AAL;AAL;SAT;KSAT;MIA;KMIA;2026-01-20T13:24:16Z
3dfb9252;WN2272;SWA2272;2.827.476;-8.141.753;137;3400;208;-896;6615;2026-01-20T12:54:59Z;ADSB;AC7C52;B737;N903WN;SWA;SWA;IND;KIND;MCO;KMCO;2026-01-20T12:58:23Z
3dfb94c3;AA949;AAL949;3.111.177;-819.209;196;37975;372;0;3026;2026-01-20T12:54:58Z;ADSB;A98CBC;A319;N714US;AAL;AAL;DCA;KDCA;RSW;KRSW;2026-01-20T13:41:20Z
3dfb8c4a;AA1232;AAL1232;2.732.492;-7.941.177;198;30175;426;-2560;537;2026-01-20T12:54:59Z;ADSB;A3B50F;B38M;N338RS;AAL;AAL;DCA;KDCA;MIA;KMIA;2026-01-20T13:27:34Z
3dfb8b88;AA2617;AAL2617;3.604.414;-8.856.879;246;38000;322;0;2404;2026-01-20T12:55:00Z;ADSB;AD6FF2;B738;N965NN;AAL;AAL;IAD;KIAD;DFW;KDFW;2026-01-20T14:06:56Z
3dfba948;DL2497;DAL2497;381.308;-8.761.948;29;37000;504;0;2420;2026-01-20T12:54:58Z;ADSB;A423C4;A319;N366NB;DAL;DAL;SAT;KSAT;DTW;KDTW;2026-01-20T13:49:52Z
3dfb9d1e;UA1488;UAL1488;4.160.738;-8.832.964;42;9775;339;-1024;2421;2026-01-20T12:54:59Z;ADSB;A76028;B739;N57439;UAL;UAL;IAH;KIAH;ORD;KORD;2026-01-20T13:04:12Z
3dfb9c97;DL2538;DAL2538;4.289.886;-8.795.772;312;35000;385;0;7024;2026-01-20T12:54:59Z;ADSB;A3BE8F;A320;N340NW;DAL;DAL;RDU;KRDU;MSP;KMSP;2026-01-20T13:43:28Z
3dfba408;DL2752;DAL2752;4.480.853;-9.295.298;250;3700;193;-384;6710;2026-01-20T12:55:00Z;ADSB;AB43C6;B739;N825DN;DAL;DAL;CVG;KCVG;MSP;KMSP;2026-01-20T12:57:54Z
3dfa3e1b;DL158;DAL158;4.415.222;-8.721.918;123;38075;560;-960;6275;2026-01-20T12:54:59Z;ADSB;A6B47C;A359;N531DN;DAL;DAL;ICN;RKSI;DTW;KDTW;2026-01-20T13:24:16Z
3dfbb55e;UA1309;UAL1309;3.678.856;-7.834.859;34;35000;546;0;1477;2026-01-20T12:54:58Z;ADSB;A44257;B38M;N37371;UAL;UAL;SRQ;KSRQ;EWR;KEWR;2026-01-20T13:47:44Z
3dfba4b8;DL1389;DAL1389;4.076.193;-853.579;35;26125;478;-2176;2503;2026-01-20T12:54:59Z;ADSB;A42EFC;A320;N369NW;DAL;DAL;IAH;KIAH;DTW;KDTW;2026-01-20T13:26:24Z
3dfb3f3a;DL915;DAL915;4.052.348;-7.385.071;165;10075;272;-2752;7376;2026-01-20T12:55:00Z;ADSB;A12C23;B763;N175DZ;DAL;DAL;LAX;KLAX;JFK;KJFK;2026-01-20T13:05:17Z
3dfb1270;UA252;UAL252;3.154.282;-10.216.214;100;37000;551;0;3726;2026-01-20T12:54:58Z;ADSB;AA64BA;B772;N769UA;UAL;UAL;HNL;PHNL;IAH;KIAH;2026-01-20T13:45:36Z
3dfb9baa;AA2144;AAL2144;2.625.577;-8.181.032;124;28150;468;-1856;2422;2026-01-20T12:54:59Z;ADSB;AB9ECA;B738;N848NN;AAL;AAL;IAH;KIAH;MIA;KMIA;2026-01-20T13:23:47Z
3dfba543;DL1073;DAL1073;3.363.059;-8.424.019;283;2550;151;0;2533;2026-01-20T12:54:58Z;ADSB;A3A155;A321;N333DX;DAL;DAL;SAT;KSAT;ATL;KATL;2026-01-20T12:56:28Z
3dfba1aa;DL2127;DAL2127;3.364.948;-8.436.996;270;1250;114;-640;522;2026-01-20T12:55:00Z;ADSB;A41131;A319;N361NB;DAL;DAL;IAD;KIAD;ATL;KATL;2026-01-20T12:55:21Z
3dfb802f;AA1017;AAL1017;288.885;-7.896.302;186;34125;425;-960;3337;2026-01-20T12:54:58Z;ADSB;A3244F;B738;N301PA;AAL;AAL;JFK;KJFK;MIA;KMIA;2026-01-20T13:30:40Z
3dfa11fc;EK221;UAE221;430.192;-9.667.132;172;37000;533;0;1724;2026-01-20T12:54:58Z;ADSB;896452;B77W;A6-EQC;UAE;UAE;DXB;OMDB;DFW;KDFW;2026-01-20T14:17:36Z
3dfb9ee9;WN724;SWA724;4.178.197;-8.775.403;84;0;13;0;5767;2026-01-20T12:54:59Z;ADSB;A1F1DE;B737;N224WN;SWA;SWA;BUF;KBUF;MDW;KMDW;2026-01-20T12:54:39Z
3dfb8f2e;WN2977;SWA2977;4.172.388;-8.722.762;352;4675;191;-1152;573;2026-01-20T12:54:58Z;ADSB;AC5349;B38M;N8933Q;SWA;SWA;DCA;KDCA;MDW;KMDW;2026-01-20T12:59:05Z
3dfb9286;WN4958;SWA4958;3.783.305;-8.320.747;238;34925;340;-1600;1572;2026-01-20T12:54:59Z;ADSB;AB5F00;B738;N8314L;SWA;SWA;LGA;KLGA;BNA;KBNA;2026-01-20T13:30:40Z
3dfb9b3f;WN2296;SWA2296;400.454;-8.340.858;261;40000;350;0;2644;2026-01-20T12:54:58Z;ADSB;AC3E5D;B38M;N8883Q;SWA;SWA;LGA;KLGA;STL;KSTL;2026-01-20T13:52:00Z
3dfb9be4;UA1525;UAL1525;3.962.352;-7.567.245;42;20900;435;-1536;3737;2026-01-20T12:54:59Z;ADSB;A12796;B38M;N17361;UAL;UAL;PBI;KPBI;EWR;KEWR;2026-01-20T13:16:03Z
3dfba1ee;UA1105;UAL1105;3.984.145;-7.540.942;42;15675;401;-1344;2607;2026-01-20T12:54:59Z;ADSB;A8D46A;B739;N66808;UAL;UAL;MCO;KMCO;EWR;KEWR;2026-01-20T13:11:05Z
3df9fb52;UA163;UAL163;4.446.651;-7.261.883;209;36000;391;0;702;2026-01-20T12:54:59Z;ADSB;A219EA;B77W;N2341U;UAL;UAL;DXB;OMDB;EWR;KEWR;2026-01-20T13:41:20Z
3dfa36c4;AA8;AAL8;2.946.747;-10.968.114;70;40000;523;0;1046;2026-01-20T12:54:58Z;ADSB;ABA155;B789;N849AN;AAL;AAL;BNE;YBBN;DFW;KDFW;2026-01-20T14:21:52Z
3dfb3db3;UA2312;UAL2312;1.813.522;-8.889.313;156;37000;427;0;3346;2026-01-20T12:54:59Z;ADSB;A1244B;B38M;N17294;UAL;UAL;SFO;KSFO;SJO;MROC;2026-01-20T14:21:52Z
3dfb9e62;DL2555;DAL2555;3.152.317;-8.211.401;193;36025;385;0;7463;2026-01-20T12:54:59Z;ADSB;A06A54;A321;N126DN;DAL;DAL;DTW;KDTW;MCO;KMCO;2026-01-20T13:34:56Z
3dfb8f6f;AA716;AAL716;2.922.647;-7.891.776;186;36000;428;0;5617;2026-01-20T12:54:58Z;ADSB;A32FF6;B38M;N304UF;AAL;AAL;BWI;KBWI;MIA;KMIA;2026-01-20T13:34:56Z
3dfb9093;AA1942;AAL1942;3.491.528;-9.472.591;234;34375;351;-960;4033;2026-01-20T12:54:59Z;ADSB;AAEA84;B738;N802NN;AAL;AAL;CVG;KCVG;DFW;KDFW;2026-01-20T13:28:32Z
3dfba1d4;UA1645;UAL1645;3.596.704;-8.970.216;221;36000;341;0;4176;2026-01-20T12:54:59Z;ADSB;A12778;B38M;N17356;UAL;UAL;CLE;KCLE;IAH;KIAH;2026-01-20T14:11:12Z
3dfb9f5f;UA2434;UAL2434;4.313.945;-8.780.711;266;35975;415;64;1637;2026-01-20T12:55:00Z;ADSB;A47FDE;B789;N38955;UAL;UAL;EWR;KEWR;LAX;KLAX;2026-01-20T16:40:32Z
3dfb9ef0;DL1201;DAL1201;4.017.792;-8.225.415;352;34000;438;0;2673;2026-01-20T12:54:59Z;ADSB;A79898;B753;N589NW;DAL;DAL;MCO;KMCO;DTW;KDTW;2026-01-20T13:28:32Z
3dfb9234;WN879;SWA879;4.148.228;-8.478.909;273;30025;331;0;2763;2026-01-20T12:54:58Z;ADSB;AC53D5;B38M;N8937Q;SWA;SWA;LGA;KLGA;MDW;KMDW;2026-01-20T13:24:02Z
3dfb87b4;AA865;AAL865;4.291.269;-840.477;266;38000;377;0;3442;2026-01-20T12:54:59Z;ADSB;AAEF89;A319;N8031M;AAL;AAL;PVD;KPVD;ORD;KORD;2026-01-20T13:30:40Z
3dfafde5;UA887;UAL887;4.045.296;-7.466.077;12;5650;259;-320;5610;2026-01-20T12:54:59Z;ADSB;A05A03;B752;N12116;UAL;UAL;LIM;SPJC;EWR;KEWR;2026-01-20T13:00:38Z
3dfb241b;AA28;AAL28;4.064.683;-7.379.324;337;0;0;0;7227;2026-01-20T12:54:59Z;ADSB;A03235;A321;N111ZM;AAL;AAL;LAX;KLAX;JFK;KJFK;2026-01-20T12:32:37Z
3dfa1c45;EK203;UAE8ER;4.237.292;-7.480.569;138;32525;515;-1408;731;2026-01-20T12:54:58Z;MLAT;89639E;A388;A6-EOE;UAE;UAE;DXB;OMDB;JFK;KJFK;2026-01-20T13:22:08Z
3dfa4d14;AA34;AAL34;3.249.006;-9.738.097;83;5525;285;-1152;520;2026-01-20T12:54:59Z;ADSB;ABAC2C;B789;N851MK;AAL;AAL;AKL;NZAA;DFW;KDFW;2026-01-20T13:00:02Z
3dfb8f16;WN1671;SWA1671;3.413.301;-8.652.681;241;40000;325;0;7004;2026-01-20T12:54:58Z;ADSB;AC3751;B38M;N8866H;SWA;SWA;DCA;KDCA;HOU;KHOU;2026-01-20T14:19:44Z
3dfac7e4;AA9604;AAL9604;3.415.664;-7.667.404;10;39000;492;0;2173;2026-01-20T12:54:59Z;ADSB;AABBC9;B772;N791AN;AAL;AAL;EZE;SAEZ;JFK;KJFK;2026-01-20T13:55:04Z
3dfb924e;WN4424;SWA4424;4.085.573;-9.530.614;270;40000;368;0;3723;2026-01-20T12:54:58Z;ADSB;ABF2EA;B738;N8692F;SWA;SWA;CMH;KCMH;DEN;KDEN;2026-01-20T14:02:40Z
3dfb96ba;WN933;SWA933;39.776;-8.797.168;273;40000;359;0;2437;2026-01-20T12:54:58Z;ADSB;A2D76A;B737;N282WN;SWA;SWA;DCA;KDCA;MCI;KMCI;2026-01-20T13:47:44Z
3dfb739a;DL925;DAL925;4.871.063;-12.347.027;147;29450;485;-2560;7224;2026-01-20T12:54:59Z;ADSB;A3901D;BCS3;N329DU;DAL;DAL;ANC;PANC;SEA;KSEA;2026-01-20T13:25:23Z
3dfba9bc;DL2408;DAL2408;5.684.708;-13.240.714;147;37000;512;0;5763;2026-01-20T12:54:59Z;ADSB;A449AF;B738;N3757D;DAL;DAL;FAI;PAFA;SEA;KSEA;2026-01-20T14:32:32Z
3dfb9bba;WN2747;SWA2747;4.184.571;-8.764.356;263;2075;133;-640;3146;2026-01-20T12:54:59Z;ADSB;AC6573;B38M;N8980Q;SWA;SWA;ATL;KATL;MDW;KMDW;2026-01-20T12:56:38Z
3dfb9d9e;WN702;SWA702;4.030.124;-7.962.219;266;40000;347;0;3453;2026-01-20T12:54:59Z;ADSB;AC4210;B38M;N8893L;SWA;SWA;BOS;KBOS;STL;KSTL;2026-01-20T14:19:44Z
3dfa1362;EK231;UAE3MX;4.016.066;-7.777.155;167;15300;359;-1984;733;2026-01-20T12:54:59Z;ADSB;8960FA;A388;A6-EDY;UAE;UAE;DXB;OMDB;IAD;KIAD;2026-01-20T13:10:53Z
3dfbb108;UA2266;UAL2266;4.030.499;-7.483.453;46;7650;297;-256;723;2026-01-20T12:54:58Z;ADSB;AC4E85;A319;N892UA;UAL;UAL;SAV;KSAV;EWR;KEWR;2026-01-20T13:02:45Z
3dfac859;DL650;DAL650;4.045.147;-7.361.115;32;1675;248;64;2776;2026-01-20T12:54:59Z;ADSB;A0F4F6;B763;N16065;DAL;DAL;HNL;PHNL;JFK;KJFK;2026-01-20T12:56:35Z
3dfa149c;EK243;UAE88F;4.545.958;-7.375.733;177;0;0;0;712;2026-01-20T12:54:08Z;ADSB;89667C;A359;A6-EXN;UAE;UAE;DXB;OMDB;YUL;CYUL;2026-01-20T12:42:40Z
3dfb0e8d;AA102;AAL102;3.231.368;-9.922.476;86;27350;529;-1856;3721;2026-01-20T12:59:57Z;ADSB;AAA326;B772;N785AN;AAL;AAL;HNL;PHNL;DFW;KDFW;2026-01-20T13:28:24Z
3dfafd06;AA246;AAL246;3.394.172;-11.840.637;264;0;0;0;3766;2026-01-20T12:59:59Z;ADSB;A4B41C;A21N;N402AN;AAL;AAL;KOA;PHKO;LAX;KLAX;2026-01-20T12:34:33Z
3dfb94e0;AA1593;AAL1593;2.658.224;-8.241.399;120;33000;479;0;2513;2026-01-20T12:59:58Z;ADSB;ADD667;B738;N991AN;AAL;AAL;AUS;KAUS;MIA;KMIA;2026-01-20T13:28:32Z
3dfb9126;WN2715;SWA2715;3.005.841;-8.220.837;170;26000;430;0;6565;2026-01-20T12:59:58Z;ADSB;AC08B1;B38M;N8748Q;SWA;SWA;MDW;KMDW;MCO;KMCO;2026-01-20T13:26:22Z
3dfb5365;UA1959;UAL1959;4.065.509;-10.667.242;146;35475;498;-3968;4145;2026-01-20T12:59:58Z;ADSB;A44212;B38M;N37352;UAL;UAL;ANC;PANC;DEN;KDEN;2026-01-20T13:24:16Z
3dfb92dd;WN1585;SWA1585;3.590.849;-8.917.128;244;40000;333;0;2401;2026-01-20T12:59:57Z;ADSB;AC0C8B;B38M;N8759Q;SWA;SWA;DCA;KDCA;DAL;KDAL;2026-01-20T14:11:12Z
3dfaadbc;DL68;DAL68;4.795.683;-12.260.763;109;9775;312;-896;1403;2026-01-20T12:59:58Z;ADSB;A66935;A359;N512DN;DAL;DAL;TPE;RCTP;SEA;KSEA;2026-01-20T13:09:55Z
3dfb90e7;WN1549;SWA1549;4.181.076;-873.327;297;3125;155;-1024;7001;2026-01-20T12:59:59Z;ADSB;AC2038;B38M;N8800L;SWA;SWA;RDU;KRDU;MDW;KMDW;2026-01-20T13:02:16Z
3dfb9ec2;DL2286;DAL2286;351.985;-8.257.178;225;29750;303;-1984;3322;2026-01-20T12:59:58Z;ADSB;A988F0;B752;N713TW;DAL;DAL;JFK;KJFK;ATL;KATL;2026-01-20T13:29:20Z
3dfb948f;WN1350;SWA1350;3.612.332;-8.666.743;286;0;0;0;3603;2026-01-20T12:59:08Z;ADSB;AC5A4A;B38M;N8950L;SWA;SWA;DCA;KDCA;BNA;KBNA;2026-01-20T12:56:12Z
3dfb9759;AA1868;AAL1868;3.822.297;-7.980.224;67;35350;587;-2944;2372;2026-01-20T12:59:58Z;ADSB;AB20DF;B738;N816NN;AAL;AAL;DFW;KDFW;DCA;KDCA;2026-01-20T13:26:24Z
3dfba08c;WN1167;SWA1167;4.121.437;-8.668.787;310;9600;293;0;2663;2026-01-20T12:59:58Z;ADSB;AC24E4;B38M;N8817L;SWA;SWA;SAV;KSAV;MDW;KMDW;2026-01-20T13:08:16Z
3dfba63f;DL1330;DAL1330;4.423.041;-8.404.521;280;35975;389;0;3554;2026-01-20T12:59:58Z;ADSB;A41C56;A319;N364NB;DAL;DAL;BDL;KBDL;MSP;KMSP;2026-01-20T14:11:12Z
3dfb39e6;UA2416;UAL2416;406.933;-7.417.372;289;0;0;0;3243;2026-01-20T12:59:56Z;ADSB;A11FA3;B752;N17128;UAL;UAL;SFO;KSFO;EWR;KEWR;2026-01-20T12:51:25Z
3dfb951c;AA1604;AAL1604;2.625.307;-8.181.088;119;28000;468;192;2544;2026-01-20T12:59:59Z;ADSB;A3D90A;B38M;N347TT;AAL;AAL;SAT;KSAT;MIA;KMIA;2026-01-20T13:31:04Z
3dfb8c4a;AA1232;AAL1232;267.984;-7.960.382;197;20275;364;-1792;537;2026-01-20T12:59:59Z;ADSB;A3B50F;B38M;N338RS;AAL;AAL;DCA;KDCA;MIA;KMIA;2026-01-20T13:21:09Z
3dfb94c3;AA949;AAL949;3.060.777;-8.209.017;190;38000;386;0;3026;2026-01-20T12:59:58Z;ADSB;A98CBC;A319;N714US;AAL;AAL;DCA;KDCA;RSW;KRSW;2026-01-20T13:45:36Z
3dfb8b88;AA2617;AAL2617;3.586.515;-8.906.599;245;38000;320;0;2404;2026-01-20T12:59:58Z;ADSB;AD6FF2;B738;N965NN;AAL;AAL;IAD;KIAD;DFW;KDFW;2026-01-20T14:09:04Z
3dfba948;DL2497;DAL2497;3.873.761;-87.185;29;37025;493;64;2420;2026-01-20T12:59:59Z;ADSB;A423C4;A319;N366NB;DAL;DAL;SAT;KSAT;DTW;KDTW;2026-01-20T13:49:52Z
3dfb9c97;DL2538;DAL2538;4.324.498;-8.850.331;308;35000;380;0;7024;2026-01-20T12:59:58Z;ADSB;A3BE8F;A320;N340NW;DAL;DAL;RDU;KRDU;MSP;KMSP;2026-01-20T13:45:36Z
3dfb9d1e;UA1488;UAL1488;4.188.417;-8.795.086;82;6625;290;0;2421;2026-01-20T12:59:57Z;ADSB;A76028;B739;N57439;UAL;UAL;IAH;KIAH;ORD;KORD;2026-01-20T13:05:14Z
3dfbb55e;UA1309;UAL1309;3.740.798;-7.781.574;34;35000;542;0;1477;2026-01-20T12:59:58Z;ADSB;A44257;B38M;N37371;UAL;UAL;SRQ;KSRQ;EWR;KEWR;2026-01-20T13:47:44Z
3dfba4b8;DL1389;DAL1389;4.120.995;-8.474.261;45;23000;462;0;2503;2026-01-20T12:59:59Z;ADSB;A42EFC;A320;N369NW;DAL;DAL;IAH;KIAH;DTW;KDTW;2026-01-20T13:21:38Z
3dfa3e1b;DL158;DAL158;4.374.174;-8.633.456;117;31000;529;0;6275;2026-01-20T12:59:58Z;ADSB;A6B47C;A359;N531DN;DAL;DAL;ICN;RKSI;DTW;KDTW;2026-01-20T13:29:49Z
3dfb3f3a;DL915;DAL915;4.053.003;-7.362.982;336;1625;188;-320;7376;2026-01-20T12:59:58Z;ADSB;A12C23;B763;N175DZ;DAL;DAL;LAX;KLAX;JFK;KJFK;2026-01-20T13:01:08Z
3dfb1270;UA252;UAL252;3.139.893;-10.128.425;101;37000;549;0;3726;2026-01-20T12:59:59Z;ADSB;AA64BA;B772;N769UA;UAL;UAL;HNL;PHNL;IAH;KIAH;2026-01-20T13:45:36Z
3dfb9baa;AA2144;AAL2144;2.599.114;-8.121.479;115;19900;403;-1664;2422;2026-01-20T12:59:58Z;ADSB;AB9ECA;B738;N848NN;AAL;AAL;IAH;KIAH;MIA;KMIA;2026-01-20T13:21:12Z
3dfba543;DL1073;DAL1073;3.363.359;-8.443.961;278;0;20;0;2533;2026-01-20T12:59:58Z;ADSB;A3A155;A321;N333DX;DAL;DAL;SAT;KSAT;ATL;KATL;2026-01-20T12:59:17Z
3dfb802f;AA1017;AAL1017;2.829.548;-7.905.288;198;32000;424;0;3337;2026-01-20T12:59:58Z;ADSB;A3244F;B738;N301PA;AAL;AAL;JFK;KJFK;MIA;KMIA;2026-01-20T13:30:40Z
3dfa11fc;EK221;UAE221;4.228.647;-9.654.638;172;37000;535;0;1724;2026-01-20T12:59:58Z;ADSB;896452;B77W;A6-EQC;UAE;UAE;DXB;OMDB;DFW;KDFW;2026-01-20T14:15:28Z
3dfb8f2e;WN2977;SWA2977;4.182.985;-8.744.237;283;2600;149;0;573;2026-01-20T12:59:59Z;ADSB;AC5349;B38M;N8933Q;SWA;SWA;DCA;KDCA;MDW;KMDW;2026-01-20T13:01:50Z
3dfb9286;WN4958;SWA4958;3.758.931;-837.143;238;34000;339;0;1572;2026-01-20T12:59:58Z;ADSB;AB5F00;B738;N8314L;SWA;SWA;LGA;KLGA;BNA;KBNA;2026-01-20T13:32:48Z
3dfb9b3f;WN2296;SWA2296;3.996.844;-840.354;260;40000;355;0;2644;2026-01-20T12:59:58Z;ADSB;AC3E5D;B38M;N8883Q;SWA;SWA;LGA;KLGA;STL;KSTL;2026-01-20T13:54:08Z
3dfb9be4;UA1525;UAL1525;4.002.333;-7.518.964;42;12625;341;-1344;3737;2026-01-20T12:59:58Z;ADSB;A12796;B38M;N17361;UAL;UAL;PBI;KPBI;EWR;KEWR;2026-01-20T13:13:49Z
3dfba1ee;UA1105;UAL1105;4.019.655;-7.497.772;43;9475;311;-1216;2607;2026-01-20T12:59:58Z;ADSB;A8D46A;B739;N66808;UAL;UAL;MCO;KMCO;EWR;KEWR;2026-01-20T13:10:20Z
3df9fb52;UA163;UAL163;4.398.766;-7.296.327;206;36000;388;0;702;2026-01-20T12:59:59Z;ADSB;A219EA;B77W;N2341U;UAL;UAL;DXB;OMDB;EWR;KEWR;2026-01-20T13:41:20Z
3dfa36c4;AA8;AAL8;2.970.354;-10.889.298;71;39975;526;-64;1046;2026-01-20T12:59:58Z;ADSB;ABA155;B789;N849AN;AAL;AAL;BNE;YBBN;DFW;KDFW;2026-01-20T14:21:52Z
3dfb3db3;UA2312;UAL2312;1.759.274;-8.864.333;156;37000;426;0;3346;2026-01-20T12:59:59Z;ADSB;A1244B;B38M;N17294;UAL;UAL;SFO;KSFO;SJO;MROC;2026-01-20T14:21:52Z
3dfb9093;AA1942;AAL1942;3.453.868;-9.517.108;220;29575;401;-960;4033;2026-01-20T12:59:59Z;ADSB;AAEA84;B738;N802NN;AAL;AAL;CVG;KCVG;DFW;KDFW;2026-01-20T13:30:40Z
3dfb9e62;DL2555;DAL2555;3.100.626;-8.225.604;189;35975;387;0;7463;2026-01-20T12:59:58Z;ADSB;A06A54;A321;N126DN;DAL;DAL;DTW;KDTW;MCO;KMCO;2026-01-20T13:37:04Z
3dfb8f6f;AA716;AAL716;2.863.782;-7.899.612;186;32000;426;64;5617;2026-01-20T12:59:59Z;ADSB;A32FF6;B38M;N304UF;AAL;AAL;BWI;KBWI;MIA;KMIA;2026-01-20T13:34:56Z
3dfba1d4;UA1645;UAL1645;3.561.827;-9.008.485;221;36000;333;0;4176;2026-01-20T12:59:58Z;ADSB;A12778;B38M;N17356;UAL;UAL;CLE;KCLE;IAH;KIAH;2026-01-20T14:11:12Z
3dfb9f5f;UA2434;UAL2434;4.312.567;-8.857.963;272;35975;406;0;1637;2026-01-20T12:59:58Z;ADSB;A47FDE;B789;N38955;UAL;UAL;EWR;KEWR;LAX;KLAX;2026-01-20T16:44:48Z
3dfb9ef0;DL1201;DAL1201;4.075.951;-8.241.699;342;29750;407;-896;2673;2026-01-20T12:59:58Z;ADSB;A79898;B753;N589NW;DAL;DAL;MCO;KMCO;DTW;KDTW;2026-01-20T13:26:24Z
3dfb9234;WN879;SWA879;4.150.784;-8.539.954;272;25325;326;-960;2763;2026-01-20T12:59:59Z;ADSB;AC53D5;B38M;N8937Q;SWA;SWA;LGA;KLGA;MDW;KMDW;2026-01-20T13:25:37Z
3dfb87b4;AA865;AAL865;428.666;-847.537;261;32000;384;0;3442;2026-01-20T12:59:57Z;ADSB;AAEF89;A319;N8031M;AAL;AAL;PVD;KPVD;ORD;KORD;2026-01-20T13:31:35Z
3dfafde5;UA887;UAL887;4.079.112;-7.450.435;34;4650;264;-64;5610;2026-01-20T12:59:58Z;ADSB;A05A03;B752;N12116;UAL;UAL;LIM;SPJC;EWR;KEWR;2026-01-20T13:04:56Z
3dfb241b;AA28;AAL28;4.064.683;-7.379.324;337;0;0;0;7227;2026-01-20T12:59:33Z;ADSB;A03235;A321;N111ZM;AAL;AAL;LAX;KLAX;JFK;KJFK;2026-01-20T12:32:37Z
3dfa1c45;EK203;UAE8ER;4.185.207;-7.427.999;163;26625;403;-1024;731;2026-01-20T12:59:58Z;MLAT;89639E;A388;A6-EOE;UAE;UAE;DXB;OMDB;JFK;KJFK;2026-01-20T13:27:11Z
3dfa4d14;AA34;AAL34;3.266.776;-9.705.575;1;2525;199;0;520;2026-01-20T12:59:59Z;ADSB;ABAC2C;B789;N851MK;AAL;AAL;AKL;NZAA;DFW;KDFW;2026-01-20T13:01:45Z
3dfb8f16;WN1671;SWA1671;3.391.667;-8.701.228;241;40000;333;0;7004;2026-01-20T12:59:58Z;ADSB;AC3751;B38M;N8866H;SWA;SWA;DCA;KDCA;HOU;KHOU;2026-01-20T14:19:44Z
3dfb924e;WN4424;SWA4424;4.086.072;-9.598.163;270;40000;375;0;3723;2026-01-20T12:59:58Z;ADSB;ABF2EA;B738;N8692F;SWA;SWA;CMH;KCMH;DEN;KDEN;2026-01-20T14:04:48Z
3dfb96ba;WN933;SWA933;3.980.338;-8.862.337;272;40000;360;0;2437;2026-01-20T12:59:59Z;ADSB;A2D76A;B737;N282WN;SWA;SWA;DCA;KDCA;MCI;KMCI;2026-01-20T13:47:44Z
3dfb9bba;WN2747;SWA2747;4.178.477;-8.775.018;42;0;15;0;3146;2026-01-20T12:59:56Z;ADSB;AC6573;B38M;N8980Q;SWA;SWA;ATL;KATL;MDW;KMDW;2026-01-20T12:58:12Z
3dfb739a;DL925;DAL925;4.819.307;-1.229.905;148;17800;399;-2368;7224;2026-01-20T12:59:59Z;ADSB;A3901D;BCS3;N329DU;DAL;DAL;ANC;PANC;SEA;KSEA;2026-01-20T13:20:06Z
3dfba9bc;DL2408;DAL2408;5.626.405;-13.167.931;143;37000;512;-64;5763;2026-01-20T12:59:58Z;ADSB;A449AF;B738;N3757D;DAL;DAL;FAI;PAFA;SEA;KSEA;2026-01-20T14:32:32Z
3dfac7e4;AA9604;AAL9604;3.482.483;-7.650.739;13;39000;496;0;515;2026-01-20T12:59:58Z;ADSB;AABBC9;B772;N791AN;AAL;AAL;EZE;SAEZ;JFK;KJFK;2026-01-20T13:54:08Z
3dfb9d9e;WN702;SWA702;4.027.299;-8.024.615;266;40000;345;0;3453;2026-01-20T12:59:58Z;ADSB;AC4210;B38M;N8893L;SWA;SWA;BOS;KBOS;STL;KSTL;2026-01-20T14:19:44Z
3dfa1362;EK231;UAE3MX;3.972.945;-7.764.758;168;9475;285;-1152;733;2026-01-20T12:59:58Z;ADSB;8960FA;A388;A6-EDY;UAE;UAE;DXB;OMDB;IAD;KIAD;2026-01-20T13:09:58Z
3dfbb108;UA2266;UAL2266;4.062.621;-7.461.456;11;5650;261;0;723;2026-01-20T12:59:58Z;ADSB;AC4E85;A319;N892UA;UAL;UAL;SAV;KSAV;EWR;KEWR;2026-01-20T13:04:55Z
3dfac859;DL650;DAL650;4.061.901;-7.375.197;300;325;129;-896;2776;2026-01-20T12:59:58Z;ADSB;A0F4F6;B763;N16065;DAL;DAL;HNL;PHNL;JFK;KJFK;2026-01-20T13:00:50Z
3dfb0e8d;AA102;AAL102;3.235.055;-9.842.494;87;18200;457;-2304;3721;2026-01-20T13:04:58Z;ADSB;AAA326;B772;N785AN;AAL;AAL;HNL;PHNL;DFW;KDFW;2026-01-20T13:23:36Z
3dfafd06;AA246;AAL246;3.394.147;-11.840.649;264;0;0;0;3766;2026-01-20T13:04:59Z;ADSB;A4B41C;A21N;N402AN;AAL;AAL;KOA;PHKO;LAX;KLAX;2026-01-20T12:34:33Z
3dfb94e0;AA1593;AAL1593;2.623.824;-8.178.122;119;27975;476;-768;2513;2026-01-20T13:04:59Z;ADSB;ADD667;B738;N991AN;AAL;AAL;AUS;KAUS;MIA;KMIA;2026-01-20T13:28:32Z
3dfb9126;WN2715;SWA2715;2.946.817;-8.209.162;170;26000;435;0;6565;2026-01-20T13:04:57Z;ADSB;AC08B1;B38M;N8748Q;SWA;SWA;MDW;KMDW;MCO;KMCO;2026-01-20T13:30:06Z
3dfb5365;UA1959;UAL1959;4.043.289;-10.592.389;96;23525;435;-2048;4145;2026-01-20T13:04:59Z;ADSB;A44212;B38M;N37352;UAL;UAL;ANC;PANC;DEN;KDEN;2026-01-20T13:24:28Z
3dfb92dd;WN1585;SWA1585;357.072;-8.968.291;244;40000;334;0;2401;2026-01-20T13:04:57Z;ADSB;AC0C8B;B38M;N8759Q;SWA;SWA;DCA;KDCA;DAL;KDAL;2026-01-20T14:09:04Z
3dfaadbc;DL68;DAL68;4.766.568;-12.232.037;151;4000;209;-1216;1403;2026-01-20T13:04:58Z;ADSB;A66935;A359;N512DN;DAL;DAL;TPE;RCTP;SEA;KSEA;2026-01-20T13:09:06Z
3dfb9ec2;DL2286;DAL2286;3.489.803;-8.292.881;223;22500;293;-1088;3322;2026-01-20T13:04:59Z;ADSB;A988F0;B752;N713TW;DAL;DAL;JFK;KJFK;ATL;KATL;2026-01-20T13:27:36Z
3dfb9759;AA1868;AAL1868;3.849.358;-7.888.572;77;23850;501;-1792;2372;2026-01-20T13:04:58Z;ADSB;AB20DF;B738;N816NN;AAL;AAL;DFW;KDFW;DCA;KDCA;2026-01-20T13:30:29Z
3dfba08c;WN1167;SWA1167;4.146.557;-8.707.936;309;7725;242;-1856;2663;2026-01-20T13:04:59Z;ADSB;AC24E4;B38M;N8817L;SWA;SWA;SAV;KSAV;MDW;KMDW;2026-01-20T13:13:11Z
3dfb90e7;WN1549;SWA1549;4.184.771;-8.760.479;266;2600;150;-384;7001;2026-01-20T13:04:59Z;ADSB;AC2038;B38M;N8800L;SWA;SWA;RDU;KRDU;MDW;KMDW;2026-01-20T13:06:11Z
3dfba63f;DL1330;DAL1330;4.432.823;-8.477.626;280;36000;380;0;3554;2026-01-20T13:04:59Z;ADSB;A41C56;A319;N364NB;DAL;DAL;BDL;KBDL;MSP;KMSP;2026-01-20T14:11:12Z
3dfb951c;AA1604;AAL1604;2.598.546;-8.120.177;115;19575;403;-1664;2544;2026-01-20T13:04:58Z;ADSB;A3D90A;B38M;N347TT;AAL;AAL;SAT;KSAT;MIA;KMIA;2026-01-20T13:25:34Z
3dfb8c4a;AA1232;AAL1232;2.639.735;-7.979.819;227;13675;284;-64;537;2026-01-20T13:04:57Z;ADSB;A3B50F;B38M;N338RS;AAL;AAL;DCA;KDCA;MIA;KMIA;2026-01-20T13:18:48Z
3dfb94c3;AA949;AAL949;3.005.013;-8.210.465;170;38000;421;0;3026;2026-01-20T13:04:59Z;ADSB;A98CBC;A319;N714US;AAL;AAL;DCA;KDCA;RSW;KRSW;2026-01-20T13:45:36Z
3dfb8b88;AA2617;AAL2617;3.568.089;-8.956.953;245;38000;324;0;2404;2026-01-20T13:04:57Z;ADSB;AD6FF2;B738;N965NN;AAL;AAL;IAD;KIAD;DFW;KDFW;2026-01-20T14:11:12Z
3dfb9c97;DL2538;DAL2538;4.357.839;-8.907.957;308;34000;385;0;7024;2026-01-20T13:04:58Z;ADSB;A3BE8F;A320;N340NW;DAL;DAL;RDU;KRDU;MSP;KMSP;2026-01-20T13:43:28Z
3dfbb55e;UA1309;UAL1309;3.803.695;-7.729.778;32;35000;542;-64;1477;2026-01-20T13:04:57Z;ADSB;A44257;B38M;N37371;UAL;UAL;SRQ;KSRQ;EWR;KEWR;2026-01-20T13:47:44Z
3dfba948;DL2497;DAL2497;3.932.854;-8.675.372;29;35525;484;-1472;2420;2026-01-20T13:04:59Z;ADSB;A423C4;A319;N366NB;DAL;DAL;SAT;KSAT;DTW;KDTW;2026-01-20T13:49:52Z
3dfba4b8;DL1389;DAL1389;4.167.242;-842.318;32;17550;405;-1536;2503;2026-01-20T13:04:58Z;ADSB;A42EFC;A320;N369NW;DAL;DAL;IAH;KIAH;DTW;KDTW;2026-01-20T13:23:38Z
3dfb9d1e;UA1488;UAL1488;4.196.558;-876.689;274;3600;141;64;2421;2026-01-20T13:04:58Z;ADSB;A76028;B739;N57439;UAL;UAL;IAH;KIAH;ORD;KORD;2026-01-20T13:07:59Z
3dfa3e1b;DL158;DAL158;4.340.316;-8.546.729;118;28625;470;-1024;1316;2026-01-20T13:04:57Z;ADSB;A6B47C;A359;N531DN;DAL;DAL;ICN;RKSI;DTW;KDTW;2026-01-20T13:33:05Z
3dfb1270;UA252;UAL252;3.125.005;-10.041.476;101;37000;551;0;3726;2026-01-20T13:04:58Z;ADSB;AA64BA;B772;N769UA;UAL;UAL;HNL;PHNL;IAH;KIAH;2026-01-20T13:45:36Z
3dfb9baa;AA2144;AAL2144;2.585.721;-8.068.233;86;12275;331;-1344;2422;2026-01-20T13:04:58Z;ADSB;AB9ECA;B738;N848NN;AAL;AAL;IAH;KIAH;MIA;KMIA;2026-01-20T13:18:06Z
3dfb802f;AA1017;AAL1017;277.337;-7.926.144;198;32000;430;0;3337;2026-01-20T13:04:58Z;ADSB;A3244F;B738;N301PA;AAL;AAL;JFK;KJFK;MIA;KMIA;2026-01-20T13:32:48Z
3dfba543;DL1073;DAL1073;3.364.257;-8.443.546;270;0;0;0;2533;2026-01-20T13:04:30Z;ADSB;A3A155;A321;N333DX;DAL;DAL;SAT;KSAT;ATL;KATL;2026-01-20T12:59:17Z
3dfa11fc;EK221;UAE221;4.155.849;-9.642.506;172;37000;521;0;1724;2026-01-20T13:04:58Z;ADSB;896452;B77W;A6-EQC;UAE;UAE;DXB;OMDB;DFW;KDFW;2026-01-20T14:17:36Z
3dfb9286;WN4958;SWA4958;3.734.383;-8.421.737;238;28825;333;-1216;1572;2026-01-20T13:04:58Z;ADSB;AB5F00;B738;N8314L;SWA;SWA;LGA;KLGA;BNA;KBNA;2026-01-20T13:37:04Z
3dfb9b3f;WN2296;SWA2296;3.988.759;-8.466.644;260;40000;354;0;2644;2026-01-20T13:04:57Z;ADSB;AC3E5D;B38M;N8883Q;SWA;SWA;LGA;KLGA;STL;KSTL;2026-01-20T13:54:08Z
3dfb8f2e;WN2977;SWA2977;418.284;-8.769.556;233;1300;115;-768;573;2026-01-20T13:04:58Z;ADSB;AC5349;B38M;N8933Q;SWA;SWA;DCA;KDCA;MDW;KMDW;2026-01-20T13:06:18Z
3dfb9be4;UA1525;UAL1525;4.033.397;-7.479.401;47;6900;279;-1024;3737;2026-01-20T13:04:58Z;ADSB;A12796;B38M;N17361;UAL;UAL;PBI;KPBI;EWR;KEWR;2026-01-20T13:12:08Z
3dfba1ee;UA1105;UAL1105;4.041.577;-7.459.149;5;5650;254;0;2607;2026-01-20T13:04:59Z;ADSB;A8D46A;B739;N66808;UAL;UAL;MCO;KMCO;EWR;KEWR;2026-01-20T13:10:14Z
3df9fb52;UA163;UAL163;4.350.833;-7.329.247;206;33325;379;-2752;702;2026-01-20T13:04:59Z;ADSB;A219EA;B77W;N2341U;UAL;UAL;DXB;OMDB;EWR;KEWR;2026-01-20T13:39:12Z
3dfa36c4;AA8;AAL8;299.376;-10.809.146;71;39975;535;0;1046;2026-01-20T13:04:57Z;ADSB;ABA155;B789;N849AN;AAL;AAL;BNE;YBBN;DFW;KDFW;2026-01-20T14:21:52Z
3dfb3db3;UA2312;UAL2312;1.705.138;-8.839.575;156;37000;424;0;3346;2026-01-20T13:04:59Z;ADSB;A1244B;B38M;N17294;UAL;UAL;SFO;KSFO;SJO;MROC;2026-01-20T14:21:52Z
3dfb9093;AA1942;AAL1942;3.411.186;-9.560.006;219;24575;393;-1024;4033;2026-01-20T13:04:58Z;ADSB;AAEA84;B738;N802NN;AAL;AAL;CVG;KCVG;DFW;KDFW;2026-01-20T13:29:51Z
3dfb9e62;DL2555;DAL2555;3.045.149;-82.287;170;31325;429;-2304;7463;2026-01-20T13:04:58Z;ADSB;A06A54;A321;N126DN;DAL;DAL;DTW;KDTW;MCO;KMCO;2026-01-20T13:37:04Z
3dfb8f6f;AA716;AAL716;2.805.716;-7.914.144;198;27900;419;-576;5617;2026-01-20T13:04:58Z;ADSB;A32FF6;B38M;N304UF;AAL;AAL;BWI;KBWI;MIA;KMIA;2026-01-20T13:37:04Z
3dfba1d4;UA1645;UAL1645;3.527.527;-9.045.685;221;36000;325;0;4176;2026-01-20T13:04:58Z;ADSB;A12778;B38M;N17356;UAL;UAL;CLE;KCLE;IAH;KIAH;2026-01-20T14:11:12Z
3dfb9f5f;UA2434;UAL2434;4.307.795;-893.469;254;36000;423;-64;1637;2026-01-20T13:04:57Z;ADSB;A47FDE;B789;N38955;UAL;UAL;EWR;KEWR;LAX;KLAX;2026-01-20T16:40:32Z
3dfb9234;WN879;SWA879;4.152.365;-8.599.205;271;19675;315;-2432;2763;2026-01-20T13:04:58Z;ADSB;AC53D5;B38M;N8937Q;SWA;SWA;LGA;KLGA;MDW;KMDW;2026-01-20T13:27:00Z
3dfb87b4;AA865;AAL865;4.278.955;-8.547.145;261;32000;388;0;3442;2026-01-20T13:04:57Z;ADSB;AAEF89;A319;N8031M;AAL;AAL;PVD;KPVD;ORD;KORD;2026-01-20T13:35:32Z
3dfb9ef0;DL1201;DAL1201;4.125.404;-8.262.961;341;25225;353;-960;2673;2026-01-20T13:04:59Z;ADSB;A79898;B753;N589NW;DAL;DAL;MCO;KMCO;DTW;KDTW;2026-01-20T13:28:32Z
3dfafde5;UA887;UAL887;4.089.171;-7.411.322;151;3000;234;-1152;5610;2026-01-20T13:04:59Z;ADSB;A05A03;B752;N12116;UAL;UAL;LIM;SPJC;EWR;KEWR;2026-01-20T13:07:50Z
3dfb241b;AA28;AAL28;4.064.684;-7.379.324;337;0;0;0;7227;2026-01-20T13:04:04Z;ADSB;A03235;A321;N111ZM;AAL;AAL;LAX;KLAX;JFK;KJFK;2026-01-20T12:32:37Z
3dfa1c45;EK203;UAE8ER;4.134.853;-7.410.173;195;20025;316;-256;731;2026-01-20T13:04:58Z;MLAT;89639E;A388;A6-EOE;UAE;UAE;DXB;OMDB;JFK;KJFK;2026-01-20T13:25:52Z
3dfa4d14;AA34;AAL34;328.945;-9.705.478;357;0;55;0;520;2026-01-20T13:04:59Z;ADSB;ABAC2C;B789;N851MK;AAL;AAL;AKL;NZAA;DFW;KDFW;2026-01-20T13:04:24Z
3dfb8f16;WN1671;SWA1671;336.953;-8.750.227;241;40000;334;0;7004;2026-01-20T13:04:59Z;ADSB;AC3751;B38M;N8866H;SWA;SWA;DCA;KDCA;HOU;KHOU;2026-01-20T14:19:44Z
3dfb924e;WN4424;SWA4424;408.616;-9.667.769;270;40000;384;0;3723;2026-01-20T13:04:58Z;ADSB;ABF2EA;B738;N8692F;SWA;SWA;CMH;KCMH;DEN;KDEN;2026-01-20T14:11:12Z
3dfb96ba;WN933;SWA933;3.982.672;-8.926.821;272;40000;360;0;2437;2026-01-20T13:04:59Z;ADSB;A2D76A;B737;N282WN;SWA;SWA;DCA;KDCA;MCI;KMCI;2026-01-20T13:49:52Z
3dfb739a;DL925;DAL925;4.789.664;-12.245.945;159;8325;288;-1664;7224;2026-01-20T13:04:58Z;ADSB;A3901D;BCS3;N329DU;DAL;DAL;ANC;PANC;SEA;KSEA;2026-01-20T13:14:27Z
3dfba9bc;DL2408;DAL2408;5.569.817;-13.093.015;143;37000;512;0;5763;2026-01-20T13:04:58Z;ADSB;A449AF;B738;N3757D;DAL;DAL;FAI;PAFA;SEA;KSEA;2026-01-20T14:30:24Z
3dfb9d9e;WN702;SWA702;4.024.109;-8.087.329;265;40000;346;64;3453;2026-01-20T13:04:59Z;ADSB;AC4210;B38M;N8893L;SWA;SWA;BOS;KBOS;STL;KSTL;2026-01-20T14:19:44Z
3dfa1362;EK231;UAE3MX;3.936.834;-7.746.069;142;5450;293;-512;733;2026-01-20T13:04:57Z;ADSB;8960FA;A388;A6-EDY;UAE;UAE;DXB;OMDB;IAD;KIAD;2026-01-20T13:10:14Z
3dfac7e4;AA9604;AAL9604;3.550.441;-7.631.541;13;39000;511;0;515;2026-01-20T13:04:58Z;ADSB;AABBC9;B772;N791AN;AAL;AAL;EZE;SAEZ;JFK;KJFK;2026-01-20T13:52:57Z
3dfac859;DL650;DAL650;4.063.497;-7.378.435;120;0;0;0;2776;2026-01-20T13:04:58Z;ADSB;A0F4F6;B763;N16065;DAL;DAL;HNL;PHNL;JFK;KJFK;2026-01-20T13:01:12Z
3dfbb108;UA2266;UAL2266;409.183;-74.33;57;3625;251;0;723;2026-01-20T13:04:57Z;ADSB;AC4E85;A319;N892UA;UAL;UAL;SAV;KSAV;EWR;KEWR;2026-01-20T13:07:50Z
3dfb94e0;AA1593;AAL1593;2.597.801;-8.118.484;115;19500;400;-1600;2513;2026-01-20T13:09:58Z;ADSB;ADD667;B738;N991AN;AAL;AAL;AUS;KAUS;MIA;KMIA;2026-01-20T13:30:17Z
3dfb9126;WN2715;SWA2715;2.896.308;-8.178.848;127;15550;385;64;6565;2026-01-20T13:09:58Z;ADSB;AC08B1;B38M;N8748Q;SWA;SWA;MDW;KMDW;MCO;KMCO;2026-01-20T13:27:02Z
3dfb0e8d;AA102;AAL102;3.237.722;-97.767;87;10175;356;-960;3721;2026-01-20T13:09:59Z;ADSB;AAA326;B772;N785AN;AAL;AAL;HNL;PHNL;DFW;KDFW;2026-01-20T13:20:09Z
3dfafd06;AA246;AAL246;3.394.146;-11.840.654;264;0;0;0;3766;2026-01-20T13:09:59Z;ADSB;A4B41C;A21N;N402AN;AAL;AAL;KOA;PHKO;LAX;KLAX;2026-01-20T12:34:33Z
3dfb92dd;WN1585;SWA1585;3.550.136;-9.019.787;243;40000;336;0;2401;2026-01-20T13:09:59Z;ADSB;AC0C8B;B38M;N8759Q;SWA;SWA;DCA;KDCA;DAL;KDAL;2026-01-20T14:11:12Z
3dfb9ec2;DL2286;DAL2286;3.459.981;-8.327.254;223;19075;308;-640;3322;2026-01-20T13:09:59Z;ADSB;A988F0;B752;N713TW;DAL;DAL;JFK;KJFK;ATL;KATL;2026-01-20T13:28:21Z
3dfb5365;UA1959;UAL1959;4.032.639;-10.522.437;100;15275;344;-1600;4145;2026-01-20T13:09:59Z;ADSB;A44212;B38M;N37352;UAL;UAL;ANC;PANC;DEN;KDEN;2026-01-20T13:20:34Z
3dfb9759;AA1868;AAL1868;3.865.014;-7.808.563;67;14725;432;-1728;2372;2026-01-20T13:09:58Z;ADSB;AB20DF;B738;N816NN;AAL;AAL;DFW;KDFW;DCA;KDCA;2026-01-20T13:26:23Z
3dfaadbc;DL68;DAL68;4.744.384;-12.230.788;168;0;14;0;1403;2026-01-20T13:09:59Z;ADSB;A66935;A359;N512DN;DAL;DAL;TPE;RCTP;SEA;KSEA;2026-01-20T13:09:28Z
3dfb90e7;WN1549;SWA1549;4.178.294;-8.775.253;42;0;12;0;7001;2026-01-20T13:09:59Z;ADSB;AC2038;B38M;N8800L;SWA;SWA;RDU;KRDU;MDW;KMDW;2026-01-20T13:09:12Z
3dfba08c;WN1167;SWA1167;4.174.656;-8.727.776;316;3575;195;-128;2663;2026-01-20T13:09:59Z;ADSB;AC24E4;B38M;N8817L;SWA;SWA;SAV;KSAV;MDW;KMDW;2026-01-20T13:12:09Z
3dfba63f;DL1330;DAL1330;4.442.033;-8.550.298;279;36000;385;64;3554;2026-01-20T13:09:58Z;ADSB;A41C56;A319;N364NB;DAL;DAL;BDL;KBDL;MSP;KMSP;2026-01-20T14:11:12Z
3dfb94c3;AA949;AAL949;2.946.389;-8.198.725;170;35450;441;-768;3026;2026-01-20T13:09:58Z;ADSB;A98CBC;A319;N714US;AAL;AAL;DCA;KDCA;RSW;KRSW;2026-01-20T13:43:28Z
3dfb8b88;AA2617;AAL2617;3.549.413;-9.007.205;245;38000;322;0;2404;2026-01-20T13:09:59Z;ADSB;AD6FF2;B738;N965NN;AAL;AAL;IAD;KIAD;DFW;KDFW;2026-01-20T14:11:12Z
3dfb951c;AA1604;AAL1604;2.585.767;-8.067.351;86;12200;331;-1344;2544;2026-01-20T13:09:58Z;ADSB;A3D90A;B38M;N347TT;AAL;AAL;SAT;KSAT;MIA;KMIA;2026-01-20T13:22:38Z
3dfb8c4a;AA1232;AAL1232;2.611.588;-8.001.389;175;9125;250;-1088;537;2026-01-20T13:09:58Z;ADSB;A3B50F;B38M;N338RS;AAL;AAL;DCA;KDCA;MIA;KMIA;2026-01-20T13:20:02Z
3dfba948;DL2497;DAL2497;3.990.919;-8.630.829;39;31000;514;0;2420;2026-01-20T13:10:00Z;ADSB;A423C4;A319;N366NB;DAL;DAL;SAT;KSAT;DTW;KDTW;2026-01-20T13:49:52Z
3dfbb55e;UA1309;UAL1309;3.865.457;-7.673.813;37;34000;542;0;1477;2026-01-20T13:10:00Z;ADSB;A44257;B38M;N37371;UAL;UAL;SRQ;KSRQ;EWR;KEWR;2026-01-20T13:45:36Z
3dfb9c97;DL2538;DAL2538;4.390.947;-8.966.328;307;34000;386;0;7024;2026-01-20T13:09:58Z;ADSB;A3BE8F;A320;N340NW;DAL;DAL;RDU;KRDU;MSP;KMSP;2026-01-20T13:45:36Z
3dfb9d1e;UA1488;UAL1488;4.196.575;-8.790.852;270;0;69;0;2421;2026-01-20T13:10:00Z;ADSB;A76028;B739;N57439;UAL;UAL;IAH;KIAH;ORD;KORD;2026-01-20T13:09:35Z
3dfba4b8;DL1389;DAL1389;4.201.847;-8.377.069;46;10450;327;-1536;2503;2026-01-20T13:10:00Z;ADSB;A42EFC;A320;N369NW;DAL;DAL;IAH;KIAH;DTW;KDTW;2026-01-20T13:21:24Z
3dfa3e1b;DL158;DAL158;4.307.231;-847.302;124;21450;428;-1600;1316;2026-01-20T13:09:59Z;ADSB;A6B47C;A359;N531DN;DAL;DAL;ICN;RKSI;DTW;KDTW;2026-01-20T13:31:23Z
3dfb3f3a;DL915;DAL915;4.063.709;-7.377.669;30;0;14;0;7376;2026-01-20T13:10:00Z;ADSB;A12C23;B763;N175DZ;DAL;DAL;LAX;KLAX;JFK;KJFK;2026-01-20T13:04:12Z
3dfb1270;UA252;UAL252;3.109.289;-9.953.503;102;37000;557;0;3726;2026-01-20T13:09:59Z;ADSB;AA64BA;B772;N769UA;UAL;UAL;HNL;PHNL;IAH;KIAH;2026-01-20T13:45:36Z
3dfb9baa;AA2144;AAL2144;2.570.019;-8.028.068;119;6900;235;-896;2422;2026-01-20T13:09:59Z;ADSB;AB9ECA;B738;N848NN;AAL;AAL;IAH;KIAH;MIA;KMIA;2026-01-20T13:17:05Z
3dfb802f;AA1017;AAL1017;271.701;-7.946.847;198;26625;412;-2368;3337;2026-01-20T13:09:59Z;ADSB;A3244F;B738;N301PA;AAL;AAL;JFK;KJFK;MIA;KMIA;2026-01-20T13:37:43Z
3dfb9286;WN4958;SWA4958;3.710.486;-8.469.968;238;23775;317;-1024;1572;2026-01-20T13:09:59Z;ADSB;AB5F00;B738;N8314L;SWA;SWA;LGA;KLGA;BNA;KBNA;2026-01-20T13:33:36Z
3dfa11fc;EK221;UAE221;4.083.935;-9.630.821;173;37000;517;0;1724;2026-01-20T13:09:59Z;ADSB;896452;B77W;A6-EQC;UAE;UAE;DXB;OMDB;DFW;KDFW;2026-01-20T14:19:44Z
3dfb9b3f;WN2296;SWA2296;3.980.281;-8.529.779;260;40000;358;64;2644;2026-01-20T13:09:58Z;ADSB;AC3E5D;B38M;N8883Q;SWA;SWA;LGA;KLGA;STL;KSTL;2026-01-20T13:52:00Z
3dfb9be4;UA1525;UAL1525;406.496;-746.089;11;5650;251;0;3737;2026-01-20T13:09:59Z;ADSB;A12796;B38M;N17361;UAL;UAL;PBI;KPBI;EWR;KEWR;2026-01-20T13:14:50Z
3dfba1ee;UA1105;UAL1105;4.076.221;-7.450.793;33;5100;273;-640;2607;2026-01-20T13:09:59Z;ADSB;A8D46A;B739;N66808;UAL;UAL;MCO;KMCO;EWR;KEWR;2026-01-20T13:14:50Z
3df9fb52;UA163;UAL163;4.307.623;-7.358.407;206;23525;334;-896;702;2026-01-20T13:09:59Z;ADSB;A219EA;B77W;N2341U;UAL;UAL;DXB;OMDB;EWR;KEWR;2026-01-20T13:34:02Z
3dfa36c4;AA8;AAL8;3.017.097;-10.727.148;72;39975;540;64;1046;2026-01-20T13:09:58Z;ADSB;ABA155;B789;N849AN;AAL;AAL;BNE;YBBN;DFW;KDFW;2026-01-20T14:19:44Z
3dfb3db3;UA2312;UAL2312;165.103;-8.814.982;156;37000;420;0;3346;2026-01-20T13:09:59Z;ADSB;A1244B;B38M;N17294;UAL;UAL;SFO;KSFO;SJO;MROC;2026-01-20T14:21:52Z
3dfb9e62;DL2555;DAL2555;2.983.589;-821.646;170;26000;463;0;7463;2026-01-20T13:10:00Z;ADSB;A06A54;A321;N126DN;DAL;DAL;DTW;KDTW;MCO;KMCO;2026-01-20T13:35:06Z
3dfb9093;AA1942;AAL1942;337.023;-9.600.632;219;23350;358;-896;4033;2026-01-20T13:09:59Z;ADSB;AAEA84;B738;N802NN;AAL;AAL;CVG;KCVG;DFW;KDFW;2026-01-20T13:32:34Z
3dfba1d4;UA1645;UAL1645;3.493.625;-9.082.039;221;36000;324;0;4176;2026-01-20T13:09:59Z;ADSB;A12778;B38M;N17356;UAL;UAL;CLE;KCLE;IAH;KIAH;2026-01-20T14:11:12Z
3dfb8f6f;AA716;AAL716;2.750.826;-7.934.445;198;25125;402;-640;5617;2026-01-20T13:10:00Z;ADSB;A32FF6;B38M;N304UF;AAL;AAL;BWI;KBWI;MIA;KMIA;2026-01-20T13:37:04Z
3dfa1c45;EK203;UAE8ER;4.092.531;-7.412.614;161;18900;315;-512;731;2026-01-20T13:09:58Z;MLAT;89639E;A388;A6-EOE;UAE;UAE;DXB;OMDB;JFK;KJFK;2026-01-20T13:28:11Z
3dfb9f5f;UA2434;UAL2434;429.159;-9.012.497;253;35975;425;0;1637;2026-01-20T13:09:59Z;ADSB;A47FDE;B789;N38955;UAL;UAL;EWR;KEWR;LAX;KLAX;2026-01-20T16:40:32Z
3dfb9234;WN879;SWA879;4.152.241;-8.653.726;269;9575;243;0;2763;2026-01-20T13:09:58Z;ADSB;AC53D5;B38M;N8937Q;SWA;SWA;LGA;KLGA;MDW;KMDW;2026-01-20T13:19:11Z
3dfb87b4;AA865;AAL865;4.266.117;-8.618.749;255;21825;377;-2944;3442;2026-01-20T13:10:00Z;ADSB;AAEF89;A319;N8031M;AAL;AAL;PVD;KPVD;ORD;KORD;2026-01-20T13:34:51Z
3dfb9ef0;DL1201;DAL1201;4.164.867;-8.292.149;329;20525;313;-896;2673;2026-01-20T13:09:59Z;ADSB;A79898;B753;N589NW;DAL;DAL;MCO;KMCO;DTW;KDTW;2026-01-20T13:28:32Z
3dfb8f16;WN1671;SWA1671;3.347.055;-8.799.275;241;40000;340;0;7004;2026-01-20T13:09:59Z;ADSB;AC3751;B38M;N8866H;SWA;SWA;DCA;KDCA;HOU;KHOU;2026-01-20T14:21:52Z
3dfac7e4;AA9604;AAL9604;3.621.281;-7.611.111;13;39000;532;0;515;2026-01-20T13:09:59Z;ADSB;AABBC9;B772;N791AN;AAL;AAL;EZE;SAEZ;JFK;KJFK;2026-01-20T13:52:07Z
3dfb96ba;WN933;SWA933;3.983.452;-8.992.108;268;40000;366;0;2437;2026-01-20T13:09:59Z;ADSB;A2D76A;B737;N282WN;SWA;SWA;DCA;KDCA;MCI;KMCI;2026-01-20T13:49:52Z
3dfb924e;WN4424;SWA4424;4.085.838;-9.738.092;269;40000;383;0;3723;2026-01-20T13:10:00Z;ADSB;ABF2EA;B738;N8692F;SWA;SWA;CMH;KCMH;DEN;KDEN;2026-01-20T14:09:04Z
3dfa1362;EK231;UAE3MX;3.902.763;-7.735.773;180;3400;240;-1024;733;2026-01-20T13:09:59Z;ADSB;8960FA;A388;A6-EDY;UAE;UAE;DXB;OMDB;IAD;KIAD;2026-01-20T13:12:56Z
3dfb9d9e;WN702;SWA702;4.020.596;-8.149.821;265;40000;344;0;3453;2026-01-20T13:09:58Z;ADSB;AC4210;B38M;N8893L;SWA;SWA;BOS;KBOS;STL;KSTL;2026-01-20T14:19:44Z
3dfbb108;UA2266;UAL2266;4.078.227;-7.410.753;206;1750;179;-1088;723;2026-01-20T13:09:59Z;ADSB;AC4E85;A319;N892UA;UAL;UAL;SAV;KSAV;EWR;KEWR;2026-01-20T13:11:53Z
3dfb739a;DL925;DAL925;4.758.673;-1.223.169;180;2525;198;-1088;7224;2026-01-20T13:09:59Z;ADSB;A3901D;BCS3;N329DU;DAL;DAL;ANC;PANC;SEA;KSEA;2026-01-20T13:14:19Z
3dfba9bc;DL2408;DAL2408;5.512.218;-13.019.507;144;37000;511;0;5763;2026-01-20T13:09:58Z;ADSB;A449AF;B738;N3757D;DAL;DAL;FAI;PAFA;SEA;KSEA;2026-01-20T14:28:16Z
3dfb9126;WN2715;SWA2715;2.862.092;-8.143.718;152;8750;291;-512;6565;2026-01-20T13:14:59Z;ADSB;AC08B1;B38M;N8748Q;SWA;SWA;MDW;KMDW;MCO;KMCO;2026-01-20T13:24:54Z
3dfb0e8d;AA102;AAL102;3.249.413;-9.733.365;84;4975;277;-1152;3721;2026-01-20T13:14:59Z;ADSB;AAA326;B772;N785AN;AAL;AAL;HNL;PHNL;DFW;KDFW;2026-01-20T13:19:48Z
3dfafd06;AA246;AAL246;3.394.149;-11.840.646;264;0;0;0;3766;2026-01-20T13:14:55Z;ADSB;A4B41C;A21N;N402AN;AAL;AAL;KOA;PHKO;LAX;KLAX;2026-01-20T12:34:33Z
3dfb92dd;WN1585;SWA1585;3.529.358;-9.070.938;243;40000;337;0;2401;2026-01-20T13:14:58Z;ADSB;AC0C8B;B38M;N8759Q;SWA;SWA;DCA;KDCA;DAL;KDAL;2026-01-20T14:11:12Z
3dfb9ec2;DL2286;DAL2286;3.426.604;-8.365.388;221;15500;325;-2368;3322;2026-01-20T13:14:58Z;ADSB;A988F0;B752;N713TW;DAL;DAL;JFK;KJFK;ATL;KATL;2026-01-20T13:29:55Z
3dfb94e0;AA1593;AAL1593;2.585.953;-8.063.705;86;11700;336;-1344;2513;2026-01-20T13:14:59Z;ADSB;ADD667;B738;N991AN;AAL;AAL;AUS;KAUS;MIA;KMIA;2026-01-20T13:27:13Z
3dfb5365;UA1959;UAL1959;4.023.752;-10.470.166;150;10025;255;-704;4145;2026-01-20T13:14:58Z;ADSB;A44212;B38M;N37352;UAL;UAL;ANC;PANC;DEN;KDEN;2026-01-20T13:19:22Z
3dfb9759;AA1868;AAL1868;3.888.839;-775.152;65;8325;324;-1216;2372;2026-01-20T13:14:59Z;ADSB;AB20DF;B738;N816NN;AAL;AAL;DFW;KDFW;DCA;KDCA;2026-01-20T13:24:16Z
3dfaadbc;DL68;DAL68;4.743.859;-12.230.391;81;0;0;0;1403;2026-01-20T13:14:59Z;ADSB;A66935;A359;N512DN;DAL;DAL;TPE;RCTP;SEA;KSEA;2026-01-20T13:09:28Z
3dfba08c;WN1167;SWA1167;4.184.911;-8.756.704;264;2600;148;-64;2663;2026-01-20T13:14:58Z;ADSB;AC24E4;B38M;N8817L;SWA;SWA;SAV;KSAV;MDW;KMDW;2026-01-20T13:16:11Z
3dfba63f;DL1330;DAL1330;4.450.938;-8.624.294;279;36000;389;-128;3554;2026-01-20T13:14:58Z;ADSB;A41C56;A319;N364NB;DAL;DAL;BDL;KBDL;MSP;KMSP;2026-01-20T14:11:12Z
3dfa7178;UA870;UAL870;3.114.654;-12.826.404;29;36000;546;0;0;2026-01-20T13:15:00Z;ESTIMATED;AA6BA4;B772;N77019;UAL;UAL;SYD;YSSY;SFO;KSFO;2026-01-20T14:17:36Z
3dfb94c3;AA949;AAL949;2.885.675;-8.186.737;170;31850;446;-1152;3026;2026-01-20T13:14:57Z;ADSB;A98CBC;A319;N714US;AAL;AAL;DCA;KDCA;RSW;KRSW;2026-01-20T13:47:09Z
3dfb8b88;AA2617;AAL2617;3.530.576;-9.057.072;245;38000;328;64;2404;2026-01-20T13:14:57Z;ADSB;AD6FF2;B738;N965NN;AAL;AAL;IAD;KIAD;DFW;KDFW;2026-01-20T14:11:12Z
3dfb951c;AA1604;AAL1604;256.973;-8.027.486;119;6600;230;-2112;2544;2026-01-20T13:14:58Z;ADSB;A3D90A;B38M;N347TT;AAL;AAL;SAT;KSAT;MIA;KMIA;2026-01-20T13:21:46Z
3dfb8c4a;AA1232;AAL1232;2.581.326;-8.005.151;253;3725;221;-1408;537;2026-01-20T13:14:58Z;ADSB;A3B50F;B38M;N338RS;AAL;AAL;DCA;KDCA;MIA;KMIA;2026-01-20T13:19:53Z
3dfba948;DL2497;DAL2497;4.045.399;-8.572.357;39;29325;509;-832;2420;2026-01-20T13:14:58Z;ADSB;A423C4;A319;N366NB;DAL;DAL;SAT;KSAT;DTW;KDTW;2026-01-20T13:47:44Z
3dfbb55e;UA1309;UAL1309;3.924.437;-7.611.969;42;27325;555;-2496;1477;2026-01-20T13:14:58Z;ADSB;A44257;B38M;N37371;UAL;UAL;SRQ;KSRQ;EWR;KEWR;2026-01-20T13:44:47Z
3dfb9c97;DL2538;DAL2538;4.423.547;-902.342;308;34000;368;0;7024;2026-01-20T13:14:59Z;ADSB;A3BE8F;A320;N340NW;DAL;DAL;RDU;KRDU;MSP;KMSP;2026-01-20T13:45:36Z
3dfb9d1e;UA1488;UAL1488;4.197.092;-8.789.281;270;0;15;0;2421;2026-01-20T13:14:59Z;ADSB;A76028;B739;N57439;UAL;UAL;IAH;KIAH;ORD;KORD;2026-01-20T13:10:12Z
3dfba4b8;DL1389;DAL1389;4.230.565;-8.345.107;25;5525;227;-1600;2503;2026-01-20T13:14:58Z;ADSB;A42EFC;A320;N369NW;DAL;DAL;IAH;KIAH;DTW;KDTW;2026-01-20T13:21:12Z
3dfa3e1b;DL158;DAL158;4.277.285;-8.413.196;123;13950;354;-1344;1316;2026-01-20T13:14:58Z;ADSB;A6B47C;A359;N531DN;DAL;DAL;ICN;RKSI;DTW;KDTW;2026-01-20T13:30:44Z
3dfb3f3a;DL915;DAL915;4.063.851;-7.377.995;255;0;5;0;7376;2026-01-20T13:14:59Z;ADSB;A12C23;B763;N175DZ;DAL;DAL;LAX;KLAX;JFK;KJFK;2026-01-20T13:04:12Z
3dfb1270;UA252;UAL252;3.094.607;-9.864.657;96;37000;565;0;3726;2026-01-20T13:14:59Z;ADSB;AA64BA;B772;N769UA;UAL;UAL;HNL;PHNL;IAH;KIAH;2026-01-20T13:45:36Z
3dfb9baa;AA2144;AAL2144;2.573.126;-8.016.988;300;1925;198;-1152;2422;2026-01-20T13:14:59Z;ADSB;AB9ECA;B738;N848NN;AAL;AAL;IAH;KIAH;MIA;KMIA;2026-01-20T13:16:52Z
3dfb802f;AA1017;AAL1017;2.665.993;-7.965.357;197;17750;367;-2432;3337;2026-01-20T13:14:59Z;ADSB;A3244F;B738;N301PA;AAL;AAL;JFK;KJFK;MIA;KMIA;2026-01-20T13:36:07Z
3dfb9286;WN4958;SWA4958;3.687.566;-8.515.562;237;22000;311;0;1572;2026-01-20T13:14:59Z;ADSB;AB5F00;B738;N8314L;SWA;SWA;LGA;KLGA;BNA;KBNA;2026-01-20T13:35:36Z
3dfa11fc;EK221;UAE221;4.012.115;-9.619.617;175;37000;522;0;1724;2026-01-20T13:14:58Z;ADSB;896452;B77W;A6-EQC;UAE;UAE;DXB;OMDB;DFW;KDFW;2026-01-20T14:15:28Z
3dfb9b3f;WN2296;SWA2296;3.971.292;-8.593.939;259;40000;366;0;2644;2026-01-20T13:14:59Z;ADSB;AC3E5D;B38M;N8883Q;SWA;SWA;LGA;KLGA;STL;KSTL;2026-01-20T13:54:08Z
3dfba1ee;UA1105;UAL1105;40.927;-741.402;135;3500;231;-512;2607;2026-01-20T13:14:59Z;ADSB;A8D46A;B739;N66808;UAL;UAL;MCO;KMCO;EWR;KEWR;2026-01-20T13:17:50Z
3dfb9be4;UA1525;UAL1525;4.092.105;-7.431.059;82;4650;277;-192;3737;2026-01-20T13:14:58Z;ADSB;A12796;B38M;N17361;UAL;UAL;PBI;KPBI;EWR;KEWR;2026-01-20T13:18:50Z
3df9fb52;UA163;UAL163;426.633;-7.384.098;198;19275;316;-832;702;2026-01-20T13:14:59Z;ADSB;A219EA;B77W;N2341U;UAL;UAL;DXB;OMDB;EWR;KEWR;2026-01-20T13:34:12Z
3dfa36c4;AA8;AAL8;3.040.154;-1.064.389;72;40000;549;0;1046;2026-01-20T13:14:58Z;ADSB;ABA155;B789;N849AN;AAL;AAL;BNE;YBBN;DFW;KDFW;2026-01-20T14:19:44Z
3dfb3db3;UA2312;UAL2312;1.597.939;-879.099;156;37000;422;0;3346;2026-01-20T13:14:57Z;ADSB;A1244B;B38M;N17294;UAL;UAL;SFO;KSFO;SJO;MROC;2026-01-20T14:24:00Z
3dfb9e62;DL2555;DAL2555;2.922.816;-8.200.993;151;20200;418;-1984;7463;2026-01-20T13:14:58Z;ADSB;A06A54;A321;N126DN;DAL;DAL;DTW;KDTW;MCO;KMCO;2026-01-20T13:36:33Z
3dfb9093;AA1942;AAL1942;3.335.065;-9.638.987;229;17700;319;-1600;4033;2026-01-20T13:14:58Z;ADSB;AAEA84;B738;N802NN;AAL;AAL;CVG;KCVG;DFW;KDFW;2026-01-20T13:33:43Z
3dfba1d4;UA1645;UAL1645;3.459.516;-9.118.195;220;36000;326;0;4176;2026-01-20T13:14:58Z;ADSB;A12778;B38M;N17356;UAL;UAL;CLE;KCLE;IAH;KIAH;2026-01-20T14:13:20Z
3dfb8f6f;AA716;AAL716;269.859;-7.953.547;197;23225;391;-1280;5617;2026-01-20T13:14:59Z;ADSB;A32FF6;B38M;N304UF;AAL;AAL;BWI;KBWI;MIA;KMIA;2026-01-20T13:34:56Z
3dfb9f5f;UA2434;UAL2434;4.275.702;-9.089.366;254;36000;424;0;1637;2026-01-20T13:14:58Z;ADSB;A47FDE;B789;N38955;UAL;UAL;EWR;KEWR;LAX;KLAX;2026-01-20T16:38:24Z
3dfb9234;WN879;SWA879;4.151.825;-8.697.994;269;9100;238;-1664;2763;2026-01-20T13:14:59Z;ADSB;AC53D5;B38M;N8937Q;SWA;SWA;LGA;KLGA;MDW;KMDW;2026-01-20T13:23:11Z
3dfb87b4;AA865;AAL865;4.254.451;-86.783;249;16275;288;-1024;3442;2026-01-20T13:14:58Z;ADSB;AAEF89;A319;N8031M;AAL;AAL;PVD;KPVD;ORD;KORD;2026-01-20T13:30:12Z
3dfb9ef0;DL1201;DAL1201;4.196.791;-8.327.649;319;12650;281;-1024;2673;2026-01-20T13:14:59Z;ADSB;A79898;B753;N589NW;DAL;DAL;MCO;KMCO;DTW;KDTW;2026-01-20T13:27:27Z
3dfa1c45;EK203;UAE8ER;4.055.001;-7.386.543;163;12550;286;-1408;731;2026-01-20T13:14:58Z;MLAT;89639E;A388;A6-EOE;UAE;UAE;DXB;OMDB;JFK;KJFK;2026-01-20T13:28:08Z
3dfb241b;AA28;AAL28;4.064.683;-7.379.324;337;0;0;0;7227;2026-01-20T13:14:26Z;ADSB;A03235;A321;N111ZM;AAL;AAL;LAX;KLAX;JFK;KJFK;2026-01-20T12:32:37Z
3dfb8f16;WN1671;SWA1671;3.324.091;-8.848.714;240;40000;343;0;7004;2026-01-20T13:14:59Z;ADSB;AC3751;B38M;N8866H;SWA;SWA;DCA;KDCA;HOU;KHOU;2026-01-20T14:24:00Z
3dfb924e;WN4424;SWA4424;4.085.078;-9.807.959;268;40000;385;0;3723;2026-01-20T13:14:57Z;ADSB;ABF2EA;B738;N8692F;SWA;SWA;CMH;KCMH;DEN;KDEN;2026-01-20T14:11:12Z
3dfb96ba;WN933;SWA933;3.981.729;-9.056.998;268;38000;361;0;2437;2026-01-20T13:14:57Z;ADSB;A2D76A;B737;N282WN;SWA;SWA;DCA;KDCA;MCI;KMCI;2026-01-20T13:49:52Z
3dfac7e4;AA9604;AAL9604;3.694.006;-7.589.747;13;39000;542;0;515;2026-01-20T13:14:59Z;ADSB;AABBC9;B772;N791AN;AAL;AAL;EZE;SAEZ;JFK;KJFK;2026-01-20T13:53:27Z
3dfa1362;EK231;UAE3MX;3.880.756;-7.742.078;306;1600;133;64;733;2026-01-20T13:14:59Z;ADSB;8960FA;A388;A6-EDY;UAE;UAE;DXB;OMDB;IAD;KIAD;2026-01-20T13:15:59Z
3dfb9d9e;WN702;SWA702;4.016.779;-82.118;265;40000;345;0;3453;2026-01-20T13:14:58Z;ADSB;AC4210;B38M;N8893L;SWA;SWA;BOS;KBOS;STL;KSTL;2026-01-20T14:19:44Z
3dfba9bc;DL2408;DAL2408;5.454.071;-12.947.993;144;37000;514;0;5763;2026-01-20T13:14:59Z;ADSB;A449AF;B738;N3757D;DAL;DAL;FAI;PAFA;SEA;KSEA;2026-01-20T14:28:16Z
3dfb739a;DL925;DAL925;4.743.977;-12.230.943;151;0;2;0;7224;2026-01-20T13:14:59Z;ADSB;A3901D;BCS3;N329DU;DAL;DAL;ANC;PANC;SEA;KSEA;2026-01-20T13:13:12Z
3dfb9126;WN2715;SWA2715;282.654;-814.144;133;3025;234;-1216;6565;2026-01-20T13:20:00Z;ADSB;AC08B1;B38M;N8748Q;SWA;SWA;MDW;KMDW;MCO;KMCO;2026-01-20T13:23:39Z
3dfb0e8d;AA102;AAL102;3.262.604;-9.705.592;1;2550;201;0;3721;2026-01-20T13:20:00Z;ADSB;AAA326;B772;N785AN;AAL;AAL;HNL;PHNL;DFW;KDFW;2026-01-20T13:21:10Z
3dfafd06;AA246;AAL246;3.394.147;-11.840.649;264;0;0;0;3766;2026-01-20T13:19:58Z;ADSB;A4B41C;A21N;N402AN;AAL;AAL;KOA;PHKO;LAX;KLAX;2026-01-20T12:34:33Z
3dfb92dd;WN1585;SWA1585;3.508.218;-9.122.143;243;40000;340;0;2401;2026-01-20T13:19:58Z;ADSB;AC0C8B;B38M;N8759Q;SWA;SWA;DCA;KDCA;DAL;KDAL;2026-01-20T14:13:20Z
3dfb9ec2;DL2286;DAL2286;3.396.777;-8.396.427;198;8600;276;-320;3322;2026-01-20T13:20:00Z;ADSB;A988F0;B752;N713TW;DAL;DAL;JFK;KJFK;ATL;KATL;2026-01-20T13:28:49Z
3dfb94e0;AA1593;AAL1593;256.845;-8.024.865;119;5100;233;-2176;2513;2026-01-20T13:19:59Z;ADSB;ADD667;B738;N991AN;AAL;AAL;AUS;KAUS;MIA;KMIA;2026-01-20T13:26:16Z
3dfb5365;UA1959;UAL1959;3.995.375;-10.468.604;181;6375;175;-768;4145;2026-01-20T13:19:59Z;ADSB;A44212;B38M;N37352;UAL;UAL;ANC;PANC;DEN;KDEN;2026-01-20T13:21:07Z
3dfb9759;AA1868;AAL1868;3.871.912;-7.711.145;176;3275;188;-896;2372;2026-01-20T13:19:58Z;ADSB;AB20DF;B738;N816NN;AAL;AAL;DFW;KDFW;DCA;KDCA;2026-01-20T13:22:56Z
3dfaadbc;DL68;DAL68;4.743.859;-12.230.392;81;0;0;0;1403;2026-01-20T13:19:57Z;ADSB;A66935;A359;N512DN;DAL;DAL;TPE;RCTP;SEA;KSEA;2026-01-20T13:09:28Z
3dfba08c;WN1167;SWA1167;4.178.237;-8.775.508;194;0;11;0;2663;2026-01-20T13:19:57Z;ADSB;AC24E4;B38M;N8817L;SWA;SWA;SAV;KSAV;MDW;KMDW;2026-01-20T13:19:12Z
3dfba63f;DL1330;DAL1330;4.459.397;-8.699.075;278;35975;388;0;3554;2026-01-20T13:19:59Z;ADSB;A41C56;A319;N364NB;DAL;DAL;BDL;KBDL;MSP;KMSP;2026-01-20T14:11:12Z
3dfb94c3;AA949;AAL949;2.824.143;-817.183;165;25575;450;-2688;3026;2026-01-20T13:19:58Z;ADSB;A98CBC;A319;N714US;AAL;AAL;DCA;KDCA;RSW;KRSW;2026-01-20T13:46:46Z
3dfb8b88;AA2617;AAL2617;3.511.121;-9.107.812;244;38000;330;64;2404;2026-01-20T13:19:59Z;ADSB;AD6FF2;B738;N965NN;AAL;AAL;IAD;KIAD;DFW;KDFW;2026-01-20T14:11:12Z
3dfb8c4a;AA1232;AAL1232;2.580.275;-8.029.469;233;0;19;0;537;2026-01-20T13:19:56Z;ADSB;A3B50F;B38M;N338RS;AAL;AAL;DCA;KDCA;MIA;KMIA;2026-01-20T13:19:24Z
3dfb951c;AA1604;AAL1604;2.575.145;-802.091;298;1125;154;-896;2544;2026-01-20T13:19:59Z;ADSB;A3D90A;B38M;N347TT;AAL;AAL;SAT;KSAT;MIA;KMIA;2026-01-20T13:21:39Z
3dfb9d1e;UA1488;UAL1488;4.197.559;-8.790.984;45;0;12;0;2421;2026-01-20T13:19:58Z;ADSB;A76028;B739;N57439;UAL;UAL;IAH;KIAH;ORD;KORD;2026-01-20T13:10:12Z
3dfba948;DL2497;DAL2497;4.095.987;-8.511.969;49;23000;468;0;2420;2026-01-20T13:19:59Z;ADSB;A423C4;A319;N366NB;DAL;DAL;SAT;KSAT;DTW;KDTW;2026-01-20T13:43:51Z
3dfa3e1b;DL158;DAL158;4.258.379;-8.357.125;113;7700;307;-1216;1316;2026-01-20T13:20:00Z;ADSB;A6B47C;A359;N531DN;DAL;DAL;ICN;RKSI;DTW;KDTW;2026-01-20T13:28:30Z
3dfba4b8;DL1389;DAL1389;4.231.352;-8.330.183;208;2500;169;-1024;2503;2026-01-20T13:19:59Z;ADSB;A42EFC;A320;N369NW;DAL;DAL;IAH;KIAH;DTW;KDTW;2026-01-20T13:21:14Z
3dfb9c97;DL2538;DAL2538;4.447.389;-9.085.503;292;32250;385;-1024;7024;2026-01-20T13:20:00Z;ADSB;A3BE8F;A320;N340NW;DAL;DAL;RDU;KRDU;MSP;KMSP;2026-01-20T13:45:36Z
3dfbb55e;UA1309;UAL1309;3.977.563;-7.549.023;43;18125;481;-1856;1477;2026-01-20T13:20:00Z;ADSB;A44257;B38M;N37371;UAL;UAL;SRQ;KSRQ;EWR;KEWR;2026-01-20T13:39:23Z
3dfb1270;UA252;UAL252;3.085.594;-9.773.454;96;36850;572;-1152;3726;2026-01-20T13:19:59Z;ADSB;AA64BA;B772;N769UA;UAL;UAL;HNL;PHNL;IAH;KIAH;2026-01-20T13:45:36Z
3dfb9baa;AA2144;AAL2144;2.579.916;-8.029.247;87;0;19;0;2422;2026-01-20T13:19:57Z;ADSB;AB9ECA;B738;N848NN;AAL;AAL;IAH;KIAH;MIA;KMIA;2026-01-20T13:18:12Z
3dfb802f;AA1017;AAL1017;2.632.338;-7.991.164;235;12250;280;-1024;3337;2026-01-20T13:19:58Z;ADSB;A3244F;B738;N301PA;AAL;AAL;JFK;KJFK;MIA;KMIA;2026-01-20T13:32:52Z
3dfa11fc;EK221;UAE221;3.948.179;-9.641.656;208;37000;475;0;1724;2026-01-20T13:19:59Z;ADSB;896452;B77W;A6-EQC;UAE;UAE;DXB;OMDB;DFW;KDFW;2026-01-20T14:21:52Z
3dfb9b3f;WN2296;SWA2296;3.961.968;-8.657.733;258;37775;354;-960;2644;2026-01-20T13:19:59Z;ADSB;AC3E5D;B38M;N8883Q;SWA;SWA;LGA;KLGA;STL;KSTL;2026-01-20T13:54:08Z
3dfb9286;WN4958;SWA4958;3.665.071;-8.561.388;239;21000;306;-2560;1572;2026-01-20T13:19:58Z;ADSB;AB5F00;B738;N8314L;SWA;SWA;LGA;KLGA;BNA;KBNA;2026-01-20T13:40:36Z
3dfba1ee;UA1105;UAL1105;4.071.854;-7.414.813;205;200;142;-960;2607;2026-01-20T13:19:45Z;ADSB;A8D46A;B739;N66808;UAL;UAL;MCO;KMCO;EWR;KEWR;2026-01-20T13:20:19Z
3dfb9be4;UA1525;UAL1525;4.076.701;-741.172;204;1225;156;-1088;3737;2026-01-20T13:19:58Z;ADSB;A12796;B38M;N17361;UAL;UAL;PBI;KPBI;EWR;KEWR;2026-01-20T13:21:55Z
3df9fb52;UA163;UAL163;4.225.337;-7.402.383;198;15725;309;128;702;2026-01-20T13:19:59Z;ADSB;A219EA;B77W;N2341U;UAL;UAL;DXB;OMDB;EWR;KEWR;2026-01-20T13:34:56Z
3dfa36c4;AA8;AAL8;3.079.518;-10.569.682;54;39975;547;-64;1046;2026-01-20T13:19:59Z;ADSB;ABA155;B789;N849AN;AAL;AAL;BNE;YBBN;DFW;KDFW;2026-01-20T14:19:44Z
3dfb3db3;UA2312;UAL2312;1.543.291;-8.766.447;156;37000;422;0;3346;2026-01-20T13:20:00Z;ADSB;A1244B;B38M;N17294;UAL;UAL;SFO;KSFO;SJO;MROC;2026-01-20T14:24:00Z
3dfb9e62;DL2555;DAL2555;2.884.048;-8.160.719;127;12850;335;-1280;7463;2026-01-20T13:19:59Z;ADSB;A06A54;A321;N126DN;DAL;DAL;DTW;KDTW;MCO;KMCO;2026-01-20T13:33:15Z
3dfb9093;AA1942;AAL1942;3.306.801;-9.677.408;228;12550;272;0;4033;2026-01-20T13:19:59Z;ADSB;AAEA84;B738;N802NN;AAL;AAL;CVG;KCVG;DFW;KDFW;2026-01-20T13:32:04Z
3dfba1d4;UA1645;UAL1645;3.425.226;-9.154.117;220;36000;328;0;4176;2026-01-20T13:19:59Z;ADSB;A12778;B38M;N17356;UAL;UAL;CLE;KCLE;IAH;KIAH;2026-01-20T14:15:28Z
3dfb8f6f;AA716;AAL716;2.651.173;-797.057;197;14700;317;-1600;5617;2026-01-20T13:19:59Z;ADSB;A32FF6;B38M;N304UF;AAL;AAL;BWI;KBWI;MIA;KMIA;2026-01-20T13:36:37Z
3dfb9f5f;UA2434;UAL2434;4.259.297;-9.166.047;253;36000;430;0;1637;2026-01-20T13:19:59Z;ADSB;A47FDE;B789;N38955;UAL;UAL;EWR;KEWR;LAX;KLAX;2026-01-20T16:40:32Z
3dfb9234;WN879;SWA879;4.170.624;-8.732.138;310;3925;226;-1024;2763;2026-01-20T13:19:59Z;ADSB;AC53D5;B38M;N8937Q;SWA;SWA;LGA;KLGA;MDW;KMDW;2026-01-20T13:23:42Z
3dfb87b4;AA865;AAL865;424.042;-8.729.672;250;8625;248;-2048;3442;2026-01-20T13:19:59Z;ADSB;AAEF89;A319;N8031M;AAL;AAL;PVD;KPVD;ORD;KORD;2026-01-20T13:28:59Z
3dfb9ef0;DL1201;DAL1201;4.228.582;-8.314.351;28;3700;240;-640;2673;2026-01-20T13:19:58Z;ADSB;A79898;B753;N589NW;DAL;DAL;MCO;KMCO;DTW;KDTW;2026-01-20T13:23:18Z
3dfa1c45;EK203;UAE8ER;4.024.333;-736.636;52;7100;298;-576;731;2026-01-20T13:19:59Z;MLAT;89639E;A388;A6-EOE;UAE;UAE;DXB;OMDB;JFK;KJFK;2026-01-20T13:26:52Z
3dfb241b;AA28;AAL28;4.064.683;-7.379.323;337;0;0;0;7227;2026-01-20T13:19:30Z;ADSB;A03235;A321;N111ZM;AAL;AAL;LAX;KLAX;JFK;KJFK;2026-01-20T12:32:37Z
3dfb8f16;WN1671;SWA1671;3.300.568;-8.898.673;240;40000;350;0;7004;2026-01-20T13:19:59Z;ADSB;AC3751;B38M;N8866H;SWA;SWA;DCA;KDCA;HOU;KHOU;2026-01-20T14:24:00Z
3dfb96ba;WN933;SWA933;3.979.686;-9.122.107;267;38000;360;0;2437;2026-01-20T13:19:59Z;ADSB;A2D76A;B737;N282WN;SWA;SWA;DCA;KDCA;MCI;KMCI;2026-01-20T13:49:52Z
3dfb924e;WN4424;SWA4424;4.083.912;-9.877.171;268;40000;370;0;3723;2026-01-20T13:19:59Z;ADSB;ABF2EA;B738;N8692F;SWA;SWA;CMH;KCMH;DEN;KDEN;2026-01-20T14:06:56Z
3dfb9d9e;WN702;SWA702;4.012.542;-8.274.796;264;40000;352;0;3453;2026-01-20T13:19:59Z;ADSB;AC4210;B38M;N8893L;SWA;SWA;BOS;KBOS;STL;KSTL;2026-01-20T14:19:44Z
3dfb739a;DL925;DAL925;47.439;-12.230.424;118;0;0;0;7224;2026-01-20T13:20:00Z;ADSB;A3901D;BCS3;N329DU;DAL;DAL;ANC;PANC;SEA;KSEA;2026-01-20T13:13:12Z
3dfba9bc;DL2408;DAL2408;5.395.775;-12.878.825;145;37000;512;0;5763;2026-01-20T13:19:58Z;ADSB;A449AF;B738;N3757D;DAL;DAL;FAI;PAFA;SEA;KSEA;2026-01-20T14:28:16Z
3dfac7e4;AA9604;AAL9604;3.767.463;-7.567.723;13;39000;545;64;515;2026-01-20T13:19:59Z;ADSB;AABBC9;B772;N791AN;AAL;AAL;EZE;SAEZ;JFK;KJFK;2026-01-20T13:53:18Z
3dfbb108;UA2266;UAL2266;4.068.481;-7.418.329;194;0;0;0;723;2026-01-20T13:19:36Z;ADSB;AC4E85;A319;N892UA;UAL;UAL;SAV;KSAV;EWR;KEWR;2026-01-20T13:13:12Z
3dfb0e8d;AA102;AAL102;3.286.341;-970.549;359;475;140;-832;3721;2026-01-20T13:24:57Z;ADSB;AAA326;B772;N785AN;AAL;AAL;HNL;PHNL;DFW;KDFW;2026-01-20T13:25:04Z
3dfafd06;AA246;AAL246;3.394.148;-11.840.648;264;0;0;0;3766;2026-01-20T13:24:57Z;ADSB;A4B41C;A21N;N402AN;AAL;AAL;KOA;PHKO;LAX;KLAX;2026-01-20T12:34:33Z
3dfb9ec2;DL2286;DAL2286;3.363.194;-8.403.797;263;6050;189;-1024;3322;2026-01-20T13:24:59Z;ADSB;A988F0;B752;N713TW;DAL;DAL;JFK;KJFK;ATL;KATL;2026-01-20T13:30:06Z
3dfb92dd;WN1585;SWA1585;3.486.874;-9.173.103;242;40000;338;0;2401;2026-01-20T13:24:58Z;ADSB;AC0C8B;B38M;N8759Q;SWA;SWA;DCA;KDCA;DAL;KDAL;2026-01-20T14:15:28Z
3dfb94e0;AA1593;AAL1593;2.569.588;-8.010.178;294;2675;225;0;2513;2026-01-20T13:24:58Z;ADSB;ADD667;B738;N991AN;AAL;AAL;AUS;KAUS;MIA;KMIA;2026-01-20T13:25:52Z
3dfb5365;UA1959;UAL1959;3.986.128;-10.468.203;115;0;15;0;4145;2026-01-20T13:24:59Z;ADSB;A44212;B38M;N37352;UAL;UAL;ANC;PANC;DEN;KDEN;2026-01-20T13:22:12Z
3dfaadbc;DL68;DAL68;4.743.859;-12.230.391;81;0;0;0;1403;2026-01-20T13:24:57Z;ADSB;A66935;A359;N512DN;DAL;DAL;TPE;RCTP;SEA;KSEA;2026-01-20T13:09:28Z
3dfba63f;DL1330;DAL1330;4.467.375;-877.378;278;36000;388;-64;3554;2026-01-20T13:24:58Z;ADSB;A41C56;A319;N364NB;DAL;DAL;BDL;KBDL;MSP;KMSP;2026-01-20T14:11:12Z
3dfb9759;AA1868;AAL1868;3.880.737;-7.703.267;357;350;123;-704;2372;2026-01-20T13:24:58Z;ADSB;AB20DF;B738;N816NN;AAL;AAL;DFW;KDFW;DCA;KDCA;2026-01-20T13:25:47Z
3dfb94c3;AA949;AAL949;2.770.379;-8.176.443;184;18950;359;-960;3026;2026-01-20T13:24:58Z;ADSB;A98CBC;A319;N714US;AAL;AAL;DCA;KDCA;RSW;KRSW;2026-01-20T13:45:10Z
3dfb8b88;AA2617;AAL2617;3.491.588;-9.157.923;244;38000;330;0;2404;2026-01-20T13:24:58Z;ADSB;AD6FF2;B738;N965NN;AAL;AAL;IAD;KIAD;DFW;KDFW;2026-01-20T14:13:20Z
3dfb951c;AA1604;AAL1604;2.579.521;-8.028.803;2;0;6;0;2544;2026-01-20T13:24:59Z;ADSB;A3D90A;B38M;N347TT;AAL;AAL;SAT;KSAT;MIA;KMIA;2026-01-20T13:22:26Z
3dfb8c4a;AA1232;AAL1232;257.963;-8.028.474;70;0;10;0;537;2026-01-20T13:24:58Z;ADSB;A3B50F;B38M;N338RS;AAL;AAL;DCA;KDCA;MIA;KMIA;2026-01-20T13:19:24Z
3dfba948;DL2497;DAL2497;4.137.744;-845.127;45;19475;430;-640;2420;2026-01-20T13:24:59Z;ADSB;A423C4;A319;N366NB;DAL;DAL;SAT;KSAT;DTW;KDTW;2026-01-20T13:44:06Z
3dfba4b8;DL1389;DAL1389;4.221.336;-8.337.325;28;0;22;0;2503;2026-01-20T13:24:57Z;ADSB;A42EFC;A320;N369NW;DAL;DAL;IAH;KIAH;DTW;KDTW;2026-01-20T13:23:12Z
3dfa3e1b;DL158;DAL158;4.233.647;-8.328.735;190;2625;163;64;1316;2026-01-20T13:24:57Z;ADSB;A6B47C;A359;N531DN;DAL;DAL;ICN;RKSI;DTW;KDTW;2026-01-20T13:27:09Z
3dfb9c97;DL2538;DAL2538;4.467.572;-9.143.862;301;27300;302;-1024;7024;2026-01-20T13:24:58Z;ADSB;A3BE8F;A320;N340NW;DAL;DAL;RDU;KRDU;MSP;KMSP;2026-01-20T13:45:36Z
3dfbb55e;UA1309;UAL1309;4.018.515;-7.499.139;43;9750;327;-1024;1477;2026-01-20T13:24:57Z;ADSB;A44257;B38M;N37371;UAL;UAL;SRQ;KSRQ;EWR;KEWR;2026-01-20T13:34:51Z
3dfb1270;UA252;UAL252;3.075.599;-9.687.068;104;29225;533;-3520;3726;2026-01-20T13:24:59Z;ADSB;AA64BA;B772;N769UA;UAL;UAL;HNL;PHNL;IAH;KIAH;2026-01-20T13:55:44Z
3dfb9baa;AA2144;AAL2144;2.579.907;-8.027.178;180;0;0;0;2422;2026-01-20T13:24:58Z;ADSB;AB9ECA;B738;N848NN;AAL;AAL;IAH;KIAH;MIA;KMIA;2026-01-20T13:18:12Z
3dfb802f;AA1017;AAL1017;2.598.416;-7.999.621;180;6900;260;-1024;3337;2026-01-20T13:24:57Z;ADSB;A3244F;B738;N301PA;AAL;AAL;JFK;KJFK;MIA;KMIA;2026-01-20T13:32:51Z
3dfa11fc;EK221;UAE221;3.890.291;-9.681.256;207;36025;470;-320;1724;2026-01-20T13:24:58Z;ADSB;896452;B77W;A6-EQC;UAE;UAE;DXB;OMDB;DFW;KDFW;2026-01-20T14:24:00Z
3dfb9b3f;WN2296;SWA2296;395.262;-8.719.633;259;34100;349;-960;2644;2026-01-20T13:24:57Z;ADSB;AC3E5D;B38M;N8883Q;SWA;SWA;LGA;KLGA;STL;KSTL;2026-01-20T13:54:08Z
3dfb9286;WN4958;SWA4958;364.481;-8.604.057;239;9775;269;-448;1572;2026-01-20T13:24:57Z;ADSB;AB5F00;B738;N8314L;SWA;SWA;LGA;KLGA;BNA;KBNA;2026-01-20T13:35:20Z
3df9fb52;UA163;UAL163;4.184.422;-7.420.353;197;12475;313;-896;702;2026-01-20T13:24:58Z;ADSB;A219EA;B77W;N2341U;UAL;UAL;DXB;OMDB;EWR;KEWR;2026-01-20T13:38:15Z
3dfb3db3;UA2312;UAL2312;1.489.943;-8.742.626;156;37000;419;0;3346;2026-01-20T13:24:58Z;ADSB;A1244B;B38M;N17294;UAL;UAL;SFO;KSFO;SJO;MROC;2026-01-20T14:21:52Z
3dfb9e62;DL2555;DAL2555;2.850.082;-8.142.431;179;6750;258;-1152;7463;2026-01-20T13:24:57Z;ADSB;A06A54;A321;N126DN;DAL;DAL;DTW;KDTW;MCO;KMCO;2026-01-20T13:32:39Z
3dfa36c4;AA8;AAL8;3.111.301;-10.489.864;73;40000;556;-64;2677;2026-01-20T13:24:58Z;ADSB;ABA155;B789;N849AN;AAL;AAL;BNE;YBBN;DFW;KDFW;2026-01-20T14:19:44Z
3dfb9093;AA1942;AAL1942;3.278.027;-9.691.573;180;6575;223;-1408;4033;2026-01-20T13:24:59Z;ADSB;AAEA84;B738;N802NN;AAL;AAL;CVG;KCVG;DFW;KDFW;2026-01-20T13:32:06Z
3dfba1d4;UA1645;UAL1645;3.390.372;-9.190.235;220;36000;333;0;4176;2026-01-20T13:24:59Z;ADSB;A12778;B38M;N17356;UAL;UAL;CLE;KCLE;IAH;KIAH;2026-01-20T14:15:28Z
3dfb8f6f;AA716;AAL716;2.624.648;-8.001.846;200;10925;270;-640;5617;2026-01-20T13:24:58Z;ADSB;A32FF6;B38M;N304UF;AAL;AAL;BWI;KBWI;MIA;KMIA;2026-01-20T13:36:00Z
3dfb9f5f;UA2434;UAL2434;4.242.265;-924.281;253;35975;428;0;1637;2026-01-20T13:24:57Z;ADSB;A47FDE;B789;N38955;UAL;UAL;EWR;KEWR;LAX;KLAX;2026-01-20T16:40:32Z
3dfb9234;WN879;SWA879;4.184.665;-8.762.766;265;2275;163;-640;2763;2026-01-20T13:24:58Z;ADSB;AC53D5;B38M;N8937Q;SWA;SWA;LGA;KLGA;MDW;KMDW;2026-01-20T13:26:09Z
3dfb87b4;AA865;AAL865;4.213.964;-8.742.926;133;3650;203;-256;3442;2026-01-20T13:24:59Z;ADSB;AAEF89;A319;N8031M;AAL;AAL;PVD;KPVD;ORD;KORD;2026-01-20T13:27:54Z
3dfb9ef0;DL1201;DAL1201;4.223.854;-8.332.031;208;825;128;-704;2673;2026-01-20T13:24:58Z;ADSB;A79898;B753;N589NW;DAL;DAL;MCO;KMCO;DTW;KDTW;2026-01-20T13:25:29Z
3dfb241b;AA28;AAL28;4.064.684;-7.379.324;337;0;0;0;0;2026-01-20T13:24:51Z;ADSB;A03235;A321;N111ZM;AAL;AAL;LAX;KLAX;JFK;KJFK;2026-01-20T12:32:37Z
3dfa1c45;EK203;UAE8ER;4.058.458;-7.346.138;22;4100;256;-576;731;2026-01-20T13:24:58Z;MLAT;89639E;A388;A6-EOE;UAE;UAE;DXB;OMDB;JFK;KJFK;2026-01-20T13:28:50Z
3dfb8f16;WN1671;SWA1671;3.276.696;-8.948.622;240;40000;347;0;7004;2026-01-20T13:24:57Z;ADSB;AC3751;B38M;N8866H;SWA;SWA;DCA;KDCA;HOU;KHOU;2026-01-20T14:24:00Z
3dfb924e;WN4424;SWA4424;408.238;-9.944.793;268;38725;375;-896;3723;2026-01-20T13:24:58Z;ADSB;ABF2EA;B738;N8692F;SWA;SWA;CMH;KCMH;DEN;KDEN;2026-01-20T14:06:56Z
3dfb96ba;WN933;SWA933;3.977.316;-9.186.039;267;38000;351;0;2437;2026-01-20T13:24:59Z;ADSB;A2D76A;B737;N282WN;SWA;SWA;DCA;KDCA;MCI;KMCI;2026-01-20T13:58:24Z
3dfb9d9e;WN702;SWA702;4.007.899;-8.338.776;264;40000;358;-64;3453;2026-01-20T13:24:58Z;ADSB;AC4210;B38M;N8893L;SWA;SWA;BOS;KBOS;STL;KSTL;2026-01-20T14:21:52Z
3dfba9bc;DL2408;DAL2408;5.337.053;-12.811.494;146;37000;514;0;5763;2026-01-20T13:24:58Z;ADSB;A449AF;B738;N3757D;DAL;DAL;FAI;PAFA;SEA;KSEA;2026-01-20T14:28:16Z
3dfb739a;DL925;DAL925;47.439;-12.230.425;118;0;0;0;7224;2026-01-20T13:24:55Z;ADSB;A3901D;BCS3;N329DU;DAL;DAL;ANC;PANC;SEA;KSEA;2026-01-20T13:13:12Z
3dfa1362;EK231;UAE3MX;3.894.834;-7.744.568;30;0;0;0;733;2026-01-20T13:24:56Z;ADSB;8960FA;A388;A6-EDY;UAE;UAE;DXB;OMDB;IAD;KIAD;2026-01-20T13:19:12Z
3dfac7e4;AA9604;AAL9604;3.840.619;-753.298;20;38125;563;-832;515;2026-01-20T13:24:58Z;ADSB;AABBC9;B772;N791AN;AAL;AAL;EZE;SAEZ;JFK;KJFK;2026-01-20T13:52:02Z
3dfb0e8d;AA102;AAL102;3.290.117;-9.704.795;90;0;8;0;3721;2026-01-20T13:29:57Z;ADSB;AAA326;B772;N785AN;AAL;AAL;HNL;PHNL;DFW;KDFW;2026-01-20T13:25:12Z
3dfafd06;AA246;AAL246;3.394.147;-11.840.648;264;0;0;0;3766;2026-01-20T13:29:54Z;ADSB;A4B41C;A21N;N402AN;AAL;AAL;KOA;PHKO;LAX;KLAX;2026-01-20T12:34:33Z
3dfb92dd;WN1585;SWA1585;3.465.874;-9.223.812;248;40000;336;0;2401;2026-01-20T13:29:58Z;ADSB;AC0C8B;B38M;N8759Q;SWA;SWA;DCA;KDCA;DAL;KDAL;2026-01-20T14:13:20Z
3dfb9ec2;DL2286;DAL2286;3.363.204;-8.429.615;270;2550;155;-832;3322;2026-01-20T13:29:57Z;ADSB;A988F0;B752;N713TW;DAL;DAL;JFK;KJFK;ATL;KATL;2026-01-20T13:32:44Z
3dfb94e0;AA1593;AAL1593;2.579.672;-8.029.452;11;0;3;0;2513;2026-01-20T13:29:58Z;ADSB;ADD667;B738;N991AN;AAL;AAL;AUS;KAUS;MIA;KMIA;2026-01-20T13:28:49Z
3dfaadbc;DL68;DAL68;4.743.859;-12.230.391;81;0;0;0;1403;2026-01-20T13:29:56Z;ADSB;A66935;A359;N512DN;DAL;DAL;TPE;RCTP;SEA;KSEA;2026-01-20T13:09:28Z
3dfba63f;DL1330;DAL1330;4.474.878;-8.849.088;277;36000;389;-64;3554;2026-01-20T13:29:59Z;ADSB;A41C56;A319;N364NB;DAL;DAL;BDL;KBDL;MSP;KMSP;2026-01-20T14:11:12Z
3dfb9759;AA1868;AAL1868;3.885.662;-7.704.224;199;0;1;0;2372;2026-01-20T13:29:31Z;ADSB;AB20DF;B738;N816NN;AAL;AAL;DFW;KDFW;DCA;KDCA;2026-01-20T13:26:12Z
3dfb94c3;AA949;AAL949;2.722.831;-8.158.722;156;13400;344;-1280;3026;2026-01-20T13:29:58Z;ADSB;A98CBC;A319;N714US;AAL;AAL;DCA;KDCA;RSW;KRSW;2026-01-20T13:44:21Z
3dfa7178;UA870;UAL870;3.319.442;-12.714.339;32;36000;535;0;2000;2026-01-20T13:29:58Z;ESTIMATED;AA6BA4;B772;N77019;UAL;UAL;SYD;YSSY;SFO;KSFO;2026-01-20T14:17:36Z
3dfb8b88;AA2617;AAL2617;3.471.666;-9.208.282;244;38000;335;0;2404;2026-01-20T13:29:57Z;ADSB;AD6FF2;B738;N965NN;AAL;AAL;IAD;KIAD;DFW;KDFW;2026-01-20T14:15:28Z
3dfba948;DL2497;DAL2497;4.181.141;-8.406.866;47;15050;352;-1536;2420;2026-01-20T13:29:57Z;ADSB;A423C4;A319;N366NB;DAL;DAL;SAT;KSAT;DTW;KDTW;2026-01-20T13:45:15Z
3dfba4b8;DL1389;DAL1389;4.221.333;-8.335.242;205;0;11;0;2503;2026-01-20T13:29:58Z;ADSB;A42EFC;A320;N369NW;DAL;DAL;IAH;KIAH;DTW;KDTW;2026-01-20T13:23:12Z
3dfb9c97;DL2538;DAL2538;4.481.639;-9.196.008;282;20500;277;-2112;7024;2026-01-20T13:29:58Z;ADSB;A3BE8F;A320;N340NW;DAL;DAL;RDU;KRDU;MSP;KMSP;2026-01-20T13:50:58Z
3dfbb55e;UA1309;UAL1309;4.048.834;-7.465.198;11;5650;258;0;1477;2026-01-20T13:29:59Z;ADSB;A44257;B38M;N37371;UAL;UAL;SRQ;KSRQ;EWR;KEWR;2026-01-20T13:35:03Z
3dfb1270;UA252;UAL252;3.055.256;-9.609.456;107;18600;458;-1728;3726;2026-01-20T13:29:58Z;ADSB;AA64BA;B772;N769UA;UAL;UAL;HNL;PHNL;IAH;KIAH;2026-01-20T13:50:14Z
3dfb802f;AA1017;AAL1017;2.580.666;-8.021.067;267;850;180;-768;3337;2026-01-20T13:29:57Z;ADSB;A3244F;B738;N301PA;AAL;AAL;JFK;KJFK;MIA;KMIA;2026-01-20T13:31:10Z
3dfa11fc;EK221;UAE221;3.826.208;-9.705.865;186;36000;506;64;1724;2026-01-20T13:29:58Z;ADSB;896452;B77W;A6-EQC;UAE;UAE;DXB;OMDB;DFW;KDFW;2026-01-20T14:21:52Z
3dfb9286;WN4958;SWA4958;3.637.848;-8.640.649;252;3625;228;-768;1572;2026-01-20T13:29:58Z;ADSB;AB5F00;B738;N8314L;SWA;SWA;LGA;KLGA;BNA;KBNA;2026-01-20T13:32:56Z
3dfb9b3f;WN2296;SWA2296;3.943.314;-8.778.729;258;34000;336;0;2171;2026-01-20T13:29:58Z;ADSB;AC3E5D;B38M;N8883Q;SWA;SWA;LGA;KLGA;STL;KSTL;2026-01-20T14:00:32Z
3df9fb52;UA163;UAL163;4.148.122;-7.436.115;198;8475;240;-704;702;2026-01-20T13:29:57Z;ADSB;A219EA;B77W;N2341U;UAL;UAL;DXB;OMDB;EWR;KEWR;2026-01-20T13:38:10Z
3dfb3db3;UA2312;UAL2312;1.436.211;-8.718.764;156;37000;420;0;3346;2026-01-20T13:29:58Z;ADSB;A1244B;B38M;N17294;UAL;UAL;SFO;KSFO;SJO;MROC;2026-01-20T14:24:00Z
3dfb9e62;DL2555;DAL2555;2.826.361;-8.135.069;19;2100;156;-448;7463;2026-01-20T13:29:57Z;ADSB;A06A54;A321;N126DN;DAL;DAL;DTW;KDTW;MCO;KMCO;2026-01-20T13:31:41Z
3dfa36c4;AA8;AAL8;3.132.989;-10.403.613;73;40000;559;-64;2677;2026-01-20T13:29:58Z;ADSB;ABA155;B789;N849AN;AAL;AAL;BNE;YBBN;DFW;KDFW;2026-01-20T14:17:36Z
3dfb9093;AA1942;AAL1942;3.278.462;-9.702.675;359;2050;179;-768;4033;2026-01-20T13:29:58Z;ADSB;AAEA84;B738;N802NN;AAL;AAL;CVG;KCVG;DFW;KDFW;2026-01-20T13:31:07Z
3dfba1d4;UA1645;UAL1645;3.354.694;-9.226.788;220;36000;344;0;4176;2026-01-20T13:29:57Z;ADSB;A12778;B38M;N17356;UAL;UAL;CLE;KCLE;IAH;KIAH;2026-01-20T14:15:28Z
3dfb8f6f;AA716;AAL716;2.589.817;-7.999.774;187;5700;216;-1088;5617;2026-01-20T13:29:59Z;ADSB;A32FF6;B38M;N304UF;AAL;AAL;BWI;KBWI;MIA;KMIA;2026-01-20T13:36:11Z
3dfb9f5f;UA2434;UAL2434;4.224.733;-9.319.122;252;35975;426;0;1637;2026-01-20T13:29:57Z;ADSB;A47FDE;B789;N38955;UAL;UAL;EWR;KEWR;LAX;KLAX;2026-01-20T16:40:32Z
3dfb9234;WN879;SWA879;4.178.548;-8.774.931;42;0;17;0;2763;2026-01-20T13:29:59Z;ADSB;AC53D5;B38M;N8937Q;SWA;SWA;LGA;KLGA;MDW;KMDW;2026-01-20T13:28:33Z
3dfb87b4;AA865;AAL865;4.200.146;-8.739.318;270;3600;155;0;3442;2026-01-20T13:29:59Z;ADSB;AAEF89;A319;N8031M;AAL;AAL;PVD;KPVD;ORD;KORD;2026-01-20T13:32:08Z
3dfb9ef0;DL1201;DAL1201;4.220.301;-8.336.387;16;0;8;0;2673;2026-01-20T13:29:59Z;ADSB;A79898;B753;N589NW;DAL;DAL;MCO;KMCO;DTW;KDTW;2026-01-20T13:25:27Z
3dfa1c45;EK203;UAE8ER;4.079.113;-7.357.433;298;2675;153;192;731;2026-01-20T13:29:58Z;MLAT;89639E;A388;A6-EOE;UAE;UAE;DXB;OMDB;JFK;KJFK;2026-01-20T13:31:50Z
3dfb8f16;WN1671;SWA1671;3.252.745;-8.998.089;240;40000;346;0;7004;2026-01-20T13:29:58Z;ADSB;AC3751;B38M;N8866H;SWA;SWA;DCA;KDCA;HOU;KHOU;2026-01-20T14:24:00Z
3dfb924e;WN4424;SWA4424;4.080.455;-1.001.178;267;38000;366;0;3723;2026-01-20T13:29:57Z;ADSB;ABF2EA;B738;N8692F;SWA;SWA;CMH;KCMH;DEN;KDEN;2026-01-20T14:09:04Z
3dfb96ba;WN933;SWA933;3.974.524;-9.251.348;266;33250;363;-1024;2437;2026-01-20T13:29:59Z;ADSB;A2D76A;B737;N282WN;SWA;SWA;DCA;KDCA;MCI;KMCI;2026-01-20T13:56:16Z
3dfb9d9e;WN702;SWA702;4.002.859;-8.402.997;264;40000;354;0;3453;2026-01-20T13:29:58Z;ADSB;AC4210;B38M;N8893L;SWA;SWA;BOS;KBOS;STL;KSTL;2026-01-20T14:19:44Z
3dfb739a;DL925;DAL925;4.743.901;-12.230.424;118;0;0;0;7224;2026-01-20T13:29:56Z;ADSB;A3901D;BCS3;N329DU;DAL;DAL;ANC;PANC;SEA;KSEA;2026-01-20T13:13:12Z
3dfba9bc;DL2408;DAL2408;5.279.324;-12.747.513;146;37000;502;64;5763;2026-01-20T13:29:57Z;ADSB;A449AF;B738;N3757D;DAL;DAL;FAI;PAFA;SEA;KSEA;2026-01-20T14:28:16Z
3dfac7e4;AA9604;AAL9604;3.909.564;-7.479.993;37;26450;576;-4032;515;2026-01-20T13:29:59Z;ADSB;AABBC9;B772;N791AN;AAL;AAL;EZE;SAEZ;JFK;KJFK;2026-01-20T13:51:01Z
3dfb0e8d;AA102;AAL102;3.289.764;-9.704.559;90;0;0;0;3721;2026-01-20T13:34:36Z;ADSB;AAA326;B772;N785AN;AAL;AAL;HNL;PHNL;DFW;KDFW;2026-01-20T13:25:12Z
3dfafd06;AA246;AAL246;3.394.147;-11.840.649;264;0;0;0;3766;2026-01-20T13:34:57Z;ADSB;A4B41C;A21N;N402AN;AAL;AAL;KOA;PHKO;LAX;KLAX;2026-01-20T12:34:33Z
3dfb92dd;WN1585;SWA1585;3.448.297;-9.276.525;247;40000;338;0;2401;2026-01-20T13:34:57Z;ADSB;AC0C8B;B38M;N8759Q;SWA;SWA;DCA;KDCA;DAL;KDAL;2026-01-20T14:15:28Z
3dfb94e0;AA1593;AAL1593;2.579.636;-8.028.206;90;0;4;0;2513;2026-01-20T13:34:58Z;ADSB;ADD667;B738;N991AN;AAL;AAL;AUS;KAUS;MIA;KMIA;2026-01-20T13:28:49Z
3dfaadbc;DL68;DAL68;4.743.859;-12.230.392;81;0;0;0;1403;2026-01-20T13:34:57Z;ADSB;A66935;A359;N512DN;DAL;DAL;TPE;RCTP;SEA;KSEA;2026-01-20T13:09:28Z
3dfba63f;DL1330;DAL1330;4.481.799;-8.923.671;277;35975;381;0;3554;2026-01-20T13:34:59Z;ADSB;A41C56;A319;N364NB;DAL;DAL;BDL;KBDL;MSP;KMSP;2026-01-20T14:11:12Z
3dfb94c3;AA949;AAL949;2.684.411;-8.139.929;155;8650;286;-128;3026;2026-01-20T13:34:59Z;ADSB;A98CBC;A319;N714US;AAL;AAL;DCA;KDCA;RSW;KRSW;2026-01-20T13:43:48Z
3dfb8b88;AA2617;AAL2617;3.456.042;-9.260.931;251;38000;327;0;2404;2026-01-20T13:34:57Z;ADSB;AD6FF2;B738;N965NN;AAL;AAL;IAD;KIAD;DFW;KDFW;2026-01-20T14:17:36Z
3dfba948;DL2497;DAL2497;4.212.293;-8.362.308;45;8950;289;-1344;2420;2026-01-20T13:34:59Z;ADSB;A423C4;A319;N366NB;DAL;DAL;SAT;KSAT;DTW;KDTW;2026-01-20T13:43:24Z
3dfa3e1b;DL158;DAL158;4.220.393;-8.336.424;28;0;3;0;1316;2026-01-20T13:34:58Z;ADSB;A6B47C;A359;N531DN;DAL;DAL;ICN;RKSI;DTW;KDTW;2026-01-20T13:28:33Z
3dfba4b8;DL1389;DAL1389;4.221.227;-8.335.313;208;0;0;0;2503;2026-01-20T13:34:53Z;ADSB;A42EFC;A320;N369NW;DAL;DAL;IAH;KIAH;DTW;KDTW;2026-01-20T13:23:12Z
3dfb9c97;DL2538;DAL2538;4.480.119;-9.247.689;243;10250;275;-1600;7024;2026-01-20T13:34:59Z;ADSB;A3BE8F;A320;N340NW;DAL;DAL;RDU;KRDU;MSP;KMSP;2026-01-20T13:45:05Z
3dfbb55e;UA1309;UAL1309;4.083.786;-7.455.822;11;5650;257;-64;1477;2026-01-20T13:34:58Z;ADSB;A44257;B38M;N37371;UAL;UAL;SRQ;KSRQ;EWR;KEWR;2026-01-20T13:39:50Z
3dfb1270;UA252;UAL252;3.021.094;-9.559.732;140;10200;337;-1344;3726;2026-01-20T13:34:57Z;ADSB;AA64BA;B772;N769UA;UAL;UAL;HNL;PHNL;IAH;KIAH;2026-01-20T13:46:11Z
3dfa11fc;EK221;UAE221;375.825;-971.555;186;36000;484;64;1724;2026-01-20T13:34:57Z;ADSB;896452;B77W;A6-EQC;UAE;UAE;DXB;OMDB;DFW;KDFW;2026-01-20T14:24:00Z
3dfb9286;WN4958;SWA4958;3.617.728;-8.664.187;198;975;139;-896;1572;2026-01-20T13:34:58Z;ADSB;AB5F00;B738;N8314L;SWA;SWA;LGA;KLGA;BNA;KBNA;2026-01-20T13:35:27Z
3dfb9b3f;WN2296;SWA2296;3.930.946;-8.836.536;251;30000;334;0;2171;2026-01-20T13:34:57Z;ADSB;AC3E5D;B38M;N8883Q;SWA;SWA;LGA;KLGA;STL;KSTL;2026-01-20T14:00:32Z
3df9fb52;UA163;UAL163;4.117.094;-7.429.291;149;5150;273;-640;702;2026-01-20T13:34:58Z;ADSB;A219EA;B77W;N2341U;UAL;UAL;DXB;OMDB;EWR;KEWR;2026-01-20T13:40:50Z
3dfb3db3;UA2312;UAL2312;1.382.732;-8.695.134;156;37000;413;0;3346;2026-01-20T13:34:59Z;ADSB;A1244B;B38M;N17294;UAL;UAL;SFO;KSFO;SJO;MROC;2026-01-20T14:26:08Z
3dfa36c4;AA8;AAL8;3.154.701;-10.314.394;74;39000;573;0;2677;2026-01-20T13:34:59Z;ADSB;ABA155;B789;N849AN;AAL;AAL;BNE;YBBN;DFW;KDFW;2026-01-20T14:17:36Z
3dfb9093;AA1942;AAL1942;3.291.361;-9.702.795;357;0;21;0;4033;2026-01-20T13:34:57Z;ADSB;AAEA84;B738;N802NN;AAL;AAL;CVG;KCVG;DFW;KDFW;2026-01-20T13:32:12Z
3dfba1d4;UA1645;UAL1645;3.303.496;-9.243.168;191;36000;389;0;4176;2026-01-20T13:34:59Z;ADSB;A12778;B38M;N17356;UAL;UAL;CLE;KCLE;IAH;KIAH;2026-01-20T14:19:44Z
3dfb8f6f;AA716;AAL716;2.580.492;-8.024.088;270;375;156;-1088;5617;2026-01-20T13:34:58Z;ADSB;A32FF6;B38M;N304UF;AAL;AAL;BWI;KBWI;MIA;KMIA;2026-01-20T13:35:33Z
3dfb9f5f;UA2434;UAL2434;4.206.604;-9.395.412;252;36000;424;0;1637;2026-01-20T13:34:58Z;ADSB;A47FDE;B789;N38955;UAL;UAL;EWR;KEWR;LAX;KLAX;2026-01-20T16:40:32Z
3dfb87b4;AA865;AAL865;4.200.252;-8.767.908;270;3600;145;0;3442;2026-01-20T13:34:59Z;ADSB;AAEF89;A319;N8031M;AAL;AAL;PVD;KPVD;ORD;KORD;2026-01-20T13:37:08Z
3dfb9ef0;DL1201;DAL1201;4.221.215;-8.335.608;118;0;3;0;2673;2026-01-20T13:34:59Z;ADSB;A79898;B753;N589NW;DAL;DAL;MCO;KMCO;DTW;KDTW;2026-01-20T13:25:27Z
3dfa1c45;EK203;UAE8ER;4.065.867;-7.374.437;208;50;123;-576;731;2026-01-20T13:34:53Z;MLAT;89639E;A388;A6-EOE;UAE;UAE;DXB;OMDB;JFK;KJFK;2026-01-20T13:35:00Z
3dfb8f16;WN1671;SWA1671;3.228.374;-9.047.774;239;40000;352;0;7004;2026-01-20T13:34:58Z;ADSB;AC3751;B38M;N8866H;SWA;SWA;DCA;KDCA;HOU;KHOU;2026-01-20T14:24:00Z
3dfb96ba;WN933;SWA933;3.969.737;-9.314.856;263;28175;343;-1024;2437;2026-01-20T13:34:59Z;ADSB;A2D76A;B737;N282WN;SWA;SWA;DCA;KDCA;MCI;KMCI;2026-01-20T14:02:30Z
3dfb9d9e;WN702;SWA702;3.997.495;-846.673;263;40000;355;0;3453;2026-01-20T13:34:59Z;ADSB;AC4210;B38M;N8893L;SWA;SWA;BOS;KBOS;STL;KSTL;2026-01-20T14:24:00Z
3dfb924e;WN4424;SWA4424;4.076.431;-10.078.931;257;38000;379;0;3723;2026-01-20T13:34:58Z;ADSB;ABF2EA;B738;N8692F;SWA;SWA;CMH;KCMH;DEN;KDEN;2026-01-20T14:11:12Z
3dfba9bc;DL2408;DAL2408;5.221.169;-12.685.065;147;37000;500;0;5763;2026-01-20T13:34:57Z;ADSB;A449AF;B738;N3757D;DAL;DAL;FAI;PAFA;SEA;KSEA;2026-01-20T14:28:16Z
3dfac7e4;AA9604;AAL9604;3.964.229;-7.420.518;40;17100;477;-1984;515;2026-01-20T13:34:59Z;ADSB;AABBC9;B772;N791AN;AAL;AAL;EZE;SAEZ;JFK;KJFK;2026-01-20T13:53:40Z
3dfafd06;AA246;AAL246;3.394.149;-11.840.649;264;0;0;0;3766;2026-01-20T13:39:59Z;ADSB;A4B41C;A21N;N402AN;AAL;AAL;KOA;PHKO;LAX;KLAX;2026-01-20T12:34:33Z
3dfb92dd;WN1585;SWA1585;343.027;-9.329.814;247;40000;343;0;2401;2026-01-20T13:39:59Z;ADSB;AC0C8B;B38M;N8759Q;SWA;SWA;DCA;KDCA;DAL;KDAL;2026-01-20T14:15:28Z
3dfb9ec2;DL2286;DAL2286;3.364.138;-8.443.702;53;0;5;0;3322;2026-01-20T13:39:55Z;ADSB;A988F0;B752;N713TW;DAL;DAL;JFK;KJFK;ATL;KATL;2026-01-20T13:33:12Z
3dfaadbc;DL68;DAL68;4.743.859;-12.230.391;81;0;0;0;1403;2026-01-20T13:39:56Z;ADSB;A66935;A359;N512DN;DAL;DAL;TPE;RCTP;SEA;KSEA;2026-01-20T13:09:28Z
3dfba63f;DL1330;DAL1330;4.488.213;-8.997.776;276;36025;386;0;3554;2026-01-20T13:39:58Z;ADSB;A41C56;A319;N364NB;DAL;DAL;BDL;KBDL;MSP;KMSP;2026-01-20T14:11:12Z
3dfb94c3;AA949;AAL949;2.653.848;-8.159.256;233;4475;274;-960;3026;2026-01-20T13:39:58Z;ADSB;A98CBC;A319;N714US;AAL;AAL;DCA;KDCA;RSW;KRSW;2026-01-20T13:45:09Z
3dfb8b88;AA2617;AAL2617;3.441.504;-9.313.172;251;38000;329;0;2404;2026-01-20T13:39:58Z;ADSB;AD6FF2;B738;N965NN;AAL;AAL;IAD;KIAD;DFW;KDFW;2026-01-20T14:19:44Z
3dfba4b8;DL1389;DAL1389;4.221.173;-8.335.451;298;0;5;0;2503;2026-01-20T13:39:58Z;ADSB;A42EFC;A320;N369NW;DAL;DAL;IAH;KIAH;DTW;KDTW;2026-01-20T13:23:12Z
3dfb9c97;DL2538;DAL2538;4.475.048;-9.291.794;299;4775;202;-576;7024;2026-01-20T13:39:58Z;ADSB;A3BE8F;A320;N340NW;DAL;DAL;RDU;KRDU;MSP;KMSP;2026-01-20T13:44:02Z
3dfba948;DL2497;DAL2497;4.238.791;-8.337.256;35;4125;225;-1472;2420;2026-01-20T13:39:58Z;ADSB;A423C4;A319;N366NB;DAL;DAL;SAT;KSAT;DTW;KDTW;2026-01-20T13:44:23Z
3dfbb55e;UA1309;UAL1309;4.095.282;-7.413.696;90;2675;247;192;1477;2026-01-20T13:39:58Z;ADSB;A44257;B38M;N37371;UAL;UAL;SRQ;KSRQ;EWR;KEWR;2026-01-20T13:42:38Z
3dfb1270;UA252;UAL252;2.992.955;-9.532.131;139;5600;231;0;3726;2026-01-20T13:39:59Z;ADSB;AA64BA;B772;N769UA;UAL;UAL;HNL;PHNL;IAH;KIAH;2026-01-20T13:44:51Z
3dfb802f;AA1017;AAL1017;2.579.995;-8.027.114;112;0;6;0;3337;2026-01-20T13:39:59Z;ADSB;A3244F;B738;N301PA;AAL;AAL;JFK;KJFK;MIA;KMIA;2026-01-20T13:32:12Z
3dfa11fc;EK221;UAE221;3.692.305;-9.724.728;186;36000;472;-64;1724;2026-01-20T13:39:57Z;ADSB;896452;B77W;A6-EQC;UAE;UAE;DXB;OMDB;DFW;KDFW;2026-01-20T14:26:08Z
3dfb9b3f;WN2296;SWA2296;3.915.374;-8.894.318;250;30000;345;0;2171;2026-01-20T13:39:59Z;ADSB;AC3E5D;B38M;N8883Q;SWA;SWA;LGA;KLGA;STL;KSTL;2026-01-20T14:00:32Z
3df9fb52;UA163;UAL163;4.084.181;-7.407.971;180;2650;235;0;702;2026-01-20T13:39:58Z;ADSB;A219EA;B77W;N2341U;UAL;UAL;DXB;OMDB;EWR;KEWR;2026-01-20T13:43:36Z
3dfb3db3;UA2312;UAL2312;1.329.977;-8.671.944;156;37000;412;0;3346;2026-01-20T13:39:59Z;ADSB;A1244B;B38M;N17294;UAL;UAL;SFO;KSFO;SJO;MROC;2026-01-20T14:24:00Z
3dfa36c4;AA8;AAL8;3.175.914;-10.224.211;74;39000;580;-64;2677;2026-01-20T13:39:58Z;ADSB;ABA155;B789;N849AN;AAL;AAL;BNE;YBBN;DFW;KDFW;2026-01-20T14:17:36Z
3dfba1d4;UA1645;UAL1645;325.015;-925.558;191;36000;396;0;4176;2026-01-20T13:39:59Z;ADSB;A12778;B38M;N17356;UAL;UAL;CLE;KCLE;IAH;KIAH;2026-01-20T14:19:44Z
3dfb9093;AA1942;AAL1942;3.291.292;-9.703.274;180;0;20;0;4033;2026-01-20T13:39:58Z;ADSB;AAEA84;B738;N802NN;AAL;AAL;CVG;KCVG;DFW;KDFW;2026-01-20T13:32:12Z
3dfb8f6f;AA716;AAL716;2.580.047;-8.028.033;87;0;21;0;5617;2026-01-20T13:39:59Z;ADSB;A32FF6;B38M;N304UF;AAL;AAL;BWI;KBWI;MIA;KMIA;2026-01-20T13:36:12Z
3dfb9f5f;UA2434;UAL2434;4.188.258;-947.004;251;36000;415;0;1637;2026-01-20T13:39:59Z;ADSB;A47FDE;B789;N38955;UAL;UAL;EWR;KEWR;LAX;KLAX;2026-01-20T16:40:32Z
3dfb87b4;AA865;AAL865;4.200.284;-8.791.424;270;0;67;0;3442;2026-01-20T13:39:58Z;ADSB;AAEF89;A319;N8031M;AAL;AAL;PVD;KPVD;ORD;KORD;2026-01-20T13:38:59Z
3dfb241b;AA28;AAL28;4.064.683;-7.379.324;337;0;0;0;7227;2026-01-20T13:39:37Z;ADSB;A03235;A321;N111ZM;AAL;AAL;LAX;KLAX;JFK;KJFK;2026-01-20T12:32:37Z
3dfb8f16;WN1671;SWA1671;3.203.705;-9.097.344;239;40000;349;0;7004;2026-01-20T13:39:58Z;ADSB;AC3751;B38M;N8866H;SWA;SWA;DCA;KDCA;HOU;KHOU;2026-01-20T14:26:08Z
3dfb924e;WN4424;SWA4424;4.064.494;-10.147.591;256;38000;386;0;3723;2026-01-20T13:39:58Z;ADSB;ABF2EA;B738;N8692F;SWA;SWA;CMH;KCMH;DEN;KDEN;2026-01-20T14:11:12Z
3dfb96ba;WN933;SWA933;3.964.649;-9.370.758;262;15650;302;-2752;2437;2026-01-20T13:39:57Z;ADSB;A2D76A;B737;N282WN;SWA;SWA;DCA;KDCA;MCI;KMCI;2026-01-20T13:56:33Z
3dfb9d9e;WN702;SWA702;3.989.529;-8.530.317;257;40000;363;0;3453;2026-01-20T13:39:59Z;ADSB;AC4210;B38M;N8893L;SWA;SWA;BOS;KBOS;STL;KSTL;2026-01-20T14:24:00Z
3dfba9bc;DL2408;DAL2408;5.162.604;-12.624.271;147;37000;500;0;5763;2026-01-20T13:39:58Z;ADSB;A449AF;B738;N3757D;DAL;DAL;FAI;PAFA;SEA;KSEA;2026-01-20T14:28:16Z
3dfb739a;DL925;DAL925;47.439;-12.230.424;118;0;0;0;7224;2026-01-20T13:39:58Z;ADSB;A3901D;BCS3;N329DU;DAL;DAL;ANC;PANC;SEA;KSEA;2026-01-20T13:13:12Z
3dfac7e4;AA9604;AAL9604;4.008.476;-7.381.378;28;10650;317;0;515;2026-01-20T13:39:59Z;ADSB;AABBC9;B772;N791AN;AAL;AAL;EZE;SAEZ;JFK;KJFK;2026-01-20T13:50:11Z
3dfafd06;AA246;AAL246;3.394.185;-11.840.656;264;0;0;0;3766;2026-01-20T13:44:58Z;ADSB;A4B41C;A21N;N402AN;AAL;AAL;KOA;PHKO;LAX;KLAX;2026-01-20T12:34:33Z
3dfb92dd;WN1585;SWA1585;3.412.074;-9.382.868;248;40000;346;0;2401;2026-01-20T13:44:57Z;ADSB;AC0C8B;B38M;N8759Q;SWA;SWA;DCA;KDCA;DAL;KDAL;2026-01-20T14:15:28Z
3dfaadbc;DL68;DAL68;4.743.859;-12.230.392;81;0;0;0;1403;2026-01-20T13:44:59Z;ADSB;A66935;A359;N512DN;DAL;DAL;TPE;RCTP;SEA;KSEA;2026-01-20T13:09:28Z
3dfba63f;DL1330;DAL1330;4.494.608;-907.264;276;36000;388;0;3554;2026-01-20T13:44:59Z;ADSB;A41C56;A319;N364NB;DAL;DAL;BDL;KBDL;MSP;KMSP;2026-01-20T14:11:12Z
3dfb94c3;AA949;AAL949;2.645.494;-8.186.323;2;2025;168;-768;3026;2026-01-20T13:44:58Z;ADSB;A98CBC;A319;N714US;AAL;AAL;DCA;KDCA;RSW;KRSW;2026-01-20T13:47:28Z
3dfb8b88;AA2617;AAL2617;3.426.649;-9.365.609;250;38000;330;0;2246;2026-01-20T13:44:58Z;ADSB;AD6FF2;B738;N965NN;AAL;AAL;IAD;KIAD;DFW;KDFW;2026-01-20T14:19:44Z
3dfa7178;UA870;UAL870;352.852;-12.609.375;27;36000;532;0;0;2026-01-20T13:44:59Z;ADSB;AA6BA4;B772;N77019;UAL;UAL;SYD;YSSY;SFO;KSFO;2026-01-20T14:21:52Z
3dfa3e1b;DL158;DAL158;4.220.801;-8.336.021;28;0;1;0;1316;2026-01-20T13:44:58Z;ADSB;A6B47C;A359;N531DN;DAL;DAL;ICN;RKSI;DTW;KDTW;2026-01-20T13:28:33Z
3dfba948;DL2497;DAL2497;4.225.333;-8.334.637;208;1000;105;-704;2420;2026-01-20T13:44:59Z;ADSB;A423C4;A319;N366NB;DAL;DAL;SAT;KSAT;DTW;KDTW;2026-01-20T13:45:38Z
3dfb9c97;DL2538;DAL2538;448.636;-9.317.826;301;975;121;-704;7024;2026-01-20T13:44:58Z;ADSB;A3BE8F;A320;N340NW;DAL;DAL;RDU;KRDU;MSP;KMSP;2026-01-20T13:46:14Z
3dfb1270;UA252;UAL252;2.993.829;-9.503.777;1;1600;199;0;3726;2026-01-20T13:44:59Z;ADSB;AA64BA;B772;N769UA;UAL;UAL;HNL;PHNL;IAH;KIAH;2026-01-20T13:47:33Z
3dfa11fc;EK221;UAE221;3.627.081;-9.733.658;186;36000;464;0;1724;2026-01-20T13:44:59Z;ADSB;896452;B77W;A6-EQC;UAE;UAE;DXB;OMDB;DFW;KDFW;2026-01-20T14:30:24Z
3dfb9b3f;WN2296;SWA2296;390.146;-8.951.356;254;19650;321;-2752;2171;2026-01-20T13:44:58Z;ADSB;AC3E5D;B38M;N8883Q;SWA;SWA;LGA;KLGA;STL;KSTL;2026-01-20T14:05:53Z
3dfb3db3;UA2312;UAL2312;1.277.147;-8.648.835;156;37000;412;0;3346;2026-01-20T13:44:59Z;ADSB;A1244B;B38M;N17294;UAL;UAL;SFO;KSFO;SJO;MROC;2026-01-20T14:26:08Z
3dfa36c4;AA8;AAL8;3.196.658;-10.132.881;75;38975;585;0;2677;2026-01-20T13:44:58Z;ADSB;ABA155;B789;N849AN;AAL;AAL;BNE;YBBN;DFW;KDFW;2026-01-20T14:17:36Z
3dfb9093;AA1942;AAL1942;3.289.675;-9.704.766;182;0;23;0;4033;2026-01-20T13:44:59Z;ADSB;AAEA84;B738;N802NN;AAL;AAL;CVG;KCVG;DFW;KDFW;2026-01-20T13:32:12Z
3dfba1d4;UA1645;UAL1645;3.196.477;-9.269.266;216;36000;365;0;4176;2026-01-20T13:44:58Z;ADSB;A12778;B38M;N17356;UAL;UAL;CLE;KCLE;IAH;KIAH;2026-01-20T14:19:44Z
3dfb8f6f;AA716;AAL716;2.579.834;-8.027.477;140;0;4;0;5617;2026-01-20T13:44:56Z;ADSB;A32FF6;B38M;N304UF;AAL;AAL;BWI;KBWI;MIA;KMIA;2026-01-20T13:36:12Z
3dfb9f5f;UA2434;UAL2434;4.169.605;-9.543.619;251;35975;421;0;1637;2026-01-20T13:44:59Z;ADSB;A47FDE;B789;N38955;UAL;UAL;EWR;KEWR;LAX;KLAX;2026-01-20T16:42:40Z
3dfb87b4;AA865;AAL865;4.198.033;-8.793.147;191;0;19;0;3442;2026-01-20T13:44:59Z;ADSB;AAEF89;A319;N8031M;AAL;AAL;PVD;KPVD;ORD;KORD;2026-01-20T13:40:12Z
3dfb8f16;WN1671;SWA1671;3.179.276;-9.145.905;239;38600;329;-960;7004;2026-01-20T13:44:59Z;ADSB;AC3751;B38M;N8866H;SWA;SWA;DCA;KDCA;HOU;KHOU;2026-01-20T14:28:16Z
3dfb924e;WN4424;SWA4424;4.051.996;-10.216.626;256;38000;394;0;3723;2026-01-20T13:44:58Z;ADSB;ABF2EA;B738;N8692F;SWA;SWA;CMH;KCMH;DEN;KDEN;2026-01-20T14:11:12Z
3dfb96ba;WN933;SWA933;3.953.078;-9.418.298;248;8300;240;-1088;2437;2026-01-20T13:44:58Z;ADSB;A2D76A;B737;N282WN;SWA;SWA;DCA;KDCA;MCI;KMCI;2026-01-20T13:52:21Z
3dfb9d9e;WN702;SWA702;3.978.268;-8.595.094;257;40000;370;0;3453;2026-01-20T13:44:59Z;ADSB;AC4210;B38M;N8893L;SWA;SWA;BOS;KBOS;STL;KSTL;2026-01-20T14:24:00Z
3dfb739a;DL925;DAL925;4.743.901;-12.230.423;118;0;0;0;7224;2026-01-20T13:44:53Z;ADSB;A3901D;BCS3;N329DU;DAL;DAL;ANC;PANC;SEA;KSEA;2026-01-20T13:13:12Z
3dfba9bc;DL2408;DAL2408;5.104.225;-1.256.543;147;37000;488;64;5763;2026-01-20T13:44:58Z;ADSB;A449AF;B738;N3757D;DAL;DAL;FAI;PAFA;SEA;KSEA;2026-01-20T14:28:16Z
3dfac7e4;AA9604;AAL9604;4.042.479;-7.351.544;28;4400;271;-1216;515;2026-01-20T13:44:59Z;ADSB;AABBC9;B772;N791AN;AAL;AAL;EZE;SAEZ;JFK;KJFK;2026-01-20T13:49:56Z
3dfafd06;AA246;AAL246;3.394.184;-11.840.657;264;0;0;0;3766;2026-01-20T13:49:52Z;ADSB;A4B41C;A21N;N402AN;AAL;AAL;KOA;PHKO;LAX;KLAX;2026-01-20T12:34:33Z
3dfb92dd;WN1585;SWA1585;3.394.529;-9.435.991;248;37425;317;-960;2401;2026-01-20T13:49:59Z;ADSB;AC0C8B;B38M;N8759Q;SWA;SWA;DCA;KDCA;DAL;KDAL;2026-01-20T14:24:00Z
3dfaadbc;DL68;DAL68;4.743.859;-12.230.391;81;0;0;0;1403;2026-01-20T13:49:59Z;ADSB;A66935;A359;N512DN;DAL;DAL;TPE;RCTP;SEA;KSEA;2026-01-20T13:09:28Z
3dfba63f;DL1330;DAL1330;4.500.642;-9.147.713;275;31375;385;-3520;3554;2026-01-20T13:49:58Z;ADSB;A41C56;A319;N364NB;DAL;DAL;BDL;KBDL;MSP;KMSP;2026-01-20T14:09:04Z
3dfb94c3;AA949;AAL949;2.653.339;-8.175.778;208;0;0;0;3026;2026-01-20T13:49:39Z;ADSB;A98CBC;A319;N714US;AAL;AAL;DCA;KDCA;RSW;KRSW;2026-01-20T13:48:15Z
3dfb8b88;AA2617;AAL2617;3.411.159;-9.417.598;249;38000;331;0;2246;2026-01-20T13:49:57Z;ADSB;AD6FF2;B738;N965NN;AAL;AAL;IAD;KIAD;DFW;KDFW;2026-01-20T14:24:00Z
3dfa7178;UA870;UAL870;3.594.317;-12.568.091;27;36000;529;0;1342;2026-01-20T13:49:59Z;ADSB;AA6BA4;B772;N77019;UAL;UAL;SYD;YSSY;SFO;KSFO;2026-01-20T14:21:52Z
3dfba948;DL2497;DAL2497;4.219.609;-8.337.259;118;0;24;0;2420;2026-01-20T13:49:58Z;ADSB;A423C4;A319;N366NB;DAL;DAL;SAT;KSAT;DTW;KDTW;2026-01-20T13:46:12Z
3dfa3e1b;DL158;DAL158;4.220.871;-833.597;28;0;0;0;1316;2026-01-20T13:49:54Z;ADSB;A6B47C;A359;N531DN;DAL;DAL;ICN;RKSI;DTW;KDTW;2026-01-20T13:28:33Z
3dfb9c97;DL2538;DAL2538;4.487.939;-9.320.757;30;0;0;0;7024;2026-01-20T13:49:58Z;ADSB;A3BE8F;A320;N340NW;DAL;DAL;RDU;KRDU;MSP;KMSP;2026-01-20T13:46:12Z
3dfb1270;UA252;UAL252;2.997.759;-9.529.887;270;0;150;-832;3726;2026-01-20T13:49:58Z;ADSB;AA64BA;B772;N769UA;UAL;UAL;HNL;PHNL;IAH;KIAH;2026-01-20T13:49:46Z
3dfa11fc;EK221;UAE221;3.563.453;-9.742.232;186;36000;465;0;1724;2026-01-20T13:49:58Z;ADSB;896452;B77W;A6-EQC;UAE;UAE;DXB;OMDB;DFW;KDFW;2026-01-20T14:32:32Z
3dfb9b3f;WN2296;SWA2296;3.886.862;-8.999.875;247;10750;283;-1600;2171;2026-01-20T13:49:58Z;ADSB;AC3E5D;B38M;N8883Q;SWA;SWA;LGA;KLGA;STL;KSTL;2026-01-20T14:01:35Z
3dfb3db3;UA2312;UAL2312;1.224.422;-8.625.868;156;37000;416;0;3346;2026-01-20T13:49:58Z;ADSB;A1244B;B38M;N17294;UAL;UAL;SFO;KSFO;SJO;MROC;2026-01-20T14:24:00Z
3dfa36c4;AA8;AAL8;3.216.902;-10.040.361;75;38975;586;-64;2677;2026-01-20T13:49:58Z;ADSB;ABA155;B789;N849AN;AAL;AAL;BNE;YBBN;DFW;KDFW;2026-01-20T14:17:36Z
3dfb9093;AA1942;AAL1942;3.289.302;-9.704.265;84;0;0;0;4033;2026-01-20T13:49:20Z;ADSB;AAEA84;B738;N802NN;AAL;AAL;CVG;KCVG;DFW;KDFW;2026-01-20T13:32:12Z
3dfba1d4;UA1645;UAL1645;3.163.531;-9.311.452;227;36000;348;0;4176;2026-01-20T13:49:58Z;ADSB;A12778;B38M;N17356;UAL;UAL;CLE;KCLE;IAH;KIAH;2026-01-20T14:24:00Z
3dfb9f5f;UA2434;UAL2434;4.150.461;-9.616.851;250;36000;420;0;1637;2026-01-20T13:49:58Z;ADSB;A47FDE;B789;N38955;UAL;UAL;EWR;KEWR;LAX;KLAX;2026-01-20T16:42:40Z
3dfb87b4;AA865;AAL865;4.197.157;-8.791.555;90;0;20;0;3442;2026-01-20T13:49:59Z;ADSB;AAEF89;A319;N8031M;AAL;AAL;PVD;KPVD;ORD;KORD;2026-01-20T13:40:12Z
3dfb8f16;WN1671;SWA1671;3.155.357;-9.192.717;239;38000;338;0;7004;2026-01-20T13:49:58Z;ADSB;AC3751;B38M;N8866H;SWA;SWA;DCA;KDCA;HOU;KHOU;2026-01-20T14:28:16Z
3dfb924e;WN4424;SWA4424;4.038.672;-1.028.683;255;32000;413;0;3723;2026-01-20T13:49:57Z;ADSB;ABF2EA;B738;N8692F;SWA;SWA;CMH;KCMH;DEN;KDEN;2026-01-20T14:16:52Z
3dfb96ba;WN933;SWA933;3.941.867;-9.457.933;250;2350;200;0;2437;2026-01-20T13:49:59Z;ADSB;A2D76A;B737;N282WN;SWA;SWA;DCA;KDCA;MCI;KMCI;2026-01-20T13:51:51Z
3dfb9d9e;WN702;SWA702;3.966.866;-8.658.653;256;37000;361;-960;3453;2026-01-20T13:49:59Z;ADSB;AC4210;B38M;N8893L;SWA;SWA;BOS;KBOS;STL;KSTL;2026-01-20T14:24:00Z
3dfb739a;DL925;DAL925;4.743.901;-12.230.423;118;0;0;0;7224;2026-01-20T13:49:57Z;ADSB;A3901D;BCS3;N329DU;DAL;DAL;ANC;PANC;SEA;KSEA;2026-01-20T13:13:12Z
3dfba9bc;DL2408;DAL2408;5.047.152;-1.250.956;148;37000;482;0;5763;2026-01-20T13:49:59Z;ADSB;A449AF;B738;N3757D;DAL;DAL;FAI;PAFA;SEA;KSEA;2026-01-20T14:28:16Z
3dfac7e4;AA9604;AAL9604;4.073.561;-7.352.783;317;2800;183;-960;515;2026-01-20T13:49:58Z;ADSB;AABBC9;B772;N791AN;AAL;AAL;EZE;SAEZ;JFK;KJFK;2026-01-20T13:54:00Z
3dfafd06;AA246;AAL246;3.394.172;-11.840.648;264;0;0;0;3766;2026-01-20T13:54:59Z;ADSB;A4B41C;A21N;N402AN;AAL;AAL;KOA;PHKO;LAX;KLAX;2026-01-20T12:34:33Z
3dfb92dd;WN1585;SWA1585;3.378.771;-9.482.918;248;32300;301;-1024;2401;2026-01-20T13:54:59Z;ADSB;AC0C8B;B38M;N8759Q;SWA;SWA;DCA;KDCA;DAL;KDAL;2026-01-20T14:27:05Z
3dfaadbc;DL68;DAL68;4.743.859;-12.230.391;81;0;0;0;1403;2026-01-20T13:54:59Z;ADSB;A66935;A359;N512DN;DAL;DAL;TPE;RCTP;SEA;KSEA;2026-01-20T13:09:28Z
3dfba63f;DL1330;DAL1330;4.505.667;-9.215.652;275;16725;330;-2368;3554;2026-01-20T13:54:59Z;ADSB;A41C56;A319;N364NB;DAL;DAL;BDL;KBDL;MSP;KMSP;2026-01-20T14:13:29Z
3dfb8b88;AA2617;AAL2617;3.395.539;-9.467.966;249;34475;323;-960;2246;2026-01-20T13:54:59Z;ADSB;AD6FF2;B738;N965NN;AAL;AAL;IAD;KIAD;DFW;KDFW;2026-01-20T14:30:24Z
3dfa7178;UA870;UAL870;3.652.456;-12.516.338;67;36000;533;0;1342;2026-01-20T13:54:59Z;ADSB;AA6BA4;B772;N77019;UAL;UAL;SYD;YSSY;SFO;KSFO;2026-01-20T14:21:52Z
3dfa3e1b;DL158;DAL158;4.220.871;-833.597;28;0;0;0;1316;2026-01-20T13:54:59Z;ADSB;A6B47C;A359;N531DN;DAL;DAL;ICN;RKSI;DTW;KDTW;2026-01-20T13:28:33Z
3dfb1270;UA252;UAL252;299.839;-9.533.475;326;0;0;0;3726;2026-01-20T13:54:18Z;ADSB;AA64BA;B772;N769UA;UAL;UAL;HNL;PHNL;IAH;KIAH;2026-01-20T13:50:12Z
3dfa11fc;EK221;UAE221;3.500.058;-9.750.607;185;36000;452;-64;1724;2026-01-20T13:54:58Z;ADSB;896452;B77W;A6-EQC;UAE;UAE;DXB;OMDB;DFW;KDFW;2026-01-20T14:32:32Z
3dfb9b3f;WN2296;SWA2296;3.887.183;-903.838;300;5200;198;-2816;2171;2026-01-20T13:54:59Z;ADSB;AC3E5D;B38M;N8883Q;SWA;SWA;LGA;KLGA;STL;KSTL;2026-01-20T14:00:36Z
3dfb35df;UA805;UAL805;5.369.234;16.956.451;244;36975;498;0;7430;2026-01-20T13:54:54Z;ESTIMATED;A31A56;B789;N29977;UAL;UAL;SFO;KSFO;ICN;RKSI;2026-01-20T19:05:36Z
3dfb3db3;UA2312;UAL2312;1.170.625;-8.602.546;156;37000;414;0;3346;2026-01-20T13:55:00Z;ADSB;A1244B;B38M;N17294;UAL;UAL;SFO;KSFO;SJO;MROC;2026-01-20T14:26:08Z
3dfa36c4;AA8;AAL8;323.015;-9.945.928;86;29425;582;-2560;2677;2026-01-20T13:55:00Z;ADSB;ABA155;B789;N849AN;AAL;AAL;BNE;YBBN;DFW;KDFW;2026-01-20T14:27:42Z
3dfba1d4;UA1645;UAL1645;3.131.039;-9.353.043;227;35900;346;-1024;4176;2026-01-20T13:54:58Z;ADSB;A12778;B38M;N17356;UAL;UAL;CLE;KCLE;IAH;KIAH;2026-01-20T14:24:00Z
3dfb9f5f;UA2434;UAL2434;4.130.645;-9.690.385;250;35975;419;64;1637;2026-01-20T13:54:59Z;ADSB;A47FDE;B789;N38955;UAL;UAL;EWR;KEWR;LAX;KLAX;2026-01-20T16:42:40Z
3dfb87b4;AA865;AAL865;4.197.509;-8.789.767;199;0;0;0;3442;2026-01-20T13:54:57Z;ADSB;AAEF89;A319;N8031M;AAL;AAL;PVD;KPVD;ORD;KORD;2026-01-20T13:40:12Z
3dfb8f16;WN1671;SWA1671;3.130.952;-9.239.938;238;38000;340;0;7004;2026-01-20T13:55:00Z;ADSB;AC3751;B38M;N8866H;SWA;SWA;DCA;KDCA;HOU;KHOU;2026-01-20T14:30:24Z
3dfb96ba;WN933;SWA933;3.929.145;-9.470.836;275;0;23;0;2437;2026-01-20T13:55:00Z;ADSB;A2D76A;B737;N282WN;SWA;SWA;DCA;KDCA;MCI;KMCI;2026-01-20T13:54:14Z
3dfb924e;WN4424;SWA4424;4.025.223;-10.355.083;255;21625;351;-2176;3723;2026-01-20T13:55:00Z;ADSB;ABF2EA;B738;N8692F;SWA;SWA;CMH;KCMH;DEN;KDEN;2026-01-20T14:14:28Z
3dfb9d9e;WN702;SWA702;3.955.307;-8.720.804;256;35900;355;-960;3453;2026-01-20T13:54:59Z;ADSB;AC4210;B38M;N8893L;SWA;SWA;BOS;KBOS;STL;KSTL;2026-01-20T14:26:08Z
3dfb739a;DL925;DAL925;47.439;-12.230.424;118;0;0;0;7224;2026-01-20T13:54:56Z;ADSB;A3901D;BCS3;N329DU;DAL;DAL;ANC;PANC;SEA;KSEA;2026-01-20T13:13:12Z
3dfba9bc;DL2408;DAL2408;4.989.972;-12.455.244;148;37000;488;0;5763;2026-01-20T13:54:58Z;ADSB;A449AF;B738;N3757D;DAL;DAL;FAI;PAFA;SEA;KSEA;2026-01-20T14:26:08Z
3dfac7e4;AA9604;AAL9604;4.066.818;-7.373.688;210;250;126;-640;515;2026-01-20T13:55:00Z;ADSB;AABBC9;B772;N791AN;AAL;AAL;EZE;SAEZ;JFK;KJFK;2026-01-20T13:55:38Z
3dfafd06;AA246;AAL246;3.394.171;-11.840.659;264;0;0;0;3766;2026-01-20T13:59:58Z;ADSB;A4B41C;A21N;N402AN;AAL;AAL;KOA;PHKO;LAX;KLAX;2026-01-20T12:34:33Z
3dfb92dd;WN1585;SWA1585;3.362.242;-9.530.903;247;27475;327;-960;2401;2026-01-20T13:59:58Z;ADSB;AC0C8B;B38M;N8759Q;SWA;SWA;DCA;KDCA;DAL;KDAL;2026-01-20T14:27:04Z
3dfaadbc;DL68;DAL68;4.743.859;-12.230.391;81;0;0;0;1403;2026-01-20T13:59:55Z;ADSB;A66935;A359;N512DN;DAL;DAL;TPE;RCTP;SEA;KSEA;2026-01-20T13:09:28Z
3dfba63f;DL1330;DAL1330;4.492.077;-9.268.736;239;7950;252;-2240;3554;2026-01-20T13:59:59Z;ADSB;A41C56;A319;N364NB;DAL;DAL;BDL;KBDL;MSP;KMSP;2026-01-20T14:08:08Z
3dfb8b88;AA2617;AAL2617;3.378.305;-952.248;249;29750;377;-960;2246;2026-01-20T13:59:57Z;ADSB;AD6FF2;B738;N965NN;AAL;AAL;IAD;KIAD;DFW;KDFW;2026-01-20T14:28:16Z
3dfb94c3;AA949;AAL949;2.652.901;-8.175.708;233;0;0;0;3026;2026-01-20T13:59:58Z;ADSB;A98CBC;A319;N714US;AAL;AAL;DCA;KDCA;RSW;KRSW;2026-01-20T13:48:15Z
3dfa7178;UA870;UAL870;3.680.008;-12.431.946;68;30475;510;-2368;1342;2026-01-20T13:59:59Z;ADSB;AA6BA4;B772;N77019;UAL;UAL;SYD;YSSY;SFO;KSFO;2026-01-20T14:31:44Z
3dfa3e1b;DL158;DAL158;4.220.871;-833.597;28;0;0;0;1316;2026-01-20T13:59:58Z;ADSB;A6B47C;A359;N531DN;DAL;DAL;ICN;RKSI;DTW;KDTW;2026-01-20T13:28:33Z
3dfa11fc;EK221;UAE221;3.436.835;-975.591;183;33075;452;-2240;1724;2026-01-20T13:59:58Z;ADSB;896452;B77W;A6-EQC;UAE;UAE;DXB;OMDB;DFW;KDFW;2026-01-20T14:21:52Z
3dfb9b3f;WN2296;SWA2296;3.876.901;-9.040.124;122;750;137;-832;2171;2026-01-20T13:59:59Z;ADSB;AC3E5D;B38M;N8883Q;SWA;SWA;LGA;KLGA;STL;KSTL;2026-01-20T14:00:44Z
3dfb35df;UA805;UAL805;5.336.466;16.851.926;240;36975;492;0;7430;2026-01-20T13:59:58Z;ESTIMATED;A31A56;B789;N29977;UAL;UAL;SFO;KSFO;ICN;RKSI;2026-01-20T19:01:20Z
3dfba1d4;UA1645;UAL1645;3.097.111;-939.598;227;26800;355;-2304;4176;2026-01-20T13:59:58Z;ADSB;A12778;B38M;N17356;UAL;UAL;CLE;KCLE;IAH;KIAH;2026-01-20T14:24:00Z
3dfb3db3;UA2312;UAL2312;1.118.082;-857.986;156;37000;410;-64;3346;2026-01-20T13:59:58Z;ADSB;A1244B;B38M;N17294;UAL;UAL;SFO;KSFO;SJO;MROC;2026-01-20T14:28:16Z
3dfa36c4;AA8;AAL8;3.234.306;-9.859.367;87;20425;489;-1920;2677;2026-01-20T13:59:58Z;ADSB;ABA155;B789;N849AN;AAL;AAL;BNE;YBBN;DFW;KDFW;2026-01-20T14:20:51Z
3dfc1d5e;AA9606;AAL9606;3.289.593;-9.704.553;239;0;0;0;1200;2026-01-20T13:59:56Z;ADSB;AB8748;B789;N842AA;AAL;AAL;DFW;KDFW;;;
3dfb9f5f;UA2434;UAL2434;4.110.847;-9.761.758;249;36000;414;0;1637;2026-01-20T13:59:58Z;ADSB;A47FDE;B789;N38955;UAL;UAL;EWR;KEWR;LAX;KLAX;2026-01-20T16:44:48Z
3dfb8f16;WN1671;SWA1671;3.105.725;-9.286.393;237;38000;343;0;7004;2026-01-20T13:59:57Z;ADSB;AC3751;B38M;N8866H;SWA;SWA;DCA;KDCA;HOU;KHOU;2026-01-20T14:30:24Z
3dfb924e;WN4424;SWA4424;4.020.866;-10.408.298;281;13075;260;-1536;3723;2026-01-20T13:59:57Z;ADSB;ABF2EA;B738;N8692F;SWA;SWA;CMH;KCMH;DEN;KDEN;2026-01-20T14:09:26Z
3dfb9d9e;WN702;SWA702;3.943.694;-8.781.414;255;31025;335;-1024;3453;2026-01-20T13:59:58Z;ADSB;AC4210;B38M;N8893L;SWA;SWA;BOS;KBOS;STL;KSTL;2026-01-20T14:30:24Z
3dfb739a;DL925;DAL925;47.439;-12.230.425;118;0;0;0;7224;2026-01-20T13:59:56Z;ADSB;A3901D;BCS3;N329DU;DAL;DAL;ANC;PANC;SEA;KSEA;2026-01-20T13:13:12Z
3dfba9bc;DL2408;DAL2408;4.932.391;-12.402.083;149;35500;478;-896;5763;2026-01-20T13:59:57Z;ADSB;A449AF;B738;N3757D;DAL;DAL;FAI;PAFA;SEA;KSEA;2026-01-20T14:28:16Z
3dfafd06;AA246;AAL246;3.394.164;-11.840.658;264;0;0;0;3766;2026-01-20T14:04:57Z;ADSB;A4B41C;A21N;N402AN;AAL;AAL;KOA;PHKO;LAX;KLAX;2026-01-20T12:34:33Z
3dfb92dd;WN1585;SWA1585;3.345.309;-9.579.771;247;20400;305;-2304;2401;2026-01-20T14:04:59Z;ADSB;AC0C8B;B38M;N8759Q;SWA;SWA;DCA;KDCA;DAL;KDAL;2026-01-20T14:26:04Z
3dfaadbc;DL68;DAL68;4.743.859;-12.230.391;81;0;0;0;1403;2026-01-20T14:04:56Z;ADSB;A66935;A359;N512DN;DAL;DAL;TPE;RCTP;SEA;KSEA;2026-01-20T13:09:28Z
3dfba63f;DL1330;DAL1330;4.480.724;-9.304.845;300;3375;165;-1024;3554;2026-01-20T14:04:59Z;ADSB;A41C56;A319;N364NB;DAL;DAL;BDL;KBDL;MSP;KMSP;2026-01-20T14:07:02Z
3dfb8b88;AA2617;AAL2617;3.356.497;-958.047;245;24675;372;-1024;2246;2026-01-20T14:04:58Z;ADSB;AD6FF2;B738;N965NN;AAL;AAL;IAD;KIAD;DFW;KDFW;2026-01-20T14:29:25Z
3dfa7178;UA870;UAL870;3.704.096;-12.356.239;68;19725;432;-2240;1342;2026-01-20T14:04:59Z;ADSB;AA6BA4;B772;N77019;UAL;UAL;SYD;YSSY;SFO;KSFO;2026-01-20T14:26:04Z
3dfa3e1b;DL158;DAL158;4.220.864;-8.335.822;118;0;0;0;1316;2026-01-20T14:04:58Z;ADSB;A6B47C;A359;N531DN;DAL;DAL;ICN;RKSI;DTW;KDTW;2026-01-20T13:28:33Z
3dfa11fc;EK221;UAE221;3.377.831;-9.760.895;184;22750;397;-1920;1724;2026-01-20T14:05:00Z;ADSB;896452;B77W;A6-EQC;UAE;UAE;DXB;OMDB;DFW;KDFW;2026-01-20T14:28:57Z
3dfba1d4;UA1645;UAL1645;3.065.018;-9.436.185;226;16550;326;-2112;4176;2026-01-20T14:04:58Z;ADSB;A12778;B38M;N17356;UAL;UAL;CLE;KCLE;IAH;KIAH;2026-01-20T14:23:47Z
3dfb3db3;UA2312;UAL2312;1.065.148;-8.557.072;156;31950;429;-3392;3346;2026-01-20T14:05:00Z;ADSB;A1244B;B38M;N17294;UAL;UAL;SFO;KSFO;SJO;MROC;2026-01-20T14:28:16Z
3dfa36c4;AA8;AAL8;3.237.354;-9.786.201;87;11275;372;-1600;2677;2026-01-20T14:05:00Z;ADSB;ABA155;B789;N849AN;AAL;AAL;BNE;YBBN;DFW;KDFW;2026-01-20T14:15:51Z
3dfc1d5e;AA9606;AAL9606;3.289.607;-9.704.665;239;0;1;0;1200;2026-01-20T14:05:00Z;ADSB;AB8748;B789;N842AA;AAL;AAL;DFW;KDFW;;;
3dfb9f5f;UA2434;UAL2434;4.091.217;-9.833.575;250;36000;413;64;1637;2026-01-20T14:04:59Z;ADSB;A47FDE;B789;N38955;UAL;UAL;EWR;KEWR;LAX;KLAX;2026-01-20T16:44:48Z
3dfb8f16;WN1671;SWA1671;3.079.655;-9.333.311;237;38000;347;0;7004;2026-01-20T14:04:58Z;ADSB;AC3751;B38M;N8866H;SWA;SWA;DCA;KDCA;HOU;KHOU;2026-01-20T14:36:48Z
3dfb924e;WN4424;SWA4424;402.412;-10.448.385;246;10800;224;-960;3723;2026-01-20T14:05:00Z;ADSB;ABF2EA;B738;N8692F;SWA;SWA;CMH;KCMH;DEN;KDEN;2026-01-20T14:09:39Z
3dfb9d9e;WN702;SWA702;3.930.267;-8.839.063;250;30000;339;0;3453;2026-01-20T14:04:58Z;ADSB;AC4210;B38M;N8893L;SWA;SWA;BOS;KBOS;STL;KSTL;2026-01-20T14:33:35Z
3dfb739a;DL925;DAL925;47.439;-12.230.426;118;0;0;0;7224;2026-01-20T14:04:53Z;ADSB;A3901D;BCS3;N329DU;DAL;DAL;ANC;PANC;SEA;KSEA;2026-01-20T13:13:12Z
3dfba9bc;DL2408;DAL2408;4.875.366;-12.350.795;149;25825;460;-2112;5763;2026-01-20T14:04:59Z;ADSB;A449AF;B738;N3757D;DAL;DAL;FAI;PAFA;SEA;KSEA;2026-01-20T14:33:19Z
3dfac7e4;AA9604;AAL9604;4.064.803;-7.379.266;151;0;1;0;515;2026-01-20T14:04:59Z;ADSB;AABBC9;B772;N791AN;AAL;AAL;EZE;SAEZ;JFK;KJFK;2026-01-20T13:56:12Z
3dfafd06;AA246;AAL246;3.394.177;-11.840.661;264;0;0;0;3766;2026-01-20T14:09:57Z;ADSB;A4B41C;A21N;N402AN;AAL;AAL;KOA;PHKO;LAX;KLAX;2026-01-20T12:34:33Z
3dfb92dd;WN1585;SWA1585;3.329.095;-9.625.604;246;9625;291;-1024;2401;2026-01-20T14:09:59Z;ADSB;AC0C8B;B38M;N8759Q;SWA;SWA;DCA;KDCA;DAL;KDAL;2026-01-20T14:21:00Z
3dfaadbc;DL68;DAL68;4.743.859;-12.230.392;81;0;0;0;1403;2026-01-20T14:09:57Z;ADSB;A66935;A359;N512DN;DAL;DAL;TPE;RCTP;SEA;KSEA;2026-01-20T13:09:28Z
3dfb8b88;AA2617;AAL2617;3.335.358;-9.635.361;245;17375;353;-1920;2246;2026-01-20T14:09:59Z;ADSB;AD6FF2;B738;N965NN;AAL;AAL;IAD;KIAD;DFW;KDFW;2026-01-20T14:28:48Z
3dfa7178;UA870;UAL870;3.724.232;-12.291.328;69;9800;368;128;1342;2026-01-20T14:09:59Z;ADSB;AA6BA4;B772;N77019;UAL;UAL;SYD;YSSY;SFO;KSFO;2026-01-20T14:19:43Z
3dfa3e1b;DL158;DAL158;4.220.864;-8.335.822;118;0;0;0;1316;2026-01-20T14:09:55Z;ADSB;A6B47C;A359;N531DN;DAL;DAL;ICN;RKSI;DTW;KDTW;2026-01-20T13:28:33Z
3dfa11fc;EK221;UAE221;3.328.258;-9.752.278;134;13950;353;-512;1724;2026-01-20T14:09:59Z;ADSB;896452;B77W;A6-EQC;UAE;UAE;DXB;OMDB;DFW;KDFW;2026-01-20T14:23:52Z
3dfb3db3;UA2312;UAL2312;1.035.077;-8.504.405;115;20400;406;-2048;3346;2026-01-20T14:09:58Z;ADSB;A1244B;B38M;N17294;UAL;UAL;SFO;KSFO;SJO;MROC;2026-01-20T14:29:25Z
3dfba1d4;UA1645;UAL1645;3.033.213;-9.464.359;174;8900;278;-1344;4176;2026-01-20T14:09:59Z;ADSB;A12778;B38M;N17356;UAL;UAL;CLE;KCLE;IAH;KIAH;2026-01-20T14:19:20Z
3dfa36c4;AA8;AAL8;3.248.854;-9.739.632;83;5750;277;-1152;2677;2026-01-20T14:09:58Z;ADSB;ABA155;B789;N849AN;AAL;AAL;BNE;YBBN;DFW;KDFW;2026-01-20T14:15:16Z
3dfc1d5e;AA9606;AAL9606;3.289.042;-970.487;239;0;9;0;1200;2026-01-20T14:09:59Z;ADSB;AB8748;B789;N842AA;AAL;AAL;DFW;KDFW;;;
3dfb9f5f;UA2434;UAL2434;4.072.055;-9.905.142;250;36000;419;0;1637;2026-01-20T14:09:58Z;ADSB;A47FDE;B789;N38955;UAL;UAL;EWR;KEWR;LAX;KLAX;2026-01-20T16:42:40Z
3dfb87b4;AA865;AAL865;4.197.505;-8.789.767;199;0;0;0;0;2026-01-20T14:09:54Z;ADSB;AAEF89;A319;N8031M;AAL;AAL;PVD;KPVD;ORD;KORD;2026-01-20T13:40:12Z
3dfb8f16;WN1671;SWA1671;3.053.064;-9.380.606;236;38000;350;0;7004;2026-01-20T14:09:59Z;ADSB;AC3751;B38M;N8866H;SWA;SWA;DCA;KDCA;HOU;KHOU;2026-01-20T14:36:48Z
3dfb924e;WN4424;SWA4424;3.997.711;-10.468.578;180;6850;180;-1024;3723;2026-01-20T14:10:00Z;ADSB;ABF2EA;B738;N8692F;SWA;SWA;CMH;KCMH;DEN;KDEN;2026-01-20T14:12:21Z
3dfb9d9e;WN702;SWA702;391.469;-8.896.812;250;30000;343;0;3453;2026-01-20T14:10:00Z;ADSB;AC4210;B38M;N8893L;SWA;SWA;BOS;KBOS;STL;KSTL;2026-01-20T14:37:41Z
3dfb739a;DL925;DAL925;47.439;-12.230.425;118;0;0;0;7224;2026-01-20T14:09:58Z;ADSB;A3901D;BCS3;N329DU;DAL;DAL;ANC;PANC;SEA;KSEA;2026-01-20T13:13:12Z
3dfba9bc;DL2408;DAL2408;4.826.207;-1.230.537;148;16375;382;-1792;5763;2026-01-20T14:09:59Z;ADSB;A449AF;B738;N3757D;DAL;DAL;FAI;PAFA;SEA;KSEA;2026-01-20T14:28:13Z
3dfafd06;AA246;AAL246;3.394.165;-11.840.661;264;0;0;0;3766;2026-01-20T14:14:59Z;ADSB;A4B41C;A21N;N402AN;AAL;AAL;KOA;PHKO;LAX;KLAX;2026-01-20T12:34:33Z
3dfb92dd;WN1585;SWA1585;3.302.541;-9.651.759;195;5750;253;-1024;2401;2026-01-20T14:14:57Z;ADSB;AC0C8B;B38M;N8759Q;SWA;SWA;DCA;KDCA;DAL;KDAL;2026-01-20T14:21:07Z
3dfaadbc;DL68;DAL68;474.386;-12.230.391;81;0;0;0;1403;2026-01-20T14:14:57Z;ADSB;A66935;A359;N512DN;DAL;DAL;TPE;RCTP;SEA;KSEA;2026-01-20T13:09:28Z
3dfba63f;DL1330;DAL1330;4.488.425;-9.320.549;219;0;0;0;3554;2026-01-20T14:14:58Z;ADSB;A41C56;A319;N364NB;DAL;DAL;BDL;KBDL;MSP;KMSP;2026-01-20T14:08:27Z
3dfb8b88;AA2617;AAL2617;3.308.185;-9.675.533;228;12575;272;-640;2246;2026-01-20T14:14:57Z;ADSB;AD6FF2;B738;N965NN;AAL;AAL;IAD;KIAD;DFW;KDFW;2026-01-20T14:26:54Z
3dfa7178;UA870;UAL870;3.736.578;-12.239.845;73;7825;287;64;1342;2026-01-20T14:14:57Z;ADSB;AA6BA4;B772;N77019;UAL;UAL;SYD;YSSY;SFO;KSFO;2026-01-20T14:22:35Z
3dfa3e1b;DL158;DAL158;4.220.864;-8.335.823;118;0;0;0;1316;2026-01-20T14:14:59Z;ADSB;A6B47C;A359;N531DN;DAL;DAL;ICN;RKSI;DTW;KDTW;2026-01-20T13:28:33Z
3dfa11fc;EK221;UAE221;3.295.862;-9.716.978;175;11150;239;-640;1724;2026-01-20T14:14:58Z;ADSB;896452;B77W;A6-EQC;UAE;UAE;DXB;OMDB;DFW;KDFW;2026-01-20T14:25:09Z
3dfb3db3;UA2312;UAL2312;1.011.659;-846.076;149;11600;308;-1728;3346;2026-01-20T14:14:58Z;ADSB;A1244B;B38M;N17294;UAL;UAL;SFO;KSFO;SJO;MROC;2026-01-20T14:24:53Z
3dfba1d4;UA1645;UAL1645;3.000.948;-9.467.358;242;3625;210;-960;4176;2026-01-20T14:14:57Z;ADSB;A12778;B38M;N17356;UAL;UAL;CLE;KCLE;IAH;KIAH;2026-01-20T14:19:17Z
3dfa36c4;AA8;AAL8;3.264.066;-9.705.894;23;3400;232;-64;2677;2026-01-20T14:14:59Z;ADSB;ABA155;B789;N849AN;AAL;AAL;BNE;YBBN;DFW;KDFW;2026-01-20T14:17:06Z
3dfc1d5e;AA9606;AAL9606;3.288.402;-9.704.616;239;0;0;0;1200;2026-01-20T14:14:59Z;ADSB;AB8748;B789;N842AA;AAL;AAL;DFW;KDFW;;;
3dfb9f5f;UA2434;UAL2434;4.052.209;-9.977.184;249;36000;424;0;1637;2026-01-20T14:14:58Z;ADSB;A47FDE;B789;N38955;UAL;UAL;EWR;KEWR;LAX;KLAX;2026-01-20T16:40:32Z
3dfb8f16;WN1671;SWA1671;3.025.172;-9.429.587;236;26975;384;-128;7004;2026-01-20T14:14:59Z;ADSB;AC3751;B38M;N8866H;SWA;SWA;DCA;KDCA;HOU;KHOU;2026-01-20T14:43:51Z
3dfb924e;WN4424;SWA4424;3.986.503;-10.468.384;163;0;13;0;3723;2026-01-20T14:14:58Z;ADSB;ABF2EA;B738;N8692F;SWA;SWA;CMH;KCMH;DEN;KDEN;2026-01-20T14:12:24Z
3dfb9d9e;WN702;SWA702;3.901.176;-8.952.579;254;19225;312;-2112;3453;2026-01-20T14:14:57Z;ADSB;AC4210;B38M;N8893L;SWA;SWA;BOS;KBOS;STL;KSTL;2026-01-20T14:36:53Z
3dfb739a;DL925;DAL925;47.439;-12.230.424;118;0;0;0;7224;2026-01-20T14:14:52Z;ADSB;A3901D;BCS3;N329DU;DAL;DAL;ANC;PANC;SEA;KSEA;2026-01-20T13:13:12Z
3dfba9bc;DL2408;DAL2408;4.794.536;-12.255.975;109;9000;280;-1664;5763;2026-01-20T14:14:58Z;ADSB;A449AF;B738;N3757D;DAL;DAL;FAI;PAFA;SEA;KSEA;2026-01-20T14:24:32Z
3dfafd06;AA246;AAL246;3.394.167;-11.840.652;264;0;0;0;3766;2026-01-20T14:19:59Z;ADSB;A4B41C;A21N;N402AN;AAL;AAL;KOA;PHKO;LAX;KLAX;2026-01-20T12:34:33Z
3dfb92dd;WN1585;SWA1585;3.272.063;-966.559;251;2550;197;-576;2401;2026-01-20T14:19:58Z;ADSB;AC0C8B;B38M;N8759Q;SWA;SWA;DCA;KDCA;DAL;KDAL;2026-01-20T14:22:14Z
3dfaadbc;DL68;DAL68;4.743.859;-12.230.391;81;0;0;0;1403;2026-01-20T14:19:56Z;ADSB;A66935;A359;N512DN;DAL;DAL;TPE;RCTP;SEA;KSEA;2026-01-20T13:09:28Z
3dfb8b88;AA2617;AAL2617;3.279.904;-969.154;182;7325;227;-2048;2246;2026-01-20T14:19:58Z;ADSB;AD6FF2;B738;N965NN;AAL;AAL;IAD;KIAD;DFW;KDFW;2026-01-20T14:27:28Z
3dfa7178;UA870;UAL870;3.751.405;-12.212.046;298;4375;209;-832;1342;2026-01-20T14:19:59Z;ADSB;AA6BA4;B772;N77019;UAL;UAL;SYD;YSSY;SFO;KSFO;2026-01-20T14:24:58Z
3dfa3e1b;DL158;DAL158;4.220.864;-8.335.822;118;0;0;0;1316;2026-01-20T14:19:58Z;ADSB;A6B47C;A359;N531DN;DAL;DAL;ICN;RKSI;DTW;KDTW;2026-01-20T13:28:33Z
3dfa11fc;EK221;UAE221;3.267.595;-9.710.915;80;4025;220;-1600;1724;2026-01-20T14:19:57Z;ADSB;896452;B77W;A6-EQC;UAE;UAE;DXB;OMDB;DFW;KDFW;2026-01-20T14:24:21Z
3dfb3db3;UA2312;UAL2312;992.149;-8.440.275;69;6450;169;-1216;3346;2026-01-20T14:19:57Z;ADSB;A1244B;B38M;N17294;UAL;UAL;SFO;KSFO;SJO;MROC;2026-01-20T14:24:21Z
3dfba1d4;UA1645;UAL1645;2.997.736;-949.812;269;3025;197;-256;4176;2026-01-20T14:19:58Z;ADSB;A12778;B38M;N17356;UAL;UAL;CLE;KCLE;IAH;KIAH;2026-01-20T14:22:41Z
3dfc1d5e;AA9606;AAL9606;3.288.277;-9.704.714;239;0;4;0;1200;2026-01-20T14:19:58Z;ADSB;AB8748;B789;N842AA;AAL;AAL;DFW;KDFW;;;
3dfa36c4;AA8;AAL8;3.289.221;-9.705.477;357;0;86;0;2677;2026-01-20T14:19:58Z;ADSB;ABA155;B789;N849AN;AAL;AAL;BNE;YBBN;DFW;KDFW;2026-01-20T14:20:00Z
3dfb9f5f;UA2434;UAL2434;4.031.526;-10.050.162;249;35975;427;64;1637;2026-01-20T14:19:58Z;ADSB;A47FDE;B789;N38955;UAL;UAL;EWR;KEWR;LAX;KLAX;2026-01-20T16:40:32Z
3dfb8f16;WN1671;SWA1671;3.009.247;-9.485.009;252;15625;356;-2880;7004;2026-01-20T14:19:57Z;ADSB;AC3751;B38M;N8866H;SWA;SWA;DCA;KDCA;HOU;KHOU;2026-01-20T14:37:48Z
3dfb9d9e;WN702;SWA702;3.886.469;-9.001.074;247;10575;283;-448;3453;2026-01-20T14:19:57Z;ADSB;AC4210;B38M;N8893L;SWA;SWA;BOS;KBOS;STL;KSTL;2026-01-20T14:32:53Z
3dfb739a;DL925;DAL925;4.743.901;-12.230.425;118;0;0;0;7224;2026-01-20T14:19:56Z;ADSB;A3901D;BCS3;N329DU;DAL;DAL;ANC;PANC;SEA;KSEA;2026-01-20T13:13:12Z
3dfba9bc;DL2408;DAL2408;4.765.439;-12.232.068;158;3800;228;-832;5763;2026-01-20T14:19:58Z;ADSB;A449AF;B738;N3757D;DAL;DAL;FAI;PAFA;SEA;KSEA;2026-01-20T14:24:01Z
3dfafd06;AA246;AAL246;3.394.148;-11.840.648;264;0;0;0;3766;2026-01-20T14:24:54Z;ADSB;A4B41C;A21N;N402AN;AAL;AAL;KOA;PHKO;LAX;KLAX;2026-01-20T12:34:33Z
3dfb92dd;WN1585;SWA1585;3.284.496;-9.685.522;39;0;10;0;2401;2026-01-20T14:24:56Z;ADSB;AC0C8B;B38M;N8759Q;SWA;SWA;DCA;KDCA;DAL;KDAL;2026-01-20T14:24:13Z
3dfaadbc;DL68;DAL68;4.743.859;-12.230.391;81;0;0;0;1403;2026-01-20T14:24:58Z;ADSB;A66935;A359;N512DN;DAL;DAL;TPE;RCTP;SEA;KSEA;2026-01-20T13:09:28Z
3dfb8b88;AA2617;AAL2617;3.271.733;-970.201;339;3225;200;-896;2246;2026-01-20T14:24:58Z;ADSB;AD6FF2;B738;N965NN;AAL;AAL;IAD;KIAD;DFW;KDFW;2026-01-20T14:26:07Z
3dfa7178;UA870;UAL870;3.762.176;-12.237.675;298;0;64;0;1342;2026-01-20T14:24:59Z;ADSB;AA6BA4;B772;N77019;UAL;UAL;SYD;YSSY;SFO;KSFO;2026-01-20T14:25:02Z
3dfa3e1b;DL158;DAL158;4.220.864;-8.335.822;118;0;0;0;1316;2026-01-20T14:24:55Z;ADSB;A6B47C;A359;N531DN;DAL;DAL;ICN;RKSI;DTW;KDTW;2026-01-20T13:28:33Z
3dfa11fc;EK221;UAE221;3.289.146;-9.705.477;358;0;86;0;1724;2026-01-20T14:24:58Z;ADSB;896452;B77W;A6-EQC;UAE;UAE;DXB;OMDB;DFW;KDFW;2026-01-20T14:24:52Z
3dfba1d4;UA1645;UAL1645;299.775;-952.814;269;75;165;-832;4176;2026-01-20T14:24:58Z;ADSB;A12778;B38M;N17356;UAL;UAL;CLE;KCLE;IAH;KIAH;2026-01-20T14:25:53Z
3dfa36c4;AA8;AAL8;3.289.996;-9.704.362;171;0;0;0;2677;2026-01-20T14:24:59Z;ADSB;ABA155;B789;N849AN;AAL;AAL;BNE;YBBN;DFW;KDFW;2026-01-20T14:20:12Z
3dfb3db3;UA2312;UAL2312;999.248;-8.421.272;69;2800;119;0;3346;2026-01-20T14:24:58Z;ADSB;A1244B;B38M;N17294;UAL;UAL;SFO;KSFO;SJO;MROC;2026-01-20T14:25:16Z
3dfb9f5f;UA2434;UAL2434;4.008.757;-10.122.173;244;35975;428;64;1637;2026-01-20T14:24:59Z;ADSB;A47FDE;B789;N38955;UAL;UAL;EWR;KEWR;LAX;KLAX;2026-01-20T16:40:32Z
3dfb8f16;WN1671;SWA1671;2.986.844;-9.522.675;204;5650;243;-448;7004;2026-01-20T14:24:58Z;ADSB;AC3751;B38M;N8866H;SWA;SWA;DCA;KDCA;HOU;KHOU;2026-01-20T14:31:42Z
3dfb9d9e;WN702;SWA702;3.887.096;-9.038.219;300;5175;184;-1600;3453;2026-01-20T14:24:58Z;ADSB;AC4210;B38M;N8893L;SWA;SWA;BOS;KBOS;STL;KSTL;2026-01-20T14:30:35Z
3dfba9bc;DL2408;DAL2408;4.744.611;-12.231.361;160;0;12;0;5763;2026-01-20T14:24:59Z;ADSB;A449AF;B738;N3757D;DAL;DAL;FAI;PAFA;SEA;KSEA;2026-01-20T14:24:12Z
3dfb739a;DL925;DAL925;47.439;-12.230.424;118;0;0;0;7224;2026-01-20T14:24:55Z;ADSB;A3901D;BCS3;N329DU;DAL;DAL;ANC;PANC;SEA;KSEA;2026-01-20T13:13:12Z
3dfafd06;AA246;AAL246;3.394.146;-11.840.648;264;0;0;0;3766;2026-01-20T14:29:58Z;ADSB;A4B41C;A21N;N402AN;AAL;AAL;KOA;PHKO;LAX;KLAX;2026-01-20T12:34:33Z
3dfb92dd;WN1585;SWA1585;3.284.675;-9.685.184;174;0;9;0;2401;2026-01-20T14:29:52Z;ADSB;AC0C8B;B38M;N8759Q;SWA;SWA;DCA;KDCA;DAL;KDAL;2026-01-20T14:24:13Z
3dfaadbc;DL68;DAL68;4.743.859;-12.230.391;81;0;0;0;1403;2026-01-20T14:29:55Z;ADSB;A66935;A359;N512DN;DAL;DAL;TPE;RCTP;SEA;KSEA;2026-01-20T13:09:28Z
3dfb8b88;AA2617;AAL2617;3.290.218;-9.702.802;2;0;28;0;2246;2026-01-20T14:29:59Z;ADSB;AD6FF2;B738;N965NN;AAL;AAL;IAD;KIAD;DFW;KDFW;2026-01-20T14:28:43Z
3dfa7178;UA870;UAL870;3.761.896;-12.239.252;205;0;0;0;1342;2026-01-20T14:29:59Z;ADSB;AA6BA4;B772;N77019;UAL;UAL;SYD;YSSY;SFO;KSFO;2026-01-20T14:25:12Z
3dfa3e1b;DL158;DAL158;4.220.864;-8.335.822;118;0;0;0;1316;2026-01-20T14:29:57Z;ADSB;A6B47C;A359;N531DN;DAL;DAL;ICN;RKSI;DTW;KDTW;2026-01-20T13:28:33Z
3dfa11fc;EK221;UAE221;3.289.613;-9.704.768;180;0;13;0;1724;2026-01-20T14:29:57Z;ADSB;896452;B77W;A6-EQC;UAE;UAE;DXB;OMDB;DFW;KDFW;2026-01-20T14:25:12Z
3dfb35df;UA805;UAL805;5.130.185;16.293.221;237;37625;477;0;7430;2026-01-20T14:29:58Z;ESTIMATED;A31A56;B789;N29977;UAL;UAL;SFO;KSFO;ICN;RKSI;2026-01-20T19:05:36Z
3dfba1d4;UA1645;UAL1645;2.998.444;-9.533.969;16;0;5;0;4176;2026-01-20T14:29:59Z;ADSB;A12778;B38M;N17356;UAL;UAL;CLE;KCLE;IAH;KIAH;2026-01-20T14:26:14Z
3dfb3db3;UA2312;UAL2312;999.849;-8.420.086;337;0;0;0;3346;2026-01-20T14:29:55Z;ADSB;A1244B;B38M;N17294;UAL;UAL;SFO;KSFO;SJO;MROC;2026-01-20T14:25:14Z
3dfb9f5f;UA2434;UAL2434;3.982.544;-10.191.557;243;36000;436;0;1637;2026-01-20T14:29:58Z;ADSB;A47FDE;B789;N38955;UAL;UAL;EWR;KEWR;LAX;KLAX;2026-01-20T16:40:32Z
3dfb8f16;WN1671;SWA1671;2.966.816;-9.530.608;133;225;112;-640;7004;2026-01-20T14:29:51Z;ADSB;AC3751;B38M;N8866H;SWA;SWA;DCA;KDCA;HOU;KHOU;2026-01-20T14:30:28Z
3dfb9d9e;WN702;SWA702;3.876.357;-9.039.031;122;575;140;-768;3453;2026-01-20T14:29:58Z;ADSB;AC4210;B38M;N8893L;SWA;SWA;BOS;KBOS;STL;KSTL;2026-01-20T14:30:11Z
3dfb739a;DL925;DAL925;47.439;-12.230.424;118;0;0;0;7224;2026-01-20T14:29:58Z;ADSB;A3901D;BCS3;N329DU;DAL;DAL;ANC;PANC;SEA;KSEA;2026-01-20T13:13:12Z
3dfafd06;AA246;AAL246;3.394.138;-11.840.646;264;0;0;0;3766;2026-01-20T14:34:59Z;ADSB;A4B41C;A21N;N402AN;AAL;AAL;KOA;PHKO;LAX;KLAX;2026-01-20T12:34:33Z
3dfaadbc;DL68;DAL68;4.743.859;-12.230.391;81;0;0;0;1403;2026-01-20T14:34:58Z;ADSB;A66935;A359;N512DN;DAL;DAL;TPE;RCTP;SEA;KSEA;2026-01-20T13:09:28Z
3dfb8b88;AA2617;AAL2617;3.291.432;-9.703.194;168;0;22;0;2246;2026-01-20T14:34:59Z;ADSB;AD6FF2;B738;N965NN;AAL;AAL;IAD;KIAD;DFW;KDFW;2026-01-20T14:28:43Z
3dfa3e1b;DL158;DAL158;4.220.864;-8.335.822;118;0;0;0;1316;2026-01-20T14:34:57Z;ADSB;A6B47C;A359;N531DN;DAL;DAL;ICN;RKSI;DTW;KDTW;2026-01-20T13:28:33Z
3dfa11fc;EK221;UAE221;3.289.523;-9.704.287;19;0;0;0;1724;2026-01-20T14:34:57Z;ADSB;896452;B77W;A6-EQC;UAE;UAE;DXB;OMDB;DFW;KDFW;2026-01-20T14:25:12Z
3dfb9f5f;UA2434;UAL2434;3.954.943;-10.262.878;243;35975;444;0;1637;2026-01-20T14:35:00Z;ADSB;A47FDE;B789;N38955;UAL;UAL;EWR;KEWR;LAX;KLAX;2026-01-20T16:40:32Z
3dfb739a;DL925;DAL925;47.439;-12.230.424;118;0;0;0;7224;2026-01-20T14:34:56Z;ADSB;A3901D;BCS3;N329DU;DAL;DAL;ANC;PANC;SEA;KSEA;2026-01-20T13:13:12Z
3dfba9bc;DL2408;DAL2408;4.743.995;-12.230.051;286;0;6;0;5763;2026-01-20T14:35:00Z;ADSB;A449AF;B738;N3757D;DAL;DAL;FAI;PAFA;SEA;KSEA;2026-01-20T14:24:12Z
3dfafd06;AA246;AAL246;3.394.147;-11.840.648;264;0;0;0;3766;2026-01-20T14:39:50Z;ADSB;A4B41C;A21N;N402AN;AAL;AAL;KOA;PHKO;LAX;KLAX;2026-01-20T12:34:33Z
3dfaadbc;DL68;DAL68;4.743.858;-12.230.391;81;0;0;0;1403;2026-01-20T14:39:55Z;ADSB;A66935;A359;N512DN;DAL;DAL;TPE;RCTP;SEA;KSEA;2026-01-20T13:09:28Z
3dfb8b88;AA2617;AAL2617;328.995;-970.351;253;0;0;0;2246;2026-01-20T14:39:17Z;ADSB;AD6FF2;B738;N965NN;AAL;AAL;IAD;KIAD;DFW;KDFW;2026-01-20T14:28:43Z
3dfa3e1b;DL158;DAL158;4.220.864;-8.335.824;118;0;0;0;1316;2026-01-20T14:39:57Z;ADSB;A6B47C;A359;N531DN;DAL;DAL;ICN;RKSI;DTW;KDTW;2026-01-20T13:28:33Z
3dfb35df;UA805;UAL805;5.056.915;16.120.792;235;37975;477;0;0;2026-01-20T14:39:56Z;ADSB;A31A56;B789;N29977;UAL;UAL;SFO;KSFO;ICN;RKSI;2026-01-20T19:05:36Z
3dfb9f5f;UA2434;UAL2434;3.927.122;-10.333.077;242;36000;440;0;1637;2026-01-20T14:39:58Z;ADSB;A47FDE;B789;N38955;UAL;UAL;EWR;KEWR;LAX;KLAX;2026-01-20T16:40:32Z
3dfb739a;DL925;DAL925;4.743.901;-12.230.424;118;0;0;0;7224;2026-01-20T14:39:56Z;ADSB;A3901D;BCS3;N329DU;DAL;DAL;ANC;PANC;SEA;KSEA;2026-01-20T13:13:12Z
3dfafd06;AA246;AAL246;3.394.132;-11.840.644;264;0;0;0;3766;2026-01-20T14:45:00Z;ADSB;A4B41C;A21N;N402AN;AAL;AAL;KOA;PHKO;LAX;KLAX;2026-01-20T12:34:33Z
3dfaadbc;DL68;DAL68;4.743.859;-12.230.391;81;0;0;0;1403;2026-01-20T14:44:57Z;ADSB;A66935;A359;N512DN;DAL;DAL;TPE;RCTP;SEA;KSEA;2026-01-20T13:09:28Z
3dfa3e1b;DL158;DAL158;4.220.864;-8.335.823;118;0;0;0;1316;2026-01-20T14:44:59Z;ADSB;A6B47C;A359;N531DN;DAL;DAL;ICN;RKSI;DTW;KDTW;2026-01-20T13:28:33Z
3dfb35df;UA805;UAL805;5.018.344;16.034.155;234;38000;464;0;7430;2026-01-20T14:44:53Z;ADSB;A31A56;B789;N29977;UAL;UAL;SFO;KSFO;ICN;RKSI;2026-01-20T19:05:36Z
3dfb9f5f;UA2434;UAL2434;3.899.109;-10.403.821;250;35950;435;64;1637;2026-01-20T14:44:59Z;ADSB;A47FDE;B789;N38955;UAL;UAL;EWR;KEWR;LAX;KLAX;2026-01-20T16:36:16Z
3dfb739a;DL925;DAL925;47.439;-12.230.424;118;0;0;0;7224;2026-01-20T14:44:56Z;ADSB;A3901D;BCS3;N329DU;DAL;DAL;ANC;PANC;SEA;KSEA;2026-01-20T13:13:12Z
3dfafd06;AA246;AAL246;3.394.148;-11.840.646;264;0;0;0;3766;2026-01-20T14:49:58Z;ADSB;A4B41C;A21N;N402AN;AAL;AAL;KOA;PHKO;LAX;KLAX;2026-01-20T12:34:33Z
3dfaadbc;DL68;DAL68;4.743.859;-12.230.391;81;0;0;0;1403;2026-01-20T14:49:57Z;ADSB;A66935;A359;N512DN;DAL;DAL;TPE;RCTP;SEA;KSEA;2026-01-20T13:09:28Z
3dfa3e1b;DL158;DAL158;4.220.864;-8.335.822;118;0;0;0;1316;2026-01-20T14:49:58Z;ADSB;A6B47C;A359;N531DN;DAL;DAL;ICN;RKSI;DTW;KDTW;2026-01-20T13:28:33Z
3dfb35df;UA805;UAL805;4.982.118;15.957.159;233;38000;463;0;7430;2026-01-20T14:49:56Z;ADSB;A31A56;B789;N29977;UAL;UAL;SFO;KSFO;ICN;RKSI;2026-01-20T19:07:44Z
3dfb9f5f;UA2434;UAL2434;388.131;-10.476.748;252;35975;438;128;1637;2026-01-20T14:49:57Z;ADSB;A47FDE;B789;N38955;UAL;UAL;EWR;KEWR;LAX;KLAX;2026-01-20T16:40:32Z
3dfb739a;DL925;DAL925;47.439;-12.230.424;118;0;0;0;7224;2026-01-20T14:49:55Z;ADSB;A3901D;BCS3;N329DU;DAL;DAL;ANC;PANC;SEA;KSEA;2026-01-20T13:13:12Z
3dfafd06;AA246;AAL246;3.394.146;-11.840.648;264;0;0;0;3766;2026-01-20T14:54:58Z;ADSB;A4B41C;A21N;N402AN;AAL;AAL;KOA;PHKO;LAX;KLAX;2026-01-20T12:34:33Z
3dfaadbc;DL68;DAL68;4.743.859;-12.230.391;81;0;0;0;1403;2026-01-20T14:54:59Z;ADSB;A66935;A359;N512DN;DAL;DAL;TPE;RCTP;SEA;KSEA;2026-01-20T13:09:28Z
3dfa3e1b;DL158;DAL158;4.220.863;-8.335.822;118;0;0;0;1316;2026-01-20T14:54:57Z;ADSB;A6B47C;A359;N531DN;DAL;DAL;ICN;RKSI;DTW;KDTW;2026-01-20T13:28:33Z
3dfb9f5f;UA2434;UAL2434;3.862.981;-10.549.664;251;35975;431;128;1637;2026-01-20T14:54:59Z;ADSB;A47FDE;B789;N38955;UAL;UAL;EWR;KEWR;LAX;KLAX;2026-01-20T16:40:32Z
3dfb739a;DL925;DAL925;47.439;-12.230.423;118;0;0;0;7224;2026-01-20T14:54:52Z;ADSB;A3901D;BCS3;N329DU;DAL;DAL;ANC;PANC;SEA;KSEA;2026-01-20T13:13:12Z
3dfafd06;AA246;AAL246;3.394.147;-11.840.648;264;0;0;0;3766;2026-01-20T14:59:59Z;ADSB;A4B41C;A21N;N402AN;AAL;AAL;KOA;PHKO;LAX;KLAX;2026-01-20T12:34:33Z
3dfaadbc;DL68;DAL68;4.743.858;-12.230.391;81;0;0;0;1403;2026-01-20T14:59:56Z;ADSB;A66935;A359;N512DN;DAL;DAL;TPE;RCTP;SEA;KSEA;2026-01-20T13:09:28Z
3dfa3e1b;DL158;DAL158;4.220.864;-8.335.824;118;0;0;0;1316;2026-01-20T14:59:56Z;ADSB;A6B47C;A359;N531DN;DAL;DAL;ICN;RKSI;DTW;KDTW;2026-01-20T13:28:33Z
3dfb9f5f;UA2434;UAL2434;3.841.676;-10.621.803;244;35975;440;64;1637;2026-01-20T14:59:58Z;ADSB;A47FDE;B789;N38955;UAL;UAL;EWR;KEWR;LAX;KLAX;2026-01-20T16:38:24Z
3dfb739a;DL925;DAL925;47.439;-12.230.423;118;0;0;0;7224;2026-01-20T14:59:56Z;ADSB;A3901D;BCS3;N329DU;DAL;DAL;ANC;PANC;SEA;KSEA;2026-01-20T13:13:12Z
3dfafd06;AA246;AAL246;3.394.148;-11.840.646;264;0;0;0;3766;2026-01-20T15:04:55Z;ADSB;A4B41C;A21N;N402AN;AAL;AAL;KOA;PHKO;LAX;KLAX;2026-01-20T12:34:33Z
3dfaadbc;DL68;DAL68;4.743.858;-12.230.391;81;0;0;0;1403;2026-01-20T15:04:57Z;ADSB;A66935;A359;N512DN;DAL;DAL;TPE;RCTP;SEA;KSEA;2026-01-20T13:09:28Z
3dfa3e1b;DL158;DAL158;4.220.864;-8.335.823;118;0;0;0;1316;2026-01-20T15:04:55Z;ADSB;A6B47C;A359;N531DN;DAL;DAL;ICN;RKSI;DTW;KDTW;2026-01-20T13:28:33Z
3dfb9f5f;UA2434;UAL2434;3.814.334;-10.692.362;243;36000;446;-64;1637;2026-01-20T15:04:58Z;ADSB;A47FDE;B789;N38955;UAL;UAL;EWR;KEWR;LAX;KLAX;2026-01-20T16:36:16Z
3dfb739a;DL925;DAL925;47.439;-12.230.424;118;0;0;0;7224;2026-01-20T15:04:57Z;ADSB;A3901D;BCS3;N329DU;DAL;DAL;ANC;PANC;SEA;KSEA;2026-01-20T13:13:12Z
3dfafd06;AA246;AAL246;3.394.147;-11.840.648;264;0;0;0;3766;2026-01-20T15:09:57Z;ADSB;A4B41C;A21N;N402AN;AAL;AAL;KOA;PHKO;LAX;KLAX;2026-01-20T12:34:33Z
3dfaadbc;DL68;DAL68;4.743.858;-12.230.391;81;0;0;0;1403;2026-01-20T15:09:56Z;ADSB;A66935;A359;N512DN;DAL;DAL;TPE;RCTP;SEA;KSEA;2026-01-20T13:09:28Z
3dfa3e1b;DL158;DAL158;4.220.864;-8.335.822;118;0;0;0;1316;2026-01-20T15:09:59Z;ADSB;A6B47C;A359;N531DN;DAL;DAL;ICN;RKSI;DTW;KDTW;2026-01-20T13:28:33Z
3dfb9f5f;UA2434;UAL2434;378.628;-10.763.115;243;36000;451;0;1637;2026-01-20T15:09:59Z;ADSB;A47FDE;B789;N38955;UAL;UAL;EWR;KEWR;LAX;KLAX;2026-01-20T16:34:08Z
3dfb739a;DL925;DAL925;47.439;-12.230.424;118;0;0;0;7224;2026-01-20T15:09:57Z;ADSB;A3901D;BCS3;N329DU;DAL;DAL;ANC;PANC;SEA;KSEA;2026-01-20T13:13:12Z
3dfafd06;AA246;AAL246;3.394.146;-11.840.648;264;0;0;0;3766;2026-01-20T15:14:56Z;ADSB;A4B41C;A21N;N402AN;AAL;AAL;KOA;PHKO;LAX;KLAX;2026-01-20T12:34:33Z
3dfaadbc;DL68;DAL68;4.743.859;-12.230.391;81;0;0;0;1403;2026-01-20T15:14:57Z;ADSB;A66935;A359;N512DN;DAL;DAL;TPE;RCTP;SEA;KSEA;2026-01-20T13:09:28Z
3dfa3e1b;DL158;DAL158;4.220.865;-8.335.823;118;0;0;0;1316;2026-01-20T15:14:57Z;ADSB;A6B47C;A359;N531DN;DAL;DAL;ICN;RKSI;DTW;KDTW;2026-01-20T13:28:33Z
3dfb35df;UA805;UAL805;4.783.278;15.570.515;240;38000;465;0;7430;2026-01-20T15:14:59Z;ESTIMATED;A31A56;B789;N29977;UAL;UAL;SFO;KSFO;ICN;RKSI;2026-01-20T19:05:36Z
3dfb9f5f;UA2434;UAL2434;3.757.677;-10.833.642;242;35975;453;0;1637;2026-01-20T15:14:59Z;ADSB;A47FDE;B789;N38955;UAL;UAL;EWR;KEWR;LAX;KLAX;2026-01-20T16:34:08Z
3dfb739a;DL925;DAL925;47.439;-12.230.423;118;0;0;0;7224;2026-01-20T15:14:56Z;ADSB;A3901D;BCS3;N329DU;DAL;DAL;ANC;PANC;SEA;KSEA;2026-01-20T13:13:12Z
3dfaadbc;DL68;DAL68;4.743.859;-12.230.391;81;0;0;0;1403;2026-01-20T15:19:54Z;ADSB;A66935;A359;N512DN;DAL;DAL;TPE;RCTP;SEA;KSEA;2026-01-20T13:09:28Z
3dfa3e1b;DL158;DAL158;4.220.863;-8.335.824;118;0;0;0;1316;2026-01-20T15:19:55Z;ADSB;A6B47C;A359;N531DN;DAL;DAL;ICN;RKSI;DTW;KDTW;2026-01-20T13:28:33Z
3dfb35df;UA805;UAL805;4.764.241;15.480.574;255;38000;465;0;7430;2026-01-20T15:19:54Z;ESTIMATED;A31A56;B789;N29977;UAL;UAL;SFO;KSFO;ICN;RKSI;2026-01-20T19:05:36Z
3dfb9f5f;UA2434;UAL2434;3.728.732;-1.090.344;242;35975;451;0;1637;2026-01-20T15:19:58Z;ADSB;A47FDE;B789;N38955;UAL;UAL;EWR;KEWR;LAX;KLAX;2026-01-20T16:34:08Z
3dfb739a;DL925;DAL925;47.439;-12.230.425;118;0;0;0;7224;2026-01-20T15:19:56Z;ADSB;A3901D;BCS3;N329DU;DAL;DAL;ANC;PANC;SEA;KSEA;2026-01-20T13:13:12Z
3dfaadbc;DL68;DAL68;4.743.859;-12.230.391;81;0;0;0;1403;2026-01-20T15:24:58Z;ADSB;A66935;A359;N512DN;DAL;DAL;TPE;RCTP;SEA;KSEA;2026-01-20T13:09:28Z
3dfa3e1b;DL158;DAL158;4.220.864;-8.335.823;118;0;0;0;1316;2026-01-20T15:24:59Z;ADSB;A6B47C;A359;N531DN;DAL;DAL;ICN;RKSI;DTW;KDTW;2026-01-20T13:28:33Z
3dfb35df;UA805;UAL805;4.746.796;15.387.962;254;38000;465;0;7430;2026-01-20T15:24:55Z;ESTIMATED;A31A56;B789;N29977;UAL;UAL;SFO;KSFO;ICN;RKSI;2026-01-20T19:05:36Z
3dfb9f5f;UA2434;UAL2434;3.699.092;-10.973.355;241;35975;452;-64;1637;2026-01-20T15:25:00Z;ADSB;A47FDE;B789;N38955;UAL;UAL;EWR;KEWR;LAX;KLAX;2026-01-20T16:36:16Z
3dfb739a;DL925;DAL925;47.439;-12.230.424;118;0;0;0;7224;2026-01-20T15:24:56Z;ADSB;A3901D;BCS3;N329DU;DAL;DAL;ANC;PANC;SEA;KSEA;2026-01-20T13:13:12Z
3dfaadbc;DL68;DAL68;4.743.859;-12.230.391;81;0;0;0;1403;2026-01-20T15:29:56Z;ADSB;A66935;A359;N512DN;DAL;DAL;TPE;RCTP;SEA;KSEA;2026-01-20T13:09:28Z
3dfb35df;UA805;UAL805;4.659.056;15.356.653;238;38000;459;0;7430;2026-01-20T15:29:54Z;ESTIMATED;A31A56;B789;N29977;UAL;UAL;SFO;KSFO;ICN;RKSI;2026-01-20T19:05:36Z
3dfb9f5f;UA2434;UAL2434;3.669.443;-11.041.821;241;36000;451;-64;1637;2026-01-20T15:29:59Z;ADSB;A47FDE;B789;N38955;UAL;UAL;EWR;KEWR;LAX;KLAX;2026-01-20T16:36:16Z
3dfb739a;DL925;DAL925;47.439;-12.230.424;118;0;0;0;7224;2026-01-20T15:29:56Z;ADSB;A3901D;BCS3;N329DU;DAL;DAL;ANC;PANC;SEA;KSEA;2026-01-20T13:13:12Z
3dfaadbc;DL68;DAL68;4.743.858;-12.230.391;81;0;0;0;1403;2026-01-20T15:34:55Z;ADSB;A66935;A359;N512DN;DAL;DAL;TPE;RCTP;SEA;KSEA;2026-01-20T13:09:28Z
3dfb9f5f;UA2434;UAL2434;3.633.607;-11.105.547;220;35975;474;0;1637;2026-01-20T15:34:58Z;ADSB;A47FDE;B789;N38955;UAL;UAL;EWR;KEWR;LAX;KLAX;2026-01-20T16:36:16Z
3dfaadbc;DL68;DAL68;4.743.859;-12.230.391;81;0;0;0;1403;2026-01-20T15:39:54Z;ADSB;A66935;A359;N512DN;DAL;DAL;TPE;RCTP;SEA;KSEA;2026-01-20T13:09:28Z
3dfb9f5f;UA2434;UAL2434;359.268;-11.164.375;253;35975;448;0;1637;2026-01-20T15:39:58Z;ADSB;A47FDE;B789;N38955;UAL;UAL;EWR;KEWR;LAX;KLAX;2026-01-20T16:36:16Z
3dfaadbc;DL68;DAL68;4.743.858;-12.230.391;81;0;0;0;1403;2026-01-20T15:44:57Z;ADSB;A66935;A359;N512DN;DAL;DAL;TPE;RCTP;SEA;KSEA;2026-01-20T13:09:28Z
3dfb9f5f;UA2434;UAL2434;3.591.353;-1.123.886;273;35975;441;0;1637;2026-01-20T15:44:59Z;ADSB;A47FDE;B789;N38955;UAL;UAL;EWR;KEWR;LAX;KLAX;2026-01-20T16:38:24Z
3dfaadbc;DL68;DAL68;4.743.858;-12.230.391;81;0;0;0;1403;2026-01-20T15:49:56Z;ADSB;A66935;A359;N512DN;DAL;DAL;TPE;RCTP;SEA;KSEA;2026-01-20T13:09:28Z
3dfb9f5f;UA2434;UAL2434;359.518;-11.314.316;266;35975;443;0;1637;2026-01-20T15:50:00Z;ADSB;A47FDE;B789;N38955;UAL;UAL;EWR;KEWR;LAX;KLAX;2026-01-20T16:38:24Z
3dfaadbc;DL68;DAL68;4.743.859;-12.230.391;81;0;0;0;1403;2026-01-20T15:54:57Z;ADSB;A66935;A359;N512DN;DAL;DAL;TPE;RCTP;SEA;KSEA;2026-01-20T13:09:28Z
3dfb9f5f;UA2434;UAL2434;3.563.197;-11.380.731;236;35975;460;0;1637;2026-01-20T15:54:57Z;ADSB;A47FDE;B789;N38955;UAL;UAL;EWR;KEWR;LAX;KLAX;2026-01-20T16:36:16Z
3dfaadbc;DL68;DAL68;4.743.858;-12.230.391;81;0;0;0;1403;2026-01-20T15:59:51Z;ADSB;A66935;A359;N512DN;DAL;DAL;TPE;RCTP;SEA;KSEA;2026-01-20T13:09:28Z
3dfb35df;UA805;UAL805;4.403.222;14.970.009;233;38000;442;0;7430;2026-01-20T15:59:56Z;ESTIMATED;A31A56;B789;N29977;UAL;UAL;SFO;KSFO;ICN;RKSI;2026-01-20T19:05:36Z
3dfb9f5f;UA2434;UAL2434;3.519.923;-11.430.871;251;36000;449;0;1637;2026-01-20T15:59:57Z;ADSB;A47FDE;B789;N38955;UAL;UAL;EWR;KEWR;LAX;KLAX;2026-01-20T16:40:32Z
