flight,lat,lon,alt,gspeed,vspeed,timestamp,orig_iata,dest_iata,eta,flight_key
AA1349,32.81462,-95.80302,40000,346,0,2026-02-25T15:59:57Z,JFK,AUS,2026-02-25T16:34:08Z,JFK_AUS_AA_2026_2_25_726
DL2301,31.69109,-85.77339,39000,502,0,2026-02-25T15:59:58Z,MSP,TPA,2026-02-25T16:44:48Z,MSP_TPA_DL_2026_2_25_806
DL2582,35.93753,-115.38531,39000,436,0,2026-02-25T15:59:59Z,BUR,SLC,2026-02-25T16:59:44Z,BUR_SLC_DL_2026_2_25_729
DL8851,37.86596,-100.55422,40000,368,0,2026-02-25T15:59:59Z,ATL,DEN,2026-02-25T16:41:04Z,ATL_DEN_DL_2026_2_25_836
UA1384,38.17987,-101.32871,38025,386,0,2026-02-25T15:59:58Z,ICT,DEN,2026-02-25T16:40:32Z,ICT_DEN_UA_2026_2_25_927
UA1666,38.89849,-98.25635,38000,377,0,2026-02-25T15:59:58Z,CVG,DEN,2026-02-25T16:51:12Z,CVG_DEN_UA_2026_2_25_908
DL853,59.01674,-140.51558,39000,487,0,2026-02-25T15:59:56Z,ANC,SEA,2026-02-25T18:12:16Z,ANC_SEA_DL_2026_2_25_613
BA53,67.41064,-10.02113,40000,518,0,2026-02-25T15:59:58Z,LHR,SEA,2026-02-25T19:12:00Z,LHR_SEA_BA_2026_2_25_1020
KL689,46.96329,-82.72797,40000,458,0,2026-02-25T15:59:58Z,AMS,CUN,2026-02-25T19:48:16Z,AMS_CUN_KL_2026_2_25_906
KL661,47.88205,-81.50236,35975,461,64,2026-02-25T15:59:59Z,AMS,IAH,2026-02-25T19:01:20Z,AMS_IAH_KL_2026_2_25_1014
AA2896,34.88567,-77.16331,38000,342,0,2026-02-25T15:59:58Z,LGA,FLL,2026-02-25T17:23:12Z,LGA_FLL_AA_2026_2_25_1441
AA2896,34.88567,-77.16331,38000,342,0,2026-02-25T15:59:58Z,LGA,FLL,2026-02-25T17:23:12Z,FLL_LGA_AA_2026_2_25_1906
UA1886,37.07104,-78.48818,38950,601,0,2026-02-25T15:59:58Z,IAH,EWR,2026-02-25T16:51:12Z,IAH_EWR_UA_2026_2_25_814
AA3052,36.46143,-76.98091,38050,361,0,2026-02-25T15:59:58Z,DCA,FLL,2026-02-25T17:40:16Z,DCA_FLL_AA_2026_2_25_1530
AA3052,36.46143,-76.98091,38050,361,0,2026-02-25T15:59:58Z,DCA,FLL,2026-02-25T17:40:16Z,FLL_DCA_AA_2026_2_25_1901
UA905,46.17884,-71.20068,38025,386,64,2026-02-25T15:59:58Z,LHR,EWR,2026-02-25T17:08:16Z,LHR_EWR_UA_2026_2_25_921
AF636,54.26134,-78.39703,38000,473,64,2026-02-25T15:59:59Z,CDG,IAH,2026-02-25T20:03:12Z,CDG_IAH_AF_2026_2_25_1048
UA654,31.21715,-101.22366,39000,527,0,2026-02-25T15:59:57Z,LAX,IAH,2026-02-25T16:49:04Z,LAX_IAH_UA_2026_2_25_605
UA654,31.21715,-101.22366,39000,527,0,2026-02-25T15:59:57Z,LAX,IAH,2026-02-25T16:49:04Z,IAH_DCA_UA_2026_2_25_1213
AA3139,31.57378,-91.17719,39025,550,0,2026-02-25T15:59:59Z,DFW,PNS,2026-02-25T16:36:16Z,DFW_PNS_AA_2026_2_25_1520
AA3139,31.57378,-91.17719,39025,550,0,2026-02-25T15:59:59Z,DFW,PNS,2026-02-25T16:36:16Z,PNS_DFW_AA_2026_2_25_1740
AA2523,34.26156,-80.74487,38000,366,0,2026-02-25T15:59:58Z,PHL,TPA,2026-02-25T17:01:52Z,PHL_TPA_AA_2026_2_25_937
UA830,36.21616,-124.70112,38100,499,-2176,2026-02-25T15:59:57Z,SYD,SFO,2026-02-25T16:25:36Z,SYD_SFO_UA_2026_2_25_1423
AA882,36.11591,-115.51151,38000,393,0,2026-02-25T15:59:58Z,PHX,RNO,2026-02-25T16:53:20Z,PHX_RNO_AA_2026_2_25_819
AA882,36.11591,-115.51151,38000,393,0,2026-02-25T15:59:58Z,PHX,RNO,2026-02-25T16:53:20Z,RNO_PHX_AA_2026_2_25_1002
DL2947,37.30962,-120.63146,38975,471,0,2026-02-25T15:59:57Z,PDX,LAX,2026-02-25T16:42:40Z,PDX_LAX_DL_2026_2_25_651
UA357,36.32732,-100.14803,38000,377,-64,2026-02-25T15:59:57Z,DFW,DEN,2026-02-25T16:53:20Z,DFW_DEN_UA_2026_2_25_1515
UA595,37.04711,-100.28935,38000,368,-64,2026-02-25T15:59:58Z,AUS,DEN,2026-02-25T16:49:04Z,AUS_DEN_UA_2026_2_25_853
DL166,4.99006,-125.74149,39000,526,0,2026-02-25T15:59:58Z,HND,SEA,2026-02-25T16:32:00Z,HND_SEA_DL_2026_2_25_1707
KL601,54.80148,-105.45269,38000,543,0,2026-02-25T15:59:58Z,AMS,LAX,2026-02-25T19:01:20Z,AMS_LAX_KL_2026_2_25_1000
DL57,57.57441,-100.78397,40000,518,-64,2026-02-25T15:59:58Z,AMS,SLC,2026-02-25T18:29:20Z,AMS_SLC_DL_2026_2_25_955
UA4200,27.44371,-78.40498,41000,482,0,2026-02-25T15:59:59Z,MDE,EWR,2026-02-25T17:53:38Z,MDE_EWR_UA_2026_2_25_1248
AA2111,38.47682,-77.63467,38000,331,0,2026-02-25T15:59:57Z,LGA,CLT,2026-02-25T16:44:48Z,LGA_CLT_AA_2026_2_25_1014
AA2111,38.47682,-77.63467,38000,331,0,2026-02-25T15:59:57Z,LGA,CLT,2026-02-25T16:44:48Z,CLT_LGA_AA_2026_2_25_743
DL33,44.98454,-73.95326,40000,382,0,2026-02-25T15:59:58Z,LHR,ATL,2026-02-25T18:22:56Z,LHR_ATL_DL_2026_2_25_908
AF158,55.52051,-75.72934,36000,457,0,2026-02-25T15:59:57Z,CDG,DFW,2026-02-25T19:41:52Z,CDG_DFW_AF_2026_2_25_956
AA1293,33.68045,-84.46163,39000,471,0,2026-02-25T15:59:58Z,ORD,MCO,2026-02-25T16:57:36Z,ORD_MCO_AA_2026_2_25_849
AA1283,2.94099,-81.13007,38000,422,0,2026-02-25T15:59:58Z,IND,MIA,2026-02-25T16:40:32Z,IND_MIA_AA_2026_2_25_925
DL1794,30.59464,-81.76443,38975,436,0,2026-02-25T15:59:58Z,SJO,ATL,2026-02-25T16:40:32Z,SJO_ATL_DL_2026_2_25_1317
AA3317,31.06137,-81.06504,40000,409,0,2026-02-25T15:59:59Z,LGA,PBI,2026-02-25T16:46:56Z,LGA_PBI_AA_2026_2_25_844
AA3317,31.06137,-81.06504,40000,409,0,2026-02-25T15:59:59Z,LGA,PBI,2026-02-25T16:46:56Z,PBI_LGA_AA_2026_2_25_1314
UA1119,36.93794,-10.24656,38800,512,576,2026-02-25T15:59:58Z,DEN,CUN,2026-02-25T18:50:40Z,DEN_CUN_UA_2026_2_25_1532
UA2609,36.83446,-100.72037,40000,379,0,2026-02-25T15:59:58Z,OKC,DEN,2026-02-25T16:49:04Z,OKC_DEN_UA_2026_2_25_929
UA6,55.73589,-138.33211,39000,534,0,2026-02-25T15:59:58Z,NRT,IAH,2026-02-25T20:39:28Z,NRT_IAH_UA_2026_2_25_1818
LH454,67.52444,-102.11465,36000,532,0,2026-02-25T15:59:59Z,FRA,SFO,2026-02-25T20:11:44Z,FRA_SFO_LH_2026_2_25_1054
LH456,69.65086,-96.48873,32000,529,-128,2026-02-25T15:59:58Z,FRA,LAX,2026-02-25T20:52:16Z,FRA_LAX_LH_2026_2_25_1113
AA3193,36.33882,-9.32308,38025,362,-128,2026-02-25T15:59:58Z,MIA,EGE,2026-02-25T17:50:56Z,MIA_EGE_AA_2026_2_25_829
AA2731,35.46121,-90.13206,38000,376,0,2026-02-25T15:59:58Z,PHL,DFW,2026-02-25T17:01:52Z,PHL_DFW_AA_2026_2_25_1354
AA1616,37.58963,-8.58176,38000,364,0,2026-02-25T15:59:58Z,CLT,MCI,2026-02-25T17:14:40Z,CLT_MCI_AA_2026_2_25_1010
AA1616,37.58963,-8.58176,38000,364,0,2026-02-25T15:59:58Z,CLT,MCI,2026-02-25T17:14:40Z,MCI_CLT_AA_2026_2_25_1232
UA3895,41.18536,-83.82153,40000,374,0,2026-02-25T15:59:59Z,EWR,AMA,2026-02-25T18:05:52Z,EWR_AMA_UA_2026_2_25_938
DL1930,27.43089,-67.25838,39000,440,0,2026-02-25T15:59:56Z,JFK,STT,2026-02-25T17:18:56Z,JFK_STT_DL_2026_2_25_1356
KL623,47.26616,-72.85769,34000,440,0,2026-02-25T15:59:57Z,AMS,ATL,2026-02-25T18:31:28Z,AMS_ATL_KL_2026_2_25_1037
DL42,29.88674,-124.56667,41000,525,0,2026-02-25T15:59:55Z,SYD,LAX,2026-02-25T17:01:52Z,SYD_LAX_DL_2026_2_25_1433
DL830,33.55865,-94.76532,40000,367,0,2026-02-25T15:59:58Z,ATL,SLC,2026-02-25T18:16:32Z,ATL_SLC_DL_2026_2_25_928
UA2115,39.27699,-113.08281,38000,416,0,2026-02-25T15:59:58Z,EWR,SFO,2026-02-25T17:10:24Z,EWR_SFO_UA_2026_2_25_613
DL120,55.90398,-128.49789,41000,543,0,2026-02-25T15:59:58Z,HND,MSP,2026-02-25T19:01:20Z,HND_MSP_DL_2026_2_25_1742
DL966,4.76916,-118.72883,40000,389,0,2026-02-25T15:59:58Z,CVG,SEA,2026-02-25T16:29:52Z,CVG_SEA_DL_2026_2_25_653
DL274,53.18958,-114.97977,41000,552,0,2026-02-25T15:59:57Z,HND,DTW,2026-02-25T18:44:16Z,HND_DTW_DL_2026_2_25_1651
DL274,53.18958,-114.97977,41000,552,0,2026-02-25T15:59:57Z,HND,DTW,2026-02-25T18:44:16Z,HND_DTW_DL_2026_2_25_1642
KL605,58.76225,-112.08633,38000,555,-64,2026-02-25T15:59:59Z,AMS,SFO,2026-02-25T18:52:48Z,AMS_SFO_KL_2026_2_25_1013
UA3929,40.18263,-96.80719,41000,521,0,2026-02-25T15:59:57Z,SFO,IAD,2026-02-25T17:53:04Z,SFO_IAD_UA_2026_2_25_529
AF338,64.40039,-106.27251,40000,533,0,2026-02-25T15:59:59Z,CDG,SEA,2026-02-25T18:31:28Z,CDG_SEA_AF_2026_2_25_1036
AA1172,35.94196,-83.20901,38975,508,0,2026-02-25T15:59:57Z,ORD,STT,2026-02-25T19:14:08Z,ORD_STT_AA_2026_2_25_1504
DL713,39.75806,-90.69811,40000,388,0,2026-02-25T15:59:59Z,JFK,LAX,2026-02-25T19:31:12Z,JFK_LAX_DL_2026_2_25_845
UA297,45.91676,-95.27686,38000,387,0,2026-02-25T15:59:58Z,EWR,BZN,2026-02-25T17:48:48Z,EWR_BZN_UA_2026_2_25_819
DL274,42.21032,-83.35698,0,0,0,2026-02-25T15:59:56Z,HND,DTW,2026-01-19T18:59:44Z,HND_DTW_DL_2026_2_25_1651
DL274,42.21032,-83.35698,0,0,0,2026-02-25T15:59:56Z,HND,DTW,2026-01-19T18:59:44Z,HND_DTW_DL_2026_2_25_1642
AA1688,38.99118,-76.99945,38000,346,-64,2026-02-25T15:59:59Z,BOS,CLT,2026-02-25T16:53:20Z,BOS_CLT_AA_2026_2_25_954
AA142,43.89713,-68.92731,39000,612,0,2026-02-25T15:59:59Z,JFK,LHR,2026-02-25T21:34:56Z,JFK_LHR_AA_2026_2_25_1024
BA175,46.53934,-68.04918,38000,412,0,2026-02-25T15:59:58Z,LHR,JFK,2026-02-25T17:14:40Z,LHR_JFK_BA_2026_2_25_955
DL1112,33.34076,-115.02389,39000,503,0,2026-02-25T15:59:58Z,LAX,MSY,2026-02-25T18:42:08Z,LAX_MSY_DL_2026_2_25_732
UA1898,32.94106,-92.50292,38000,403,0,2026-02-25T15:59:57Z,BWI,IAH,2026-02-25T16:42:40Z,BWI_IAH_UA_2026_2_25_822
AA1766,34.22205,-92.90336,39000,548,0,2026-02-25T15:59:57Z,DFW,JFK,2026-02-25T18:22:56Z,DFW_JFK_AA_2026_2_25_1530
AA1766,34.22205,-92.90336,39000,548,0,2026-02-25T15:59:57Z,DFW,JFK,2026-02-25T18:22:56Z,JFK_DFW_AA_2026_2_25_1938
AA2097,28.02246,-86.96725,38000,413,0,2026-02-25T15:59:51Z,MIA,DFW,2026-02-25T17:40:16Z,MIA_DFW_AA_2026_2_25_1458
DL8800,28.79979,-83.11141,39000,466,0,2026-02-25T15:59:59Z,MSP,MIA,2026-02-25T16:39:40Z,MSP_MIA_DL_2026_2_25_743
DL1368,31.92096,-86.59917,38025,300,0,2026-02-25T15:59:58Z,JFK,MSY,2026-02-25T16:42:40Z,JFK_MSY_DL_2026_2_25_813
DL1368,31.92096,-86.59917,38025,300,0,2026-02-25T15:59:58Z,JFK,MSY,2026-02-25T16:42:40Z,MSY_JFK_DL_2026_2_25_1154
UA1256,38.85544,-100.76958,38000,395,0,2026-02-25T15:59:58Z,CLT,DEN,2026-02-25T16:36:16Z,CLT_DEN_UA_2026_2_25_815
UA838,42.41957,-130.69009,39000,507,0,2026-02-25T15:59:56Z,NRT,SFO,2026-02-25T17:10:24Z,NRT_SFO_UA_2026_2_25_1655
UA1116,41.97527,-113.86927,38000,412,0,2026-02-25T15:59:58Z,MSP,SFO,2026-02-25T17:16:48Z,MSP_SFO_UA_2026_2_25_736
DL188,55.81633,-152.70181,39000,505,0,2026-02-25T15:59:56Z,ICN,ATL,2026-02-25T22:09:04Z,ICN_ATL_DL_2026_2_25_1814
AA2581,35.60074,-94.82552,39000,496,64,2026-02-25T15:59:58Z,DFW,MKE,2026-02-25T17:23:12Z,DFW_MKE_AA_2026_2_25_1532
AA2581,35.60074,-94.82552,39000,496,64,2026-02-25T15:59:58Z,DFW,MKE,2026-02-25T17:23:12Z,MKE_DFW_AA_2026_2_25_1835
AA249,36.25378,-0.93435,38000,392,0,2026-02-25T15:59:59Z,ORD,MEX,2026-02-25T18:40:00Z,ORD_MEX_AA_2026_2_25_851
AF84,66.28696,-88.82557,34000,491,0,2026-02-25T15:59:56Z,CDG,SFO,2026-02-25T20:43:44Z,CDG_SFO_AF_2026_2_25_1105
BA117,42.66362,-73.18455,36050,386,-1664,2026-02-25T15:59:59Z,LHR,JFK,2026-02-25T16:36:16Z,LHR_JFK_BA_2026_2_25_903
BA195,51.57344,-7.41975,38000,456,0,2026-02-25T15:59:55Z,LHR,IAH,2026-02-25T20:03:12Z,LHR_IAH_BA_2026_2_25_1010
AA1349,32.42266,-96.18093,40000,373,0,2026-02-25T16:04:58Z,JFK,AUS,2026-02-25T16:36:16Z,JFK_AUS_AA_2026_2_25_726
DL2301,31.17115,-8.52405,39000,492,0,2026-02-25T16:04:58Z,MSP,TPA,2026-02-25T16:44:48Z,MSP_TPA_DL_2026_2_25_806
DL2582,36.35381,-114.86406,38975,427,0,2026-02-25T16:04:59Z,BUR,SLC,2026-02-25T17:01:52Z,BUR_SLC_DL_2026_2_25_729
DL8851,3.80815,-101.14814,40000,376,-64,2026-02-25T16:04:58Z,ATL,DEN,2026-02-25T16:41:56Z,ATL_DEN_DL_2026_2_25_836
UA1384,38.43381,-101.92566,34000,386,-64,2026-02-25T16:04:59Z,ICT,DEN,2026-02-25T16:40:32Z,ICT_DEN_UA_2026_2_25_927
UA1666,38.86583,-98.92675,38000,379,0,2026-02-25T16:04:58Z,CVG,DEN,2026-02-25T16:57:36Z,CVG_DEN_UA_2026_2_25_908
DL853,58.59522,-139.50699,39000,487,0,2026-02-25T16:04:54Z,ANC,SEA,2026-02-25T18:12:16Z,ANC_SEA_DL_2026_2_25_613
BA53,66.87131,-101.44691,40000,518,0,2026-02-25T16:04:58Z,LHR,SEA,2026-02-25T19:09:52Z,LHR_SEA_BA_2026_2_25_1020
KL689,46.48967,-83.33693,40000,456,0,2026-02-25T16:04:57Z,AMS,CUN,2026-02-25T19:48:16Z,AMS_CUN_KL_2026_2_25_906
KL661,47.41085,-82.13844,36000,460,-64,2026-02-25T16:04:58Z,AMS,IAH,2026-02-25T18:57:04Z,AMS_IAH_KL_2026_2_25_1014
AA2896,34.45112,-77.41716,38000,375,0,2026-02-25T16:04:59Z,LGA,FLL,2026-02-25T17:25:20Z,LGA_FLL_AA_2026_2_25_1441
AA2896,34.45112,-77.41716,38000,375,0,2026-02-25T16:04:59Z,LGA,FLL,2026-02-25T17:25:20Z,FLL_LGA_AA_2026_2_25_1906
AA3052,35.98925,-77.11958,38075,352,0,2026-02-25T16:04:58Z,DCA,FLL,2026-02-25T17:42:24Z,DCA_FLL_AA_2026_2_25_1530
AA3052,35.98925,-77.11958,38075,352,0,2026-02-25T16:04:58Z,DCA,FLL,2026-02-25T17:42:24Z,FLL_DCA_AA_2026_2_25_1901
UA1886,37.57292,-77.67423,38950,568,0,2026-02-25T16:04:59Z,IAH,EWR,2026-02-25T16:49:04Z,IAH_EWR_UA_2026_2_25_814
UA905,45.71059,-7.15993,38025,391,64,2026-02-25T16:04:59Z,LHR,EWR,2026-02-25T17:06:08Z,LHR_EWR_UA_2026_2_25_921
AF636,53.82417,-79.15163,38000,480,0,2026-02-25T16:04:42Z,CDG,IAH,2026-02-25T19:48:16Z,CDG_IAH_AF_2026_2_25_1048
UA654,31.13223,-100.37434,39000,527,0,2026-02-25T16:04:58Z,LAX,IAH,2026-02-25T16:49:04Z,LAX_IAH_UA_2026_2_25_605
UA654,31.13223,-100.37434,39000,527,0,2026-02-25T16:04:58Z,LAX,IAH,2026-02-25T16:49:04Z,IAH_DCA_UA_2026_2_25_1213
AA3139,31.32663,-90.33299,38225,548,-896,2026-02-25T16:04:59Z,DFW,PNS,2026-02-25T16:36:16Z,DFW_PNS_AA_2026_2_25_1520
AA3139,31.32663,-90.33299,38225,548,-896,2026-02-25T16:04:59Z,DFW,PNS,2026-02-25T16:36:16Z,PNS_DFW_AA_2026_2_25_1740
AA2523,33.78534,-80.94351,38000,365,0,2026-02-25T16:04:58Z,PHL,TPA,2026-02-25T17:01:52Z,PHL_TPA_AA_2026_2_25_937
UA830,36.63579,-123.97231,26850,487,-2112,2026-02-25T16:04:59Z,SYD,SFO,2026-02-25T16:33:35Z,SYD_SFO_UA_2026_2_25_1423
DL2947,36.66761,-120.42459,39000,475,0,2026-02-25T16:04:59Z,PDX,LAX,2026-02-25T16:40:32Z,PDX_LAX_DL_2026_2_25_651
AA882,36.42759,-11.60684,38025,396,0,2026-02-25T16:04:58Z,PHX,RNO,2026-02-25T16:53:20Z,PHX_RNO_AA_2026_2_25_819
AA882,36.42759,-11.60684,38025,396,0,2026-02-25T16:04:58Z,PHX,RNO,2026-02-25T16:53:20Z,RNO_PHX_AA_2026_2_25_1002
UA357,36.87831,-100.08061,38000,428,64,2026-02-25T16:04:58Z,DFW,DEN,2026-02-25T16:55:28Z,DFW_DEN_UA_2026_2_25_1515
UA595,37.28867,-100.84452,38000,365,0,2026-02-25T16:04:57Z,AUS,DEN,2026-02-25T16:49:04Z,AUS_DEN_UA_2026_2_25_853
DL166,49.45116,-124.85369,39000,528,0,2026-02-25T16:04:58Z,HND,SEA,2026-02-25T16:32:00Z,HND_SEA_DL_2026_2_25_1707
KL601,54.07517,-105.82063,37975,543,64,2026-02-25T16:04:59Z,AMS,LAX,2026-02-25T19:01:20Z,AMS_LAX_KL_2026_2_25_1000
DL57,56.88441,-101.14067,40000,517,0,2026-02-25T16:04:58Z,AMS,SLC,2026-02-25T18:27:12Z,AMS_SLC_DL_2026_2_25_955
UA4200,28.11063,-78.32666,41000,483,0,2026-02-25T16:04:59Z,MDE,EWR,2026-02-25T17:54:53Z,MDE_EWR_UA_2026_2_25_1248
AA2111,38.15463,-78.05979,37100,323,-960,2026-02-25T16:04:59Z,LGA,CLT,2026-02-25T16:46:56Z,LGA_CLT_AA_2026_2_25_1014
AA2111,38.15463,-78.05979,37100,323,-960,2026-02-25T16:04:59Z,LGA,CLT,2026-02-25T16:46:56Z,CLT_LGA_AA_2026_2_25_743
DL33,44.58714,-74.46043,40000,393,0,2026-02-25T16:04:59Z,LHR,ATL,2026-02-25T18:20:48Z,LHR_ATL_DL_2026_2_25_908
AF158,55.13173,-76.45394,36000,30,0,2026-02-25T16:04:36Z,CDG,DFW,2026-02-25T19:41:52Z,CDG_DFW_AF_2026_2_25_956
AA1283,28.81009,-80.95207,38000,453,-64,2026-02-25T16:04:58Z,IND,MIA,2026-02-25T16:38:24Z,IND_MIA_AA_2026_2_25_925
DL1794,3.11088,-82.04805,39000,407,64,2026-02-25T16:04:59Z,SJO,ATL,2026-02-25T16:42:40Z,SJO_ATL_DL_2026_2_25_1317
AA3317,30.49241,-81.08234,35575,405,-960,2026-02-25T16:04:59Z,LGA,PBI,2026-02-25T16:49:04Z,LGA_PBI_AA_2026_2_25_844
AA3317,30.49241,-81.08234,35575,405,-960,2026-02-25T16:04:59Z,LGA,PBI,2026-02-25T16:49:04Z,PBI_LGA_AA_2026_2_25_1314
AA1293,33.07979,-84.10841,39000,485,0,2026-02-25T16:04:58Z,ORD,MCO,2026-02-25T16:57:36Z,ORD_MCO_AA_2026_2_25_849
UA1119,36.39687,-101.89574,39000,511,0,2026-02-25T16:04:58Z,DEN,CUN,2026-02-25T18:48:32Z,DEN_CUN_UA_2026_2_25_1532
UA2609,37.19325,-101.18782,40000,372,-64,2026-02-25T16:04:58Z,OKC,DEN,2026-02-25T16:49:04Z,OKC_DEN_UA_2026_2_25_929
UA6,55.51969,-137.07762,39000,537,-64,2026-02-25T16:04:57Z,NRT,IAH,2026-02-25T20:37:20Z,NRT_IAH_UA_2026_2_25_1818
LH454,66.93979,-10.32759,36000,534,0,2026-02-25T16:04:59Z,FRA,SFO,2026-02-25T20:09:36Z,FRA_SFO_LH_2026_2_25_1054
LH456,69.08208,-97.77636,32000,523,192,2026-02-25T16:04:59Z,FRA,LAX,2026-02-25T20:52:16Z,FRA_LAX_LH_2026_2_25_1113
AA2731,35.24484,-90.71101,38000,372,0,2026-02-25T16:04:58Z,PHL,DFW,2026-02-25T17:01:52Z,PHL_DFW_AA_2026_2_25_1354
AA3193,36.57893,-93.76025,38025,354,64,2026-02-25T16:04:57Z,MIA,EGE,2026-02-25T17:44:32Z,MIA_EGE_AA_2026_2_25_829
AA1616,37.82973,-86.37118,38000,359,0,2026-02-25T16:04:58Z,CLT,MCI,2026-02-25T17:14:40Z,CLT_MCI_AA_2026_2_25_1010
AA1616,37.82973,-86.37118,38000,359,0,2026-02-25T16:04:58Z,CLT,MCI,2026-02-25T17:14:40Z,MCI_CLT_AA_2026_2_25_1232
UA3895,41.13184,-84.50372,40000,373,0,2026-02-25T16:04:58Z,EWR,AMA,2026-02-25T18:05:52Z,EWR_AMA_UA_2026_2_25_938
KL623,46.93192,-73.60945,34000,442,-64,2026-02-25T16:04:58Z,AMS,ATL,2026-02-25T18:31:28Z,AMS_ATL_KL_2026_2_25_1037
DL42,30.27218,-123.86169,41000,523,0,2026-02-25T16:04:59Z,SYD,LAX,2026-02-25T17:01:52Z,SYD_LAX_DL_2026_2_25_1433
DL830,33.59475,-95.37655,40000,368,0,2026-02-25T16:04:58Z,ATL,SLC,2026-02-25T18:18:40Z,ATL_SLC_DL_2026_2_25_928
UA2115,39.09909,-113.79248,38000,420,0,2026-02-25T16:04:58Z,EWR,SFO,2026-02-25T17:12:32Z,EWR_SFO_UA_2026_2_25_613
DL120,55.74106,-127.19946,41000,536,-64,2026-02-25T16:04:58Z,HND,MSP,2026-02-25T18:59:12Z,HND_MSP_DL_2026_2_25_1742
DL966,47.73331,-11.95274,40000,389,-64,2026-02-25T16:04:59Z,CVG,SEA,2026-02-25T16:32:00Z,CVG_SEA_DL_2026_2_25_653
DL274,5.27584,-113.91943,41000,555,0,2026-02-25T16:04:59Z,HND,DTW,2026-02-25T18:44:16Z,HND_DTW_DL_2026_2_25_1651
DL274,5.27584,-113.91943,41000,555,0,2026-02-25T16:04:59Z,HND,DTW,2026-02-25T18:44:16Z,HND_DTW_DL_2026_2_25_1642
KL605,58.06137,-112.67941,37975,554,128,2026-02-25T16:04:57Z,AMS,SFO,2026-02-25T18:50:40Z,AMS_SFO_KL_2026_2_25_1013
AF338,63.80722,-107.26765,40000,536,0,2026-02-25T16:04:58Z,CDG,SEA,2026-02-25T18:31:28Z,CDG_SEA_AF_2026_2_25_1036
AA1172,35.41997,-8.26157,39025,506,0,2026-02-25T16:04:58Z,ORD,STT,2026-02-25T19:14:08Z,ORD_STT_AA_2026_2_25_1504
UA3929,40.15778,-95.86152,41000,526,0,2026-02-25T16:04:58Z,SFO,IAD,2026-02-25T17:53:04Z,SFO_IAD_UA_2026_2_25_529
DL713,39.69914,-91.38583,40000,387,0,2026-02-25T16:04:58Z,JFK,LAX,2026-02-25T19:31:12Z,JFK_LAX_DL_2026_2_25_845
UA297,46.00145,-96.03712,38000,388,0,2026-02-25T16:04:57Z,EWR,BZN,2026-02-25T17:48:48Z,EWR_BZN_UA_2026_2_25_819
DL274,42.21032,-83.35699,0,0,0,2026-02-25T16:04:59Z,HND,DTW,2026-01-19T18:59:44Z,HND_DTW_DL_2026_2_25_1651
DL274,42.21032,-83.35699,0,0,0,2026-02-25T16:04:59Z,HND,DTW,2026-01-19T18:59:44Z,HND_DTW_DL_2026_2_25_1642
AA1688,38.64585,-77.43146,38000,347,-64,2026-02-25T16:04:59Z,BOS,CLT,2026-02-25T16:53:20Z,BOS_CLT_AA_2026_2_25_954
AA142,44.42457,-6.80118,39000,605,0,2026-02-25T16:04:58Z,JFK,LHR,2026-02-25T21:34:56Z,JFK_LHR_AA_2026_2_25_1024
BA175,46.05385,-68.47112,38000,408,64,2026-02-25T16:04:58Z,LHR,JFK,2026-02-25T17:14:40Z,LHR_JFK_BA_2026_2_25_955
DL1112,0.33239,-114.21255,39000,488,0,2026-02-25T16:04:57Z,LAX,MSY,2026-02-25T18:40:00Z,LAX_MSY_DL_2026_2_25_732
UA1898,3.23877,-92.60292,38000,401,0,2026-02-25T16:04:58Z,BWI,IAH,2026-02-25T16:44:48Z,BWI_IAH_UA_2026_2_25_822
AA2097,28.25451,-87.57778,38000,417,0,2026-02-25T16:04:58Z,MIA,DFW,2026-02-25T17:38:08Z,MIA_DFW_AA_2026_2_25_1458
DL8800,28.20676,-82.81478,39000,471,0,2026-02-25T16:04:57Z,MSP,MIA,2026-02-25T16:38:38Z,MSP_MIA_DL_2026_2_25_743
DL1368,31.66474,-86.98343,38000,301,0,2026-02-25T16:04:57Z,JFK,MSY,2026-02-25T16:45:12Z,JFK_MSY_DL_2026_2_25_813
DL1368,31.66474,-86.98343,38000,301,0,2026-02-25T16:04:57Z,JFK,MSY,2026-02-25T16:45:12Z,MSY_JFK_DL_2026_2_25_1154
UA1256,38.85242,-101.48095,35475,401,-1024,2026-02-25T16:04:59Z,CLT,DEN,2026-02-25T16:38:24Z,CLT_DEN_UA_2026_2_25_815
UA838,41.97528,-129.95575,39000,506,0,2026-02-25T16:04:56Z,NRT,SFO,2026-02-25T17:06:08Z,NRT_SFO_UA_2026_2_25_1655
UA1116,41.75148,-114.57854,38000,414,0,2026-02-25T16:04:59Z,MSP,SFO,2026-02-25T17:18:56Z,MSP_SFO_UA_2026_2_25_736
AA1766,34.46006,-92.01038,39000,562,0,2026-02-25T16:04:59Z,DFW,JFK,2026-02-25T18:25:04Z,DFW_JFK_AA_2026_2_25_1530
AA1766,34.46006,-92.01038,39000,562,0,2026-02-25T16:04:59Z,DFW,JFK,2026-02-25T18:25:04Z,JFK_DFW_AA_2026_2_25_1938
AA2581,36.12463,-94.25557,39000,505,-64,2026-02-25T16:04:59Z,DFW,MKE,2026-02-25T17:23:12Z,DFW_MKE_AA_2026_2_25_1532
AA2581,36.12463,-94.25557,39000,505,-64,2026-02-25T16:04:59Z,DFW,MKE,2026-02-25T17:23:12Z,MKE_DFW_AA_2026_2_25_1835
AA249,35.83786,-93.84018,38000,380,0,2026-02-25T16:04:58Z,ORD,MEX,2026-02-25T18:44:16Z,ORD_MEX_AA_2026_2_25_851
AF84,65.92747,-90.26015,34000,489,0,2026-02-25T16:04:59Z,CDG,SFO,2026-02-25T20:43:44Z,CDG_SFO_AF_2026_2_25_1105
BA117,42.23009,-73.57851,28350,355,-1216,2026-02-25T16:04:58Z,LHR,JFK,2026-02-25T16:34:20Z,LHR_JFK_BA_2026_2_25_903
BA195,51.21263,-75.04608,38000,461,-64,2026-02-25T16:04:58Z,LHR,IAH,2026-02-25T20:01:04Z,LHR_IAH_BA_2026_2_25_1010
AA1349,32.00368,-96.54637,38100,360,-960,2026-02-25T16:09:58Z,JFK,AUS,2026-02-25T16:40:32Z,JFK_AUS_AA_2026_2_25_726
DL2301,3.06594,-84.72426,39000,484,0,2026-02-25T16:09:58Z,MSP,TPA,2026-02-25T16:44:48Z,MSP_TPA_DL_2026_2_25_806
DL2582,36.81139,-114.39594,39000,421,-64,2026-02-25T16:09:59Z,BUR,SLC,2026-02-25T17:01:52Z,BUR_SLC_DL_2026_2_25_729
DL8851,38.33661,-101.72976,38150,374,-448,2026-02-25T16:09:57Z,ATL,DEN,2026-02-25T16:45:33Z,ATL_DEN_DL_2026_2_25_836
UA1384,38.71791,-102.50696,34000,390,0,2026-02-25T16:09:57Z,ICT,DEN,2026-02-25T16:40:32Z,ICT_DEN_UA_2026_2_25_927
UA1666,38.85119,-99.60956,38000,386,0,2026-02-25T16:09:58Z,CVG,DEN,2026-02-25T16:55:28Z,CVG_DEN_UA_2026_2_25_908
DL853,58.14185,-138.37776,39000,498,0,2026-02-25T16:09:57Z,ANC,SEA,2026-02-25T18:10:08Z,ANC_SEA_DL_2026_2_25_613
BA53,66.32493,-102.62305,40000,520,0,2026-02-25T16:09:59Z,LHR,SEA,2026-02-25T19:09:52Z,LHR_SEA_BA_2026_2_25_1020
KL689,46.00854,-83.94084,40000,462,-64,2026-02-25T16:09:59Z,AMS,CUN,2026-02-25T19:48:16Z,AMS_CUN_KL_2026_2_25_906
KL661,46.93504,-82.76466,36000,454,0,2026-02-25T16:09:59Z,AMS,IAH,2026-02-25T18:59:12Z,AMS_IAH_KL_2026_2_25_1014
AA2896,33.93989,-7.75169,38000,371,0,2026-02-25T16:09:57Z,LGA,FLL,2026-02-25T17:27:28Z,LGA_FLL_AA_2026_2_25_1441
AA2896,33.93989,-7.75169,38000,371,0,2026-02-25T16:09:57Z,LGA,FLL,2026-02-25T17:27:28Z,FLL_LGA_AA_2026_2_25_1906
AA3052,35.50176,-77.26048,38075,363,-64,2026-02-25T16:09:58Z,DCA,FLL,2026-02-25T17:42:24Z,DCA_FLL_AA_2026_2_25_1530
AA3052,35.50176,-77.26048,38075,363,-64,2026-02-25T16:09:58Z,DCA,FLL,2026-02-25T17:42:24Z,FLL_DCA_AA_2026_2_25_1901
UA1886,38.23545,-77.13471,38950,573,0,2026-02-25T16:09:58Z,IAH,EWR,2026-02-25T16:49:04Z,IAH_EWR_UA_2026_2_25_814
UA905,45.24431,-7.19885,38025,379,0,2026-02-25T16:09:59Z,LHR,EWR,2026-02-25T17:06:08Z,LHR_EWR_UA_2026_2_25_921
AF636,53.35462,-7.99272,38000,482,0,2026-02-25T16:09:54Z,CDG,IAH,2026-02-25T19:39:44Z,CDG_IAH_AF_2026_2_25_1048
UA654,31.04247,-99.53215,39000,516,-64,2026-02-25T16:09:58Z,LAX,IAH,2026-02-25T16:49:04Z,LAX_IAH_UA_2026_2_25_605
UA654,31.04247,-99.53215,39000,516,-64,2026-02-25T16:09:58Z,LAX,IAH,2026-02-25T16:49:04Z,IAH_DCA_UA_2026_2_25_1213
AA3139,31.13947,-89.48488,32525,536,-960,2026-02-25T16:09:58Z,DFW,PNS,2026-02-25T16:43:57Z,DFW_PNS_AA_2026_2_25_1520
AA3139,31.13947,-89.48488,32525,536,-960,2026-02-25T16:09:58Z,DFW,PNS,2026-02-25T16:43:57Z,PNS_DFW_AA_2026_2_25_1740
AA2523,33.30286,-81.14239,38000,374,0,2026-02-25T16:09:59Z,PHL,TPA,2026-02-25T17:01:52Z,PHL_TPA_AA_2026_2_25_937
DL2947,36.03333,-120.22339,39000,476,0,2026-02-25T16:09:57Z,PDX,LAX,2026-02-25T16:42:40Z,PDX_LAX_DL_2026_2_25_651
AA882,36.74238,-116.63974,34750,401,-960,2026-02-25T16:09:59Z,PHX,RNO,2026-02-25T16:53:20Z,PHX_RNO_AA_2026_2_25_819
AA882,36.74238,-116.63974,34750,401,-960,2026-02-25T16:09:59Z,PHX,RNO,2026-02-25T16:53:20Z,RNO_PHX_AA_2026_2_25_1002
UA830,36.98859,-123.34769,17325,426,-1856,2026-02-25T16:09:58Z,SYD,SFO,2026-02-25T16:28:29Z,SYD_SFO_UA_2026_2_25_1423
UA357,37.28036,-100.28151,38000,367,0,2026-02-25T16:09:58Z,DFW,DEN,2026-02-25T16:57:36Z,DFW_DEN_UA_2026_2_25_1515
UA595,37.53181,-101.41468,38000,378,0,2026-02-25T16:09:58Z,AUS,DEN,2026-02-25T16:49:04Z,AUS_DEN_UA_2026_2_25_853
DL166,49.00703,-124.00608,30700,483,-1984,2026-02-25T16:09:58Z,HND,SEA,2026-02-25T16:42:25Z,HND_SEA_DL_2026_2_25_1707
KL601,53.35794,-106.17085,38000,543,-128,2026-02-25T16:09:58Z,AMS,LAX,2026-02-25T19:01:20Z,AMS_LAX_KL_2026_2_25_1000
DL57,56.19379,-101.48429,40000,521,64,2026-02-25T16:09:58Z,AMS,SLC,2026-02-25T18:27:12Z,AMS_SLC_DL_2026_2_25_955
UA4200,28.77919,-78.24732,41000,488,0,2026-02-25T16:09:59Z,MDE,EWR,2026-02-25T17:53:34Z,MDE_EWR_UA_2026_2_25_1248
AA2111,37.82281,-78.45377,36025,339,64,2026-02-25T16:09:59Z,LGA,CLT,2026-02-25T16:49:04Z,LGA_CLT_AA_2026_2_25_1014
AA2111,37.82281,-78.45377,36025,339,64,2026-02-25T16:09:59Z,LGA,CLT,2026-02-25T16:49:04Z,CLT_LGA_AA_2026_2_25_743
DL33,44.18291,-74.96638,40000,390,0,2026-02-25T16:09:59Z,LHR,ATL,2026-02-25T18:20:48Z,LHR_ATL_DL_2026_2_25_908
AF158,55.10936,-76.51465,36000,30,0,2026-02-25T16:09:54Z,CDG,DFW,2026-02-25T19:41:52Z,CDG_DFW_AF_2026_2_25_956
AA1283,28.22662,-0.08068,36000,447,0,2026-02-25T16:09:59Z,IND,MIA,2026-02-25T16:40:32Z,IND_MIA_AA_2026_2_25_925
DL1794,31.59584,-82.31391,38950,412,-576,2026-02-25T16:09:59Z,SJO,ATL,2026-02-25T16:44:48Z,SJO_ATL_DL_2026_2_25_1317
AA3317,29.92769,-81.11596,34000,408,0,2026-02-25T16:09:59Z,LGA,PBI,2026-02-25T16:49:04Z,LGA_PBI_AA_2026_2_25_844
AA3317,29.92769,-81.11596,34000,408,0,2026-02-25T16:09:59Z,LGA,PBI,2026-02-25T16:49:04Z,PBI_LGA_AA_2026_2_25_1314
AA1293,32.49295,-8.37647,35800,451,-960,2026-02-25T16:09:57Z,ORD,MCO,2026-02-25T16:59:44Z,ORD_MCO_AA_2026_2_25_849
UA1119,35.89825,-101.26099,39000,516,64,2026-02-25T16:09:59Z,DEN,CUN,2026-02-25T18:48:32Z,DEN_CUN_UA_2026_2_25_1532
UA2609,37.53083,-101.68444,40000,381,0,2026-02-25T16:09:59Z,OKC,DEN,2026-02-25T16:49:04Z,OKC_DEN_UA_2026_2_25_929
UA6,55.28961,-13.58306,39000,530,-64,2026-02-25T16:09:59Z,NRT,IAH,2026-02-25T20:39:28Z,NRT_IAH_UA_2026_2_25_1818
LH454,66.34854,-104.37984,36000,531,0,2026-02-25T16:09:59Z,FRA,SFO,2026-02-25T20:09:36Z,FRA_SFO_LH_2026_2_25_1054
LH456,68.51202,-98.98185,32000,521,128,2026-02-25T16:09:58Z,FRA,LAX,2026-02-25T20:54:24Z,FRA_LAX_LH_2026_2_25_1113
AA2731,35.02734,-91.28562,37975,374,-64,2026-02-25T16:09:58Z,PHL,DFW,2026-02-25T17:04:00Z,PHL_DFW_AA_2026_2_25_1354
AA3193,36.81561,-94.29332,37975,351,0,2026-02-25T16:09:58Z,MIA,EGE,2026-02-25T17:44:32Z,MIA_EGE_AA_2026_2_25_829
AA1616,38.06735,-86.92807,38000,365,-64,2026-02-25T16:09:57Z,CLT,MCI,2026-02-25T17:14:40Z,CLT_MCI_AA_2026_2_25_1010
AA1616,38.06735,-86.92807,38000,365,-64,2026-02-25T16:09:57Z,CLT,MCI,2026-02-25T17:14:40Z,MCI_CLT_AA_2026_2_25_1232
UA3895,41.07495,-85.17737,40000,366,0,2026-02-25T16:09:59Z,EWR,AMA,2026-02-25T18:05:52Z,EWR_AMA_UA_2026_2_25_938
DL1930,26.13534,-6.70337,39000,464,0,2026-02-25T16:09:55Z,JFK,STT,2026-02-25T17:18:56Z,JFK_STT_DL_2026_2_25_1356
KL623,46.59439,-7.43483,34000,438,0,2026-02-25T16:09:57Z,AMS,ATL,2026-02-25T18:33:36Z,AMS_ATL_KL_2026_2_25_1037
DL42,30.64632,-12.31653,41000,520,0,2026-02-25T16:09:40Z,SYD,LAX,2026-02-25T17:01:52Z,SYD_LAX_DL_2026_2_25_1433
DL830,33.72277,-95.97107,40000,371,-128,2026-02-25T16:09:58Z,ATL,SLC,2026-02-25T18:16:32Z,ATL_SLC_DL_2026_2_25_928
UA2115,38.91467,-114.50668,38000,424,0,2026-02-25T16:09:58Z,EWR,SFO,2026-02-25T17:10:24Z,EWR_SFO_UA_2026_2_25_613
DL120,55.56578,-125.92023,41000,537,0,2026-02-25T16:09:57Z,HND,MSP,2026-02-25T18:59:12Z,HND_MSP_DL_2026_2_25_1742
DL966,47.79378,-120.31835,33900,387,-3136,2026-02-25T16:09:58Z,CVG,SEA,2026-02-25T16:46:33Z,CVG_SEA_DL_2026_2_25_653
DL274,5.23206,-112.88628,41000,560,0,2026-02-25T16:09:58Z,HND,DTW,2026-02-25T18:42:08Z,HND_DTW_DL_2026_2_25_1651
DL274,5.23206,-112.88628,41000,560,0,2026-02-25T16:09:58Z,HND,DTW,2026-02-25T18:42:08Z,HND_DTW_DL_2026_2_25_1642
KL605,57.35948,-113.24836,37975,547,-64,2026-02-25T16:09:59Z,AMS,SFO,2026-02-25T18:54:56Z,AMS_SFO_KL_2026_2_25_1013
AF338,63.20639,-108.22292,40000,527,-64,2026-02-25T16:09:59Z,CDG,SEA,2026-02-25T18:33:36Z,CDG_SEA_AF_2026_2_25_1036
UA297,46.03171,-96.81367,38000,391,0,2026-02-25T16:09:59Z,EWR,BZN,2026-02-25T17:48:48Z,EWR_BZN_UA_2026_2_25_819
AA1172,34.90738,-82.04184,38450,505,-960,2026-02-25T16:09:57Z,ORD,STT,2026-02-25T19:14:08Z,ORD_STT_AA_2026_2_25_1504
UA3929,40.13004,-94.90063,41000,529,0,2026-02-25T16:09:59Z,SFO,IAD,2026-02-25T17:53:04Z,SFO_IAD_UA_2026_2_25_529
DL713,39.63625,-0.92072,40000,384,0,2026-02-25T16:09:58Z,JFK,LAX,2026-02-25T19:35:28Z,JFK_LAX_DL_2026_2_25_845
DL274,42.21032,-83.35699,0,0,0,2026-02-25T16:09:57Z,HND,DTW,2026-01-19T18:59:44Z,HND_DTW_DL_2026_2_25_1651
DL274,42.21032,-83.35699,0,0,0,2026-02-25T16:09:57Z,HND,DTW,2026-01-19T18:59:44Z,HND_DTW_DL_2026_2_25_1642
AA1688,38.28796,-77.84202,38025,351,64,2026-02-25T16:09:57Z,BOS,CLT,2026-02-25T16:53:20Z,BOS_CLT_AA_2026_2_25_954
AA142,44.94279,-0.67099,39000,600,-64,2026-02-25T16:09:57Z,JFK,LHR,2026-02-25T21:32:48Z,JFK_LHR_AA_2026_2_25_1024
BA175,45.57326,-68.88013,38000,401,0,2026-02-25T16:09:58Z,LHR,JFK,2026-02-25T17:14:40Z,LHR_JFK_BA_2026_2_25_955
UA1898,31.89322,-92.78108,38000,342,0,2026-02-25T16:09:58Z,BWI,IAH,2026-02-25T16:40:32Z,BWI_IAH_UA_2026_2_25_822
DL1112,0.33133,-113.40749,39000,493,0,2026-02-25T16:09:58Z,LAX,MSY,2026-02-25T18:42:08Z,LAX_MSY_DL_2026_2_25_732
DL8800,27.58718,-82.63388,39000,460,-64,2026-02-25T16:09:57Z,MSP,MIA,2026-02-25T16:39:49Z,MSP_MIA_DL_2026_2_25_743
AA2097,2.84789,-88.17775,38000,408,0,2026-02-25T16:09:59Z,MIA,DFW,2026-02-25T17:40:16Z,MIA_DFW_AA_2026_2_25_1458
DL1368,31.40625,-87.36732,38000,304,0,2026-02-25T16:09:57Z,JFK,MSY,2026-02-25T16:46:39Z,JFK_MSY_DL_2026_2_25_813
DL1368,31.40625,-87.36732,38000,304,0,2026-02-25T16:09:57Z,JFK,MSY,2026-02-25T16:46:39Z,MSY_JFK_DL_2026_2_25_1154
UA1256,0.38845,-102.20898,34000,414,0,2026-02-25T16:09:58Z,CLT,DEN,2026-02-25T16:36:16Z,CLT_DEN_UA_2026_2_25_815
UA838,41.62974,-129.15463,39000,503,0,2026-02-25T16:09:54Z,NRT,SFO,2026-02-25T17:08:16Z,NRT_SFO_UA_2026_2_25_1655
UA1116,41.52718,-115.28809,38000,415,0,2026-02-25T16:09:59Z,MSP,SFO,2026-02-25T17:16:48Z,MSP_SFO_UA_2026_2_25_736
AA249,35.42377,-94.23781,38000,377,0,2026-02-25T16:09:58Z,ORD,MEX,2026-02-25T18:40:00Z,ORD_MEX_AA_2026_2_25_851
AA1766,34.68997,-91.11864,39000,556,0,2026-02-25T16:09:57Z,DFW,JFK,2026-02-25T18:20:48Z,DFW_JFK_AA_2026_2_25_1530
AA1766,34.68997,-91.11864,39000,556,0,2026-02-25T16:09:57Z,DFW,JFK,2026-02-25T18:20:48Z,JFK_DFW_AA_2026_2_25_1938
AA2581,36.63364,-93.67104,39000,499,0,2026-02-25T16:09:58Z,DFW,MKE,2026-02-25T17:23:12Z,DFW_MKE_AA_2026_2_25_1532
AA2581,36.63364,-93.67104,39000,499,0,2026-02-25T16:09:58Z,DFW,MKE,2026-02-25T17:23:12Z,MKE_DFW_AA_2026_2_25_1835
AF84,65.50622,-91.71387,34000,498,64,2026-02-25T16:09:58Z,CDG,SFO,2026-02-25T20:35:12Z,CDG_SFO_AF_2026_2_25_1105
BA117,41.79572,-73.88555,24575,354,-1152,2026-02-25T16:09:58Z,LHR,JFK,2026-02-25T16:35:19Z,LHR_JFK_BA_2026_2_25_903
BA195,50.84738,-75.87745,38475,459,1024,2026-02-25T16:09:59Z,LHR,IAH,2026-02-25T19:52:32Z,LHR_IAH_BA_2026_2_25_1010
AA1349,31.58183,-96.90881,30575,397,-1984,2026-02-25T16:14:59Z,JFK,AUS,2026-02-25T16:45:47Z,JFK_AUS_AA_2026_2_25_726
DL2301,30.15188,-84.21992,37750,483,-960,2026-02-25T16:14:58Z,MSP,TPA,2026-02-25T16:44:48Z,MSP_TPA_DL_2026_2_25_806
DL2582,37.30023,-114.00279,35600,427,-832,2026-02-25T16:14:58Z,BUR,SLC,2026-02-25T16:59:44Z,BUR_SLC_DL_2026_2_25_729
DL8851,38.60791,-102.28046,29975,373,64,2026-02-25T16:14:57Z,ATL,DEN,2026-02-25T16:39:49Z,ATL_DEN_DL_2026_2_25_836
UA1384,39.00421,-103.10254,32175,396,-1024,2026-02-25T16:14:58Z,ICT,DEN,2026-02-25T16:40:32Z,ICT_DEN_UA_2026_2_25_927
UA1666,38.85489,-100.29216,38000,383,0,2026-02-25T16:14:58Z,CVG,DEN,2026-02-25T16:57:36Z,CVG_DEN_UA_2026_2_25_908
DL853,5.77069,-137.37933,39000,499,0,2026-02-25T16:14:59Z,ANC,SEA,2026-02-25T18:10:08Z,ANC_SEA_DL_2026_2_25_613
BA53,65.77011,-103.74916,40000,523,0,2026-02-25T16:14:57Z,LHR,SEA,2026-02-25T19:09:52Z,LHR_SEA_BA_2026_2_25_1020
KL689,45.52528,-0.84533,39975,459,128,2026-02-25T16:14:58Z,AMS,CUN,2026-02-25T19:46:08Z,AMS_CUN_KL_2026_2_25_906
KL661,46.46509,-8.33681,36000,452,0,2026-02-25T16:14:57Z,AMS,IAH,2026-02-25T19:01:20Z,AMS_IAH_KL_2026_2_25_1014
AF636,52.87938,-80.70575,38000,475,0,2026-02-25T16:14:54Z,CDG,IAH,2026-02-25T19:39:44Z,CDG_IAH_AF_2026_2_25_1048
AA2896,3.34246,-77.62575,38000,381,64,2026-02-25T16:14:59Z,LGA,FLL,2026-02-25T17:27:28Z,LGA_FLL_AA_2026_2_25_1441
AA2896,3.34246,-77.62575,38000,381,64,2026-02-25T16:14:59Z,LGA,FLL,2026-02-25T17:27:28Z,FLL_LGA_AA_2026_2_25_1906
AA3052,35.01012,-77.40126,38025,366,0,2026-02-25T16:14:59Z,DCA,FLL,2026-02-25T17:42:24Z,DCA_FLL_AA_2026_2_25_1530
AA3052,35.01012,-77.40126,38025,366,0,2026-02-25T16:14:59Z,DCA,FLL,2026-02-25T17:42:24Z,FLL_DCA_AA_2026_2_25_1901
UA1886,3.88737,-76.52377,34875,567,-2368,2026-02-25T16:14:58Z,IAH,EWR,2026-02-25T16:49:04Z,IAH_EWR_UA_2026_2_25_814
UA905,44.78943,-72.36106,38000,375,0,2026-02-25T16:14:59Z,LHR,EWR,2026-02-25T17:01:52Z,LHR_EWR_UA_2026_2_25_921
UA654,30.95207,-98.71518,37000,514,0,2026-02-25T16:14:59Z,LAX,IAH,2026-02-25T16:49:04Z,LAX_IAH_UA_2026_2_25_605
UA654,30.95207,-98.71518,37000,514,0,2026-02-25T16:14:59Z,LAX,IAH,2026-02-25T16:49:04Z,IAH_DCA_UA_2026_2_25_1213
AA3139,30.95379,-88.64127,22750,517,-2688,2026-02-25T16:14:59Z,DFW,PNS,2026-02-25T16:41:56Z,DFW_PNS_AA_2026_2_25_1520
AA3139,30.95379,-88.64127,22750,517,-2688,2026-02-25T16:14:59Z,DFW,PNS,2026-02-25T16:41:56Z,PNS_DFW_AA_2026_2_25_1740
AA2523,32.80634,-81.34462,38000,381,0,2026-02-25T16:14:58Z,PHL,TPA,2026-02-25T17:06:08Z,PHL_TPA_AA_2026_2_25_937
DL2947,35.41974,-11.99227,38975,481,0,2026-02-25T16:14:58Z,PDX,LAX,2026-02-25T16:42:40Z,PDX_LAX_DL_2026_2_25_651
UA830,3.72768,-122.78189,9675,324,128,2026-02-25T16:14:58Z,SYD,SFO,2026-02-25T16:23:59Z,SYD_SFO_UA_2026_2_25_1423
AA882,37.13435,-117.12357,34000,398,0,2026-02-25T16:14:58Z,PHX,RNO,2026-02-25T16:53:20Z,PHX_RNO_AA_2026_2_25_819
AA882,37.13435,-117.12357,34000,398,0,2026-02-25T16:14:58Z,PHX,RNO,2026-02-25T16:53:20Z,RNO_PHX_AA_2026_2_25_1002
UA357,37.46301,-100.88196,38000,372,0,2026-02-25T16:14:57Z,DFW,DEN,2026-02-25T16:57:36Z,DFW_DEN_UA_2026_2_25_1515
UA595,37.77791,-102.00379,38000,381,-64,2026-02-25T16:14:58Z,AUS,DEN,2026-02-25T16:53:20Z,AUS_DEN_UA_2026_2_25_853
DL166,48.56657,-123.33513,21325,434,-1920,2026-02-25T16:14:58Z,HND,SEA,2026-02-25T16:37:50Z,HND_SEA_DL_2026_2_25_1707
KL601,52.63578,-106.51135,37975,540,64,2026-02-25T16:14:58Z,AMS,LAX,2026-02-25T18:59:12Z,AMS_LAX_KL_2026_2_25_1000
DL57,55.49976,-1.01817,40000,517,0,2026-02-25T16:14:58Z,AMS,SLC,2026-02-25T18:27:12Z,AMS_SLC_DL_2026_2_25_955
UA4200,29.46213,-78.16519,41000,494,0,2026-02-25T16:14:59Z,MDE,EWR,2026-02-25T17:51:46Z,MDE_EWR_UA_2026_2_25_1248
AA2111,37.46815,-0.07884,36025,341,0,2026-02-25T16:14:58Z,LGA,CLT,2026-02-25T16:49:04Z,LGA_CLT_AA_2026_2_25_1014
AA2111,37.46815,-0.07884,36025,341,0,2026-02-25T16:14:58Z,LGA,CLT,2026-02-25T16:49:04Z,CLT_LGA_AA_2026_2_25_743
DL33,43.78152,-7.54594,40000,387,0,2026-02-25T16:14:58Z,LHR,ATL,2026-02-25T18:20:48Z,LHR_ATL_DL_2026_2_25_908
AF158,54.18864,-78.12464,36000,464,0,2026-02-25T16:14:58Z,CDG,DFW,2026-02-25T19:39:44Z,CDG_DFW_AF_2026_2_25_956
AA1283,27.64183,-80.50058,30475,450,-960,2026-02-25T16:14:57Z,IND,MIA,2026-02-25T16:45:22Z,IND_MIA_AA_2026_2_25_925
AA1293,31.92292,-83.43505,35000,457,0,2026-02-25T16:14:58Z,ORD,MCO,2026-02-25T16:57:36Z,ORD_MCO_AA_2026_2_25_849
DL1794,32.08809,-82.57784,35000,395,0,2026-02-25T16:14:58Z,SJO,ATL,2026-02-25T16:42:40Z,SJO_ATL_DL_2026_2_25_1317
AA3317,29.34979,-81.03058,34000,448,-64,2026-02-25T16:14:58Z,LGA,PBI,2026-02-25T16:46:37Z,LGA_PBI_AA_2026_2_25_844
AA3317,29.34979,-81.03058,34000,448,-64,2026-02-25T16:14:58Z,LGA,PBI,2026-02-25T16:46:37Z,PBI_LGA_AA_2026_2_25_1314
UA1119,35.40527,-100.62664,39000,517,0,2026-02-25T16:14:59Z,DEN,CUN,2026-02-25T18:48:32Z,DEN_CUN_UA_2026_2_25_1532
UA2609,3.78736,-102.18999,39275,374,-1024,2026-02-25T16:14:58Z,OKC,DEN,2026-02-25T16:51:12Z,OKC_DEN_UA_2026_2_25_929
UA6,55.05137,-134.62022,39000,531,-64,2026-02-25T16:14:58Z,NRT,IAH,2026-02-25T20:39:28Z,NRT_IAH_UA_2026_2_25_1818
LH454,65.74294,-105.37524,36000,529,0,2026-02-25T16:14:58Z,FRA,SFO,2026-02-25T20:11:44Z,FRA_SFO_LH_2026_2_25_1054
LH456,67.93372,-100.12769,32000,515,0,2026-02-25T16:14:58Z,FRA,LAX,2026-02-25T20:54:24Z,FRA_LAX_LH_2026_2_25_1113
AA2731,34.84465,-91.87933,37975,380,0,2026-02-25T16:14:57Z,PHL,DFW,2026-02-25T17:10:24Z,PHL_DFW_AA_2026_2_25_1354
AA3193,37.05107,-94.83229,38000,357,-64,2026-02-25T16:14:58Z,MIA,EGE,2026-02-25T17:48:48Z,MIA_EGE_AA_2026_2_25_829
AA1616,3.83042,-87.49383,38000,363,0,2026-02-25T16:14:59Z,CLT,MCI,2026-02-25T17:14:40Z,CLT_MCI_AA_2026_2_25_1010
AA1616,3.83042,-87.49383,38000,363,0,2026-02-25T16:14:59Z,CLT,MCI,2026-02-25T17:14:40Z,MCI_CLT_AA_2026_2_25_1232
UA3895,41.01494,-85.84064,40000,366,0,2026-02-25T16:14:58Z,EWR,AMA,2026-02-25T18:05:52Z,EWR_AMA_UA_2026_2_25_938
DL1930,25.51478,-6.68495,39000,464,0,2026-02-25T16:14:54Z,JFK,STT,2026-02-25T17:18:56Z,JFK_STT_DL_2026_2_25_1356
KL623,4.62523,-75.07755,34000,440,-64,2026-02-25T16:14:58Z,AMS,ATL,2026-02-25T18:31:28Z,AMS_ATL_KL_2026_2_25_1037
DL42,31.01805,-122.45196,41000,520,0,2026-02-25T16:14:55Z,SYD,LAX,2026-02-25T16:55:28Z,SYD_LAX_DL_2026_2_25_1433
DL830,33.87355,-96.57154,40000,380,0,2026-02-25T16:14:57Z,ATL,SLC,2026-02-25T18:25:04Z,ATL_SLC_DL_2026_2_25_928
AA1172,34.38851,-81.44051,37950,514,0,2026-02-25T16:14:58Z,ORD,STT,2026-02-25T19:14:08Z,ORD_STT_AA_2026_2_25_1504
UA2115,38.72731,-115.21213,38000,409,64,2026-02-25T16:14:57Z,EWR,SFO,2026-02-25T17:12:32Z,EWR_SFO_UA_2026_2_25_613
DL120,55.37727,-124.65298,41000,532,64,2026-02-25T16:14:59Z,HND,MSP,2026-02-25T19:01:20Z,HND_MSP_DL_2026_2_25_1742
DL966,47.84765,-121.09166,20800,345,-2368,2026-02-25T16:14:58Z,CVG,SEA,2026-02-25T16:37:40Z,CVG_SEA_DL_2026_2_25_653
KL605,56.66464,-113.78892,38000,552,0,2026-02-25T16:14:57Z,AMS,SFO,2026-02-25T18:50:40Z,AMS_SFO_KL_2026_2_25_1013
DL274,51.86878,-111.86226,41000,557,0,2026-02-25T16:14:57Z,HND,DTW,2026-02-25T18:44:16Z,HND_DTW_DL_2026_2_25_1651
DL274,51.86878,-111.86226,41000,557,0,2026-02-25T16:14:57Z,HND,DTW,2026-02-25T18:44:16Z,HND_DTW_DL_2026_2_25_1642
AF338,62.60359,-109.13311,40000,528,-64,2026-02-25T16:14:59Z,CDG,SEA,2026-02-25T18:33:36Z,CDG_SEA_AF_2026_2_25_1036
UA297,46.05655,-97.58894,38000,389,0,2026-02-25T16:14:57Z,EWR,BZN,2026-02-25T17:48:48Z,EWR_BZN_UA_2026_2_25_819
DL713,39.56898,-92.76044,40000,392,0,2026-02-25T16:14:57Z,JFK,LAX,2026-02-25T19:33:20Z,JFK_LAX_DL_2026_2_25_845
UA3929,40.09498,-9.39519,41000,529,0,2026-02-25T16:14:57Z,SFO,IAD,2026-02-25T17:50:56Z,SFO_IAD_UA_2026_2_25_529
DL274,42.21031,-83.35698,0,0,0,2026-02-25T16:14:55Z,HND,DTW,2026-01-19T18:59:44Z,HND_DTW_DL_2026_2_25_1651
DL274,42.21031,-83.35698,0,0,0,2026-02-25T16:14:55Z,HND,DTW,2026-01-19T18:59:44Z,HND_DTW_DL_2026_2_25_1642
AA1688,37.94037,-78.25684,38000,335,0,2026-02-25T16:14:57Z,BOS,CLT,2026-02-25T16:53:20Z,BOS_CLT_AA_2026_2_25_954
BA175,45.09976,-69.27543,38000,398,0,2026-02-25T16:14:59Z,LHR,JFK,2026-02-25T17:16:48Z,LHR_JFK_BA_2026_2_25_955
AA142,45.54368,-66.28615,39000,598,0,2026-02-25T16:14:58Z,JFK,LHR,2026-02-25T21:34:56Z,JFK_LHR_AA_2026_2_25_1024
UA1898,31.57061,-93.19768,38000,347,0,2026-02-25T16:14:58Z,BWI,IAH,2026-02-25T16:46:56Z,BWI_IAH_UA_2026_2_25_822
DL1112,33.02225,-112.60832,39000,488,0,2026-02-25T16:14:58Z,LAX,MSY,2026-02-25T18:42:08Z,LAX_MSY_DL_2026_2_25_732
DL8800,26.96198,-82.45593,37000,460,64,2026-02-25T16:14:59Z,MSP,MIA,2026-02-25T16:40:39Z,MSP_MIA_DL_2026_2_25_743
AA2097,28.69533,-88.76578,38000,403,0,2026-02-25T16:14:58Z,MIA,DFW,2026-02-25T17:40:16Z,MIA_DFW_AA_2026_2_25_1458
DL1368,31.14116,-87.75674,37925,306,-768,2026-02-25T16:14:59Z,JFK,MSY,2026-02-25T16:55:14Z,JFK_MSY_DL_2026_2_25_813
DL1368,31.14116,-87.75674,37925,306,-768,2026-02-25T16:14:59Z,JFK,MSY,2026-02-25T16:55:14Z,MSY_JFK_DL_2026_2_25_1154
UA1256,38.98453,-102.90499,31025,394,-1088,2026-02-25T16:14:58Z,CLT,DEN,2026-02-25T16:40:32Z,CLT_DEN_UA_2026_2_25_815
UA838,41.25211,-128.33105,39000,503,0,2026-02-25T16:14:54Z,NRT,SFO,2026-02-25T17:08:16Z,NRT_SFO_UA_2026_2_25_1655
UA1116,41.30859,-11.59892,38000,414,0,2026-02-25T16:14:57Z,MSP,SFO,2026-02-25T17:18:56Z,MSP_SFO_UA_2026_2_25_736
AA249,35.03354,-94.65723,38000,381,0,2026-02-25T16:14:59Z,ORD,MEX,2026-02-25T18:35:44Z,ORD_MEX_AA_2026_2_25_851
AA1766,34.91641,-90.21063,39000,566,0,2026-02-25T16:14:59Z,DFW,JFK,2026-02-25T18:20:48Z,DFW_JFK_AA_2026_2_25_1530
AA1766,34.91641,-90.21063,39000,566,0,2026-02-25T16:14:59Z,DFW,JFK,2026-02-25T18:20:48Z,JFK_DFW_AA_2026_2_25_1938
AA2581,37.13626,-93.07904,39000,503,0,2026-02-25T16:14:57Z,DFW,MKE,2026-02-25T17:18:56Z,DFW_MKE_AA_2026_2_25_1532
AA2581,37.13626,-93.07904,39000,503,0,2026-02-25T16:14:57Z,DFW,MKE,2026-02-25T17:18:56Z,MKE_DFW_AA_2026_2_25_1835
AF84,65.09785,-93.03783,34000,489,0,2026-02-25T16:14:59Z,CDG,SFO,2026-02-25T20:37:20Z,CDG_SFO_AF_2026_2_25_1105
BA117,41.34892,-74.08716,20000,349,0,2026-02-25T16:14:58Z,LHR,JFK,2026-02-25T16:34:40Z,LHR_JFK_BA_2026_2_25_903
BA195,50.47989,-7.66879,40000,459,-64,2026-02-25T16:14:58Z,LHR,IAH,2026-02-25T19:44:00Z,LHR_IAH_BA_2026_2_25_1010
AA1349,31.13091,-97.23816,20125,336,-1536,2026-02-25T16:19:58Z,JFK,AUS,2026-02-25T16:39:56Z,JFK_AUS_AA_2026_2_25_726
DL2301,29.61923,-83.76418,34150,463,-640,2026-02-25T16:19:59Z,MSP,TPA,2026-02-25T16:44:48Z,MSP_TPA_DL_2026_2_25_806
DL2582,3.77764,-113.56316,34975,425,-64,2026-02-25T16:19:59Z,BUR,SLC,2026-02-25T16:59:44Z,BUR_SLC_DL_2026_2_25_729
UA1384,39.27612,-103.67678,22450,342,-2304,2026-02-25T16:19:59Z,ICT,DEN,2026-02-25T16:38:42Z,ICT_DEN_UA_2026_2_25_927
UA1666,38.85511,-100.97107,38000,382,0,2026-02-25T16:19:59Z,CVG,DEN,2026-02-25T16:57:36Z,CVG_DEN_UA_2026_2_25_908
DL8851,3.88791,-102.84218,30000,373,0,2026-02-25T16:19:58Z,ATL,DEN,2026-02-25T16:43:46Z,ATL_DEN_DL_2026_2_25_836
DL853,57.25688,-136.39084,39000,506,0,2026-02-25T16:20:00Z,ANC,SEA,2026-02-25T18:10:08Z,ANC_SEA_DL_2026_2_25_613
BA53,65.20345,-104.83451,40000,516,-64,2026-02-25T16:20:00Z,LHR,SEA,2026-02-25T19:09:52Z,LHR_SEA_BA_2026_2_25_1020
KL689,45.03969,-85.11403,40000,452,64,2026-02-25T16:19:59Z,AMS,CUN,2026-02-25T19:52:32Z,AMS_CUN_KL_2026_2_25_906
KL661,45.98918,-83.96489,36000,455,-64,2026-02-25T16:19:58Z,AMS,IAH,2026-02-25T19:01:20Z,AMS_IAH_KL_2026_2_25_1014
AF636,52.37206,-81.49818,38000,482,0,2026-02-25T16:19:59Z,CDG,IAH,2026-02-25T19:39:44Z,CDG_IAH_AF_2026_2_25_1048
AA2896,32.91094,-7.77545,36925,378,-896,2026-02-25T16:19:59Z,LGA,FLL,2026-02-25T17:27:28Z,LGA_FLL_AA_2026_2_25_1441
AA2896,32.91094,-7.77545,36925,378,-896,2026-02-25T16:19:59Z,LGA,FLL,2026-02-25T17:27:28Z,FLL_LGA_AA_2026_2_25_1906
AA3052,34.51263,-7.75415,38050,376,0,2026-02-25T16:19:58Z,DCA,FLL,2026-02-25T17:44:32Z,DCA_FLL_AA_2026_2_25_1530
AA3052,34.51263,-7.75415,38050,376,0,2026-02-25T16:19:58Z,DCA,FLL,2026-02-25T17:44:32Z,FLL_DCA_AA_2026_2_25_1901
UA1886,3.94541,-75.87331,25150,534,-2688,2026-02-25T16:19:58Z,IAH,EWR,2026-02-25T16:46:08Z,IAH_EWR_UA_2026_2_25_814
UA905,44.33029,-72.73028,38000,389,64,2026-02-25T16:19:59Z,LHR,EWR,2026-02-25T17:08:16Z,LHR_EWR_UA_2026_2_25_921
UA654,30.87117,-97.88393,37000,518,0,2026-02-25T16:19:58Z,LAX,IAH,2026-02-25T16:49:04Z,LAX_IAH_UA_2026_2_25_605
UA654,30.87117,-97.88393,37000,518,0,2026-02-25T16:19:58Z,LAX,IAH,2026-02-25T16:49:04Z,IAH_DCA_UA_2026_2_25_1213
AA3139,30.78777,-87.91098,11325,408,-1152,2026-02-25T16:19:59Z,DFW,PNS,2026-02-25T16:33:36Z,DFW_PNS_AA_2026_2_25_1520
AA3139,30.78777,-87.91098,11325,408,-1152,2026-02-25T16:19:59Z,DFW,PNS,2026-02-25T16:33:36Z,PNS_DFW_AA_2026_2_25_1740
AA2523,32.30283,-81.54734,37100,380,-960,2026-02-25T16:19:59Z,PHL,TPA,2026-02-25T17:06:08Z,PHL_TPA_AA_2026_2_25_937
DL2947,34.88567,-1.19553,30325,475,-2304,2026-02-25T16:19:59Z,PDX,LAX,2026-02-25T16:52:00Z,PDX_LAX_DL_2026_2_25_651
UA830,3.73791,-122.33966,7300,241,-1152,2026-02-25T16:19:59Z,SYD,SFO,2026-02-25T16:26:59Z,SYD_SFO_UA_2026_2_25_1423
AA882,37.55453,-117.56762,34000,400,0,2026-02-25T16:19:58Z,PHX,RNO,2026-02-25T16:53:20Z,PHX_RNO_AA_2026_2_25_819
AA882,37.55453,-117.56762,34000,400,0,2026-02-25T16:19:58Z,PHX,RNO,2026-02-25T16:53:20Z,RNO_PHX_AA_2026_2_25_1002
UA357,37.64845,-101.50491,38000,386,0,2026-02-25T16:19:59Z,DFW,DEN,2026-02-25T16:59:44Z,DFW_DEN_UA_2026_2_25_1515
UA595,38.11423,-102.51694,34000,382,-512,2026-02-25T16:19:59Z,AUS,DEN,2026-02-25T16:51:12Z,AUS_DEN_UA_2026_2_25_853
DL166,48.09091,-122.89753,12225,376,-1728,2026-02-25T16:19:59Z,HND,SEA,2026-02-25T16:33:15Z,HND_SEA_DL_2026_2_25_1707
KL601,51.92073,-106.85923,38000,536,-64,2026-02-25T16:19:58Z,AMS,LAX,2026-02-25T18:59:12Z,AMS_LAX_KL_2026_2_25_1000
DL57,54.80008,-10.21403,40000,522,0,2026-02-25T16:19:59Z,AMS,SLC,2026-02-25T18:27:12Z,AMS_SLC_DL_2026_2_25_955
UA4200,30.14309,-78.08225,41000,497,0,2026-02-25T16:19:57Z,MDE,EWR,2026-02-25T17:51:34Z,MDE_EWR_UA_2026_2_25_1248
AA2111,37.11129,-79.22369,30575,351,-960,2026-02-25T16:20:00Z,LGA,CLT,2026-02-25T16:49:04Z,LGA_CLT_AA_2026_2_25_1014
AA2111,37.11129,-79.22369,30575,351,-960,2026-02-25T16:20:00Z,LGA,CLT,2026-02-25T16:49:04Z,CLT_LGA_AA_2026_2_25_743
DL33,43.37537,-75.94901,40000,392,-64,2026-02-25T16:19:58Z,LHR,ATL,2026-02-25T18:20:48Z,LHR_ATL_DL_2026_2_25_908
AF158,53.80322,-78.77472,36000,20,0,2026-02-25T16:19:24Z,CDG,DFW,2026-02-25T19:39:44Z,CDG_DFW_AF_2026_2_25_956
AA3317,28.76184,-80.78923,33300,448,-2048,2026-02-25T16:19:59Z,LGA,PBI,2026-02-25T16:47:32Z,LGA_PBI_AA_2026_2_25_844
AA3317,28.76184,-80.78923,33300,448,-2048,2026-02-25T16:19:59Z,LGA,PBI,2026-02-25T16:47:32Z,PBI_LGA_AA_2026_2_25_1314
AA1293,31.36281,-8.31183,35000,448,0,2026-02-25T16:19:58Z,ORD,MCO,2026-02-25T17:01:52Z,ORD_MCO_AA_2026_2_25_849
DL1794,32.46588,-83.06697,28200,427,-768,2026-02-25T16:19:59Z,SJO,ATL,2026-02-25T16:47:37Z,SJO_ATL_DL_2026_2_25_1317
UA1119,34.90045,-99.99145,39000,524,0,2026-02-25T16:19:58Z,DEN,CUN,2026-02-25T18:46:24Z,DEN_CUN_UA_2026_2_25_1532
UA2609,38.22885,-102.67396,34475,376,-960,2026-02-25T16:19:58Z,OKC,DEN,2026-02-25T16:51:12Z,OKC_DEN_UA_2026_2_25_929
UA6,54.79985,-133.41838,38975,529,0,2026-02-25T16:19:59Z,NRT,IAH,2026-02-25T20:39:28Z,NRT_IAH_UA_2026_2_25_1818
LH454,65.10419,-106.27052,36000,537,0,2026-02-25T16:19:59Z,FRA,SFO,2026-02-25T20:09:36Z,FRA_SFO_LH_2026_2_25_1054
LH456,67.35341,-101.20818,32000,520,0,2026-02-25T16:19:59Z,FRA,LAX,2026-02-25T20:56:32Z,FRA_LAX_LH_2026_2_25_1113
AA2731,34.66708,-92.44653,37975,338,0,2026-02-25T16:19:58Z,PHL,DFW,2026-02-25T17:04:00Z,PHL_DFW_AA_2026_2_25_1354
AA3193,37.28833,-95.38441,38025,362,0,2026-02-25T16:19:58Z,MIA,EGE,2026-02-25T17:48:48Z,MIA_EGE_AA_2026_2_25_829
AA1616,38.53981,-88.06658,38000,365,-64,2026-02-25T16:19:58Z,CLT,MCI,2026-02-25T17:14:40Z,CLT_MCI_AA_2026_2_25_1010
AA1616,38.53981,-88.06658,38000,365,-64,2026-02-25T16:19:58Z,CLT,MCI,2026-02-25T17:14:40Z,MCI_CLT_AA_2026_2_25_1232
UA3895,40.90906,-8.65072,40000,376,0,2026-02-25T16:19:59Z,EWR,AMA,2026-02-25T18:08:00Z,EWR_AMA_UA_2026_2_25_938
AA1283,27.06207,-80.27244,25425,423,-1024,2026-02-25T16:20:00Z,IND,MIA,2026-02-25T16:46:21Z,IND_MIA_AA_2026_2_25_925
KL623,45.90372,-75.80257,33975,442,0,2026-02-25T16:19:59Z,AMS,ATL,2026-02-25T18:31:28Z,AMS_ATL_KL_2026_2_25_1037
DL42,31.41724,-121.67052,41000,516,0,2026-02-25T16:19:59Z,SYD,LAX,2026-02-25T16:59:44Z,SYD_LAX_DL_2026_2_25_1433
DL830,34.02293,-97.18014,40000,377,0,2026-02-25T16:19:59Z,ATL,SLC,2026-02-25T18:20:48Z,ATL_SLC_DL_2026_2_25_928
AA1172,33.92424,-8.07672,38000,523,0,2026-02-25T16:19:59Z,ORD,STT,2026-02-25T19:12:00Z,ORD_STT_AA_2026_2_25_1504
UA2115,38.54466,-115.88158,38000,398,0,2026-02-25T16:20:00Z,EWR,SFO,2026-02-25T17:14:40Z,EWR_SFO_UA_2026_2_25_613
DL120,55.17832,-123.41367,41000,534,0,2026-02-25T16:20:00Z,HND,MSP,2026-02-25T19:01:20Z,HND_MSP_DL_2026_2_25_1742
DL966,47.85216,-121.74986,10775,305,-960,2026-02-25T16:19:58Z,CVG,SEA,2026-02-25T16:30:48Z,CVG_SEA_DL_2026_2_25_653
KL605,55.95538,-114.31873,37975,553,64,2026-02-25T16:19:59Z,AMS,SFO,2026-02-25T18:52:48Z,AMS_SFO_KL_2026_2_25_1013
DL274,51.41141,-11.08654,41000,555,64,2026-02-25T16:19:58Z,HND,DTW,2026-02-25T18:44:16Z,HND_DTW_DL_2026_2_25_1651
DL274,51.41141,-11.08654,41000,555,64,2026-02-25T16:19:58Z,HND,DTW,2026-02-25T18:44:16Z,HND_DTW_DL_2026_2_25_1642
AF338,61.99371,-110.00529,40000,533,0,2026-02-25T16:19:58Z,CDG,SEA,2026-02-25T18:33:36Z,CDG_SEA_AF_2026_2_25_1036
UA297,46.07602,-98.36147,38000,387,0,2026-02-25T16:19:59Z,EWR,BZN,2026-02-25T17:50:56Z,EWR_BZN_UA_2026_2_25_819
DL713,39.49535,-93.46923,40000,397,0,2026-02-25T16:19:59Z,JFK,LAX,2026-02-25T19:31:12Z,JFK_LAX_DL_2026_2_25_845
UA3929,40.05121,-92.98395,41000,537,0,2026-02-25T16:19:59Z,SFO,IAD,2026-02-25T17:50:56Z,SFO_IAD_UA_2026_2_25_529
DL274,42.21032,-83.35699,0,0,0,2026-02-25T16:19:57Z,HND,DTW,2026-01-19T18:59:44Z,HND_DTW_DL_2026_2_25_1651
DL274,42.21032,-83.35699,0,0,0,2026-02-25T16:19:57Z,HND,DTW,2026-01-19T18:59:44Z,HND_DTW_DL_2026_2_25_1642
AA1688,3.76352,-78.68868,36575,334,-896,2026-02-25T16:20:00Z,BOS,CLT,2026-02-25T16:55:28Z,BOS_CLT_AA_2026_2_25_954
BA175,44.62167,-69.66665,38000,397,0,2026-02-25T16:19:58Z,LHR,JFK,2026-02-25T17:16:48Z,LHR_JFK_BA_2026_2_25_955
AA142,46.13713,-6.54527,39000,598,0,2026-02-25T16:19:59Z,JFK,LHR,2026-02-25T21:32:48Z,JFK_LHR_AA_2026_2_25_1024
UA1898,31.15313,-93.52541,36525,359,-1024,2026-02-25T16:20:00Z,BWI,IAH,2026-02-25T16:49:04Z,BWI_IAH_UA_2026_2_25_822
DL1112,32.90675,-111.81308,39000,491,0,2026-02-25T16:19:58Z,LAX,MSY,2026-02-25T18:44:16Z,LAX_MSY_DL_2026_2_25_732
DL8800,26.44876,-81.99299,31400,469,-3392,2026-02-25T16:19:59Z,MSP,MIA,2026-02-25T16:41:16Z,MSP_MIA_DL_2026_2_25_743
AA2097,28.90833,-89.35355,38000,402,0,2026-02-25T16:19:58Z,MIA,DFW,2026-02-25T17:40:16Z,MIA_DFW_AA_2026_2_25_1458
DL1368,30.86767,-88.15457,34000,328,0,2026-02-25T16:19:58Z,JFK,MSY,2026-02-25T16:54:20Z,JFK_MSY_DL_2026_2_25_813
DL1368,30.86767,-88.15457,34000,328,0,2026-02-25T16:19:58Z,JFK,MSY,2026-02-25T16:54:20Z,MSY_JFK_DL_2026_2_25_1154
UA1256,39.19857,-103.51178,25900,352,-1856,2026-02-25T16:19:58Z,CLT,DEN,2026-02-25T16:38:24Z,CLT_DEN_UA_2026_2_25_815
UA838,40.88008,-127.53398,39000,503,0,2026-02-25T16:19:58Z,NRT,SFO,2026-02-25T17:08:16Z,NRT_SFO_UA_2026_2_25_1655
UA1116,41.10023,-116.70065,38000,414,-64,2026-02-25T16:19:59Z,MSP,SFO,2026-02-25T17:16:48Z,MSP_SFO_UA_2026_2_25_736
DL188,56.07349,-147.67201,39000,525,0,2026-02-25T16:20:00Z,ICN,ATL,2026-02-25T22:06:56Z,ICN_ATL_DL_2026_2_25_1814
AA249,34.57251,-9.49957,38000,383,64,2026-02-25T16:19:59Z,ORD,MEX,2026-02-25T18:44:16Z,ORD_MEX_AA_2026_2_25_851
AA1766,35.22449,-89.33069,39000,567,0,2026-02-25T16:19:59Z,DFW,JFK,2026-02-25T18:18:40Z,DFW_JFK_AA_2026_2_25_1530
AA1766,35.22449,-89.33069,39000,567,0,2026-02-25T16:19:59Z,DFW,JFK,2026-02-25T18:18:40Z,JFK_DFW_AA_2026_2_25_1938
AA2581,37.64074,-92.47336,39000,495,0,2026-02-25T16:19:59Z,DFW,MKE,2026-02-25T17:23:12Z,DFW_MKE_AA_2026_2_25_1532
AA2581,37.64074,-92.47336,39000,495,0,2026-02-25T16:19:59Z,DFW,MKE,2026-02-25T17:23:12Z,MKE_DFW_AA_2026_2_25_1835
AF84,6.46897,-94.28709,34000,485,0,2026-02-25T16:19:57Z,CDG,SFO,2026-02-25T20:39:28Z,CDG_SFO_AF_2026_2_25_1105
BA117,40.87816,-74.10291,18975,316,-512,2026-02-25T16:19:58Z,LHR,JFK,2026-02-25T16:38:11Z,LHR_JFK_BA_2026_2_25_903
BA195,50.10329,-7.74934,39975,464,64,2026-02-25T16:19:58Z,LHR,IAH,2026-02-25T19:44:00Z,LHR_IAH_BA_2026_2_25_1010
AA1349,30.72238,-97.41429,13025,292,-1280,2026-02-25T16:24:59Z,JFK,AUS,2026-02-25T16:38:57Z,JFK_AUS_AA_2026_2_25_726
DL2301,29.05311,-83.40271,23625,474,-2304,2026-02-25T16:24:59Z,MSP,TPA,2026-02-25T16:51:19Z,MSP_TPA_DL_2026_2_25_806
DL2582,38.30058,-113.23398,33000,430,-64,2026-02-25T16:24:58Z,BUR,SLC,2026-02-25T16:57:36Z,BUR_SLC_DL_2026_2_25_729
UA1666,38.85095,-101.66402,35000,392,64,2026-02-25T16:24:59Z,CVG,DEN,2026-02-25T16:57:36Z,CVG_DEN_UA_2026_2_25_908
UA1384,39.43533,-104.17444,14600,286,-1856,2026-02-25T16:24:59Z,ICT,DEN,2026-02-25T16:35:07Z,ICT_DEN_UA_2026_2_25_927
DL8851,39.14363,-103.39545,25400,338,-1152,2026-02-25T16:24:59Z,ATL,DEN,2026-02-25T16:45:16Z,ATL_DEN_DL_2026_2_25_836
DL853,56.78865,-135.42409,39000,516,0,2026-02-25T16:24:58Z,ANC,SEA,2026-02-25T18:10:08Z,ANC_SEA_DL_2026_2_25_613
BA53,64.63582,-105.86206,40000,523,0,2026-02-25T16:24:59Z,LHR,SEA,2026-02-25T19:07:44Z,LHR_SEA_BA_2026_2_25_1020
KL689,44.52824,-0.85646,40000,473,64,2026-02-25T16:24:59Z,AMS,CUN,2026-02-25T19:48:16Z,AMS_CUN_KL_2026_2_25_906
KL661,45.50761,-84.55431,36000,456,0,2026-02-25T16:24:58Z,AMS,IAH,2026-02-25T18:57:04Z,AMS_IAH_KL_2026_2_25_1014
AF636,51.88536,-82.23511,38000,481,0,2026-02-25T16:24:59Z,CDG,IAH,2026-02-25T19:39:44Z,CDG_IAH_AF_2026_2_25_1048
AA2896,32.39699,-77.88181,36000,378,0,2026-02-25T16:24:58Z,LGA,FLL,2026-02-25T17:31:44Z,LGA_FLL_AA_2026_2_25_1441
AA2896,32.39699,-77.88181,36000,378,0,2026-02-25T16:24:58Z,LGA,FLL,2026-02-25T17:31:44Z,FLL_LGA_AA_2026_2_25_1906
AA3052,33.99645,-77.65514,38050,375,-64,2026-02-25T16:24:58Z,DCA,FLL,2026-02-25T17:44:32Z,DCA_FLL_AA_2026_2_25_1530
AA3052,33.99645,-77.65514,38050,375,-64,2026-02-25T16:24:58Z,DCA,FLL,2026-02-25T17:44:32Z,FLL_DCA_AA_2026_2_25_1901
UA1886,39.93516,-75.29642,13875,402,-1856,2026-02-25T16:25:00Z,IAH,EWR,2026-02-25T16:39:57Z,IAH_EWR_UA_2026_2_25_814
UA905,43.86366,-73.09852,38000,387,64,2026-02-25T16:24:59Z,LHR,EWR,2026-02-25T17:10:24Z,LHR_EWR_UA_2026_2_25_921
UA654,30.78474,-97.05721,34200,508,-1472,2026-02-25T16:24:59Z,LAX,IAH,2026-02-25T16:49:04Z,LAX_IAH_UA_2026_2_25_605
UA654,30.78474,-97.05721,34200,508,-1472,2026-02-25T16:24:59Z,LAX,IAH,2026-02-25T16:49:04Z,IAH_DCA_UA_2026_2_25_1213
DL2947,34.45175,-119.06786,19350,396,-2112,2026-02-25T16:24:58Z,PDX,LAX,2026-02-25T16:45:58Z,PDX_LAX_DL_2026_2_25_651
AA3139,30.72438,-87.40898,5500,272,-256,2026-02-25T16:24:59Z,DFW,PNS,2026-02-25T16:31:32Z,DFW_PNS_AA_2026_2_25_1520
AA3139,30.72438,-87.40898,5500,272,-256,2026-02-25T16:24:59Z,DFW,PNS,2026-02-25T16:31:32Z,PNS_DFW_AA_2026_2_25_1740
AA2523,31.80626,-81.74461,34000,381,0,2026-02-25T16:24:58Z,PHL,TPA,2026-02-25T17:10:24Z,PHL_TPA_AA_2026_2_25_937
UA830,37.55896,-122.23295,1975,197,-1536,2026-02-25T16:24:59Z,SYD,SFO,2026-02-25T16:28:43Z,SYD_SFO_UA_2026_2_25_1423
AA882,38.02364,-117.94139,34025,400,0,2026-02-25T16:24:58Z,PHX,RNO,2026-02-25T16:53:20Z,PHX_RNO_AA_2026_2_25_819
AA882,38.02364,-117.94139,34025,400,0,2026-02-25T16:24:58Z,PHX,RNO,2026-02-25T16:53:20Z,RNO_PHX_AA_2026_2_25_1002
UA357,37.83536,-102.13206,38000,386,0,2026-02-25T16:24:58Z,DFW,DEN,2026-02-25T17:01:52Z,DFW_DEN_UA_2026_2_25_1515
UA595,38.47298,-103.01109,34000,380,0,2026-02-25T16:24:59Z,AUS,DEN,2026-02-25T16:51:12Z,AUS_DEN_UA_2026_2_25_853
DL166,47.76855,-122.53704,6150,265,-832,2026-02-25T16:24:58Z,HND,SEA,2026-02-25T16:31:24Z,HND_SEA_DL_2026_2_25_1707
KL601,51.21384,-107.22885,37975,536,-64,2026-02-25T16:24:59Z,AMS,LAX,2026-02-25T19:01:20Z,AMS_LAX_KL_2026_2_25_1000
DL57,54.10059,-102.45212,40000,520,0,2026-02-25T16:24:58Z,AMS,SLC,2026-02-25T18:27:12Z,AMS_SLC_DL_2026_2_25_955
UA4200,30.83148,-77.99728,41025,501,0,2026-02-25T16:24:57Z,MDE,EWR,2026-02-25T17:51:04Z,MDE_EWR_UA_2026_2_25_1248
AA2111,36.74678,-79.60992,30000,341,0,2026-02-25T16:24:59Z,LGA,CLT,2026-02-25T16:53:27Z,LGA_CLT_AA_2026_2_25_1014
AA2111,36.74678,-79.60992,30000,341,0,2026-02-25T16:24:59Z,LGA,CLT,2026-02-25T16:53:27Z,CLT_LGA_AA_2026_2_25_743
DL33,42.93604,-76.39011,40000,398,0,2026-02-25T16:24:59Z,LHR,ATL,2026-02-25T18:18:40Z,LHR_ATL_DL_2026_2_25_908
AF158,53.30479,-79.63632,36000,473,0,2026-02-25T16:24:55Z,CDG,DFW,2026-02-25T19:54:40Z,CDG_DFW_AF_2026_2_25_956
UA1119,34.39307,-9.93651,39000,524,0,2026-02-25T16:24:57Z,DEN,CUN,2026-02-25T18:48:32Z,DEN_CUN_UA_2026_2_25_1532
AA3317,28.16764,-80.54826,24350,457,-1024,2026-02-25T16:24:58Z,LGA,PBI,2026-02-25T16:51:06Z,LGA_PBI_AA_2026_2_25_844
AA3317,28.16764,-80.54826,24350,457,-1024,2026-02-25T16:24:58Z,LGA,PBI,2026-02-25T16:51:06Z,PBI_LGA_AA_2026_2_25_1314
AA2731,34.49684,-92.98004,38000,341,0,2026-02-25T16:24:58Z,PHL,DFW,2026-02-25T17:04:00Z,PHL_DFW_AA_2026_2_25_1354
AA1293,30.80348,-8.27766,28675,476,-704,2026-02-25T16:25:00Z,ORD,MCO,2026-02-25T16:54:20Z,ORD_MCO_AA_2026_2_25_849
DL1794,32.86876,-83.48505,17925,353,-3776,2026-02-25T16:24:59Z,SJO,ATL,2026-02-25T16:43:22Z,SJO_ATL_DL_2026_2_25_1317
UA2609,38.57922,-103.15887,34000,370,0,2026-02-25T16:24:58Z,OKC,DEN,2026-02-25T16:51:12Z,OKC_DEN_UA_2026_2_25_929
UA6,54.53664,-132.23169,39000,531,0,2026-02-25T16:24:59Z,NRT,IAH,2026-02-25T20:41:36Z,NRT_IAH_UA_2026_2_25_1818
LH454,64.45894,-10.71256,36000,538,-64,2026-02-25T16:24:58Z,FRA,SFO,2026-02-25T20:07:28Z,FRA_SFO_LH_2026_2_25_1054
LH456,66.75682,-102.25298,32000,521,64,2026-02-25T16:24:59Z,FRA,LAX,2026-02-25T20:52:16Z,FRA_LAX_LH_2026_2_25_1113
AA3193,37.52339,-95.94197,37950,366,0,2026-02-25T16:24:58Z,MIA,EGE,2026-02-25T17:48:48Z,MIA_EGE_AA_2026_2_25_829
AA1616,38.77159,-88.63977,38000,362,0,2026-02-25T16:24:58Z,CLT,MCI,2026-02-25T17:14:40Z,CLT_MCI_AA_2026_2_25_1010
AA1616,38.77159,-88.63977,38000,362,0,2026-02-25T16:24:58Z,CLT,MCI,2026-02-25T17:14:40Z,MCI_CLT_AA_2026_2_25_1232
UA3895,40.76873,-87.17227,40000,381,0,2026-02-25T16:24:58Z,EWR,AMA,2026-02-25T18:18:40Z,EWR_AMA_UA_2026_2_25_938
AA1283,2.65378,-80.09334,15950,367,-2432,2026-02-25T16:24:59Z,IND,MIA,2026-02-25T16:43:49Z,IND_MIA_AA_2026_2_25_925
DL1930,24.17424,-6.66097,39000,479,0,2026-02-25T16:24:59Z,JFK,STT,2026-02-25T17:18:56Z,JFK_STT_DL_2026_2_25_1356
KL623,45.57427,-76.54614,36000,438,-192,2026-02-25T16:24:58Z,AMS,ATL,2026-02-25T18:31:28Z,AMS_ATL_KL_2026_2_25_1037
DL42,31.80873,-120.98346,41000,507,0,2026-02-25T16:24:59Z,SYD,LAX,2026-02-25T17:01:52Z,SYD_LAX_DL_2026_2_25_1433
DL830,34.16835,-97.78695,40000,378,0,2026-02-25T16:24:59Z,ATL,SLC,2026-02-25T18:20:48Z,ATL_SLC_DL_2026_2_25_928
UA2115,38.39508,-116.56452,38000,408,0,2026-02-25T16:24:59Z,EWR,SFO,2026-02-25T17:14:40Z,EWR_SFO_UA_2026_2_25_613
DL966,47.73843,-122.28734,4500,250,-512,2026-02-25T16:24:58Z,CVG,SEA,2026-02-25T16:28:48Z,CVG_SEA_DL_2026_2_25_653
DL120,54.96446,-122.17313,41000,539,64,2026-02-25T16:24:59Z,HND,MSP,2026-02-25T18:59:12Z,HND_MSP_DL_2026_2_25_1742
KL605,55.24718,-114.82716,37975,553,64,2026-02-25T16:24:57Z,AMS,SFO,2026-02-25T18:50:40Z,AMS_SFO_KL_2026_2_25_1013
DL274,5.09619,-109.88007,41000,541,0,2026-02-25T16:24:58Z,HND,DTW,2026-02-25T18:44:16Z,HND_DTW_DL_2026_2_25_1651
DL274,5.09619,-109.88007,41000,541,0,2026-02-25T16:24:58Z,HND,DTW,2026-02-25T18:44:16Z,HND_DTW_DL_2026_2_25_1642
AF338,61.32908,-110.69865,40000,538,-64,2026-02-25T16:24:59Z,CDG,SEA,2026-02-25T18:31:28Z,CDG_SEA_AF_2026_2_25_1036
UA297,46.09053,-99.13754,38000,394,0,2026-02-25T16:24:58Z,EWR,BZN,2026-02-25T17:48:48Z,EWR_BZN_UA_2026_2_25_819
DL713,39.41801,-94.17126,40000,396,0,2026-02-25T16:24:58Z,JFK,LAX,2026-02-25T19:31:12Z,JFK_LAX_DL_2026_2_25_845
UA3929,39.99922,-92.01599,41000,546,0,2026-02-25T16:24:59Z,SFO,IAD,2026-02-25T17:48:48Z,SFO_IAD_UA_2026_2_25_529
DL274,42.21032,-0.83357,0,0,0,2026-02-25T16:24:57Z,HND,DTW,2026-01-19T18:59:44Z,HND_DTW_DL_2026_2_25_1651
DL274,42.21032,-0.83357,0,0,0,2026-02-25T16:24:57Z,HND,DTW,2026-01-19T18:59:44Z,HND_DTW_DL_2026_2_25_1642
AA1172,33.48689,-80.08265,38000,513,0,2026-02-25T16:24:59Z,ORD,STT,2026-02-25T19:09:52Z,ORD_STT_AA_2026_2_25_1504
AA1688,37.32962,-79.11506,34000,324,0,2026-02-25T16:24:59Z,BOS,CLT,2026-02-25T16:55:28Z,BOS_CLT_AA_2026_2_25_954
BA175,44.15034,-70.04525,38000,391,0,2026-02-25T16:24:58Z,LHR,JFK,2026-02-25T17:16:48Z,LHR_JFK_BA_2026_2_25_955
AA142,46.72322,-64.60366,39000,600,0,2026-02-25T16:24:59Z,JFK,LHR,2026-02-25T21:30:40Z,JFK_LHR_AA_2026_2_25_1024
UA1898,30.78514,-93.95793,26675,396,-3072,2026-02-25T16:24:59Z,BWI,IAH,2026-02-25T16:57:05Z,BWI_IAH_UA_2026_2_25_822
DL1112,32.78549,-111.01382,39000,493,0,2026-02-25T16:24:58Z,LAX,MSY,2026-02-25T18:42:08Z,LAX_MSY_DL_2026_2_25_732
AA249,34.11939,-95.31732,38000,372,0,2026-02-25T16:24:59Z,ORD,MEX,2026-02-25T18:37:52Z,ORD_MEX_AA_2026_2_25_851
AA2097,29.11908,-89.94496,38000,401,0,2026-02-25T16:24:59Z,MIA,DFW,2026-02-25T17:40:16Z,MIA_DFW_AA_2026_2_25_1458
DL8800,26.09267,-81.44802,19000,404,-2240,2026-02-25T16:24:59Z,MSP,MIA,2026-02-25T16:46:58Z,MSP_MIA_DL_2026_2_25_743
DL1368,30.61824,-88.60281,29750,343,-960,2026-02-25T16:24:58Z,JFK,MSY,2026-02-25T16:52:48Z,JFK_MSY_DL_2026_2_25_813
DL1368,30.61824,-88.60281,29750,343,-960,2026-02-25T16:24:58Z,JFK,MSY,2026-02-25T16:52:48Z,MSY_JFK_DL_2026_2_25_1154
UA1256,39.43966,-104.00146,16700,291,-1600,2026-02-25T16:24:58Z,CLT,DEN,2026-02-25T16:37:03Z,CLT_DEN_UA_2026_2_25_815
UA838,40.50613,-126.74969,39000,509,0,2026-02-25T16:24:59Z,NRT,SFO,2026-02-25T17:08:16Z,NRT_SFO_UA_2026_2_25_1655
UA1116,4.08988,-117.40196,38000,411,0,2026-02-25T16:24:57Z,MSP,SFO,2026-02-25T17:16:48Z,MSP_SFO_UA_2026_2_25_736
DL188,56.07104,-146.38969,39000,525,0,2026-02-25T16:24:55Z,ICN,ATL,2026-02-25T22:06:56Z,ICN_ATL_DL_2026_2_25_1814
AA1766,35.53752,-88.44841,39000,569,0,2026-02-25T16:24:58Z,DFW,JFK,2026-02-25T18:18:40Z,DFW_JFK_AA_2026_2_25_1530
AA1766,35.53752,-88.44841,39000,569,0,2026-02-25T16:24:58Z,DFW,JFK,2026-02-25T18:18:40Z,JFK_DFW_AA_2026_2_25_1938
AA2581,38.13387,-91.86827,39000,496,0,2026-02-25T16:24:58Z,DFW,MKE,2026-02-25T17:23:12Z,DFW_MKE_AA_2026_2_25_1532
AA2581,38.13387,-91.86827,39000,496,0,2026-02-25T16:24:58Z,DFW,MKE,2026-02-25T17:23:12Z,MKE_DFW_AA_2026_2_25_1835
AF84,64.26588,-9.55136,34000,494,-64,2026-02-25T16:24:59Z,CDG,SFO,2026-02-25T20:39:28Z,CDG_SFO_AF_2026_2_25_1105
BA117,40.47217,-73.94037,11625,288,-1344,2026-02-25T16:24:58Z,LHR,JFK,2026-02-25T16:37:10Z,LHR_JFK_BA_2026_2_25_903
BA195,49.71975,-78.28931,39975,459,0,2026-02-25T16:24:59Z,LHR,IAH,2026-02-25T19:44:00Z,LHR_IAH_BA_2026_2_25_1010
AA1349,30.38315,-97.56872,7425,241,-1024,2026-02-25T16:30:00Z,JFK,AUS,2026-02-25T16:37:50Z,JFK_AUS_AA_2026_2_25_726
DL2301,2.85247,-83.06881,12625,381,-1856,2026-02-25T16:29:59Z,MSP,TPA,2026-02-25T16:45:04Z,MSP_TPA_DL_2026_2_25_806
DL2582,38.84775,-112.93323,33000,421,-64,2026-02-25T16:30:00Z,BUR,SLC,2026-02-25T16:57:36Z,BUR_SLC_DL_2026_2_25_729
UA1666,38.89905,-102.36292,34000,402,0,2026-02-25T16:29:59Z,CVG,DEN,2026-02-25T16:57:36Z,CVG_DEN_UA_2026_2_25_908
UA1384,39.50674,-104.57886,9100,198,-1216,2026-02-25T16:29:59Z,ICT,DEN,2026-02-25T16:34:09Z,ICT_DEN_UA_2026_2_25_927
DL8851,39.38417,-103.88367,19075,302,-1280,2026-02-25T16:29:58Z,ATL,DEN,2026-02-25T16:44:03Z,ATL_DEN_DL_2026_2_25_836
DL853,56.27919,-134.52235,39000,511,0,2026-02-25T16:29:59Z,ANC,SEA,2026-02-25T18:10:08Z,ANC_SEA_DL_2026_2_25_613
BA53,64.05448,-10.68594,40000,521,64,2026-02-25T16:29:59Z,LHR,SEA,2026-02-25T19:07:44Z,LHR_SEA_BA_2026_2_25_1020
KL689,43.94183,-86.04352,40000,467,0,2026-02-25T16:29:59Z,AMS,CUN,2026-02-25T19:46:08Z,AMS_CUN_KL_2026_2_25_906
KL661,45.02321,-85.13364,36000,455,0,2026-02-25T16:29:59Z,AMS,IAH,2026-02-25T19:01:20Z,AMS_IAH_KL_2026_2_25_1014
AF636,51.39386,-8.29565,38000,475,0,2026-02-25T16:29:59Z,CDG,IAH,2026-02-25T19:46:08Z,CDG_IAH_AF_2026_2_25_1048
AA2896,31.87582,-78.01205,36000,379,0,2026-02-25T16:29:59Z,LGA,FLL,2026-02-25T17:31:44Z,LGA_FLL_AA_2026_2_25_1441
AA2896,31.87582,-78.01205,36000,379,0,2026-02-25T16:29:59Z,LGA,FLL,2026-02-25T17:31:44Z,FLL_LGA_AA_2026_2_25_1906
AA3052,33.48097,-77.78985,38075,378,0,2026-02-25T16:30:00Z,DCA,FLL,2026-02-25T17:44:32Z,DCA_FLL_AA_2026_2_25_1530
AA3052,33.48097,-77.78985,38075,378,0,2026-02-25T16:30:00Z,DCA,FLL,2026-02-25T17:44:32Z,FLL_DCA_AA_2026_2_25_1901
UA1886,40.27304,-74.88013,7825,300,-1408,2026-02-25T16:29:58Z,IAH,EWR,2026-02-25T16:38:03Z,IAH_EWR_UA_2026_2_25_814
UA905,43.40726,-73.45235,31050,386,-3904,2026-02-25T16:29:59Z,LHR,EWR,2026-02-25T17:05:18Z,LHR_EWR_UA_2026_2_25_921
UA654,30.66783,-96.25187,24150,495,-448,2026-02-25T16:29:59Z,LAX,IAH,2026-02-25T16:55:42Z,LAX_IAH_UA_2026_2_25_605
UA654,30.66783,-96.25187,24150,495,-448,2026-02-25T16:29:59Z,LAX,IAH,2026-02-25T16:55:42Z,IAH_DCA_UA_2026_2_25_1213
DL2947,3.40937,-11.87332,10550,266,-1024,2026-02-25T16:29:59Z,PDX,LAX,2026-02-25T16:41:39Z,PDX_LAX_DL_2026_2_25_651
AA3139,30.54362,-87.11147,3475,231,0,2026-02-25T16:30:00Z,DFW,PNS,2026-02-25T16:33:33Z,DFW_PNS_AA_2026_2_25_1520
AA3139,30.54362,-87.11147,3475,231,0,2026-02-25T16:30:00Z,DFW,PNS,2026-02-25T16:33:33Z,PNS_DFW_AA_2026_2_25_1740
AA2523,31.30047,-81.94356,34000,383,0,2026-02-25T16:30:00Z,PHL,TPA,2026-02-25T17:10:24Z,PHL_TPA_AA_2026_2_25_937
UA830,37.62286,-122.39159,0,11,0,2026-02-25T16:30:00Z,SYD,SFO,2026-02-25T16:28:25Z,SYD_SFO_UA_2026_2_25_1423
AA882,38.48222,-118.33977,31350,403,-960,2026-02-25T16:29:59Z,PHX,RNO,2026-02-25T16:55:28Z,PHX_RNO_AA_2026_2_25_819
AA882,38.48222,-118.33977,31350,403,-960,2026-02-25T16:29:59Z,PHX,RNO,2026-02-25T16:55:28Z,RNO_PHX_AA_2026_2_25_1002
UA357,38.19997,-102.63457,33500,389,-960,2026-02-25T16:29:59Z,DFW,DEN,2026-02-25T17:01:52Z,DFW_DEN_UA_2026_2_25_1515
UA595,38.82761,-103.50733,29650,371,-2112,2026-02-25T16:29:58Z,AUS,DEN,2026-02-25T16:49:04Z,AUS_DEN_UA_2026_2_25_853
DL166,47.53891,-12.23172,1650,173,-1024,2026-02-25T16:29:59Z,HND,SEA,2026-02-25T16:31:30Z,HND_SEA_DL_2026_2_25_1707
KL601,50.51308,-107.58376,38000,530,128,2026-02-25T16:29:58Z,AMS,LAX,2026-02-25T19:01:20Z,AMS_LAX_KL_2026_2_25_1000
DL57,53.40129,-102.75324,40000,517,-64,2026-02-25T16:30:00Z,AMS,SLC,2026-02-25T18:27:12Z,AMS_SLC_DL_2026_2_25_955
UA4200,31.52462,-7.79102,41000,501,0,2026-02-25T16:29:59Z,MDE,EWR,2026-02-25T17:51:01Z,MDE_EWR_UA_2026_2_25_1248
AA2111,36.37964,-79.96952,28375,322,-1920,2026-02-25T16:29:59Z,LGA,CLT,2026-02-25T16:58:27Z,LGA_CLT_AA_2026_2_25_1014
AA2111,36.37964,-79.96952,28375,322,-1920,2026-02-25T16:29:59Z,LGA,CLT,2026-02-25T16:58:27Z,CLT_LGA_AA_2026_2_25_743
DL33,42.46747,-76.77265,40000,390,0,2026-02-25T16:29:58Z,LHR,ATL,2026-02-25T18:20:48Z,LHR_ATL_DL_2026_2_25_908
AF158,5.28074,-80.37437,36000,472,0,2026-02-25T16:29:55Z,CDG,DFW,2026-02-25T19:54:40Z,CDG_DFW_AF_2026_2_25_956
UA1119,33.87546,-98.73785,39000,523,0,2026-02-25T16:30:00Z,DEN,CUN,2026-02-25T18:44:16Z,DEN_CUN_UA_2026_2_25_1532
AA2731,34.32199,-93.51877,37975,361,0,2026-02-25T16:29:59Z,PHL,DFW,2026-02-25T17:06:08Z,PHL_DFW_AA_2026_2_25_1354
AA1293,30.30002,-82.32519,25575,446,-640,2026-02-25T16:30:00Z,ORD,MCO,2026-02-25T16:55:29Z,ORD_MCO_AA_2026_2_25_849
DL1794,33.17899,-83.81061,10650,259,-1472,2026-02-25T16:29:59Z,SJO,ATL,2026-02-25T16:39:54Z,SJO_ATL_DL_2026_2_25_1317
UA2609,38.93134,-103.65404,28600,373,-2304,2026-02-25T16:29:58Z,OKC,DEN,2026-02-25T16:49:04Z,OKC_DEN_UA_2026_2_25_929
UA6,54.26697,-131.08173,39000,521,-64,2026-02-25T16:29:59Z,NRT,IAH,2026-02-25T20:43:44Z,NRT_IAH_UA_2026_2_25_1818
LH454,63.80859,-107.94141,36000,532,-64,2026-02-25T16:29:59Z,FRA,SFO,2026-02-25T20:09:36Z,FRA_SFO_LH_2026_2_25_1054
LH456,66.15871,-10.32399,32000,518,64,2026-02-25T16:29:58Z,FRA,LAX,2026-02-25T20:52:16Z,FRA_LAX_LH_2026_2_25_1113
AA3193,37.76331,-96.51945,38000,372,0,2026-02-25T16:30:00Z,MIA,EGE,2026-02-25T17:46:40Z,MIA_EGE_AA_2026_2_25_829
AA1616,39.00002,-8.92171,38000,365,0,2026-02-25T16:29:59Z,CLT,MCI,2026-02-25T17:16:48Z,CLT_MCI_AA_2026_2_25_1010
AA1616,39.00002,-8.92171,38000,365,0,2026-02-25T16:29:59Z,CLT,MCI,2026-02-25T17:16:48Z,MCI_CLT_AA_2026_2_25_1232
UA3895,40.59802,-87.82833,40000,377,0,2026-02-25T16:29:59Z,EWR,AMA,2026-02-25T18:18:40Z,EWR_AMA_UA_2026_2_25_938
AA1283,26.09889,-80.05727,12225,294,-1472,2026-02-25T16:29:58Z,IND,MIA,2026-02-25T16:42:49Z,IND_MIA_AA_2026_2_25_925
AA3317,27.61565,-80.32084,17850,403,-2240,2026-02-25T16:29:59Z,LGA,PBI,2026-02-25T16:50:27Z,LGA_PBI_AA_2026_2_25_844
AA3317,27.61565,-80.32084,17850,403,-2240,2026-02-25T16:29:59Z,LGA,PBI,2026-02-25T16:50:27Z,PBI_LGA_AA_2026_2_25_1314
DL1930,2.35373,-66.42261,39000,479,0,2026-02-25T16:29:57Z,JFK,STT,2026-02-25T17:18:56Z,JFK_STT_DL_2026_2_25_1356
KL623,45.24884,-77.26371,35975,432,64,2026-02-25T16:29:58Z,AMS,ATL,2026-02-25T18:35:44Z,AMS_ATL_KL_2026_2_25_1037
DL42,32.22243,-120.30326,38175,499,-1024,2026-02-25T16:30:00Z,SYD,LAX,2026-02-25T17:01:52Z,SYD_LAX_DL_2026_2_25_1433
DL830,34.31126,-98.39771,40000,385,0,2026-02-25T16:29:58Z,ATL,SLC,2026-02-25T18:27:12Z,ATL_SLC_DL_2026_2_25_928
UA2115,3.82476,-117.23177,38000,380,0,2026-02-25T16:29:59Z,EWR,SFO,2026-02-25T17:16:48Z,EWR_SFO_UA_2026_2_25_613
DL966,47.46909,-122.31786,250,154,-896,2026-02-25T16:30:00Z,CVG,SEA,2026-02-25T16:30:19Z,CVG_SEA_DL_2026_2_25_653
DL120,54.73756,-120.94374,41000,534,0,2026-02-25T16:30:00Z,HND,MSP,2026-02-25T18:59:12Z,HND_MSP_DL_2026_2_25_1742
KL605,54.52948,-115.31599,38000,554,64,2026-02-25T16:29:59Z,AMS,SFO,2026-02-25T18:50:40Z,AMS_SFO_KL_2026_2_25_1013
DL274,50.62202,-108.82435,41000,536,0,2026-02-25T16:29:59Z,HND,DTW,2026-02-25T18:48:32Z,HND_DTW_DL_2026_2_25_1651
DL274,50.62202,-108.82435,41000,536,0,2026-02-25T16:29:59Z,HND,DTW,2026-02-25T18:48:32Z,HND_DTW_DL_2026_2_25_1642
AF338,60.65094,-111.37154,40000,544,0,2026-02-25T16:30:00Z,CDG,SEA,2026-02-25T18:31:28Z,CDG_SEA_AF_2026_2_25_1036
UA297,46.09969,-99.93191,38000,399,0,2026-02-25T16:29:59Z,EWR,BZN,2026-02-25T17:48:48Z,EWR_BZN_UA_2026_2_25_819
DL713,39.33673,-94.86847,40000,393,0,2026-02-25T16:29:58Z,JFK,LAX,2026-02-25T19:33:20Z,JFK_LAX_DL_2026_2_25_845
UA3929,39.93805,-91.03571,41000,537,0,2026-02-25T16:29:59Z,SFO,IAD,2026-02-25T17:48:48Z,SFO_IAD_UA_2026_2_25_529
DL274,42.21032,-0.83357,0,0,0,2026-02-25T16:29:56Z,HND,DTW,2026-01-19T18:59:44Z,HND_DTW_DL_2026_2_25_1651
DL274,42.21032,-0.83357,0,0,0,2026-02-25T16:29:56Z,HND,DTW,2026-01-19T18:59:44Z,HND_DTW_DL_2026_2_25_1642
AA1172,33.05162,-7.94135,37925,508,-640,2026-02-25T16:30:00Z,ORD,STT,2026-02-25T19:09:52Z,ORD_STT_AA_2026_2_25_1504
AA1688,36.97244,-79.47468,32000,346,0,2026-02-25T16:29:59Z,BOS,CLT,2026-02-25T17:04:00Z,BOS_CLT_AA_2026_2_25_954
BA175,43.67666,-70.41844,38000,389,64,2026-02-25T16:29:58Z,LHR,JFK,2026-02-25T17:16:48Z,LHR_JFK_BA_2026_2_25_955
AA142,47.30644,-63.73045,39000,601,0,2026-02-25T16:30:00Z,JFK,LHR,2026-02-25T21:30:40Z,JFK_LHR_AA_2026_2_25_1024
UA1898,30.42119,-9.43814,14850,322,-1152,2026-02-25T16:29:59Z,BWI,IAH,2026-02-25T16:47:00Z,BWI_IAH_UA_2026_2_25_822
DL1112,32.65826,-110.21394,39000,494,0,2026-02-25T16:29:59Z,LAX,MSY,2026-02-25T18:44:16Z,LAX_MSY_DL_2026_2_25_732
AA249,33.66737,-9.56345,38000,376,0,2026-02-25T16:30:00Z,ORD,MEX,2026-02-25T18:48:32Z,ORD_MEX_AA_2026_2_25_851
AA2097,29.44601,-90.47225,38000,414,0,2026-02-25T16:29:58Z,MIA,DFW,2026-02-25T17:40:16Z,MIA_DFW_AA_2026_2_25_1458
DL8800,25.87518,-80.93733,9225,298,-1472,2026-02-25T16:30:00Z,MSP,MIA,2026-02-25T16:40:00Z,MSP_MIA_DL_2026_2_25_743
DL1368,30.40096,-89.09217,22650,322,-2496,2026-02-25T16:29:59Z,JFK,MSY,2026-02-25T16:49:30Z,JFK_MSY_DL_2026_2_25_813
DL1368,30.40096,-89.09217,22650,322,-2496,2026-02-25T16:29:59Z,JFK,MSY,2026-02-25T16:49:30Z,MSY_JFK_DL_2026_2_25_1154
UA1256,3.94878,-104.48242,10775,237,-448,2026-02-25T16:29:58Z,CLT,DEN,2026-02-25T16:35:42Z,CLT_DEN_UA_2026_2_25_815
UA838,4.01257,-125.96474,39000,513,0,2026-02-25T16:29:59Z,NRT,SFO,2026-02-25T17:06:08Z,NRT_SFO_UA_2026_2_25_1655
UA1116,4.06611,-118.08917,38000,413,0,2026-02-25T16:29:58Z,MSP,SFO,2026-02-25T17:18:56Z,MSP_SFO_UA_2026_2_25_736
AA1766,35.84629,-87.55297,39000,567,0,2026-02-25T16:30:00Z,DFW,JFK,2026-02-25T18:18:40Z,DFW_JFK_AA_2026_2_25_1530
AA1766,35.84629,-87.55297,39000,567,0,2026-02-25T16:30:00Z,DFW,JFK,2026-02-25T18:18:40Z,JFK_DFW_AA_2026_2_25_1938
AA2581,38.63156,-91.24432,39000,504,0,2026-02-25T16:29:59Z,DFW,MKE,2026-02-25T17:21:04Z,DFW_MKE_AA_2026_2_25_1532
AA2581,38.63156,-91.24432,39000,504,0,2026-02-25T16:29:59Z,DFW,MKE,2026-02-25T17:21:04Z,MKE_DFW_AA_2026_2_25_1835
AF84,6.38288,-96.71133,34000,498,0,2026-02-25T16:29:58Z,CDG,SFO,2026-02-25T20:37:20Z,CDG_SFO_AF_2026_2_25_1105
BA117,4.02736,-73.63818,6150,286,-768,2026-02-25T16:29:59Z,LHR,JFK,2026-02-25T16:35:55Z,LHR_JFK_BA_2026_2_25_903
BA195,49.33495,-79.06419,40000,456,-64,2026-02-25T16:29:58Z,LHR,IAH,2026-02-25T19:52:32Z,LHR_IAH_BA_2026_2_25_1010
AA1349,30.06939,-97.56431,3775,209,-960,2026-02-25T16:34:58Z,JFK,AUS,2026-02-25T16:38:23Z,JFK_AUS_AA_2026_2_25_726
DL2301,28.16694,-82.79394,6850,285,-896,2026-02-25T16:34:57Z,MSP,TPA,2026-02-25T16:43:18Z,MSP_TPA_DL_2026_2_25_806
DL2582,39.38237,-112.63446,28625,435,-1984,2026-02-25T16:34:57Z,BUR,SLC,2026-02-25T17:00:06Z,BUR_SLC_DL_2026_2_25_729
UA1666,39.09722,-103.03857,30300,404,-1024,2026-02-25T16:34:58Z,CVG,DEN,2026-02-25T16:57:36Z,CVG_DEN_UA_2026_2_25_908
DL8851,3.94492,-104.35017,11900,249,0,2026-02-25T16:34:58Z,ATL,DEN,2026-02-25T16:41:36Z,ATL_DEN_DL_2026_2_25_836
UA1384,39.75471,-104.64281,6825,179,-1024,2026-02-25T16:34:59Z,ICT,DEN,2026-02-25T16:37:36Z,ICT_DEN_UA_2026_2_25_927
DL853,55.76578,-133.64993,39000,513,0,2026-02-25T16:34:59Z,ANC,SEA,2026-02-25T18:05:52Z,ANC_SEA_DL_2026_2_25_613
BA53,63.47081,-107.80862,40000,519,0,2026-02-25T16:34:58Z,LHR,SEA,2026-02-25T19:07:44Z,LHR_SEA_BA_2026_2_25_1020
KL689,43.35896,-86.42995,39975,471,64,2026-02-25T16:34:58Z,AMS,CUN,2026-02-25T19:44:00Z,AMS_CUN_KL_2026_2_25_906
KL661,44.53936,-85.68257,35975,450,-64,2026-02-25T16:34:57Z,AMS,IAH,2026-02-25T19:01:20Z,AMS_IAH_KL_2026_2_25_1014
AF636,50.90497,-83.65287,38000,476,0,2026-02-25T16:34:58Z,CDG,IAH,2026-02-25T19:46:08Z,CDG_IAH_AF_2026_2_25_1048
AA2896,3.13889,-78.24673,36000,383,0,2026-02-25T16:34:58Z,LGA,FLL,2026-02-25T17:36:00Z,LGA_FLL_AA_2026_2_25_1441
AA2896,3.13889,-78.24673,36000,383,0,2026-02-25T16:34:58Z,LGA,FLL,2026-02-25T17:36:00Z,FLL_LGA_AA_2026_2_25_1906
AA3052,32.98306,-77.95222,36025,373,0,2026-02-25T16:34:57Z,DCA,FLL,2026-02-25T17:42:24Z,DCA_FLL_AA_2026_2_25_1530
AA3052,32.98306,-77.95222,36025,373,0,2026-02-25T16:34:57Z,DCA,FLL,2026-02-25T17:42:24Z,FLL_DCA_AA_2026_2_25_1901
UA1886,40.57796,-74.62793,5600,245,0,2026-02-25T16:34:57Z,IAH,EWR,2026-02-25T16:39:59Z,IAH_EWR_UA_2026_2_25_814
UA905,42.94492,-73.71973,19525,350,-1664,2026-02-25T16:34:58Z,LHR,EWR,2026-02-25T16:56:08Z,LHR_EWR_UA_2026_2_25_921
UA654,30.33897,-95.72048,14475,339,-1600,2026-02-25T16:34:57Z,LAX,IAH,2026-02-25T16:50:50Z,LAX_IAH_UA_2026_2_25_605
UA654,30.33897,-95.72048,14475,339,-1600,2026-02-25T16:34:57Z,LAX,IAH,2026-02-25T16:50:50Z,IAH_DCA_UA_2026_2_25_1213
DL2947,34.01816,-118.41165,6125,195,-1280,2026-02-25T16:34:58Z,PDX,LAX,2026-02-25T16:41:14Z,PDX_LAX_DL_2026_2_25_651
AA3139,3.04053,-87.17005,775,122,-640,2026-02-25T16:34:58Z,DFW,PNS,2026-02-25T16:35:27Z,DFW_PNS_AA_2026_2_25_1520
AA3139,3.04053,-87.17005,775,122,-640,2026-02-25T16:34:58Z,DFW,PNS,2026-02-25T16:35:27Z,PNS_DFW_AA_2026_2_25_1740
AA2523,3.07869,-82.12592,33150,404,-960,2026-02-25T16:34:58Z,PHL,TPA,2026-02-25T17:10:24Z,PHL_TPA_AA_2026_2_25_937
UA830,37.61911,-122.39333,0,0,0,2026-02-25T16:34:35Z,SYD,SFO,2026-02-25T16:28:25Z,SYD_SFO_UA_2026_2_25_1423
AA882,38.88071,-118.83453,23575,391,-2240,2026-02-25T16:34:58Z,PHX,RNO,2026-02-25T16:56:10Z,PHX_RNO_AA_2026_2_25_819
AA882,38.88071,-118.83453,23575,391,-2240,2026-02-25T16:34:58Z,PHX,RNO,2026-02-25T16:56:10Z,RNO_PHX_AA_2026_2_25_1002
UA357,38.56839,-103.14362,31000,367,-64,2026-02-25T16:34:58Z,DFW,DEN,2026-02-25T16:59:44Z,DFW_DEN_UA_2026_2_25_1515
UA595,39.15979,-103.95825,19825,322,-1664,2026-02-25T16:34:58Z,AUS,DEN,2026-02-25T16:50:58Z,AUS_DEN_UA_2026_2_25_853
KL601,49.83059,-107.98328,37975,524,64,2026-02-25T16:34:58Z,AMS,LAX,2026-02-25T19:01:20Z,AMS_LAX_KL_2026_2_25_1000
DL57,52.71366,-103.03944,40000,513,0,2026-02-25T16:34:58Z,AMS,SLC,2026-02-25T18:27:12Z,AMS_SLC_DL_2026_2_25_955
AF158,52.31007,-81.13525,36000,474,0,2026-02-25T16:34:58Z,CDG,DFW,2026-02-25T19:37:36Z,CDG_DFW_AF_2026_2_25_956
UA4200,32.20738,-77.88191,41025,485,0,2026-02-25T16:34:58Z,MDE,EWR,2026-02-25T17:53:27Z,MDE_EWR_UA_2026_2_25_1248
AA2111,36.01144,-80.27219,20825,320,-1408,2026-02-25T16:34:58Z,LGA,CLT,2026-02-25T16:56:39Z,LGA_CLT_AA_2026_2_25_1014
AA2111,36.01144,-80.27219,20825,320,-1408,2026-02-25T16:34:58Z,LGA,CLT,2026-02-25T16:56:39Z,CLT_LGA_AA_2026_2_25_743
DL33,42.00563,-77.14319,40000,390,0,2026-02-25T16:34:58Z,LHR,ATL,2026-02-25T18:22:56Z,LHR_ATL_DL_2026_2_25_908
UA1119,33.36397,-98.12917,39000,526,0,2026-02-25T16:34:58Z,DEN,CUN,2026-02-25T18:46:24Z,DEN_CUN_UA_2026_2_25_1532
AA1293,29.75935,-82.14937,25000,402,0,2026-02-25T16:34:59Z,ORD,MCO,2026-02-25T16:59:18Z,ORD_MCO_AA_2026_2_25_849
AA2731,34.13992,-94.08428,37925,365,-576,2026-02-25T16:34:57Z,PHL,DFW,2026-02-25T17:08:16Z,PHL_DFW_AA_2026_2_25_1354
DL1794,33.44957,-84.05975,5775,239,-768,2026-02-25T16:34:57Z,SJO,ATL,2026-02-25T16:39:50Z,SJO_ATL_DL_2026_2_25_1317
UA2609,39.28784,-104.04274,19525,291,-1600,2026-02-25T16:34:59Z,OKC,DEN,2026-02-25T16:49:27Z,OKC_DEN_UA_2026_2_25_929
UA6,53.98361,-129.95108,38975,521,-64,2026-02-25T16:34:59Z,NRT,IAH,2026-02-25T20:43:44Z,NRT_IAH_UA_2026_2_25_1818
LH454,63.15328,-108.72102,36000,538,0,2026-02-25T16:34:59Z,FRA,SFO,2026-02-25T20:05:20Z,FRA_SFO_LH_2026_2_25_1054
LH456,65.55602,-104.17877,32000,516,0,2026-02-25T16:34:59Z,FRA,LAX,2026-02-25T20:52:16Z,FRA_LAX_LH_2026_2_25_1113
AA3193,37.99817,-97.09645,38000,373,-64,2026-02-25T16:34:59Z,MIA,EGE,2026-02-25T17:48:48Z,MIA_EGE_AA_2026_2_25_829
AA1616,39.22687,-89.80039,38000,370,0,2026-02-25T16:34:58Z,CLT,MCI,2026-02-25T17:14:40Z,CLT_MCI_AA_2026_2_25_1010
AA1616,39.22687,-89.80039,38000,370,0,2026-02-25T16:34:58Z,CLT,MCI,2026-02-25T17:14:40Z,MCI_CLT_AA_2026_2_25_1232
UA3895,40.42538,-88.47467,40000,376,0,2026-02-25T16:34:59Z,EWR,AMA,2026-02-25T18:12:16Z,EWR_AMA_UA_2026_2_25_938
AA1283,25.88635,-80.31201,5625,273,-2048,2026-02-25T16:34:59Z,IND,MIA,2026-02-25T16:42:48Z,IND_MIA_AA_2026_2_25_925
AA3317,2.72216,-80.06105,8800,289,-1344,2026-02-25T16:34:59Z,LGA,PBI,2026-02-25T16:45:29Z,LGA_PBI_AA_2026_2_25_844
AA3317,2.72216,-80.06105,8800,289,-1344,2026-02-25T16:34:59Z,LGA,PBI,2026-02-25T16:45:29Z,PBI_LGA_AA_2026_2_25_1314
KL623,44.91672,-77.97801,35975,437,0,2026-02-25T16:34:59Z,AMS,ATL,2026-02-25T18:33:36Z,AMS_ATL_KL_2026_2_25_1037
DL42,3.26017,-119.66869,29800,478,-2752,2026-02-25T16:34:59Z,SYD,LAX,2026-02-25T17:06:30Z,SYD_LAX_DL_2026_2_25_1433
DL830,3.44545,-99.02583,40000,392,-64,2026-02-25T16:34:57Z,ATL,SLC,2026-02-25T18:27:12Z,ATL_SLC_DL_2026_2_25_928
UA2115,38.10184,-117.87865,38000,389,-64,2026-02-25T16:34:58Z,EWR,SFO,2026-02-25T17:16:48Z,EWR_SFO_UA_2026_2_25_613
KL605,53.81089,-115.78208,37975,551,64,2026-02-25T16:34:59Z,AMS,SFO,2026-02-25T18:50:40Z,AMS_SFO_KL_2026_2_25_1013
DL120,54.49968,-119.73466,41000,535,64,2026-02-25T16:34:59Z,HND,MSP,2026-02-25T18:59:12Z,HND_MSP_DL_2026_2_25_1742
AF338,59.96515,-112.02042,40000,556,0,2026-02-25T16:34:59Z,CDG,SEA,2026-02-25T18:27:12Z,CDG_SEA_AF_2026_2_25_1036
DL274,50.27674,-107.79562,41000,540,64,2026-02-25T16:34:57Z,HND,DTW,2026-02-25T18:46:24Z,HND_DTW_DL_2026_2_25_1651
DL274,50.27674,-107.79562,41000,540,64,2026-02-25T16:34:57Z,HND,DTW,2026-02-25T18:46:24Z,HND_DTW_DL_2026_2_25_1642
UA297,46.09956,-100.71902,38000,394,0,2026-02-25T16:34:59Z,EWR,BZN,2026-02-25T17:48:48Z,EWR_BZN_UA_2026_2_25_819
DL713,39.25154,-9.55636,40000,393,0,2026-02-25T16:34:59Z,JFK,LAX,2026-02-25T19:31:12Z,JFK_LAX_DL_2026_2_25_845
UA3929,39.87012,-90.07374,41000,540,0,2026-02-25T16:34:58Z,SFO,IAD,2026-02-25T17:50:56Z,SFO_IAD_UA_2026_2_25_529
DL274,42.21033,-83.35699,0,0,0,2026-02-25T16:34:59Z,HND,DTW,2026-01-19T18:59:44Z,HND_DTW_DL_2026_2_25_1651
DL274,42.21033,-83.35699,0,0,0,2026-02-25T16:34:59Z,HND,DTW,2026-01-19T18:59:44Z,HND_DTW_DL_2026_2_25_1642
AA1172,32.61772,-78.75874,38025,513,-64,2026-02-25T16:34:57Z,ORD,STT,2026-02-25T19:09:52Z,ORD_STT_AA_2026_2_25_1504
AA1688,3.65834,-79.80071,28000,347,0,2026-02-25T16:34:59Z,BOS,CLT,2026-02-25T17:06:08Z,BOS_CLT_AA_2026_2_25_954
BA175,43.17874,-70.73477,38000,400,0,2026-02-25T16:34:59Z,LHR,JFK,2026-02-25T17:16:48Z,LHR_JFK_BA_2026_2_25_955
AA142,47.87938,-62.84365,39000,599,0,2026-02-25T16:34:59Z,JFK,LHR,2026-02-25T21:30:40Z,JFK_LHR_AA_2026_2_25_1024
DL1112,32.52663,-109.41866,39000,492,0,2026-02-25T16:34:59Z,LAX,MSY,2026-02-25T18:44:16Z,LAX_MSY_DL_2026_2_25_732
AA249,33.22929,-95.93806,38000,356,64,2026-02-25T16:34:59Z,ORD,MEX,2026-02-25T18:40:00Z,ORD_MEX_AA_2026_2_25_851
AA2097,29.85013,-90.93669,38000,413,0,2026-02-25T16:34:57Z,MIA,DFW,2026-02-25T17:40:16Z,MIA_DFW_AA_2026_2_25_1458
UA1898,30.19075,-94.50552,11175,288,-1472,2026-02-25T16:34:58Z,BWI,IAH,2026-02-25T16:47:38Z,BWI_IAH_UA_2026_2_25_822
DL1368,30.23335,-89.54813,11300,295,-1984,2026-02-25T16:34:59Z,JFK,MSY,2026-02-25T16:48:03Z,JFK_MSY_DL_2026_2_25_813
DL1368,30.23335,-89.54813,11300,295,-1984,2026-02-25T16:34:59Z,JFK,MSY,2026-02-25T16:48:03Z,MSY_JFK_DL_2026_2_25_1154
UA838,39.74542,-125.19912,38175,497,-1536,2026-02-25T16:34:59Z,NRT,SFO,2026-02-25T17:06:08Z,NRT_SFO_UA_2026_2_25_1655
UA1256,39.69781,-104.66203,7900,180,-896,2026-02-25T16:34:57Z,CLT,DEN,2026-02-25T16:38:49Z,CLT_DEN_UA_2026_2_25_815
UA1116,40.39291,-11.87451,38000,408,0,2026-02-25T16:34:57Z,MSP,SFO,2026-02-25T17:16:48Z,MSP_SFO_UA_2026_2_25_736
DL188,56.09875,-143.78702,39000,521,0,2026-02-25T16:34:56Z,ICN,ATL,2026-02-25T22:04:48Z,ICN_ATL_DL_2026_2_25_1814
AF84,63.38516,-97.86452,34000,493,0,2026-02-25T16:34:56Z,CDG,SFO,2026-02-25T20:35:12Z,CDG_SFO_AF_2026_2_25_1105
AA1766,36.14586,-0.86658,39000,568,-64,2026-02-25T16:34:59Z,DFW,JFK,2026-02-25T18:18:40Z,DFW_JFK_AA_2026_2_25_1530
AA1766,36.14586,-0.86658,39000,568,-64,2026-02-25T16:34:59Z,DFW,JFK,2026-02-25T18:18:40Z,JFK_DFW_AA_2026_2_25_1938
AA2581,39.12022,-90.62134,39000,497,64,2026-02-25T16:34:58Z,DFW,MKE,2026-02-25T17:21:04Z,DFW_MKE_AA_2026_2_25_1532
AA2581,39.12022,-90.62134,39000,497,64,2026-02-25T16:34:58Z,DFW,MKE,2026-02-25T17:21:04Z,MKE_DFW_AA_2026_2_25_1835
DL8800,25.77562,-80.55872,3525,218,-832,2026-02-25T16:34:59Z,MSP,MIA,2026-02-25T16:38:40Z,MSP_MIA_DL_2026_2_25_743
BA117,40.54919,-73.55128,2625,159,128,2026-02-25T16:34:59Z,LHR,JFK,2026-02-25T16:37:02Z,LHR_JFK_BA_2026_2_25_903
BA195,48.94872,-7.98199,39975,456,64,2026-02-25T16:34:57Z,LHR,IAH,2026-02-25T19:54:40Z,LHR_IAH_BA_2026_2_25_1010
AA1349,30.17078,-97.67829,250,132,-704,2026-02-25T16:39:59Z,JFK,AUS,2026-02-25T16:40:29Z,JFK_AUS_AA_2026_2_25_726
DL2301,27.89047,-82.61957,3575,219,-384,2026-02-25T16:39:57Z,MSP,TPA,2026-02-25T16:43:52Z,MSP_TPA_DL_2026_2_25_806
DL2582,39.90239,-112.33887,19450,366,-1600,2026-02-25T16:39:58Z,BUR,SLC,2026-02-25T16:57:19Z,BUR_SLC_DL_2026_2_25_729
UA1666,39.27466,-103.65774,22700,342,-2112,2026-02-25T16:39:58Z,CVG,DEN,2026-02-25T16:59:53Z,CVG_DEN_UA_2026_2_25_908
DL8851,39.60223,-104.65749,8950,230,-64,2026-02-25T16:39:57Z,ATL,DEN,2026-02-25T16:42:41Z,ATL_DEN_DL_2026_2_25_836
DL853,55.24536,-132.79808,39000,513,0,2026-02-25T16:39:59Z,ANC,SEA,2026-02-25T18:05:52Z,ANC_SEA_DL_2026_2_25_613
BA53,6.28835,-108.71613,40000,518,64,2026-02-25T16:39:59Z,LHR,SEA,2026-02-25T19:05:36Z,LHR_SEA_BA_2026_2_25_1020
KL689,42.76819,-86.81307,40000,469,64,2026-02-25T16:39:59Z,AMS,CUN,2026-02-25T19:44:00Z,AMS_CUN_KL_2026_2_25_906
KL661,44.02929,-86.20095,36000,458,64,2026-02-25T16:39:59Z,AMS,IAH,2026-02-25T18:57:04Z,AMS_IAH_KL_2026_2_25_1014
AF636,50.40697,-84.34139,38000,474,0,2026-02-25T16:39:59Z,CDG,IAH,2026-02-25T19:46:08Z,CDG_IAH_AF_2026_2_25_1048
AA2896,30.89193,-78.48375,36000,390,0,2026-02-25T16:39:57Z,LGA,FLL,2026-02-25T17:31:44Z,LGA_FLL_AA_2026_2_25_1441
AA2896,30.89193,-78.48375,36000,390,0,2026-02-25T16:39:57Z,LGA,FLL,2026-02-25T17:31:44Z,FLL_LGA_AA_2026_2_25_1906
AA3052,32.48451,-78.12213,36000,374,0,2026-02-25T16:39:57Z,DCA,FLL,2026-02-25T17:44:32Z,DCA_FLL_AA_2026_2_25_1530
AA3052,32.48451,-78.12213,36000,374,0,2026-02-25T16:39:57Z,DCA,FLL,2026-02-25T17:44:32Z,FLL_DCA_AA_2026_2_25_1901
UA1886,40.88782,-74.44855,4600,260,0,2026-02-25T16:39:58Z,IAH,EWR,2026-02-25T16:44:24Z,IAH_EWR_UA_2026_2_25_814
UA905,42.49223,-73.91742,15700,336,0,2026-02-25T16:39:57Z,LHR,EWR,2026-02-25T16:54:53Z,LHR_EWR_UA_2026_2_25_921
DL2947,33.96666,-118.26328,2150,165,-1024,2026-02-25T16:39:58Z,PDX,LAX,2026-02-25T16:42:00Z,PDX_LAX_DL_2026_2_25_651
UA654,3.00923,-95.35331,8700,252,-64,2026-02-25T16:39:57Z,LAX,IAH,2026-02-25T16:48:20Z,LAX_IAH_UA_2026_2_25_605
UA654,3.00923,-95.35331,8700,252,-64,2026-02-25T16:39:57Z,LAX,IAH,2026-02-25T16:48:20Z,IAH_DCA_UA_2026_2_25_1213
AA3139,30.47459,-87.19298,0,3,0,2026-02-25T16:39:57Z,DFW,PNS,2026-02-25T16:37:12Z,DFW_PNS_AA_2026_2_25_1520
AA3139,30.47459,-87.19298,0,3,0,2026-02-25T16:39:57Z,DFW,PNS,2026-02-25T16:37:12Z,PNS_DFW_AA_2026_2_25_1740
AA2523,30.21692,-82.23157,30000,422,0,2026-02-25T16:39:58Z,PHL,TPA,2026-02-25T17:10:24Z,PHL_TPA_AA_2026_2_25_937
AA882,39.24074,-119.28764,12000,329,-1856,2026-02-25T16:39:58Z,PHX,RNO,2026-02-25T16:49:19Z,PHX_RNO_AA_2026_2_25_819
AA882,39.24074,-119.28764,12000,329,-1856,2026-02-25T16:39:58Z,PHX,RNO,2026-02-25T16:49:19Z,RNO_PHX_AA_2026_2_25_1002
UA357,38.89165,-103.59778,29125,330,-1536,2026-02-25T16:39:57Z,DFW,DEN,2026-02-25T17:01:52Z,DFW_DEN_UA_2026_2_25_1515
UA595,3.93817,-104.31354,13600,231,-1024,2026-02-25T16:39:58Z,AUS,DEN,2026-02-25T16:48:25Z,AUS_DEN_UA_2026_2_25_853
DL166,47.43806,-122.30938,0,0,0,2026-02-25T16:39:59Z,HND,SEA,2026-02-25T16:32:12Z,HND_SEA_DL_2026_2_25_1707
KL601,49.15679,-10.83948,38000,529,0,2026-02-25T16:39:57Z,AMS,LAX,2026-02-25T18:59:12Z,AMS_LAX_KL_2026_2_25_1000
DL57,52.02383,-103.31749,40000,510,-64,2026-02-25T16:39:58Z,AMS,SLC,2026-02-25T18:29:20Z,AMS_SLC_DL_2026_2_25_955
AF158,51.82274,-81.85684,36000,472,0,2026-02-25T16:39:59Z,CDG,DFW,2026-02-25T19:35:28Z,CDG_DFW_AF_2026_2_25_956
UA4200,32.88432,-77.92182,41025,490,0,2026-02-25T16:39:58Z,MDE,EWR,2026-02-25T17:52:59Z,MDE_EWR_UA_2026_2_25_1248
AA2111,3.56795,-80.53954,14550,269,-1216,2026-02-25T16:39:58Z,LGA,CLT,2026-02-25T16:54:44Z,LGA_CLT_AA_2026_2_25_1014
AA2111,3.56795,-80.53954,14550,269,-1216,2026-02-25T16:39:58Z,LGA,CLT,2026-02-25T16:54:44Z,CLT_LGA_AA_2026_2_25_743
DL33,4.15486,-77.50362,40000,375,0,2026-02-25T16:39:58Z,LHR,ATL,2026-02-25T18:25:04Z,LHR_ATL_DL_2026_2_25_908
UA1119,32.84111,-97.51772,39000,523,0,2026-02-25T16:39:58Z,DEN,CUN,2026-02-25T18:44:16Z,DEN_CUN_UA_2026_2_25_1532
AA1293,29.21516,-8.20019,21125,411,-2240,2026-02-25T16:39:59Z,ORD,MCO,2026-02-25T17:02:39Z,ORD_MCO_AA_2026_2_25_849
AA2731,33.97046,-94.63124,33075,333,-1024,2026-02-25T16:39:57Z,PHL,DFW,2026-02-25T17:12:32Z,PHL_DFW_AA_2026_2_25_1354
DL1794,33.63217,-84.21822,2475,146,0,2026-02-25T16:39:59Z,SJO,ATL,2026-02-25T16:41:56Z,SJO_ATL_DL_2026_2_25_1317
AA3193,38.23526,-97.68959,38025,380,64,2026-02-25T16:39:59Z,MIA,EGE,2026-02-25T17:55:12Z,MIA_EGE_AA_2026_2_25_829
UA2609,39.42076,-104.42279,12625,218,-1472,2026-02-25T16:39:59Z,OKC,DEN,2026-02-25T16:48:08Z,OKC_DEN_UA_2026_2_25_929
UA6,5.36258,-12.88773,39000,527,-64,2026-02-25T16:39:59Z,NRT,IAH,2026-02-25T20:41:36Z,NRT_IAH_UA_2026_2_25_1818
LH454,62.49233,-109.46756,35975,539,-64,2026-02-25T16:39:57Z,FRA,SFO,2026-02-25T20:05:20Z,FRA_SFO_LH_2026_2_25_1054
LH456,64.95163,-105.05841,32000,513,0,2026-02-25T16:39:58Z,FRA,LAX,2026-02-25T20:56:32Z,FRA_LAX_LH_2026_2_25_1113
AA1616,39.44925,-9.04043,38000,376,0,2026-02-25T16:39:57Z,CLT,MCI,2026-02-25T17:16:48Z,CLT_MCI_AA_2026_2_25_1010
AA1616,39.44925,-9.04043,38000,376,0,2026-02-25T16:39:57Z,CLT,MCI,2026-02-25T17:16:48Z,MCI_CLT_AA_2026_2_25_1232
UA3895,40.24944,-89.11654,40000,377,0,2026-02-25T16:39:58Z,EWR,AMA,2026-02-25T18:12:16Z,EWR_AMA_UA_2026_2_25_938
AA1283,25.82732,-80.35722,775,144,-640,2026-02-25T16:39:58Z,IND,MIA,2026-02-25T16:41:49Z,IND_MIA_AA_2026_2_25_925
AA3317,26.87663,-80.04732,3600,267,-192,2026-02-25T16:39:58Z,LGA,PBI,2026-02-25T16:42:51Z,LGA_PBI_AA_2026_2_25_844
AA3317,26.87663,-80.04732,3600,267,-192,2026-02-25T16:39:58Z,LGA,PBI,2026-02-25T16:42:51Z,PBI_LGA_AA_2026_2_25_1314
DL1930,22.13806,-66.22767,39000,490,0,2026-02-25T16:39:58Z,JFK,STT,2026-02-25T17:18:56Z,JFK_STT_DL_2026_2_25_1356
KL623,44.58205,-78.67973,36000,433,0,2026-02-25T16:39:59Z,AMS,ATL,2026-02-25T18:33:36Z,AMS_ATL_KL_2026_2_25_1037
DL42,32.95051,-119.07504,20425,405,-1408,2026-02-25T16:39:59Z,SYD,LAX,2026-02-25T17:01:04Z,SYD_LAX_DL_2026_2_25_1433
DL830,34.59646,-99.66483,40000,396,0,2026-02-25T16:39:58Z,ATL,SLC,2026-02-25T18:27:12Z,ATL_SLC_DL_2026_2_25_928
UA2115,37.90823,-118.47842,38000,420,64,2026-02-25T16:39:59Z,EWR,SFO,2026-02-25T17:14:40Z,EWR_SFO_UA_2026_2_25_613
DL966,47.44029,-122.31364,0,0,0,2026-02-25T16:39:57Z,CVG,SEA,2026-02-25T16:30:12Z,CVG_SEA_DL_2026_2_25_653
KL605,53.09679,-116.22923,37975,546,-64,2026-02-25T16:39:57Z,AMS,SFO,2026-02-25T18:50:40Z,AMS_SFO_KL_2026_2_25_1013
DL120,54.25282,-118.55396,41000,535,0,2026-02-25T16:39:58Z,HND,MSP,2026-02-25T19:01:20Z,HND_MSP_DL_2026_2_25_1742
AF338,59.27278,-112.65134,40000,553,0,2026-02-25T16:39:58Z,CDG,SEA,2026-02-25T18:27:12Z,CDG_SEA_AF_2026_2_25_1036
DL274,49.93258,-106.75148,41000,543,0,2026-02-25T16:39:58Z,HND,DTW,2026-02-25T18:44:16Z,HND_DTW_DL_2026_2_25_1651
DL274,49.93258,-106.75148,41000,543,0,2026-02-25T16:39:58Z,HND,DTW,2026-02-25T18:44:16Z,HND_DTW_DL_2026_2_25_1642
UA297,46.08443,-101.50413,38000,396,-64,2026-02-25T16:39:58Z,EWR,BZN,2026-02-25T17:48:48Z,EWR_BZN_UA_2026_2_25_819
DL713,39.16296,-9.62505,40000,395,0,2026-02-25T16:39:57Z,JFK,LAX,2026-02-25T19:33:20Z,JFK_LAX_DL_2026_2_25_845
UA3929,39.84229,-89.08911,41000,546,0,2026-02-25T16:39:59Z,SFO,IAD,2026-02-25T17:53:04Z,SFO_IAD_UA_2026_2_25_529
DL274,42.21033,-0.83357,0,0,0,2026-02-25T16:39:58Z,HND,DTW,2026-01-19T18:59:44Z,HND_DTW_DL_2026_2_25_1651
DL274,42.21033,-0.83357,0,0,0,2026-02-25T16:39:58Z,HND,DTW,2026-01-19T18:59:44Z,HND_DTW_DL_2026_2_25_1642
AA1172,32.23822,-78.02827,39025,543,0,2026-02-25T16:39:58Z,ORD,STT,2026-02-25T19:09:52Z,ORD_STT_AA_2026_2_25_1504
AA1688,36.19304,-80.12398,24300,344,-1472,2026-02-25T16:39:57Z,BOS,CLT,2026-02-25T17:06:08Z,BOS_CLT_AA_2026_2_25_954
BA175,4.26573,-70.98804,38000,396,64,2026-02-25T16:39:59Z,LHR,JFK,2026-02-25T17:16:48Z,LHR_JFK_BA_2026_2_25_955
AA142,48.44298,-61.94071,39000,598,0,2026-02-25T16:39:58Z,JFK,LHR,2026-02-25T21:30:40Z,JFK_LHR_AA_2026_2_25_1024
DL1112,32.39016,-108.62788,39000,496,0,2026-02-25T16:39:58Z,LAX,MSY,2026-02-25T18:44:16Z,LAX_MSY_DL_2026_2_25_732
AA249,32.80247,-96.23029,38000,356,0,2026-02-25T16:39:58Z,ORD,MEX,2026-02-25T18:40:00Z,ORD_MEX_AA_2026_2_25_851
UA1898,29.97725,-94.77711,7550,236,-64,2026-02-25T16:39:58Z,BWI,IAH,2026-02-25T16:46:39Z,BWI_IAH_UA_2026_2_25_822
DL1368,30.06972,-89.94308,4775,263,-1856,2026-02-25T16:39:58Z,JFK,MSY,2026-02-25T16:46:03Z,JFK_MSY_DL_2026_2_25_813
DL1368,30.06972,-89.94308,4775,263,-1856,2026-02-25T16:39:58Z,JFK,MSY,2026-02-25T16:46:03Z,MSY_JFK_DL_2026_2_25_1154
AA2097,30.26743,-0.91394,38000,413,0,2026-02-25T16:39:58Z,MIA,DFW,2026-02-25T17:40:16Z,MIA_DFW_AA_2026_2_25_1458
UA838,39.37056,-12.44622,35000,492,0,2026-02-25T16:39:58Z,NRT,SFO,2026-02-25T17:14:11Z,NRT_SFO_UA_2026_2_25_1655
UA1256,39.85875,-104.66232,0,19,0,2026-02-25T16:39:58Z,CLT,DEN,2026-02-25T16:38:12Z,CLT_DEN_UA_2026_2_25_815
UA1116,40.12929,-119.39074,38000,403,0,2026-02-25T16:39:57Z,MSP,SFO,2026-02-25T17:21:04Z,MSP_SFO_UA_2026_2_25_736
DL188,5.60551,-142.48824,39000,521,0,2026-02-25T16:39:57Z,ICN,ATL,2026-02-25T22:04:48Z,ICN_ATL_DL_2026_2_25_1814
AF84,62.94338,-98.95191,34000,489,0,2026-02-25T16:39:57Z,CDG,SFO,2026-02-25T20:39:28Z,CDG_SFO_AF_2026_2_25_1105
AA2581,39.64682,-90.04803,39000,506,64,2026-02-25T16:39:58Z,DFW,MKE,2026-02-25T17:21:04Z,DFW_MKE_AA_2026_2_25_1532
AA2581,39.64682,-90.04803,39000,506,64,2026-02-25T16:39:58Z,DFW,MKE,2026-02-25T17:21:04Z,MKE_DFW_AA_2026_2_25_1835
AA1766,36.43456,-85.75624,39000,568,0,2026-02-25T16:39:57Z,DFW,JFK,2026-02-25T18:14:24Z,DFW_JFK_AA_2026_2_25_1530
AA1766,36.43456,-85.75624,39000,568,0,2026-02-25T16:39:57Z,DFW,JFK,2026-02-25T18:14:24Z,JFK_DFW_AA_2026_2_25_1938
DL8800,25.78612,-80.31275,0,132,-704,2026-02-25T16:39:57Z,MSP,MIA,2026-02-25T16:40:02Z,MSP_MIA_DL_2026_2_25_743
BA117,40.64287,-73.75739,0,122,-704,2026-02-25T16:39:57Z,LHR,JFK,2026-02-25T16:40:36Z,LHR_JFK_BA_2026_2_25_903
BA195,48.55408,-80.57055,40000,455,0,2026-02-25T16:39:58Z,LHR,IAH,2026-02-25T19:54:40Z,LHR_IAH_BA_2026_2_25_1010
AA1349,30.20174,-97.67045,0,2,0,2026-02-25T16:44:52Z,JFK,AUS,2026-02-25T16:41:12Z,JFK_AUS_AA_2026_2_25_726
DL2301,27.80832,-82.54765,2150,158,-128,2026-02-25T16:44:59Z,MSP,TPA,2026-02-25T16:46:19Z,MSP_TPA_DL_2026_2_25_806
UA1666,39.43652,-104.14818,14375,285,-1536,2026-02-25T16:44:58Z,CVG,DEN,2026-02-25T16:55:27Z,CVG_DEN_UA_2026_2_25_908
UA1384,39.85587,-104.66811,0,14,0,2026-02-25T16:44:58Z,ICT,DEN,2026-02-25T16:38:12Z,ICT_DEN_UA_2026_2_25_927
DL8851,39.84732,-104.66052,0,30,0,2026-02-25T16:44:59Z,ATL,DEN,2026-02-25T16:44:58Z,ATL_DEN_DL_2026_2_25_836
DL853,54.71708,-131.96652,39000,511,64,2026-02-25T16:44:59Z,ANC,SEA,2026-02-25T18:05:52Z,ANC_SEA_DL_2026_2_25_613
DL2582,40.30692,-112.16858,14375,294,-704,2026-02-25T16:44:58Z,BUR,SLC,2026-02-25T16:55:24Z,BUR_SLC_DL_2026_2_25_729
BA53,62.29202,-109.58598,40000,514,0,2026-02-25T16:44:59Z,LHR,SEA,2026-02-25T19:05:36Z,LHR_SEA_BA_2026_2_25_1020
KL689,42.18503,-87.18354,40000,463,-64,2026-02-25T16:44:58Z,AMS,CUN,2026-02-25T19:46:08Z,AMS_CUN_KL_2026_2_25_906
KL661,43.51429,-86.71306,36000,459,0,2026-02-25T16:44:58Z,AMS,IAH,2026-02-25T18:59:12Z,AMS_IAH_KL_2026_2_25_1014
AF636,4.99114,-85.00701,38000,469,0,2026-02-25T16:44:58Z,CDG,IAH,2026-02-25T19:48:16Z,CDG_IAH_AF_2026_2_25_1048
AA2896,30.38721,-78.72166,36025,386,64,2026-02-25T16:44:58Z,LGA,FLL,2026-02-25T17:31:44Z,LGA_FLL_AA_2026_2_25_1441
AA2896,30.38721,-78.72166,36025,386,64,2026-02-25T16:44:58Z,LGA,FLL,2026-02-25T17:31:44Z,FLL_LGA_AA_2026_2_25_1906
AA3052,31.97543,-78.29345,36050,384,-64,2026-02-25T16:44:58Z,DCA,FLL,2026-02-25T17:48:48Z,DCA_FLL_AA_2026_2_25_1530
AA3052,31.97543,-78.29345,36050,384,-64,2026-02-25T16:44:58Z,DCA,FLL,2026-02-25T17:48:48Z,FLL_DCA_AA_2026_2_25_1901
UA1886,40.88667,-74.11072,3075,196,-448,2026-02-25T16:44:57Z,IAH,EWR,2026-02-25T16:47:51Z,IAH_EWR_UA_2026_2_25_814
UA905,4.20455,-74.11526,15700,341,0,2026-02-25T16:44:58Z,LHR,EWR,2026-02-25T16:59:53Z,LHR_EWR_UA_2026_2_25_921
DL2947,3.39469,-118.42171,0,20,0,2026-02-25T16:44:59Z,PDX,LAX,2026-02-25T16:43:12Z,PDX_LAX_DL_2026_2_25_651
UA654,30.09197,-0.94965,6300,236,-896,2026-02-25T16:44:59Z,LAX,IAH,2026-02-25T16:49:39Z,LAX_IAH_UA_2026_2_25_605
UA654,30.09197,-0.94965,6300,236,-896,2026-02-25T16:44:59Z,LAX,IAH,2026-02-25T16:49:39Z,IAH_DCA_UA_2026_2_25_1213
AA2523,29.63269,-82.33904,29225,423,-3776,2026-02-25T16:44:59Z,PHL,TPA,2026-02-25T17:10:24Z,PHL_TPA_AA_2026_2_25_937
AA882,39.54491,-119.58026,9350,237,-448,2026-02-25T16:44:58Z,PHX,RNO,2026-02-25T16:49:16Z,PHX_RNO_AA_2026_2_25_819
AA882,39.54491,-119.58026,9350,237,-448,2026-02-25T16:44:58Z,PHX,RNO,2026-02-25T16:49:16Z,RNO_PHX_AA_2026_2_25_1002
UA357,39.18333,-104.01485,20850,290,-1600,2026-02-25T16:44:59Z,DFW,DEN,2026-02-25T17:00:52Z,DFW_DEN_UA_2026_2_25_1515
UA595,3.95431,-104.62994,8925,225,64,2026-02-25T16:44:59Z,AUS,DEN,2026-02-25T16:47:41Z,AUS_DEN_UA_2026_2_25_853
DL166,47.43462,-12.23056,0,0,0,2026-02-25T16:44:58Z,HND,SEA,2026-02-25T16:32:12Z,HND_SEA_DL_2026_2_25_1707
KL601,48.47571,-108.79887,38000,528,64,2026-02-25T16:44:58Z,AMS,LAX,2026-02-25T19:01:20Z,AMS_LAX_KL_2026_2_25_1000
DL57,5.13403,-103.58445,40000,507,0,2026-02-25T16:44:58Z,AMS,SLC,2026-02-25T18:29:20Z,AMS_SLC_DL_2026_2_25_955
AF158,51.33585,-82.55623,36000,468,0,2026-02-25T16:44:59Z,CDG,DFW,2026-02-25T19:37:36Z,CDG_DFW_AF_2026_2_25_956
UA4200,33.57312,-77.96302,41000,497,0,2026-02-25T16:44:59Z,MDE,EWR,2026-02-25T17:51:59Z,MDE_EWR_UA_2026_2_25_1248
AA2111,35.36097,-80.77841,9550,254,64,2026-02-25T16:44:59Z,LGA,CLT,2026-02-25T16:53:47Z,LGA_CLT_AA_2026_2_25_1014
AA2111,35.36097,-80.77841,9550,254,64,2026-02-25T16:44:59Z,LGA,CLT,2026-02-25T16:53:47Z,CLT_LGA_AA_2026_2_25_743
DL33,41.09129,-77.85836,40000,380,0,2026-02-25T16:44:59Z,LHR,ATL,2026-02-25T18:25:04Z,LHR_ATL_DL_2026_2_25_908
UA1119,32.31559,-96.91382,39000,533,0,2026-02-25T16:44:59Z,DEN,CUN,2026-02-25T18:44:16Z,DEN_CUN_UA_2026_2_25_1532
AA1293,28.83027,-81.59212,12025,334,-1280,2026-02-25T16:44:57Z,ORD,MCO,2026-02-25T16:57:32Z,ORD_MCO_AA_2026_2_25_849
AA2731,33.81065,-95.13852,28625,317,-896,2026-02-25T16:44:59Z,PHL,DFW,2026-02-25T17:14:40Z,PHL_DFW_AA_2026_2_25_1354
DL1794,33.63184,-84.43837,0,42,0,2026-02-25T16:44:58Z,SJO,ATL,2026-02-25T16:44:31Z,SJO_ATL_DL_2026_2_25_1317
AA3193,38.46899,-98.28584,38000,379,64,2026-02-25T16:44:58Z,MIA,EGE,2026-02-25T17:57:20Z,MIA_EGE_AA_2026_2_25_829
UA2609,39.62298,-104.66296,8925,234,-64,2026-02-25T16:44:59Z,OKC,DEN,2026-02-25T16:47:45Z,OKC_DEN_UA_2026_2_25_929
UA6,53.25513,-127.81322,39000,534,-128,2026-02-25T16:44:59Z,NRT,IAH,2026-02-25T20:39:28Z,NRT_IAH_UA_2026_2_25_1818
LH454,61.82643,-110.18394,36000,531,0,2026-02-25T16:44:59Z,FRA,SFO,2026-02-25T20:05:20Z,FRA_SFO_LH_2026_2_25_1054
LH456,64.31536,-105.80326,32000,512,64,2026-02-25T16:44:58Z,FRA,LAX,2026-02-25T20:52:16Z,FRA_LAX_LH_2026_2_25_1113
AA1616,39.49431,-91.08374,38000,378,0,2026-02-25T16:44:59Z,CLT,MCI,2026-02-25T17:23:12Z,CLT_MCI_AA_2026_2_25_1010
AA1616,39.49431,-91.08374,38000,378,0,2026-02-25T16:44:59Z,CLT,MCI,2026-02-25T17:23:12Z,MCI_CLT_AA_2026_2_25_1232
UA3895,40.06851,-89.76013,40000,382,0,2026-02-25T16:44:58Z,EWR,AMA,2026-02-25T18:20:48Z,EWR_AMA_UA_2026_2_25_938
AA1283,2.57994,-80.28658,0,15,0,2026-02-25T16:44:59Z,IND,MIA,2026-02-25T16:41:30Z,IND_MIA_AA_2026_2_25_925
AA3317,26.79719,-80.35263,3625,210,128,2026-02-25T16:44:59Z,LGA,PBI,2026-02-25T16:47:47Z,LGA_PBI_AA_2026_2_25_844
AA3317,26.79719,-80.35263,3625,210,128,2026-02-25T16:44:59Z,LGA,PBI,2026-02-25T16:47:47Z,PBI_LGA_AA_2026_2_25_1314
DL1930,21.47466,-66.03352,39000,495,0,2026-02-25T16:44:58Z,JFK,STT,2026-02-25T17:18:56Z,JFK_STT_DL_2026_2_25_1356
KL623,44.22882,-7.93578,35975,438,128,2026-02-25T16:44:58Z,AMS,ATL,2026-02-25T18:35:44Z,AMS_ATL_KL_2026_2_25_1037
DL42,33.26544,-118.55767,15350,356,-64,2026-02-25T16:44:59Z,SYD,LAX,2026-02-25T16:59:55Z,SYD_LAX_DL_2026_2_25_1433
DL830,34.73565,-100.30901,40000,396,0,2026-02-25T16:44:59Z,ATL,SLC,2026-02-25T18:27:12Z,ATL_SLC_DL_2026_2_25_928
UA2115,37.69199,-11.89997,36000,373,0,2026-02-25T16:44:58Z,EWR,SFO,2026-02-25T17:14:40Z,EWR_SFO_UA_2026_2_25_613
KL605,52.38416,-116.65997,38000,549,64,2026-02-25T16:44:58Z,AMS,SFO,2026-02-25T18:48:32Z,AMS_SFO_KL_2026_2_25_1013
DL120,53.99063,-117.37066,41025,531,0,2026-02-25T16:44:59Z,HND,MSP,2026-02-25T18:59:12Z,HND_MSP_DL_2026_2_25_1742
AF338,58.57832,-113.25611,40000,545,0,2026-02-25T16:44:59Z,CDG,SEA,2026-02-25T18:27:12Z,CDG_SEA_AF_2026_2_25_1036
DL274,49.63316,-105.67942,41000,545,64,2026-02-25T16:44:58Z,HND,DTW,2026-02-25T18:46:24Z,HND_DTW_DL_2026_2_25_1651
DL274,49.63316,-105.67942,41000,545,64,2026-02-25T16:44:58Z,HND,DTW,2026-02-25T18:46:24Z,HND_DTW_DL_2026_2_25_1642
UA297,46.06357,-102.29618,38000,398,0,2026-02-25T16:44:59Z,EWR,BZN,2026-02-25T17:48:48Z,EWR_BZN_UA_2026_2_25_819
DL713,39.06953,-96.94234,40000,390,0,2026-02-25T16:44:58Z,JFK,LAX,2026-02-25T19:33:20Z,JFK_LAX_DL_2026_2_25_845
UA3929,39.83963,-88.11591,41000,547,0,2026-02-25T16:44:57Z,SFO,IAD,2026-02-25T17:48:48Z,SFO_IAD_UA_2026_2_25_529
DL274,42.21032,-83.35699,0,0,0,2026-02-25T16:44:58Z,HND,DTW,2026-01-19T18:59:44Z,HND_DTW_DL_2026_2_25_1651
DL274,42.21032,-83.35699,0,0,0,2026-02-25T16:44:58Z,HND,DTW,2026-01-19T18:59:44Z,HND_DTW_DL_2026_2_25_1642
AA1172,31.75566,-77.41974,39025,504,0,2026-02-25T16:44:59Z,ORD,STT,2026-02-25T19:09:52Z,ORD_STT_AA_2026_2_25_1504
AA1688,35.80751,-80.43852,17725,278,-1472,2026-02-25T16:44:58Z,BOS,CLT,2026-02-25T17:02:17Z,BOS_CLT_AA_2026_2_25_954
BA175,42.14117,-71.23404,38000,394,0,2026-02-25T16:44:58Z,LHR,JFK,2026-02-25T17:16:48Z,LHR_JFK_BA_2026_2_25_955
AA142,4.90014,-61.01424,39000,602,0,2026-02-25T16:44:57Z,JFK,LHR,2026-02-25T21:28:32Z,JFK_LHR_AA_2026_2_25_1024
DL1112,32.24781,-107.83154,39000,499,0,2026-02-25T16:44:58Z,LAX,MSY,2026-02-25T18:42:08Z,LAX_MSY_DL_2026_2_25_732
AA249,32.37029,-96.52308,38000,359,64,2026-02-25T16:44:58Z,ORD,MEX,2026-02-25T18:40:00Z,ORD_MEX_AA_2026_2_25_851
UA1898,2.99935,-95.07703,3950,182,-832,2026-02-25T16:44:59Z,BWI,IAH,2026-02-25T16:49:15Z,BWI_IAH_UA_2026_2_25_822
DL1368,29.86191,-90.22064,1875,198,128,2026-02-25T16:44:59Z,JFK,MSY,2026-02-25T16:45:43Z,JFK_MSY_DL_2026_2_25_813
DL1368,29.86191,-90.22064,1875,198,128,2026-02-25T16:44:59Z,JFK,MSY,2026-02-25T16:45:43Z,MSY_JFK_DL_2026_2_25_1154
AA2097,30.68058,-91.85224,38000,409,0,2026-02-25T16:44:58Z,MIA,DFW,2026-02-25T17:40:16Z,MIA_DFW_AA_2026_2_25_1458
UA838,0.38999,-123.75372,35000,474,0,2026-02-25T16:44:58Z,NRT,SFO,2026-02-25T17:19:11Z,NRT_SFO_UA_2026_2_25_1655
UA1116,39.87213,-120.05096,38000,401,0,2026-02-25T16:44:58Z,MSP,SFO,2026-02-25T17:18:56Z,MSP_SFO_UA_2026_2_25_736
UA1256,39.86014,-104.67947,0,0,0,2026-02-25T16:44:58Z,CLT,DEN,2026-02-25T16:38:12Z,CLT_DEN_UA_2026_2_25_815
DL188,56.03912,-141.08179,39000,528,0,2026-02-25T16:44:57Z,ICN,ATL,2026-02-25T21:58:24Z,ICN_ATL_DL_2026_2_25_1814
AF84,62.50283,-99.99343,34000,489,0,2026-02-25T16:44:53Z,CDG,SFO,2026-02-25T20:39:28Z,CDG_SFO_AF_2026_2_25_1105
AA1766,36.72078,-84.83397,39000,574,0,2026-02-25T16:44:59Z,DFW,JFK,2026-02-25T18:14:24Z,DFW_JFK_AA_2026_2_25_1530
AA1766,36.72078,-84.83397,39000,574,0,2026-02-25T16:44:59Z,DFW,JFK,2026-02-25T18:14:24Z,JFK_DFW_AA_2026_2_25_1938
AA2581,40.17851,-8.94599,39000,493,64,2026-02-25T16:44:59Z,DFW,MKE,2026-02-25T17:21:04Z,DFW_MKE_AA_2026_2_25_1532
AA2581,40.17851,-8.94599,39000,493,64,2026-02-25T16:44:59Z,DFW,MKE,2026-02-25T17:21:04Z,MKE_DFW_AA_2026_2_25_1835
BA195,4.81544,-81.30995,39975,457,64,2026-02-25T16:44:58Z,LHR,IAH,2026-02-25T19:52:32Z,LHR_IAH_BA_2026_2_25_1010
BA117,40.64991,-73.78866,0,6,0,2026-02-25T16:44:59Z,LHR,JFK,2026-02-25T16:40:32Z,LHR_JFK_BA_2026_2_25_903
UA1666,39.48706,-104.56077,8925,218,0,2026-02-25T16:49:58Z,CVG,DEN,2026-02-25T16:53:49Z,CVG_DEN_UA_2026_2_25_908
DL853,54.19556,-131.17281,39000,498,64,2026-02-25T16:49:58Z,ANC,SEA,2026-02-25T18:05:52Z,ANC_SEA_DL_2026_2_25_613
DL2582,40.69867,-112.08583,11600,240,0,2026-02-25T16:49:59Z,BUR,SLC,2026-02-25T16:56:57Z,BUR_SLC_DL_2026_2_25_729
BA53,61.66754,-110.34991,40000,523,64,2026-02-25T16:49:59Z,LHR,SEA,2026-02-25T19:05:36Z,LHR_SEA_BA_2026_2_25_1020
KL689,41.60893,-87.54218,39975,455,0,2026-02-25T16:49:58Z,AMS,CUN,2026-02-25T19:48:16Z,AMS_CUN_KL_2026_2_25_906
KL661,0.42996,-87.21733,35975,457,64,2026-02-25T16:49:59Z,AMS,IAH,2026-02-25T18:59:12Z,AMS_IAH_KL_2026_2_25_1014
AF636,49.40924,-85.66279,38000,476,0,2026-02-25T16:49:59Z,CDG,IAH,2026-02-25T19:46:08Z,CDG_IAH_AF_2026_2_25_1048
AA2896,29.87215,-78.96185,34975,401,-960,2026-02-25T16:49:57Z,LGA,FLL,2026-02-25T17:31:44Z,LGA_FLL_AA_2026_2_25_1441
AA2896,29.87215,-78.96185,34975,401,-960,2026-02-25T16:49:57Z,LGA,FLL,2026-02-25T17:31:44Z,FLL_LGA_AA_2026_2_25_1906
AA3052,31.45807,-78.46506,35950,390,-832,2026-02-25T16:49:58Z,DCA,FLL,2026-02-25T17:48:48Z,DCA_FLL_AA_2026_2_25_1530
AA3052,31.45807,-78.46506,35950,390,-832,2026-02-25T16:49:58Z,DCA,FLL,2026-02-25T17:48:48Z,FLL_DCA_AA_2026_2_25_1901
UA905,41.64666,-7.42893,9775,257,-1088,2026-02-25T16:49:59Z,LHR,EWR,2026-02-25T17:00:09Z,LHR_EWR_UA_2026_2_25_921
UA654,2.99935,-95.09852,3625,200,-1088,2026-02-25T16:49:58Z,LAX,IAH,2026-02-25T16:53:38Z,LAX_IAH_UA_2026_2_25_605
UA654,2.99935,-95.09852,3625,200,-1088,2026-02-25T16:49:58Z,LAX,IAH,2026-02-25T16:53:38Z,IAH_DCA_UA_2026_2_25_1213
AA2523,29.03371,-82.29272,18150,419,-1920,2026-02-25T16:49:59Z,PHL,TPA,2026-02-25T17:10:31Z,PHL_TPA_AA_2026_2_25_937
AA882,39.70794,-119.76532,7125,189,0,2026-02-25T16:49:59Z,PHX,RNO,2026-02-25T16:52:17Z,PHX_RNO_AA_2026_2_25_819
AA882,39.70794,-119.76532,7125,189,0,2026-02-25T16:49:59Z,PHX,RNO,2026-02-25T16:52:17Z,RNO_PHX_AA_2026_2_25_1002
UA357,39.33911,-104.42171,13375,231,-1216,2026-02-25T16:49:58Z,DFW,DEN,2026-02-25T16:58:52Z,DFW_DEN_UA_2026_2_25_1515
UA595,39.81166,-104.66071,5700,170,-896,2026-02-25T16:49:58Z,AUS,DEN,2026-02-25T16:50:43Z,AUS_DEN_UA_2026_2_25_853
DL166,47.43461,-122.30562,0,0,0,2026-02-25T16:49:56Z,HND,SEA,2026-02-25T16:32:12Z,HND_SEA_DL_2026_2_25_1707
KL601,47.79776,-109.18961,37975,530,128,2026-02-25T16:49:58Z,AMS,LAX,2026-02-25T19:01:20Z,AMS_LAX_KL_2026_2_25_1000
DL57,50.65773,-103.84285,40000,507,0,2026-02-25T16:49:59Z,AMS,SLC,2026-02-25T18:27:12Z,AMS_SLC_DL_2026_2_25_955
AF158,50.87126,-83.20473,36000,464,0,2026-02-25T16:49:55Z,CDG,DFW,2026-02-25T19:41:52Z,CDG_DFW_AF_2026_2_25_956
AA2111,35.05368,-80.84007,4425,186,-576,2026-02-25T16:49:58Z,LGA,CLT,2026-02-25T16:54:21Z,LGA_CLT_AA_2026_2_25_1014
AA2111,35.05368,-80.84007,4425,186,-576,2026-02-25T16:49:58Z,LGA,CLT,2026-02-25T16:54:21Z,CLT_LGA_AA_2026_2_25_743
UA4200,34.26748,-77.96734,41000,504,0,2026-02-25T16:49:58Z,MDE,EWR,2026-02-25T17:52:34Z,MDE_EWR_UA_2026_2_25_1248
DL33,40.71165,-78.30437,40000,361,0,2026-02-25T16:49:59Z,LHR,ATL,2026-02-25T18:16:32Z,LHR_ATL_DL_2026_2_25_908
UA1119,31.77893,-96.30766,39000,536,0,2026-02-25T16:49:59Z,DEN,CUN,2026-02-25T18:40:00Z,DEN_CUN_UA_2026_2_25_1532
AA1293,28.49245,-81.42412,6325,255,-1408,2026-02-25T16:49:59Z,ORD,MCO,2026-02-25T16:57:05Z,ORD_MCO_AA_2026_2_25_849
AA2731,33.65305,-95.62797,27000,316,0,2026-02-25T16:49:58Z,PHL,DFW,2026-02-25T17:16:48Z,PHL_DFW_AA_2026_2_25_1354
DL1794,33.63655,-84.42197,0,23,0,2026-02-25T16:49:59Z,SJO,ATL,2026-02-25T16:45:12Z,SJO_ATL_DL_2026_2_25_1317
AA3193,38.70088,-98.88818,38000,381,-64,2026-02-25T16:49:58Z,MIA,EGE,2026-02-25T17:57:20Z,MIA_EGE_AA_2026_2_25_829
UA2609,39.85347,-104.66196,0,24,0,2026-02-25T16:49:59Z,OKC,DEN,2026-02-25T16:49:41Z,OKC_DEN_UA_2026_2_25_929
UA6,52.87445,-126.76575,39000,535,0,2026-02-25T16:49:58Z,NRT,IAH,2026-02-25T20:39:28Z,NRT_IAH_UA_2026_2_25_1818
LH454,61.16806,-110.86111,36000,540,-64,2026-02-25T16:49:57Z,FRA,SFO,2026-02-25T20:07:28Z,FRA_SFO_LH_2026_2_25_1054
LH456,63.67662,-106.51319,32000,511,0,2026-02-25T16:49:59Z,FRA,LAX,2026-02-25T20:54:24Z,FRA_LAX_LH_2026_2_25_1113
AA1616,39.53333,-91.75055,38000,351,0,2026-02-25T16:49:59Z,CLT,MCI,2026-02-25T17:23:12Z,CLT_MCI_AA_2026_2_25_1010
AA1616,39.53333,-91.75055,38000,351,0,2026-02-25T16:49:59Z,CLT,MCI,2026-02-25T17:23:12Z,MCI_CLT_AA_2026_2_25_1232
UA3895,39.90137,-90.41504,40000,378,0,2026-02-25T16:49:59Z,EWR,AMA,2026-02-25T18:22:56Z,EWR_AMA_UA_2026_2_25_938
AA3317,26.70055,-80.50327,2625,161,-64,2026-02-25T16:49:59Z,LGA,PBI,2026-02-25T16:51:48Z,LGA_PBI_AA_2026_2_25_844
AA3317,26.70055,-80.50327,2625,161,-64,2026-02-25T16:49:59Z,LGA,PBI,2026-02-25T16:51:48Z,PBI_LGA_AA_2026_2_25_1314
DL1930,20.80061,-65.87043,39000,500,0,2026-02-25T16:49:58Z,JFK,STT,2026-02-25T17:16:48Z,JFK_STT_DL_2026_2_25_1356
KL623,43.81543,-79.98818,36000,436,64,2026-02-25T16:49:59Z,AMS,ATL,2026-02-25T18:35:44Z,AMS_ATL_KL_2026_2_25_1037
DL42,33.38303,-118.02505,12375,336,-1600,2026-02-25T16:49:58Z,SYD,LAX,2026-02-25T17:02:57Z,SYD_LAX_DL_2026_2_25_1433
UA2115,37.69743,-119.66227,32350,380,-1472,2026-02-25T16:49:57Z,EWR,SFO,2026-02-25T17:23:49Z,EWR_SFO_UA_2026_2_25_613
DL830,34.87214,-10.09584,40000,402,0,2026-02-25T16:49:58Z,ATL,SLC,2026-02-25T18:27:12Z,ATL_SLC_DL_2026_2_25_928
DL966,47.43806,-122.31002,0,9,0,2026-02-25T16:49:59Z,CVG,SEA,2026-02-25T16:30:12Z,CVG_SEA_DL_2026_2_25_653
KL605,51.66618,-117.07937,38000,543,0,2026-02-25T16:49:59Z,AMS,SFO,2026-02-25T18:48:32Z,AMS_SFO_KL_2026_2_25_1013
DL120,53.71611,-116.19859,41000,539,64,2026-02-25T16:49:59Z,HND,MSP,2026-02-25T18:57:04Z,HND_MSP_DL_2026_2_25_1742
AF338,57.88005,-113.83803,40000,552,0,2026-02-25T16:49:58Z,CDG,SEA,2026-02-25T18:27:12Z,CDG_SEA_AF_2026_2_25_1036
UA297,46.03704,-10.30933,38000,401,0,2026-02-25T16:49:59Z,EWR,BZN,2026-02-25T17:48:48Z,EWR_BZN_UA_2026_2_25_819
DL274,4.93233,-104.61738,41000,547,0,2026-02-25T16:49:59Z,HND,DTW,2026-02-25T18:46:24Z,HND_DTW_DL_2026_2_25_1651
DL274,4.93233,-104.61738,41000,547,0,2026-02-25T16:49:59Z,HND,DTW,2026-02-25T18:46:24Z,HND_DTW_DL_2026_2_25_1642
DL713,38.97354,-97.62159,40000,387,0,2026-02-25T16:49:59Z,JFK,LAX,2026-02-25T19:35:28Z,JFK_LAX_DL_2026_2_25_845
UA3929,39.84099,-87.11707,41000,552,0,2026-02-25T16:49:58Z,SFO,IAD,2026-02-25T17:48:48Z,SFO_IAD_UA_2026_2_25_529
DL274,42.21032,-83.35699,0,0,0,2026-02-25T16:49:57Z,HND,DTW,2026-01-19T18:59:44Z,HND_DTW_DL_2026_2_25_1651
DL274,42.21032,-83.35699,0,0,0,2026-02-25T16:49:57Z,HND,DTW,2026-01-19T18:59:44Z,HND_DTW_DL_2026_2_25_1642
AA1172,31.24837,-76.89693,38975,487,0,2026-02-25T16:49:54Z,ORD,STT,2026-02-25T19:12:00Z,ORD_STT_AA_2026_2_25_1504
AA1688,3.54944,-80.67931,11275,262,-1088,2026-02-25T16:49:58Z,BOS,CLT,2026-02-25T17:00:59Z,BOS_CLT_AA_2026_2_25_954
BA175,41.65029,-71.51237,34250,344,-1664,2026-02-25T16:49:59Z,LHR,JFK,2026-02-25T17:25:20Z,LHR_JFK_BA_2026_2_25_955
AA142,49.56007,-60.05298,39000,601,0,2026-02-25T16:49:59Z,JFK,LHR,2026-02-25T21:26:24Z,JFK_LHR_AA_2026_2_25_1024
DL1112,32.10049,-107.04227,39000,494,0,2026-02-25T16:49:57Z,LAX,MSY,2026-02-25T18:44:16Z,LAX_MSY_DL_2026_2_25_732
AA249,31.93707,-9.68131,38000,357,0,2026-02-25T16:49:58Z,ORD,MEX,2026-02-25T18:42:08Z,ORD_MEX_AA_2026_2_25_851
UA1898,29.99349,-95.34431,0,66,0,2026-02-25T16:49:59Z,BWI,IAH,2026-02-25T16:49:25Z,BWI_IAH_UA_2026_2_25_822
AA2097,31.08791,-92.30965,38000,403,0,2026-02-25T16:49:59Z,MIA,DFW,2026-02-25T17:40:16Z,MIA_DFW_AA_2026_2_25_1458
UA838,38.56146,-123.19107,26500,414,-1664,2026-02-25T16:49:59Z,NRT,SFO,2026-02-25T17:17:23Z,NRT_SFO_UA_2026_2_25_1655
UA1116,39.57145,-120.66162,38025,394,-64,2026-02-25T16:49:58Z,MSP,SFO,2026-02-25T17:21:04Z,MSP_SFO_UA_2026_2_25_736
DL188,55.99411,-139.76324,39000,536,0,2026-02-25T16:49:59Z,ICN,ATL,2026-02-25T21:58:24Z,ICN_ATL_DL_2026_2_25_1814
AF84,62.02925,-101.07008,34000,489,0,2026-02-25T16:49:56Z,CDG,SFO,2026-02-25T20:39:28Z,CDG_SFO_AF_2026_2_25_1105
AA1766,3.69993,-83.90635,39000,571,0,2026-02-25T16:49:59Z,DFW,JFK,2026-02-25T18:14:24Z,DFW_JFK_AA_2026_2_25_1530
AA1766,3.69993,-83.90635,39000,571,0,2026-02-25T16:49:59Z,DFW,JFK,2026-02-25T18:14:24Z,JFK_DFW_AA_2026_2_25_1938
AA2581,40.69061,-88.88281,36500,485,-2304,2026-02-25T16:49:57Z,DFW,MKE,2026-02-25T17:21:04Z,DFW_MKE_AA_2026_2_25_1532
AA2581,40.69061,-88.88281,36500,485,-2304,2026-02-25T16:49:57Z,DFW,MKE,2026-02-25T17:21:04Z,MKE_DFW_AA_2026_2_25_1835
BA195,47.74742,-8.20423,39975,455,64,2026-02-25T16:49:59Z,LHR,IAH,2026-02-25T19:52:32Z,LHR_IAH_BA_2026_2_25_1010
UA1666,39.73906,-104.66149,7100,182,-960,2026-02-25T16:54:59Z,CVG,DEN,2026-02-25T16:58:47Z,CVG_DEN_UA_2026_2_25_908
DL853,53.67189,-130.40311,39000,500,0,2026-02-25T16:54:59Z,ANC,SEA,2026-02-25T18:08:00Z,ANC_SEA_DL_2026_2_25_613
DL2582,40.96909,-112.04519,7175,218,-1216,2026-02-25T16:54:59Z,BUR,SLC,2026-02-25T16:58:45Z,BUR_SLC_DL_2026_2_25_729
BA53,61.01741,-111.01165,40000,530,0,2026-02-25T16:54:57Z,LHR,SEA,2026-02-25T19:03:28Z,LHR_SEA_BA_2026_2_25_1020
KL689,41.03017,-87.89549,39975,462,-64,2026-02-25T16:54:58Z,AMS,CUN,2026-02-25T19:50:24Z,AMS_CUN_KL_2026_2_25_906
KL661,42.47672,-87.71229,35975,454,64,2026-02-25T16:54:59Z,AMS,IAH,2026-02-25T18:57:04Z,AMS_IAH_KL_2026_2_25_1014
AF636,48.90495,-86.30331,38000,473,0,2026-02-25T16:54:59Z,CDG,IAH,2026-02-25T19:48:16Z,CDG_IAH_AF_2026_2_25_1048
AA2896,29.30109,-79.08519,34000,421,0,2026-02-25T16:54:58Z,LGA,FLL,2026-02-25T17:31:44Z,LGA_FLL_AA_2026_2_25_1441
AA2896,29.30109,-79.08519,34000,421,0,2026-02-25T16:54:58Z,LGA,FLL,2026-02-25T17:31:44Z,FLL_LGA_AA_2026_2_25_1906
AA3052,30.92528,-78.63712,32025,406,0,2026-02-25T16:54:58Z,DCA,FLL,2026-02-25T17:48:48Z,DCA_FLL_AA_2026_2_25_1530
AA3052,30.92528,-78.63712,32025,406,0,2026-02-25T16:54:58Z,DCA,FLL,2026-02-25T17:48:48Z,FLL_DCA_AA_2026_2_25_1901
UA905,41.30058,-74.38879,5725,286,-640,2026-02-25T16:54:58Z,LHR,EWR,2026-02-25T16:59:54Z,LHR_EWR_UA_2026_2_25_921
UA654,29.99339,-95.34621,0,35,0,2026-02-25T16:54:59Z,LAX,IAH,2026-02-25T16:54:33Z,LAX_IAH_UA_2026_2_25_605
UA654,29.99339,-95.34621,0,35,0,2026-02-25T16:54:59Z,LAX,IAH,2026-02-25T16:54:33Z,IAH_DCA_UA_2026_2_25_1213
AA2523,28.49681,-82.25378,10625,369,-960,2026-02-25T16:54:58Z,PHL,TPA,2026-02-25T17:06:21Z,PHL_TPA_AA_2026_2_25_937
AA882,39.50958,-119.76923,4075,129,-512,2026-02-25T16:54:59Z,PHX,RNO,2026-02-25T16:55:32Z,PHX_RNO_AA_2026_2_25_819
AA882,39.50958,-119.76923,4075,129,-512,2026-02-25T16:54:59Z,PHX,RNO,2026-02-25T16:55:32Z,RNO_PHX_AA_2026_2_25_1002
UA357,39.50647,-104.69164,9925,203,-192,2026-02-25T16:54:59Z,DFW,DEN,2026-02-25T16:57:42Z,DFW_DEN_UA_2026_2_25_1515
UA595,39.86014,-104.66896,0,9,0,2026-02-25T16:54:58Z,AUS,DEN,2026-02-25T16:50:24Z,AUS_DEN_UA_2026_2_25_853
KL601,0.47114,-109.57242,38000,522,-64,2026-02-25T16:54:58Z,AMS,LAX,2026-02-25T19:01:20Z,AMS_LAX_KL_2026_2_25_1000
DL57,4.99763,-104.09322,40000,499,0,2026-02-25T16:54:58Z,AMS,SLC,2026-02-25T18:27:12Z,AMS_SLC_DL_2026_2_25_955
AF158,50.36476,-83.89131,36000,461,0,2026-02-25T16:54:59Z,CDG,DFW,2026-02-25T19:39:44Z,CDG_DFW_AF_2026_2_25_956
UA4200,34.97447,-77.94144,41025,513,0,2026-02-25T16:54:58Z,MDE,EWR,2026-02-25T17:52:11Z,MDE_EWR_UA_2026_2_25_1248
DL33,40.37415,-78.81161,40000,374,0,2026-02-25T16:54:57Z,LHR,ATL,2026-02-25T18:16:32Z,LHR_ATL_DL_2026_2_25_908
AA2731,3.34931,-96.10345,18450,300,-2560,2026-02-25T16:54:58Z,PHL,DFW,2026-02-25T17:14:40Z,PHL_DFW_AA_2026_2_25_1354
AA1293,28.23174,-81.34999,2525,174,-64,2026-02-25T16:54:58Z,ORD,MCO,2026-02-25T16:56:38Z,ORD_MCO_AA_2026_2_25_849
UA1119,31.24484,-95.71465,39000,525,0,2026-02-25T16:54:59Z,DEN,CUN,2026-02-25T18:44:16Z,DEN_CUN_UA_2026_2_25_1532
UA2609,39.86018,-104.67753,0,0,0,2026-02-25T16:54:50Z,OKC,DEN,2026-02-25T16:49:41Z,OKC_DEN_UA_2026_2_25_929
AA3193,38.89824,-99.50729,37975,377,0,2026-02-25T16:54:58Z,MIA,EGE,2026-02-25T17:57:20Z,MIA_EGE_AA_2026_2_25_829
UA6,52.48169,-125.72911,39000,533,0,2026-02-25T16:54:59Z,NRT,IAH,2026-02-25T20:39:28Z,NRT_IAH_UA_2026_2_25_1818
LH454,6.04926,-111.52374,36000,542,0,2026-02-25T16:54:59Z,FRA,SFO,2026-02-25T20:05:20Z,FRA_SFO_LH_2026_2_25_1054
LH456,63.03387,-107.19259,32000,516,-64,2026-02-25T16:54:59Z,FRA,LAX,2026-02-25T20:52:16Z,FRA_LAX_LH_2026_2_25_1113
AA1616,39.56516,-92.35836,33675,322,-1088,2026-02-25T16:54:58Z,CLT,MCI,2026-02-25T17:23:12Z,CLT_MCI_AA_2026_2_25_1010
AA1616,39.56516,-92.35836,33675,322,-1088,2026-02-25T16:54:58Z,CLT,MCI,2026-02-25T17:23:12Z,MCI_CLT_AA_2026_2_25_1232
UA3895,39.74127,-91.06268,40000,377,0,2026-02-25T16:54:58Z,EWR,AMA,2026-02-25T18:22:56Z,EWR_AMA_UA_2026_2_25_938
AA3317,26.69005,-8.02657,2425,157,-832,2026-02-25T16:54:57Z,LGA,PBI,2026-02-25T16:55:48Z,LGA_PBI_AA_2026_2_25_844
AA3317,26.69005,-8.02657,2425,157,-832,2026-02-25T16:54:57Z,LGA,PBI,2026-02-25T16:55:48Z,PBI_LGA_AA_2026_2_25_1314
DL1930,20.12341,-65.70828,30450,493,-3200,2026-02-25T16:54:59Z,JFK,STT,2026-02-25T17:28:45Z,JFK_STT_DL_2026_2_25_1356
KL623,43.40316,-80.60277,35975,439,0,2026-02-25T16:54:59Z,AMS,ATL,2026-02-25T18:33:36Z,AMS_ATL_KL_2026_2_25_1037
DL42,33.75018,-118.04322,7100,200,-384,2026-02-25T16:54:59Z,SYD,LAX,2026-02-25T17:01:13Z,SYD_LAX_DL_2026_2_25_1433
UA2115,37.69921,-120.33414,29950,397,-704,2026-02-25T16:54:59Z,EWR,SFO,2026-02-25T17:24:11Z,EWR_SFO_UA_2026_2_25_613
DL830,35.00505,-101.60923,40000,395,0,2026-02-25T16:54:58Z,ATL,SLC,2026-02-25T18:27:12Z,ATL_SLC_DL_2026_2_25_928
DL713,38.87331,-98.30115,40000,393,0,2026-02-25T16:54:59Z,JFK,LAX,2026-02-25T19:35:28Z,JFK_LAX_DL_2026_2_25_845
KL605,50.96255,-117.47673,37975,543,0,2026-02-25T16:54:57Z,AMS,SFO,2026-02-25T18:48:32Z,AMS_SFO_KL_2026_2_25_1013
DL120,53.43187,-115.04883,41000,543,0,2026-02-25T16:54:58Z,HND,MSP,2026-02-25T18:57:04Z,HND_MSP_DL_2026_2_25_1742
AF338,57.17727,-114.39922,40000,544,0,2026-02-25T16:54:58Z,CDG,SEA,2026-02-25T18:27:12Z,CDG_SEA_AF_2026_2_25_1036
UA297,46.00475,-103.89154,38000,406,0,2026-02-25T16:54:57Z,EWR,BZN,2026-02-25T17:48:48Z,EWR_BZN_UA_2026_2_25_819
DL274,49.00568,-103.57513,41000,544,0,2026-02-25T16:54:57Z,HND,DTW,2026-02-25T18:46:24Z,HND_DTW_DL_2026_2_25_1651
DL274,49.00568,-103.57513,41000,544,0,2026-02-25T16:54:57Z,HND,DTW,2026-02-25T18:46:24Z,HND_DTW_DL_2026_2_25_1642
UA3929,39.86462,-86.13108,41000,545,0,2026-02-25T16:54:59Z,SFO,IAD,2026-02-25T17:50:56Z,SFO_IAD_UA_2026_2_25_529
DL274,42.21032,-0.83357,0,0,0,2026-02-25T16:54:57Z,HND,DTW,2026-01-19T18:59:44Z,HND_DTW_DL_2026_2_25_1651
DL274,42.21032,-0.83357,0,0,0,2026-02-25T16:54:57Z,HND,DTW,2026-01-19T18:59:44Z,HND_DTW_DL_2026_2_25_1642
AA1172,30.72918,-76.41518,39000,491,0,2026-02-25T16:54:59Z,ORD,STT,2026-02-25T19:12:00Z,ORD_STT_AA_2026_2_25_1504
AA1688,35.19104,-8.08295,7725,243,-960,2026-02-25T16:54:58Z,BOS,CLT,2026-02-25T17:02:00Z,BOS_CLT_AA_2026_2_25_954
BA175,41.32335,-71.87518,25175,285,-1856,2026-02-25T16:54:59Z,LHR,JFK,2026-02-25T17:22:22Z,LHR_JFK_BA_2026_2_25_955
AA142,50.09952,-59.08967,39000,597,-64,2026-02-25T16:54:57Z,JFK,LHR,2026-02-25T21:28:32Z,JFK_LHR_AA_2026_2_25_1024
DL1112,31.94971,-10.62451,39000,502,0,2026-02-25T16:54:59Z,LAX,MSY,2026-02-25T18:44:16Z,LAX_MSY_DL_2026_2_25_732
AA249,31.50957,-97.09798,38000,354,0,2026-02-25T16:54:58Z,ORD,MEX,2026-02-25T18:42:08Z,ORD_MEX_AA_2026_2_25_851
AA2097,31.36775,-9.28271,38000,375,0,2026-02-25T16:54:59Z,MIA,DFW,2026-02-25T17:40:16Z,MIA_DFW_AA_2026_2_25_1458
UA838,38.16573,-122.75036,18500,360,-1664,2026-02-25T16:54:58Z,NRT,SFO,2026-02-25T17:14:44Z,NRT_SFO_UA_2026_2_25_1655
UA1116,39.48812,-121.35468,38000,395,0,2026-02-25T16:54:58Z,MSP,SFO,2026-02-25T17:23:12Z,MSP_SFO_UA_2026_2_25_736
DL188,55.95708,-138.44646,39000,534,-64,2026-02-25T16:54:58Z,ICN,ATL,2026-02-25T21:56:16Z,ICN_ATL_DL_2026_2_25_1814
AF84,61.49064,-101.97066,34000,489,0,2026-02-25T16:54:59Z,CDG,SFO,2026-02-25T20:39:28Z,CDG_SFO_AF_2026_2_25_1105
AA1766,37.26755,-82.98237,39000,564,0,2026-02-25T16:54:58Z,DFW,JFK,2026-02-25T18:14:24Z,DFW_JFK_AA_2026_2_25_1530
AA1766,37.26755,-82.98237,39000,564,0,2026-02-25T16:54:58Z,DFW,JFK,2026-02-25T18:14:24Z,JFK_DFW_AA_2026_2_25_1938
AA2581,41.24854,-88.53516,33000,441,0,2026-02-25T16:54:57Z,DFW,MKE,2026-02-25T17:26:28Z,DFW_MKE_AA_2026_2_25_1532
AA2581,41.24854,-88.53516,33000,441,0,2026-02-25T16:54:57Z,DFW,MKE,2026-02-25T17:26:28Z,MKE_DFW_AA_2026_2_25_1835
BA195,47.34297,-82.75115,40000,453,0,2026-02-25T16:54:58Z,LHR,IAH,2026-02-25T19:54:40Z,LHR_IAH_BA_2026_2_25_1010
DL8800,25.78888,-80.27742,0,7,0,2026-02-25T16:54:58Z,MSP,MIA,2026-02-25T16:40:12Z,MSP_MIA_DL_2026_2_25_743
UA1384,39.85816,-1.04681,0,1,0,2026-02-25T16:59:09Z,ICT,DEN,2026-02-25T16:38:12Z,ICT_DEN_UA_2026_2_25_927
DL853,5.31432,-129.65434,39000,498,0,2026-02-25T16:59:59Z,ANC,SEA,2026-02-25T18:05:52Z,ANC_SEA_DL_2026_2_25_613
DL2582,40.79091,-111.99516,0,16,0,2026-02-25T16:59:59Z,BUR,SLC,2026-02-25T16:59:12Z,BUR_SLC_DL_2026_2_25_729
BA53,60.35536,-111.65462,40000,536,0,2026-02-25T16:59:59Z,LHR,SEA,2026-02-25T19:03:28Z,LHR_SEA_BA_2026_2_25_1020
KL689,40.44534,-0.88229,39975,461,0,2026-02-25T17:00:00Z,AMS,CUN,2026-02-25T19:48:16Z,AMS_CUN_KL_2026_2_25_906
KL661,41.93523,-88.15206,35975,460,0,2026-02-25T16:59:59Z,AMS,IAH,2026-02-25T19:01:20Z,AMS_IAH_KL_2026_2_25_1014
AF636,48.39873,-86.92911,38000,476,0,2026-02-25T16:59:59Z,CDG,IAH,2026-02-25T19:46:08Z,CDG_IAH_AF_2026_2_25_1048
AA2896,28.71314,-79.19236,30000,434,0,2026-02-25T16:59:59Z,LGA,FLL,2026-02-25T17:31:44Z,LGA_FLL_AA_2026_2_25_1441
AA2896,28.71314,-79.19236,30000,434,0,2026-02-25T16:59:59Z,LGA,FLL,2026-02-25T17:31:44Z,FLL_LGA_AA_2026_2_25_1906
AA3052,30.37477,-78.81285,32025,407,-64,2026-02-25T17:00:00Z,DCA,FLL,2026-02-25T17:44:32Z,DCA_FLL_AA_2026_2_25_1530
AA3052,30.37477,-78.81285,32025,407,-64,2026-02-25T17:00:00Z,DCA,FLL,2026-02-25T17:44:32Z,FLL_DCA_AA_2026_2_25_1901
UA905,40.97154,-74.17072,3700,227,-704,2026-02-25T16:59:59Z,LHR,EWR,2026-02-25T17:03:36Z,LHR_EWR_UA_2026_2_25_921
UA654,29.98988,-95.33027,0,14,0,2026-02-25T16:59:58Z,LAX,IAH,2026-02-25T16:55:18Z,LAX_IAH_UA_2026_2_25_605
UA654,29.98988,-95.33027,0,14,0,2026-02-25T16:59:58Z,LAX,IAH,2026-02-25T16:55:18Z,IAH_DCA_UA_2026_2_25_1213
AA2523,28.10806,-82.41243,6400,288,-832,2026-02-25T16:59:59Z,PHL,TPA,2026-02-25T17:07:27Z,PHL_TPA_AA_2026_2_25_937
AA882,39.50787,-119.77213,0,7,0,2026-02-25T16:59:59Z,PHX,RNO,2026-02-25T16:55:18Z,PHX_RNO_AA_2026_2_25_819
AA882,39.50787,-119.77213,0,7,0,2026-02-25T16:59:59Z,PHX,RNO,2026-02-25T16:55:18Z,RNO_PHX_AA_2026_2_25_1002
UA357,39.76698,-104.68824,7175,168,-960,2026-02-25T16:59:58Z,DFW,DEN,2026-02-25T17:02:47Z,DFW_DEN_UA_2026_2_25_1515
UA595,39.86009,-104.67527,0,0,0,2026-02-25T16:59:57Z,AUS,DEN,2026-02-25T16:50:24Z,AUS_DEN_UA_2026_2_25_853
KL601,46.41476,-109.87614,38000,523,128,2026-02-25T17:00:00Z,AMS,LAX,2026-02-25T19:01:20Z,AMS_LAX_KL_2026_2_25_1000
DL57,49.29987,-104.33476,39975,506,0,2026-02-25T16:59:59Z,AMS,SLC,2026-02-25T18:29:20Z,AMS_SLC_DL_2026_2_25_955
AF158,49.87975,-84.53059,36000,462,0,2026-02-25T16:59:58Z,CDG,DFW,2026-02-25T19:41:52Z,CDG_DFW_AF_2026_2_25_956
AA2111,35.22145,-80.94757,0,11,0,2026-02-25T16:59:59Z,LGA,CLT,2026-02-25T16:55:18Z,LGA_CLT_AA_2026_2_25_1014
AA2111,35.22145,-80.94757,0,11,0,2026-02-25T16:59:59Z,LGA,CLT,2026-02-25T16:55:18Z,CLT_LGA_AA_2026_2_25_743
UA4200,35.68039,-77.95898,41000,500,0,2026-02-25T17:00:00Z,MDE,EWR,2026-02-25T17:53:40Z,MDE_EWR_UA_2026_2_25_1248
DL33,40.03148,-79.32204,40000,372,64,2026-02-25T17:00:00Z,LHR,ATL,2026-02-25T18:16:32Z,LHR_ATL_DL_2026_2_25_908
AA2731,33.29779,-96.52538,10075,262,-1216,2026-02-25T17:00:00Z,PHL,DFW,2026-02-25T17:10:22Z,PHL_DFW_AA_2026_2_25_1354
UA1119,30.71553,-95.13643,39000,520,0,2026-02-25T17:00:00Z,DEN,CUN,2026-02-25T18:44:16Z,DEN_CUN_UA_2026_2_25_1532
AA3193,39.03899,-100.15833,38000,382,0,2026-02-25T16:59:58Z,MIA,EGE,2026-02-25T17:57:20Z,MIA_EGE_AA_2026_2_25_829
UA6,52.07996,-124.71092,39000,532,-64,2026-02-25T17:00:00Z,NRT,IAH,2026-02-25T20:39:28Z,NRT_IAH_UA_2026_2_25_1818
LH454,59.80115,-112.13745,36000,548,0,2026-02-25T17:00:00Z,FRA,SFO,2026-02-25T20:03:12Z,FRA_SFO_LH_2026_2_25_1054
LH456,62.38916,-107.84139,32000,514,-64,2026-02-25T16:59:59Z,FRA,LAX,2026-02-25T20:52:16Z,FRA_LAX_LH_2026_2_25_1113
AA1616,39.59097,-92.90523,28375,290,-1728,2026-02-25T16:59:58Z,CLT,MCI,2026-02-25T17:27:40Z,CLT_MCI_AA_2026_2_25_1010
AA1616,39.59097,-92.90523,28375,290,-1728,2026-02-25T16:59:58Z,CLT,MCI,2026-02-25T17:27:40Z,MCI_CLT_AA_2026_2_25_1232
UA3895,39.57191,-91.69769,40000,377,0,2026-02-25T16:59:59Z,EWR,AMA,2026-02-25T18:18:40Z,EWR_AMA_UA_2026_2_25_938
KL623,42.95515,-81.16673,35975,462,64,2026-02-25T17:00:00Z,AMS,ATL,2026-02-25T18:33:36Z,AMS_ATL_KL_2026_2_25_1037
AA3317,26.68349,-80.08894,0,14,0,2026-02-25T17:00:00Z,LGA,PBI,2026-02-25T16:58:12Z,LGA_PBI_AA_2026_2_25_844
AA3317,26.68349,-80.08894,0,14,0,2026-02-25T17:00:00Z,LGA,PBI,2026-02-25T16:58:12Z,PBI_LGA_AA_2026_2_25_1314
DL1930,19.50218,-65.56076,16975,418,-2304,2026-02-25T16:59:58Z,JFK,STT,2026-02-25T17:19:20Z,JFK_STT_DL_2026_2_25_1356
DL42,33.96469,-118.11149,3425,196,0,2026-02-25T16:59:59Z,SYD,LAX,2026-02-25T17:02:42Z,SYD_LAX_DL_2026_2_25_1433
UA2115,37.62785,-121.00294,19100,374,-2240,2026-02-25T16:59:59Z,EWR,SFO,2026-02-25T17:20:50Z,EWR_SFO_UA_2026_2_25_613
DL830,35.13516,-102.26607,40000,403,0,2026-02-25T17:00:00Z,ATL,SLC,2026-02-25T18:29:20Z,ATL_SLC_DL_2026_2_25_928
DL713,38.76693,-9.89917,40000,400,0,2026-02-25T16:59:59Z,JFK,LAX,2026-02-25T19:33:20Z,JFK_LAX_DL_2026_2_25_845
DL966,47.44059,-12.23022,0,6,0,2026-02-25T16:59:59Z,CVG,SEA,2026-02-25T16:30:12Z,CVG_SEA_DL_2026_2_25_653
KL605,50.25014,-117.86617,37975,541,128,2026-02-25T16:59:58Z,AMS,SFO,2026-02-25T18:48:32Z,AMS_SFO_KL_2026_2_25_1013
AF338,56.49179,-114.92474,40000,533,0,2026-02-25T16:59:59Z,CDG,SEA,2026-02-25T18:29:20Z,CDG_SEA_AF_2026_2_25_1036
DL120,53.13091,-113.89268,41000,541,0,2026-02-25T17:00:00Z,HND,MSP,2026-02-25T18:57:04Z,HND_MSP_DL_2026_2_25_1742
UA297,46.00399,-104.70451,38000,407,0,2026-02-25T16:59:59Z,EWR,BZN,2026-02-25T17:48:48Z,EWR_BZN_UA_2026_2_25_819
DL274,48.67776,-102.54314,41000,545,0,2026-02-25T16:59:59Z,HND,DTW,2026-02-25T18:48:32Z,HND_DTW_DL_2026_2_25_1651
DL274,48.67776,-102.54314,41000,545,0,2026-02-25T16:59:59Z,HND,DTW,2026-02-25T18:48:32Z,HND_DTW_DL_2026_2_25_1642
UA3929,39.87987,-85.13879,41000,557,0,2026-02-25T16:59:59Z,SFO,IAD,2026-02-25T17:48:48Z,SFO_IAD_UA_2026_2_25_529
DL274,42.21032,-83.35699,0,0,0,2026-02-25T16:59:56Z,HND,DTW,2026-01-19T18:59:44Z,HND_DTW_DL_2026_2_25_1651
DL274,42.21032,-83.35699,0,0,0,2026-02-25T16:59:56Z,HND,DTW,2026-01-19T18:59:44Z,HND_DTW_DL_2026_2_25_1642
AA1172,30.24073,-75.91238,39000,491,0,2026-02-25T16:59:54Z,ORD,STT,2026-02-25T19:12:00Z,ORD_STT_AA_2026_2_25_1504
AA1688,35.10421,-80.92581,2325,189,-1216,2026-02-25T16:59:59Z,BOS,CLT,2026-02-25T17:01:12Z,BOS_CLT_AA_2026_2_25_954
BA175,41.07257,-72.22843,18600,260,-1152,2026-02-25T16:59:59Z,LHR,JFK,2026-02-25T17:18:52Z,LHR_JFK_BA_2026_2_25_955
AA142,50.63452,-58.09773,39000,590,0,2026-02-25T17:00:00Z,JFK,LHR,2026-02-25T21:26:24Z,JFK_LHR_AA_2026_2_25_1024
DL1112,31.87733,-105.42667,39000,504,0,2026-02-25T17:00:00Z,LAX,MSY,2026-02-25T18:42:08Z,LAX_MSY_DL_2026_2_25_732
AA249,31.08633,-97.40742,38000,361,0,2026-02-25T16:59:59Z,ORD,MEX,2026-02-25T18:44:16Z,ORD_MEX_AA_2026_2_25_851
AA2097,3.15579,-93.39252,38000,373,0,2026-02-25T16:59:59Z,MIA,DFW,2026-02-25T17:40:16Z,MIA_DFW_AA_2026_2_25_1458
UA838,37.74724,-122.51176,10900,303,-448,2026-02-25T16:59:59Z,NRT,SFO,2026-02-25T17:12:19Z,NRT_SFO_UA_2026_2_25_1655
UA1116,39.25209,-121.95433,38000,429,0,2026-02-25T17:00:00Z,MSP,SFO,2026-02-25T17:23:12Z,MSP_SFO_UA_2026_2_25_736
DL188,5.59048,-137.11829,39000,545,-64,2026-02-25T16:59:58Z,ICN,ATL,2026-02-25T21:54:08Z,ICN_ATL_DL_2026_2_25_1814
AF84,61.08678,-103.24931,34000,487,0,2026-02-25T16:59:59Z,CDG,SFO,2026-02-25T20:37:20Z,CDG_SFO_AF_2026_2_25_1105
AA1766,37.46589,-82.02572,39000,572,0,2026-02-25T16:59:58Z,DFW,JFK,2026-02-25T18:14:24Z,DFW_JFK_AA_2026_2_25_1530
AA1766,37.46589,-82.02572,39000,572,0,2026-02-25T16:59:58Z,DFW,JFK,2026-02-25T18:14:24Z,JFK_DFW_AA_2026_2_25_1938
AA2581,4.17933,-88.32133,22875,371,-1472,2026-02-25T16:59:58Z,DFW,MKE,2026-02-25T17:23:43Z,DFW_MKE_AA_2026_2_25_1532
AA2581,4.17933,-88.32133,22875,371,-1472,2026-02-25T16:59:58Z,DFW,MKE,2026-02-25T17:23:43Z,MKE_DFW_AA_2026_2_25_1835
BA195,46.93309,-83.45084,39975,452,-64,2026-02-25T16:59:59Z,LHR,IAH,2026-02-25T19:54:40Z,LHR_IAH_BA_2026_2_25_1010
UA1666,39.85371,-104.68272,0,1,0,2026-02-25T17:04:59Z,CVG,DEN,2026-02-25T16:57:28Z,CVG_DEN_UA_2026_2_25_908
DL853,52.63536,-128.87614,39000,501,0,2026-02-25T17:04:59Z,ANC,SEA,2026-02-25T18:05:52Z,ANC_SEA_DL_2026_2_25_613
BA53,59.68109,-112.28293,40000,540,0,2026-02-25T17:04:58Z,LHR,SEA,2026-02-25T19:01:20Z,LHR_SEA_BA_2026_2_25_1020
KL689,39.85072,-88.50787,39975,453,64,2026-02-25T17:04:59Z,AMS,CUN,2026-02-25T19:52:32Z,AMS_CUN_KL_2026_2_25_906
KL661,41.38142,-88.56616,36000,455,64,2026-02-25T17:04:58Z,AMS,IAH,2026-02-25T19:01:20Z,AMS_IAH_KL_2026_2_25_1014
AF636,47.88782,-87.54392,38000,473,0,2026-02-25T17:04:59Z,CDG,IAH,2026-02-25T19:48:16Z,CDG_IAH_AF_2026_2_25_1048
AA2896,0.28127,-79.32684,30000,430,0,2026-02-25T17:04:59Z,LGA,FLL,2026-02-25T17:33:52Z,LGA_FLL_AA_2026_2_25_1441
AA2896,0.28127,-79.32684,30000,430,0,2026-02-25T17:04:59Z,LGA,FLL,2026-02-25T17:33:52Z,FLL_LGA_AA_2026_2_25_1906
AA3052,29.82802,-78.98513,32025,414,0,2026-02-25T17:04:59Z,DCA,FLL,2026-02-25T17:46:40Z,DCA_FLL_AA_2026_2_25_1530
AA3052,29.82802,-78.98513,32025,414,0,2026-02-25T17:04:59Z,DCA,FLL,2026-02-25T17:46:40Z,FLL_DCA_AA_2026_2_25_1901
UA905,40.74532,-74.13074,775,136,-640,2026-02-25T17:04:59Z,LHR,EWR,2026-02-25T17:06:10Z,LHR_EWR_UA_2026_2_25_921
UA654,29.98411,-95.33804,0,0,0,2026-02-25T17:04:05Z,LAX,IAH,2026-02-25T16:55:18Z,LAX_IAH_UA_2026_2_25_605
UA654,29.98411,-95.33804,0,0,0,2026-02-25T17:04:05Z,LAX,IAH,2026-02-25T16:55:18Z,IAH_DCA_UA_2026_2_25_1213
AA2523,27.79932,-82.51694,2175,215,-128,2026-02-25T17:04:57Z,PHL,TPA,2026-02-25T17:07:18Z,PHL_TPA_AA_2026_2_25_937
AA882,39.50734,-119.77259,0,0,0,2026-02-25T17:04:55Z,PHX,RNO,2026-02-25T16:55:18Z,PHX_RNO_AA_2026_2_25_819
AA882,39.50734,-119.77259,0,0,0,2026-02-25T17:04:55Z,PHX,RNO,2026-02-25T16:55:18Z,RNO_PHX_AA_2026_2_25_1002
UA357,39.87816,-104.68491,0,27,0,2026-02-25T17:04:58Z,DFW,DEN,2026-02-25T17:02:13Z,DFW_DEN_UA_2026_2_25_1515
DL166,47.43838,-122.29842,0,3,0,2026-02-25T17:04:59Z,HND,SEA,2026-02-25T16:32:12Z,HND_SEA_DL_2026_2_25_1707
KL601,45.72546,-110.15998,38000,518,64,2026-02-25T17:04:57Z,AMS,LAX,2026-02-25T18:59:12Z,AMS_LAX_KL_2026_2_25_1000
DL57,48.62155,-10.45702,40000,496,0,2026-02-25T17:04:59Z,AMS,SLC,2026-02-25T18:27:12Z,AMS_SLC_DL_2026_2_25_955
AF158,49.38181,-8.51689,38000,467,0,2026-02-25T17:04:59Z,CDG,DFW,2026-02-25T19:39:44Z,CDG_DFW_AF_2026_2_25_956
AA2111,3.52207,-80.94691,0,0,0,2026-02-25T17:04:58Z,LGA,CLT,2026-02-25T16:55:18Z,LGA_CLT_AA_2026_2_25_1014
AA2111,3.52207,-80.94691,0,0,0,2026-02-25T17:04:58Z,LGA,CLT,2026-02-25T16:55:18Z,CLT_LGA_AA_2026_2_25_743
UA4200,36.37175,-0.78013,41000,518,0,2026-02-25T17:04:58Z,MDE,EWR,2026-02-25T17:54:20Z,MDE_EWR_UA_2026_2_25_1248
DL33,39.65664,-7.97868,40000,388,0,2026-02-25T17:04:58Z,LHR,ATL,2026-02-25T18:22:56Z,LHR_ATL_DL_2026_2_25_908
AA2731,33.27315,-96.92183,4525,228,0,2026-02-25T17:04:58Z,PHL,DFW,2026-02-25T17:08:15Z,PHL_DFW_AA_2026_2_25_1354
UA1119,30.18885,-94.56993,39000,516,0,2026-02-25T17:04:59Z,DEN,CUN,2026-02-25T18:42:08Z,DEN_CUN_UA_2026_2_25_1532
AA3193,39.17622,-100.81366,37975,382,0,2026-02-25T17:04:57Z,MIA,EGE,2026-02-25T17:57:20Z,MIA_EGE_AA_2026_2_25_829
UA6,51.67516,-123.72432,38975,536,0,2026-02-25T17:04:58Z,NRT,IAH,2026-02-25T20:39:28Z,NRT_IAH_UA_2026_2_25_1818
LH454,59.09988,-112.66035,36000,545,0,2026-02-25T17:04:58Z,FRA,SFO,2026-02-25T20:03:12Z,FRA_SFO_LH_2026_2_25_1054
LH456,61.72939,-1.08474,34000,534,0,2026-02-25T17:04:58Z,FRA,LAX,2026-02-25T20:48:00Z,FRA_LAX_LH_2026_2_25_1113
AA1616,39.61535,-93.47571,19575,302,-2048,2026-02-25T17:04:59Z,CLT,MCI,2026-02-25T17:24:24Z,CLT_MCI_AA_2026_2_25_1010
AA1616,39.61535,-93.47571,19575,302,-2048,2026-02-25T17:04:59Z,CLT,MCI,2026-02-25T17:24:24Z,MCI_CLT_AA_2026_2_25_1232
UA3895,39.30955,-92.28967,40000,386,0,2026-02-25T17:04:59Z,EWR,AMA,2026-02-25T18:25:04Z,EWR_AMA_UA_2026_2_25_938
KL623,42.37811,-81.53285,36000,459,0,2026-02-25T17:04:58Z,AMS,ATL,2026-02-25T18:29:20Z,AMS_ATL_KL_2026_2_25_1037
DL1930,19.01793,-65.44654,9200,286,-1408,2026-02-25T17:04:59Z,JFK,STT,2026-02-25T17:14:23Z,JFK_STT_DL_2026_2_25_1356
DL42,33.93612,-118.39485,0,114,-128,2026-02-25T17:04:59Z,SYD,LAX,2026-02-25T17:04:54Z,SYD_LAX_DL_2026_2_25_1433
UA2115,37.55504,-121.58886,10250,300,-448,2026-02-25T17:04:58Z,EWR,SFO,2026-02-25T17:16:04Z,EWR_SFO_UA_2026_2_25_613
DL830,35.26364,-102.93457,40000,407,64,2026-02-25T17:04:59Z,ATL,SLC,2026-02-25T18:27:12Z,ATL_SLC_DL_2026_2_25_928
DL713,38.65437,-99.69458,40000,407,0,2026-02-25T17:04:59Z,JFK,LAX,2026-02-25T19:31:12Z,JFK_LAX_DL_2026_2_25_845
KL605,4.95493,-118.24252,37975,532,0,2026-02-25T17:04:57Z,AMS,SFO,2026-02-25T18:50:40Z,AMS_SFO_KL_2026_2_25_1013
AF338,55.81367,-115.42477,40000,537,0,2026-02-25T17:04:58Z,CDG,SEA,2026-02-25T18:27:12Z,CDG_SEA_AF_2026_2_25_1036
DL120,5.28231,-112.76799,41000,540,-64,2026-02-25T17:04:59Z,HND,MSP,2026-02-25T18:59:12Z,HND_MSP_DL_2026_2_25_1742
UA297,46.00328,-105.50861,38000,406,0,2026-02-25T17:04:59Z,EWR,BZN,2026-02-25T17:46:40Z,EWR_BZN_UA_2026_2_25_819
DL274,48.34081,-101.52501,41000,550,0,2026-02-25T17:04:57Z,HND,DTW,2026-02-25T18:46:24Z,HND_DTW_DL_2026_2_25_1651
DL274,48.34081,-101.52501,41000,550,0,2026-02-25T17:04:57Z,HND,DTW,2026-02-25T18:46:24Z,HND_DTW_DL_2026_2_25_1642
UA3929,39.88684,-84.12939,41000,567,0,2026-02-25T17:04:58Z,SFO,IAD,2026-02-25T17:48:48Z,SFO_IAD_UA_2026_2_25_529
DL274,42.21032,-83.35699,0,0,0,2026-02-25T17:04:58Z,HND,DTW,2026-01-19T18:59:44Z,HND_DTW_DL_2026_2_25_1651
DL274,42.21032,-83.35699,0,0,0,2026-02-25T17:04:58Z,HND,DTW,2026-01-19T18:59:44Z,HND_DTW_DL_2026_2_25_1642
AA1172,29.69376,-75.45901,39000,475,0,2026-02-25T17:04:46Z,ORD,STT,2026-02-25T19:14:08Z,ORD_STT_AA_2026_2_25_1504
AA1688,35.21384,-80.94365,0,12,0,2026-02-25T17:04:58Z,BOS,CLT,2026-02-25T17:02:12Z,BOS_CLT_AA_2026_2_25_954
BA175,40.95859,-72.68451,13000,260,-1152,2026-02-25T17:04:59Z,LHR,JFK,2026-02-25T17:18:10Z,LHR_JFK_BA_2026_2_25_955
AA142,51.14843,-57.10739,39000,588,0,2026-02-25T17:04:58Z,JFK,LHR,2026-02-25T21:26:24Z,JFK_LHR_AA_2026_2_25_1024
DL1112,31.74879,-104.60956,39000,518,0,2026-02-25T17:04:59Z,LAX,MSY,2026-02-25T18:40:00Z,LAX_MSY_DL_2026_2_25_732
AA249,30.64481,-97.69733,38000,373,0,2026-02-25T17:04:57Z,ORD,MEX,2026-02-25T18:44:16Z,ORD_MEX_AA_2026_2_25_851
AA2097,31.71236,-9.39598,38000,366,0,2026-02-25T17:04:57Z,MIA,DFW,2026-02-25T17:40:16Z,MIA_DFW_AA_2026_2_25_1458
UA838,37.45248,-122.23681,6600,250,-1216,2026-02-25T17:04:58Z,NRT,SFO,2026-02-25T17:12:04Z,NRT_SFO_UA_2026_2_25_1655
UA1116,38.73161,-122.31168,32150,423,-2240,2026-02-25T17:04:59Z,MSP,SFO,2026-02-25T17:21:04Z,MSP_SFO_UA_2026_2_25_736
DL188,55.73932,-13.58154,39000,543,0,2026-02-25T17:04:59Z,ICN,ATL,2026-02-25T21:54:08Z,ICN_ATL_DL_2026_2_25_1814
AF84,60.61148,-104.24264,34000,492,0,2026-02-25T17:04:59Z,CDG,SFO,2026-02-25T20:37:20Z,CDG_SFO_AF_2026_2_25_1105
AA2581,42.27381,-88.35339,16600,328,-128,2026-02-25T17:04:59Z,DFW,MKE,2026-02-25T17:20:51Z,DFW_MKE_AA_2026_2_25_1532
AA2581,42.27381,-88.35339,16600,328,-128,2026-02-25T17:04:59Z,DFW,MKE,2026-02-25T17:20:51Z,MKE_DFW_AA_2026_2_25_1835
BA195,46.52046,-84.13752,39975,458,0,2026-02-25T17:04:58Z,LHR,IAH,2026-02-25T19:54:40Z,LHR_IAH_BA_2026_2_25_1010
AA1766,37.64498,-81.03987,39000,579,-64,2026-02-25T17:04:58Z,DFW,JFK,2026-02-25T18:10:08Z,DFW_JFK_AA_2026_2_25_1530
AA1766,37.64498,-81.03987,39000,579,-64,2026-02-25T17:04:58Z,DFW,JFK,2026-02-25T18:10:08Z,JFK_DFW_AA_2026_2_25_1938
DL853,5.21325,-12.81078,39000,496,64,2026-02-25T17:09:58Z,ANC,SEA,2026-02-25T18:05:52Z,ANC_SEA_DL_2026_2_25_613
DL2582,40.78547,-1.11981,0,0,0,2026-02-25T17:09:55Z,BUR,SLC,2026-02-25T16:59:12Z,BUR_SLC_DL_2026_2_25_729
BA53,59.00249,-112.88983,40000,539,0,2026-02-25T17:09:58Z,LHR,SEA,2026-02-25T19:01:20Z,LHR_SEA_BA_2026_2_25_1020
KL689,3.92589,-88.78076,40000,453,64,2026-02-25T17:09:57Z,AMS,CUN,2026-02-25T19:52:32Z,AMS_CUN_KL_2026_2_25_906
KL661,40.83031,-88.97041,36000,451,0,2026-02-25T17:09:59Z,AMS,IAH,2026-02-25T18:59:12Z,AMS_IAH_KL_2026_2_25_1014
AF636,47.36238,-88.11549,38000,477,0,2026-02-25T17:09:59Z,CDG,IAH,2026-02-25T19:46:08Z,CDG_IAH_AF_2026_2_25_1048
AA2896,27.55165,-7.95121,27175,419,-2880,2026-02-25T17:09:59Z,LGA,FLL,2026-02-25T17:31:44Z,LGA_FLL_AA_2026_2_25_1441
AA2896,27.55165,-7.95121,27175,419,-2880,2026-02-25T17:09:59Z,LGA,FLL,2026-02-25T17:31:44Z,FLL_LGA_AA_2026_2_25_1906
AA3052,29.24767,-79.09475,32025,425,0,2026-02-25T17:09:59Z,DCA,FLL,2026-02-25T17:46:40Z,DCA_FLL_AA_2026_2_25_1530
AA3052,29.24767,-79.09475,32025,425,0,2026-02-25T17:09:59Z,DCA,FLL,2026-02-25T17:46:40Z,FLL_DCA_AA_2026_2_25_1901
AA2523,27.96606,-82.54229,0,142,-256,2026-02-25T17:09:05Z,PHL,TPA,2026-02-25T17:09:05Z,PHL_TPA_AA_2026_2_25_937
AA882,39.50734,-119.77259,0,0,0,2026-02-25T17:09:55Z,PHX,RNO,2026-02-25T16:55:18Z,PHX_RNO_AA_2026_2_25_819
AA882,39.50734,-119.77259,0,0,0,2026-02-25T17:09:55Z,PHX,RNO,2026-02-25T16:55:18Z,RNO_PHX_AA_2026_2_25_1002
UA357,39.85309,-104.68301,0,0,0,2026-02-25T17:09:59Z,DFW,DEN,2026-02-25T17:02:13Z,DFW_DEN_UA_2026_2_25_1515
DL166,4.74384,-122.29831,0,0,0,2026-02-25T17:09:05Z,HND,SEA,2026-02-25T16:32:12Z,HND_SEA_DL_2026_2_25_1707
KL601,45.01746,-110.44395,37975,529,-64,2026-02-25T17:09:58Z,AMS,LAX,2026-02-25T18:57:04Z,AMS_LAX_KL_2026_2_25_1000
DL57,47.95243,-104.79619,40000,498,64,2026-02-25T17:09:58Z,AMS,SLC,2026-02-25T18:40:00Z,AMS_SLC_DL_2026_2_25_955
AF158,48.88171,-85.79274,38000,468,0,2026-02-25T17:09:58Z,CDG,DFW,2026-02-25T19:39:44Z,CDG_DFW_AF_2026_2_25_956
UA4200,37.10202,-77.82709,41000,536,-64,2026-02-25T17:09:58Z,MDE,EWR,2026-02-25T17:51:53Z,MDE_EWR_UA_2026_2_25_1248
DL33,39.21794,-80.17876,40000,381,0,2026-02-25T17:09:59Z,LHR,ATL,2026-02-25T18:27:12Z,LHR_ATL_DL_2026_2_25_908
AA2731,33.08179,-97.00877,3775,169,-960,2026-02-25T17:09:59Z,PHL,DFW,2026-02-25T17:13:23Z,PHL_DFW_AA_2026_2_25_1354
UA1119,29.65973,-94.02902,39000,481,0,2026-02-25T17:09:59Z,DEN,CUN,2026-02-25T18:42:08Z,DEN_CUN_UA_2026_2_25_1532
AA3193,3.93102,-101.47382,37975,383,0,2026-02-25T17:09:58Z,MIA,EGE,2026-02-25T17:57:20Z,MIA_EGE_AA_2026_2_25_829
UA6,51.25341,-122.73521,39000,539,-64,2026-02-25T17:09:59Z,NRT,IAH,2026-02-25T20:37:20Z,NRT_IAH_UA_2026_2_25_1818
LH454,58.38298,-113.17154,36000,558,0,2026-02-25T17:09:58Z,FRA,SFO,2026-02-25T20:01:04Z,FRA_SFO_LH_2026_2_25_1054
LH456,61.05056,-109.09464,34000,539,0,2026-02-25T17:09:58Z,FRA,LAX,2026-02-25T20:45:52Z,FRA_LAX_LH_2026_2_25_1113
AA1616,39.59207,-93.98102,10475,250,-896,2026-02-25T17:09:59Z,CLT,MCI,2026-02-25T17:19:35Z,CLT_MCI_AA_2026_2_25_1010
AA1616,39.59207,-93.98102,10475,250,-896,2026-02-25T17:09:59Z,CLT,MCI,2026-02-25T17:19:35Z,MCI_CLT_AA_2026_2_25_1232
UA3895,39.03712,-0.92882,40000,387,0,2026-02-25T17:09:59Z,EWR,AMA,2026-02-25T18:27:12Z,EWR_AMA_UA_2026_2_25_938
KL623,41.80037,-8.18919,35975,449,64,2026-02-25T17:09:59Z,AMS,ATL,2026-02-25T18:33:36Z,AMS_ATL_KL_2026_2_25_1037
DL1930,18.65543,-65.31019,5700,268,-640,2026-02-25T17:09:59Z,JFK,STT,2026-02-25T17:15:52Z,JFK_STT_DL_2026_2_25_1356
DL42,33.93478,-118.41877,0,7,0,2026-02-25T17:09:58Z,SYD,LAX,2026-02-25T17:05:27Z,SYD_LAX_DL_2026_2_25_1433
UA2115,37.51319,-122.04485,5150,227,-1792,2026-02-25T17:09:58Z,EWR,SFO,2026-02-25T17:15:43Z,EWR_SFO_UA_2026_2_25_613
DL830,35.38943,-103.61092,40000,412,64,2026-02-25T17:09:58Z,ATL,SLC,2026-02-25T18:29:20Z,ATL_SLC_DL_2026_2_25_928
DL713,38.53655,-100.40112,40000,408,0,2026-02-25T17:09:59Z,JFK,LAX,2026-02-25T19:31:12Z,JFK_LAX_DL_2026_2_25_845
KL605,48.84732,-118.61086,38450,535,704,2026-02-25T17:09:59Z,AMS,SFO,2026-02-25T18:48:32Z,AMS_SFO_KL_2026_2_25_1013
AF338,55.12431,-115.91376,40000,540,0,2026-02-25T17:09:59Z,CDG,SEA,2026-02-25T18:27:12Z,CDG_SEA_AF_2026_2_25_1036
DL120,52.50166,-11.16488,41025,548,0,2026-02-25T17:09:58Z,HND,MSP,2026-02-25T18:57:04Z,HND_MSP_DL_2026_2_25_1742
UA297,45.98021,-106.31577,38000,407,0,2026-02-25T17:09:59Z,EWR,BZN,2026-02-25T17:48:48Z,EWR_BZN_UA_2026_2_25_819
DL274,4.80721,-100.46029,41000,549,0,2026-02-25T17:09:59Z,HND,DTW,2026-02-25T18:46:24Z,HND_DTW_DL_2026_2_25_1651
DL274,4.80721,-100.46029,41000,549,0,2026-02-25T17:09:59Z,HND,DTW,2026-02-25T18:46:24Z,HND_DTW_DL_2026_2_25_1642
UA3929,39.88493,-83.11029,41000,564,0,2026-02-25T17:09:59Z,SFO,IAD,2026-02-25T17:48:48Z,SFO_IAD_UA_2026_2_25_529
DL274,42.21032,-83.35699,0,0,0,2026-02-25T17:09:57Z,HND,DTW,2026-01-19T18:59:44Z,HND_DTW_DL_2026_2_25_1651
DL274,42.21032,-83.35699,0,0,0,2026-02-25T17:09:57Z,HND,DTW,2026-01-19T18:59:44Z,HND_DTW_DL_2026_2_25_1642
AA1172,29.15464,-74.96558,39000,380,0,2026-02-25T17:09:54Z,ORD,STT,2026-02-25T19:12:00Z,ORD_STT_AA_2026_2_25_1504
AA1688,35.21918,-80.94559,0,0,0,2026-02-25T17:09:43Z,BOS,CLT,2026-02-25T17:02:12Z,BOS_CLT_AA_2026_2_25_954
BA175,40.74664,-72.99225,8250,227,-1088,2026-02-25T17:09:58Z,LHR,JFK,2026-02-25T17:18:24Z,LHR_JFK_BA_2026_2_25_955
AA142,51.65552,-56.09144,39000,583,0,2026-02-25T17:09:58Z,JFK,LHR,2026-02-25T21:26:24Z,JFK_LHR_AA_2026_2_25_1024
DL1112,31.61428,-103.78889,39000,511,0,2026-02-25T17:09:59Z,LAX,MSY,2026-02-25T18:42:08Z,LAX_MSY_DL_2026_2_25_732
AA249,30.17814,-97.97755,38000,381,0,2026-02-25T17:09:59Z,ORD,MEX,2026-02-25T18:52:48Z,ORD_MEX_AA_2026_2_25_851
AA2097,31.85417,-9.45345,38000,366,0,2026-02-25T17:09:59Z,MIA,DFW,2026-02-25T17:40:16Z,MIA_DFW_AA_2026_2_25_1458
UA838,37.55379,-12.22205,2150,174,-896,2026-02-25T17:09:58Z,NRT,SFO,2026-02-25T17:13:11Z,NRT_SFO_UA_2026_2_25_1655
UA1116,3.82901,-122.70033,21175,356,-1792,2026-02-25T17:09:59Z,MSP,SFO,2026-02-25T17:31:42Z,MSP_SFO_UA_2026_2_25_736
DL188,55.55102,-134.52837,39000,541,0,2026-02-25T17:09:59Z,ICN,ATL,2026-02-25T21:56:16Z,ICN_ATL_DL_2026_2_25_1814
AF84,60.13028,-10.52047,34000,488,0,2026-02-25T17:09:58Z,CDG,SFO,2026-02-25T20:35:12Z,CDG_SFO_AF_2026_2_25_1105
AA2581,42.67552,-88.41822,9775,279,-1152,2026-02-25T17:09:59Z,DFW,MKE,2026-02-25T17:19:42Z,DFW_MKE_AA_2026_2_25_1532
AA2581,42.67552,-88.41822,9775,279,-1152,2026-02-25T17:09:59Z,DFW,MKE,2026-02-25T17:19:42Z,MKE_DFW_AA_2026_2_25_1835
BA195,4.60778,-84.79134,39975,456,0,2026-02-25T17:09:59Z,LHR,IAH,2026-02-25T19:44:00Z,LHR_IAH_BA_2026_2_25_1010
AA1766,37.81462,-80.05229,39000,576,0,2026-02-25T17:09:58Z,DFW,JFK,2026-02-25T18:10:08Z,DFW_JFK_AA_2026_2_25_1530
AA1766,37.81462,-80.05229,39000,576,0,2026-02-25T17:09:58Z,DFW,JFK,2026-02-25T18:10:08Z,JFK_DFW_AA_2026_2_25_1938
UA1666,39.85342,-104.68036,0,0,0,2026-02-25T17:14:44Z,CVG,DEN,2026-02-25T16:57:28Z,CVG_DEN_UA_2026_2_25_908
DL853,5.16215,-127.35374,39000,501,0,2026-02-25T17:14:58Z,ANC,SEA,2026-02-25T18:05:52Z,ANC_SEA_DL_2026_2_25_613
DL2582,40.78546,-1.11981,0,1,0,2026-02-25T17:14:56Z,BUR,SLC,2026-02-25T16:59:12Z,BUR_SLC_DL_2026_2_25_729
BA53,58.32921,-113.46671,40000,536,0,2026-02-25T17:14:58Z,LHR,SEA,2026-02-25T19:01:20Z,LHR_SEA_BA_2026_2_25_1020
KL689,38.66565,-89.04926,40000,450,128,2026-02-25T17:14:58Z,AMS,CUN,2026-02-25T19:52:32Z,AMS_CUN_KL_2026_2_25_906
KL661,40.28224,-89.36487,35975,453,0,2026-02-25T17:14:58Z,AMS,IAH,2026-02-25T19:01:20Z,AMS_IAH_KL_2026_2_25_1014
AF636,46.77887,-88.59911,38000,487,0,2026-02-25T17:14:59Z,CDG,IAH,2026-02-25T19:44:00Z,CDG_IAH_AF_2026_2_25_1048
AA2896,27.04729,-79.67249,18925,347,-1344,2026-02-25T17:14:59Z,LGA,FLL,2026-02-25T17:34:35Z,LGA_FLL_AA_2026_2_25_1441
AA2896,27.04729,-79.67249,18925,347,-1344,2026-02-25T17:14:59Z,LGA,FLL,2026-02-25T17:34:35Z,FLL_LGA_AA_2026_2_25_1906
AA3052,28.66621,-79.20049,32025,424,0,2026-02-25T17:14:59Z,DCA,FLL,2026-02-25T17:46:40Z,DCA_FLL_AA_2026_2_25_1530
AA3052,28.66621,-79.20049,32025,424,0,2026-02-25T17:14:59Z,DCA,FLL,2026-02-25T17:46:40Z,FLL_DCA_AA_2026_2_25_1901
AA882,39.50735,-119.77259,0,0,0,2026-02-25T17:14:57Z,PHX,RNO,2026-02-25T16:55:18Z,PHX_RNO_AA_2026_2_25_819
AA882,39.50735,-119.77259,0,0,0,2026-02-25T17:14:57Z,PHX,RNO,2026-02-25T16:55:18Z,RNO_PHX_AA_2026_2_25_1002
UA357,39.85283,-104.67911,0,8,0,2026-02-25T17:14:58Z,DFW,DEN,2026-02-25T17:02:13Z,DFW_DEN_UA_2026_2_25_1515
DL166,47.43841,-122.29831,0,0,0,2026-02-25T17:14:39Z,HND,SEA,2026-02-25T16:32:12Z,HND_SEA_DL_2026_2_25_1707
KL601,44.33253,-110.71224,38000,514,-64,2026-02-25T17:14:58Z,AMS,LAX,2026-02-25T19:01:20Z,AMS_LAX_KL_2026_2_25_1000
DL57,47.27515,-105.01888,40000,496,0,2026-02-25T17:14:59Z,AMS,SLC,2026-02-25T18:37:52Z,AMS_SLC_DL_2026_2_25_955
AF158,48.37699,-86.40581,38000,464,-64,2026-02-25T17:14:59Z,CDG,DFW,2026-02-25T19:39:44Z,CDG_DFW_AF_2026_2_25_956
DL33,38.77762,-80.56621,40000,386,0,2026-02-25T17:14:58Z,LHR,ATL,2026-02-25T18:25:04Z,LHR_ATL_DL_2026_2_25_908
UA4200,37.81671,-77.47738,41000,588,-64,2026-02-25T17:14:59Z,MDE,EWR,2026-02-25T17:48:43Z,MDE_EWR_UA_2026_2_25_1248
AA2731,32.88172,-97.00996,0,40,64,2026-02-25T17:14:58Z,PHL,DFW,2026-02-25T17:14:12Z,PHL_DFW_AA_2026_2_25_1354
UA1119,29.05386,-93.76977,39000,465,0,2026-02-25T17:14:58Z,DEN,CUN,2026-02-25T18:46:24Z,DEN_CUN_UA_2026_2_25_1532
AA3193,39.44197,-102.14437,38000,389,-64,2026-02-25T17:14:58Z,MIA,EGE,2026-02-25T17:59:28Z,MIA_EGE_AA_2026_2_25_829
UA6,5.08255,-12.17689,39000,539,-64,2026-02-25T17:14:58Z,NRT,IAH,2026-02-25T20:37:20Z,NRT_IAH_UA_2026_2_25_1818
LH454,57.65048,-113.67168,36000,571,0,2026-02-25T17:14:57Z,FRA,SFO,2026-02-25T19:56:48Z,FRA_SFO_LH_2026_2_25_1054
LH456,60.37038,-109.68819,34000,534,0,2026-02-25T17:14:58Z,FRA,LAX,2026-02-25T20:48:00Z,FRA_LAX_LH_2026_2_25_1113
AA1616,39.50563,-94.38782,5650,230,-1600,2026-02-25T17:14:59Z,CLT,MCI,2026-02-25T17:20:42Z,CLT_MCI_AA_2026_2_25_1010
AA1616,39.50563,-94.38782,5650,230,-1600,2026-02-25T17:14:59Z,CLT,MCI,2026-02-25T17:20:42Z,MCI_CLT_AA_2026_2_25_1232
UA3895,38.76279,-93.46732,40000,381,0,2026-02-25T17:14:58Z,EWR,AMA,2026-02-25T18:27:12Z,EWR_AMA_UA_2026_2_25_938
KL623,41.22415,-82.21013,36000,465,-64,2026-02-25T17:14:58Z,AMS,ATL,2026-02-25T18:31:28Z,AMS_ATL_KL_2026_2_25_1037
DL1930,18.34099,-65.18473,2725,185,-128,2026-02-25T17:14:59Z,JFK,STT,2026-02-25T17:16:54Z,JFK_STT_DL_2026_2_25_1356
DL42,33.94631,-118.41805,0,9,0,2026-02-25T17:14:58Z,SYD,LAX,2026-02-25T17:05:27Z,SYD_LAX_DL_2026_2_25_1433
UA2115,37.60616,-122.33925,200,135,-768,2026-02-25T17:14:57Z,EWR,SFO,2026-02-25T17:15:25Z,EWR_SFO_UA_2026_2_25_613
DL830,35.51212,-104.29305,40000,411,0,2026-02-25T17:14:57Z,ATL,SLC,2026-02-25T18:29:20Z,ATL_SLC_DL_2026_2_25_928
DL713,38.41472,-101.10419,40000,410,0,2026-02-25T17:14:57Z,JFK,LAX,2026-02-25T19:31:12Z,JFK_LAX_DL_2026_2_25_845
KL605,48.15308,-118.96456,38975,528,64,2026-02-25T17:14:58Z,AMS,SFO,2026-02-25T18:50:40Z,AMS_SFO_KL_2026_2_25_1013
AF338,54.46868,-116.50743,40000,532,0,2026-02-25T17:14:59Z,CDG,SEA,2026-02-25T18:27:12Z,CDG_SEA_AF_2026_2_25_1036
DL120,52.16757,-110.53879,41000,543,0,2026-02-25T17:14:57Z,HND,MSP,2026-02-25T18:57:04Z,HND_MSP_DL_2026_2_25_1742
UA297,45.92633,-107.11349,38000,401,0,2026-02-25T17:14:59Z,EWR,BZN,2026-02-25T17:50:56Z,EWR_BZN_UA_2026_2_25_819
DL274,47.81748,-99.38902,41000,552,0,2026-02-25T17:14:59Z,HND,DTW,2026-02-25T18:46:24Z,HND_DTW_DL_2026_2_25_1651
DL274,47.81748,-99.38902,41000,552,0,2026-02-25T17:14:59Z,HND,DTW,2026-02-25T18:46:24Z,HND_DTW_DL_2026_2_25_1642
UA3929,39.87427,-82.09869,41000,560,-64,2026-02-25T17:14:58Z,SFO,IAD,2026-02-25T17:48:48Z,SFO_IAD_UA_2026_2_25_529
DL274,42.21032,-83.35699,0,0,0,2026-02-25T17:14:56Z,HND,DTW,2026-01-19T18:59:44Z,HND_DTW_DL_2026_2_25_1651
DL274,42.21032,-83.35699,0,0,0,2026-02-25T17:14:56Z,HND,DTW,2026-01-19T18:59:44Z,HND_DTW_DL_2026_2_25_1642
AA1172,28.67187,-74.51349,38975,471,0,2026-02-25T17:14:59Z,ORD,STT,2026-02-25T19:14:08Z,ORD_STT_AA_2026_2_25_1504
BA175,40.57819,-7.33454,3625,224,-64,2026-02-25T17:14:59Z,LHR,JFK,2026-02-25T17:18:37Z,LHR_JFK_BA_2026_2_25_955
AA142,52.14824,-55.04763,39000,584,0,2026-02-25T17:14:59Z,JFK,LHR,2026-02-25T21:26:24Z,JFK_LHR_AA_2026_2_25_1024
DL1112,31.47528,-102.97512,39000,516,0,2026-02-25T17:14:58Z,LAX,MSY,2026-02-25T18:40:00Z,LAX_MSY_DL_2026_2_25_732
AA249,29.70699,-98.25746,38000,377,64,2026-02-25T17:14:59Z,ORD,MEX,2026-02-25T18:54:56Z,ORD_MEX_AA_2026_2_25_851
AA2097,31.99326,-95.11072,38000,367,0,2026-02-25T17:14:59Z,MIA,DFW,2026-02-25T17:44:32Z,MIA_DFW_AA_2026_2_25_1458
UA838,37.62307,-122.39119,0,8,0,2026-02-25T17:14:58Z,NRT,SFO,2026-02-25T17:13:23Z,NRT_SFO_UA_2026_2_25_1655
UA1116,37.84334,-122.61375,11100,337,-1856,2026-02-25T17:14:58Z,MSP,SFO,2026-02-25T17:28:08Z,MSP_SFO_UA_2026_2_25_736
DL188,5.53508,-133.26358,39000,534,0,2026-02-25T17:14:59Z,ICN,ATL,2026-02-25T21:58:24Z,ICN_ATL_DL_2026_2_25_1814
AF84,59.63928,-106.14432,34000,495,0,2026-02-25T17:14:58Z,CDG,SFO,2026-02-25T20:35:12Z,CDG_SFO_AF_2026_2_25_1105
AA2581,42.84193,-88.00173,6775,281,-576,2026-02-25T17:14:58Z,DFW,MKE,2026-02-25T17:20:52Z,DFW_MKE_AA_2026_2_25_1532
AA2581,42.84193,-88.00173,6775,281,-576,2026-02-25T17:14:58Z,DFW,MKE,2026-02-25T17:20:52Z,MKE_DFW_AA_2026_2_25_1835
BA195,45.62734,-85.41966,39975,454,64,2026-02-25T17:14:58Z,LHR,IAH,2026-02-25T19:54:40Z,LHR_IAH_BA_2026_2_25_1010
AA1766,37.82478,-79.07001,39000,559,-64,2026-02-25T17:14:58Z,DFW,JFK,2026-02-25T18:10:08Z,DFW_JFK_AA_2026_2_25_1530
AA1766,37.82478,-79.07001,39000,559,-64,2026-02-25T17:14:58Z,DFW,JFK,2026-02-25T18:10:08Z,JFK_DFW_AA_2026_2_25_1938
DL853,51.10332,-126.61232,39000,505,-64,2026-02-25T17:19:58Z,ANC,SEA,2026-02-25T18:05:52Z,ANC_SEA_DL_2026_2_25_613
BA53,57.64782,-114.02604,40000,542,0,2026-02-25T17:19:58Z,LHR,SEA,2026-02-25T19:01:20Z,LHR_SEA_BA_2026_2_25_1020
DL2582,40.78547,-1.11981,0,1,0,2026-02-25T17:19:56Z,BUR,SLC,2026-02-25T16:59:12Z,BUR_SLC_DL_2026_2_25_729
KL689,38.04373,-89.25392,40000,466,64,2026-02-25T17:19:58Z,AMS,CUN,2026-02-25T19:48:16Z,AMS_CUN_KL_2026_2_25_906
KL661,39.73722,-89.76349,35975,441,64,2026-02-25T17:19:59Z,AMS,IAH,2026-02-25T18:59:12Z,AMS_IAH_KL_2026_2_25_1014
AF636,46.19778,-89.06817,38000,478,0,2026-02-25T17:19:57Z,CDG,IAH,2026-02-25T19:46:08Z,CDG_IAH_AF_2026_2_25_1048
AA2896,26.60009,-7.98237,11400,310,-1408,2026-02-25T17:19:59Z,LGA,FLL,2026-02-25T17:31:40Z,LGA_FLL_AA_2026_2_25_1441
AA2896,26.60009,-7.98237,11400,310,-1408,2026-02-25T17:19:59Z,LGA,FLL,2026-02-25T17:31:40Z,FLL_LGA_AA_2026_2_25_1906
AA3052,28.09051,-7.93382,32050,425,0,2026-02-25T17:19:58Z,DCA,FLL,2026-02-25T17:46:40Z,DCA_FLL_AA_2026_2_25_1530
AA3052,28.09051,-7.93382,32050,425,0,2026-02-25T17:19:58Z,DCA,FLL,2026-02-25T17:46:40Z,FLL_DCA_AA_2026_2_25_1901
AA882,39.50734,-119.77259,0,0,0,2026-02-25T17:19:58Z,PHX,RNO,2026-02-25T16:55:18Z,PHX_RNO_AA_2026_2_25_819
AA882,39.50734,-119.77259,0,0,0,2026-02-25T17:19:58Z,PHX,RNO,2026-02-25T16:55:18Z,RNO_PHX_AA_2026_2_25_1002
KL601,43.64286,-110.97585,38000,519,64,2026-02-25T17:19:59Z,AMS,LAX,2026-02-25T19:01:20Z,AMS_LAX_KL_2026_2_25_1000
DL57,46.60149,-105.23469,40000,501,0,2026-02-25T17:19:58Z,AMS,SLC,2026-02-25T18:37:52Z,AMS_SLC_DL_2026_2_25_955
AF158,47.87586,-86.99869,38000,464,-64,2026-02-25T17:19:57Z,CDG,DFW,2026-02-25T19:39:44Z,CDG_DFW_AF_2026_2_25_956
AA2111,35.22076,-80.94681,0,0,0,2026-02-25T17:19:30Z,LGA,CLT,2026-02-25T16:55:18Z,LGA_CLT_AA_2026_2_25_1014
AA2111,35.22076,-80.94681,0,0,0,2026-02-25T17:19:30Z,LGA,CLT,2026-02-25T16:55:18Z,CLT_LGA_AA_2026_2_25_743
DL33,38.33478,-80.94972,40000,383,0,2026-02-25T17:19:59Z,LHR,ATL,2026-02-25T18:27:12Z,LHR_ATL_DL_2026_2_25_908
UA4200,38.49419,-76.89355,41000,593,-64,2026-02-25T17:19:59Z,MDE,EWR,2026-02-25T17:48:26Z,MDE_EWR_UA_2026_2_25_1248
AA2731,32.87165,-97.03162,0,16,0,2026-02-25T17:19:58Z,PHL,DFW,2026-02-25T17:14:12Z,PHL_DFW_AA_2026_2_25_1354
UA1119,28.44682,-93.51589,39000,463,0,2026-02-25T17:19:59Z,DEN,CUN,2026-02-25T18:46:24Z,DEN_CUN_UA_2026_2_25_1532
AA3193,39.57108,-102.82422,37975,389,-192,2026-02-25T17:19:59Z,MIA,EGE,2026-02-25T17:57:20Z,MIA_EGE_AA_2026_2_25_829
UA6,50.38479,-120.80975,39000,544,64,2026-02-25T17:19:59Z,NRT,IAH,2026-02-25T20:37:20Z,NRT_IAH_UA_2026_2_25_1818
LH454,56.92525,-114.14082,36000,544,0,2026-02-25T17:19:58Z,FRA,SFO,2026-02-25T20:01:04Z,FRA_SFO_LH_2026_2_25_1054
LH456,59.67329,-110.22244,34000,537,64,2026-02-25T17:19:59Z,FRA,LAX,2026-02-25T20:45:52Z,FRA_LAX_LH_2026_2_25_1113
UA3895,38.48888,-94.04102,40000,374,0,2026-02-25T17:19:59Z,EWR,AMA,2026-02-25T18:22:56Z,EWR_AMA_UA_2026_2_25_938
AA1616,39.39285,-94.69988,2175,159,-256,2026-02-25T17:19:58Z,CLT,MCI,2026-02-25T17:20:54Z,CLT_MCI_AA_2026_2_25_1010
AA1616,39.39285,-94.69988,2175,159,-256,2026-02-25T17:19:58Z,CLT,MCI,2026-02-25T17:20:54Z,MCI_CLT_AA_2026_2_25_1232
KL623,40.60724,-8.24293,36000,458,64,2026-02-25T17:19:59Z,AMS,ATL,2026-02-25T18:29:20Z,AMS_ATL_KL_2026_2_25_1037
DL1930,18.33716,-64.97814,0,127,-256,2026-02-25T17:19:59Z,JFK,STT,2026-02-25T17:19:55Z,JFK_STT_DL_2026_2_25_1356
DL42,33.94542,-118.41026,0,0,0,2026-02-25T17:19:55Z,SYD,LAX,2026-02-25T17:05:27Z,SYD_LAX_DL_2026_2_25_1433
UA2115,37.62278,-122.38768,0,8,0,2026-02-25T17:19:59Z,EWR,SFO,2026-02-25T17:15:23Z,EWR_SFO_UA_2026_2_25_613
DL830,35.63118,-104.97898,40025,414,-64,2026-02-25T17:19:58Z,ATL,SLC,2026-02-25T18:31:28Z,ATL_SLC_DL_2026_2_25_928
DL713,38.28768,-101.81036,40000,411,0,2026-02-25T17:19:58Z,JFK,LAX,2026-02-25T19:29:04Z,JFK_LAX_DL_2026_2_25_845
KL605,47.47039,-119.30251,38975,518,128,2026-02-25T17:19:58Z,AMS,SFO,2026-02-25T18:50:40Z,AMS_SFO_KL_2026_2_25_1013
AF338,5.38255,-11.71017,40000,523,0,2026-02-25T17:19:58Z,CDG,SEA,2026-02-25T18:25:04Z,CDG_SEA_AF_2026_2_25_1036
DL120,51.76328,-109.49353,41000,550,0,2026-02-25T17:19:59Z,HND,MSP,2026-02-25T18:57:04Z,HND_MSP_DL_2026_2_25_1742
UA297,45.86731,-107.90277,38000,403,0,2026-02-25T17:19:58Z,EWR,BZN,2026-02-25T17:48:48Z,EWR_BZN_UA_2026_2_25_819
DL274,47.55362,-98.33073,41000,550,0,2026-02-25T17:19:58Z,HND,DTW,2026-02-25T18:46:24Z,HND_DTW_DL_2026_2_25_1651
DL274,47.55362,-98.33073,41000,550,0,2026-02-25T17:19:58Z,HND,DTW,2026-02-25T18:46:24Z,HND_DTW_DL_2026_2_25_1642
DL274,42.21032,-83.35699,0,0,0,2026-02-25T17:19:57Z,HND,DTW,2026-01-19T18:59:44Z,HND_DTW_DL_2026_2_25_1651
DL274,42.21032,-83.35699,0,0,0,2026-02-25T17:19:57Z,HND,DTW,2026-01-19T18:59:44Z,HND_DTW_DL_2026_2_25_1642
AA1172,2.81963,-74.00881,38975,471,0,2026-02-25T17:19:57Z,ORD,STT,2026-02-25T19:14:08Z,ORD_STT_AA_2026_2_25_1504
AA1688,35.21918,-80.94563,0,0,0,2026-02-25T17:19:48Z,BOS,CLT,2026-02-25T17:02:12Z,BOS_CLT_AA_2026_2_25_954
UA3929,0.39776,-81.10376,38925,556,-896,2026-02-25T17:19:58Z,SFO,IAD,2026-02-25T17:48:48Z,SFO_IAD_UA_2026_2_25_529
BA175,40.58783,-73.63636,2075,136,-832,2026-02-25T17:19:59Z,LHR,JFK,2026-02-25T17:21:02Z,LHR_JFK_BA_2026_2_25_955
AA142,52.55511,-53.92006,39000,580,0,2026-02-25T17:19:58Z,JFK,LHR,2026-02-25T21:26:24Z,JFK_LHR_AA_2026_2_25_1024
DL1112,31.32751,-102.14484,39000,522,0,2026-02-25T17:19:59Z,LAX,MSY,2026-02-25T18:40:00Z,LAX_MSY_DL_2026_2_25_732
AA249,2.92436,-98.52991,38000,373,0,2026-02-25T17:19:59Z,ORD,MEX,2026-02-25T18:48:32Z,ORD_MEX_AA_2026_2_25_851
AA2097,32.13012,-95.68946,35550,372,-3328,2026-02-25T17:19:59Z,MIA,DFW,2026-02-25T17:46:40Z,MIA_DFW_AA_2026_2_25_1458
UA1116,37.51593,-122.29314,8525,252,-1728,2026-02-25T17:19:57Z,MSP,SFO,2026-02-25T17:30:04Z,MSP_SFO_UA_2026_2_25_736
DL188,55.14136,-132.03261,39000,529,0,2026-02-25T17:19:58Z,ICN,ATL,2026-02-25T22:00:32Z,ICN_ATL_DL_2026_2_25_1814
AF84,59.14055,-107.05884,34000,495,0,2026-02-25T17:19:58Z,CDG,SFO,2026-02-25T20:35:12Z,CDG_SFO_AF_2026_2_25_1105
AA2581,42.97195,-87.61355,2750,171,-1344,2026-02-25T17:19:58Z,DFW,MKE,2026-02-25T17:22:23Z,DFW_MKE_AA_2026_2_25_1532
AA2581,42.97195,-87.61355,2750,171,-1344,2026-02-25T17:19:58Z,DFW,MKE,2026-02-25T17:22:23Z,MKE_DFW_AA_2026_2_25_1835
BA195,45.17285,-86.03897,40000,451,64,2026-02-25T17:19:58Z,LHR,IAH,2026-02-25T19:54:40Z,LHR_IAH_BA_2026_2_25_1010
AA1766,3.76133,-78.11081,39000,574,0,2026-02-25T17:19:58Z,DFW,JFK,2026-02-25T18:10:08Z,DFW_JFK_AA_2026_2_25_1530
AA1766,3.76133,-78.11081,39000,574,0,2026-02-25T17:19:58Z,DFW,JFK,2026-02-25T18:10:08Z,JFK_DFW_AA_2026_2_25_1938
DL853,50.57868,-125.88469,39000,501,64,2026-02-25T17:24:59Z,ANC,SEA,2026-02-25T18:05:52Z,ANC_SEA_DL_2026_2_25_613
BA53,56.97203,-114.56792,40000,522,0,2026-02-25T17:24:58Z,LHR,SEA,2026-02-25T19:01:20Z,LHR_SEA_BA_2026_2_25_1020
KL689,37.41739,-89.40972,40000,461,0,2026-02-25T17:24:57Z,AMS,CUN,2026-02-25T19:50:24Z,AMS_CUN_KL_2026_2_25_906
KL661,39.21923,-90.19092,36000,445,-64,2026-02-25T17:24:59Z,AMS,IAH,2026-02-25T19:01:20Z,AMS_IAH_KL_2026_2_25_1014
AF636,45.61337,-89.52869,38000,478,0,2026-02-25T17:24:58Z,CDG,IAH,2026-02-25T19:46:08Z,CDG_IAH_AF_2026_2_25_1048
AA2896,26.24722,-80.01005,7650,280,-512,2026-02-25T17:24:58Z,LGA,FLL,2026-02-25T17:31:50Z,LGA_FLL_AA_2026_2_25_1441
AA2896,26.24722,-80.01005,7650,280,-512,2026-02-25T17:24:58Z,LGA,FLL,2026-02-25T17:31:50Z,FLL_LGA_AA_2026_2_25_1906
AA3052,27.52354,-79.52094,28525,417,-960,2026-02-25T17:24:58Z,DCA,FLL,2026-02-25T17:46:40Z,DCA_FLL_AA_2026_2_25_1530
AA3052,27.52354,-79.52094,28525,417,-960,2026-02-25T17:24:58Z,DCA,FLL,2026-02-25T17:46:40Z,FLL_DCA_AA_2026_2_25_1901
AA882,39.50734,-119.77259,0,0,0,2026-02-25T17:24:57Z,PHX,RNO,2026-02-25T16:55:18Z,PHX_RNO_AA_2026_2_25_819
AA882,39.50734,-119.77259,0,0,0,2026-02-25T17:24:57Z,PHX,RNO,2026-02-25T16:55:18Z,RNO_PHX_AA_2026_2_25_1002
KL601,42.96054,-111.23029,37975,509,0,2026-02-25T17:24:58Z,AMS,LAX,2026-02-25T19:01:20Z,AMS_LAX_KL_2026_2_25_1000
DL57,4.59315,-105.44383,40000,489,0,2026-02-25T17:24:57Z,AMS,SLC,2026-02-25T18:37:52Z,AMS_SLC_DL_2026_2_25_955
DL33,37.90009,-81.32074,40000,376,0,2026-02-25T17:24:58Z,LHR,ATL,2026-02-25T18:31:28Z,LHR_ATL_DL_2026_2_25_908
AF158,47.36888,-87.58356,38000,458,-64,2026-02-25T17:24:59Z,CDG,DFW,2026-02-25T19:39:44Z,CDG_DFW_AF_2026_2_25_956
UA4200,39.12204,-76.26257,31725,524,-3456,2026-02-25T17:24:57Z,MDE,EWR,2026-02-25T17:59:11Z,MDE_EWR_UA_2026_2_25_1248
AA2731,32.89255,-97.03319,0,20,0,2026-02-25T17:24:59Z,PHL,DFW,2026-02-25T17:14:12Z,PHL_DFW_AA_2026_2_25_1354
UA1119,27.84357,-93.26656,39000,464,0,2026-02-25T17:24:59Z,DEN,CUN,2026-02-25T18:48:32Z,DEN_CUN_UA_2026_2_25_1532
AA3193,39.72194,-103.49085,34550,395,-1024,2026-02-25T17:24:58Z,MIA,EGE,2026-02-25T17:57:20Z,MIA_EGE_AA_2026_2_25_829
UA6,49.92067,-119.88994,39000,551,-64,2026-02-25T17:24:59Z,NRT,IAH,2026-02-25T20:35:12Z,NRT_IAH_UA_2026_2_25_1818
LH454,5.62149,-114.55093,36000,539,0,2026-02-25T17:24:58Z,FRA,SFO,2026-02-25T20:01:04Z,FRA_SFO_LH_2026_2_25_1054
LH456,58.96777,-110.68764,34000,543,0,2026-02-25T17:24:57Z,FRA,LAX,2026-02-25T20:39:28Z,FRA_LAX_LH_2026_2_25_1113
UA3895,38.23233,-94.60452,40000,368,0,2026-02-25T17:24:57Z,EWR,AMA,2026-02-25T18:25:04Z,EWR_AMA_UA_2026_2_25_938
KL623,39.95285,-82.45957,36000,479,-64,2026-02-25T17:24:58Z,AMS,ATL,2026-02-25T18:27:12Z,AMS_ATL_KL_2026_2_25_1037
DL42,33.94542,-118.41026,0,0,0,2026-02-25T17:24:55Z,SYD,LAX,2026-02-25T17:05:27Z,SYD_LAX_DL_2026_2_25_1433
UA2115,3.76203,-122.38937,0,1,0,2026-02-25T17:24:58Z,EWR,SFO,2026-02-25T17:15:23Z,EWR_SFO_UA_2026_2_25_613
DL830,35.99014,-105.52888,39975,417,64,2026-02-25T17:24:57Z,ATL,SLC,2026-02-25T18:29:20Z,ATL_SLC_DL_2026_2_25_928
DL713,38.15547,-102.51846,40000,411,-64,2026-02-25T17:24:58Z,JFK,LAX,2026-02-25T19:31:12Z,JFK_LAX_DL_2026_2_25_845
KL605,46.78825,-119.62791,38975,517,64,2026-02-25T17:24:58Z,AMS,SFO,2026-02-25T18:50:40Z,AMS_SFO_KL_2026_2_25_1013
AF338,53.18349,-11.76744,40000,522,0,2026-02-25T17:24:58Z,CDG,SEA,2026-02-25T18:25:04Z,CDG_SEA_AF_2026_2_25_1036
UA297,45.80452,-108.70189,36000,408,0,2026-02-25T17:24:59Z,EWR,BZN,2026-02-25T17:50:56Z,EWR_BZN_UA_2026_2_25_819
DL120,51.30289,-108.53493,41000,546,0,2026-02-25T17:24:59Z,HND,MSP,2026-02-25T18:57:04Z,HND_MSP_DL_2026_2_25_1742
DL274,47.27925,-97.28036,41000,556,0,2026-02-25T17:24:57Z,HND,DTW,2026-02-25T18:46:24Z,HND_DTW_DL_2026_2_25_1651
DL274,47.27925,-97.28036,41000,556,0,2026-02-25T17:24:57Z,HND,DTW,2026-02-25T18:46:24Z,HND_DTW_DL_2026_2_25_1642
DL274,42.21032,-83.35699,0,0,0,2026-02-25T17:24:55Z,HND,DTW,2026-01-19T18:59:44Z,HND_DTW_DL_2026_2_25_1651
DL274,42.21032,-83.35699,0,0,0,2026-02-25T17:24:55Z,HND,DTW,2026-01-19T18:59:44Z,HND_DTW_DL_2026_2_25_1642
AA1688,35.21918,-80.94562,0,0,0,2026-02-25T17:24:49Z,BOS,CLT,2026-02-25T17:02:12Z,BOS_CLT_AA_2026_2_25_954
UA3929,39.60413,-80.11536,37000,561,0,2026-02-25T17:24:59Z,SFO,IAD,2026-02-25T17:48:48Z,SFO_IAD_UA_2026_2_25_529
BA175,40.65295,-73.78625,0,12,0,2026-02-25T17:24:58Z,LHR,JFK,2026-02-25T17:23:30Z,LHR_JFK_BA_2026_2_25_955
AA1172,27.59855,-73.69101,38975,460,0,2026-02-25T17:24:56Z,ORD,STT,2026-02-25T19:14:08Z,ORD_STT_AA_2026_2_25_1504
AA142,52.95313,-52.88929,39000,575,0,2026-02-25T17:24:56Z,JFK,LHR,2026-02-25T21:26:24Z,JFK_LHR_AA_2026_2_25_1024
DL1112,31.17748,-101.32652,39000,528,0,2026-02-25T17:24:57Z,LAX,MSY,2026-02-25T18:40:00Z,LAX_MSY_DL_2026_2_25_732
AA249,2.87806,-98.79908,38000,380,0,2026-02-25T17:24:58Z,ORD,MEX,2026-02-25T18:48:32Z,ORD_MEX_AA_2026_2_25_851
AA2097,32.26279,-96.26338,23025,338,-1984,2026-02-25T17:24:59Z,MIA,DFW,2026-02-25T17:48:58Z,MIA_DFW_AA_2026_2_25_1458
UA1116,37.56917,-122.25942,2100,185,-960,2026-02-25T17:24:58Z,MSP,SFO,2026-02-25T17:29:28Z,MSP_SFO_UA_2026_2_25_736
DL188,54.97906,-130.80354,39000,520,0,2026-02-25T17:24:57Z,ICN,ATL,2026-02-25T22:00:32Z,ICN_ATL_DL_2026_2_25_1814
AF84,58.63206,-107.95299,34000,494,0,2026-02-25T17:24:58Z,CDG,SFO,2026-02-25T20:33:04Z,CDG_SFO_AF_2026_2_25_1105
AA2581,42.94923,-87.87617,550,133,-704,2026-02-25T17:24:58Z,DFW,MKE,2026-02-25T17:24:48Z,DFW_MKE_AA_2026_2_25_1532
AA2581,42.94923,-87.87617,550,133,-704,2026-02-25T17:24:58Z,DFW,MKE,2026-02-25T17:24:48Z,MKE_DFW_AA_2026_2_25_1835
BA195,44.71827,-86.64401,39975,454,-64,2026-02-25T17:24:58Z,LHR,IAH,2026-02-25T19:56:48Z,LHR_IAH_BA_2026_2_25_1010
AA1766,3.74761,-77.12484,39000,584,0,2026-02-25T17:24:57Z,DFW,JFK,2026-02-25T18:10:08Z,DFW_JFK_AA_2026_2_25_1530
AA1766,3.74761,-77.12484,39000,584,0,2026-02-25T17:24:57Z,DFW,JFK,2026-02-25T18:10:08Z,JFK_DFW_AA_2026_2_25_1938
DL853,50.05728,-125.18299,39000,496,-64,2026-02-25T17:29:58Z,ANC,SEA,2026-02-25T18:05:52Z,ANC_SEA_DL_2026_2_25_613
BA53,56.33015,-115.15778,40000,514,0,2026-02-25T17:29:58Z,LHR,SEA,2026-02-25T19:03:28Z,LHR_SEA_BA_2026_2_25_1020
KL689,36.78786,-89.56335,40000,449,64,2026-02-25T17:29:59Z,AMS,CUN,2026-02-25T19:48:16Z,AMS_CUN_KL_2026_2_25_906
KL661,38.67645,-90.56263,35975,460,64,2026-02-25T17:29:58Z,AMS,IAH,2026-02-25T18:59:12Z,AMS_IAH_KL_2026_2_25_1014
AF636,45.03138,-89.97635,38000,474,64,2026-02-25T17:29:59Z,CDG,IAH,2026-02-25T19:44:00Z,CDG_IAH_AF_2026_2_25_1048
AA2896,26.12302,-8.03654,2675,234,64,2026-02-25T17:29:58Z,LGA,FLL,2026-02-25T17:32:13Z,LGA_FLL_AA_2026_2_25_1441
AA2896,26.12302,-8.03654,2675,234,64,2026-02-25T17:29:58Z,LGA,FLL,2026-02-25T17:32:13Z,FLL_LGA_AA_2026_2_25_1906
AA3052,26.99611,-79.68854,20100,363,-2368,2026-02-25T17:29:58Z,DCA,FLL,2026-02-25T17:53:01Z,DCA_FLL_AA_2026_2_25_1530
AA3052,26.99611,-79.68854,20100,363,-2368,2026-02-25T17:29:58Z,DCA,FLL,2026-02-25T17:53:01Z,FLL_DCA_AA_2026_2_25_1901
AA882,39.50734,-119.77261,0,0,0,2026-02-25T17:29:57Z,PHX,RNO,2026-02-25T16:55:18Z,PHX_RNO_AA_2026_2_25_819
AA882,39.50734,-119.77261,0,0,0,2026-02-25T17:29:57Z,PHX,RNO,2026-02-25T16:55:18Z,RNO_PHX_AA_2026_2_25_1002
DL166,47.43841,-122.29831,0,0,0,2026-02-25T17:29:59Z,HND,SEA,2026-02-25T16:32:12Z,HND_SEA_DL_2026_2_25_1707
KL601,42.27379,-111.48045,37975,505,-64,2026-02-25T17:29:59Z,AMS,LAX,2026-02-25T18:59:12Z,AMS_LAX_KL_2026_2_25_1000
DL57,45.27094,-105.64513,37800,485,-576,2026-02-25T17:29:58Z,AMS,SLC,2026-02-25T18:40:00Z,AMS_SLC_DL_2026_2_25_955
DL33,37.46468,-81.68705,40000,377,0,2026-02-25T17:29:58Z,LHR,ATL,2026-02-25T18:27:12Z,LHR_ATL_DL_2026_2_25_908
AF158,46.79557,-88.04066,38000,472,0,2026-02-25T17:29:58Z,CDG,DFW,2026-02-25T19:37:36Z,CDG_DFW_AF_2026_2_25_956
UA4200,39.67452,-75.61108,21675,515,-1920,2026-02-25T17:29:58Z,MDE,EWR,2026-02-25T17:52:14Z,MDE_EWR_UA_2026_2_25_1248
AA2731,3.29035,-97.03465,0,1,0,2026-02-25T17:29:58Z,PHL,DFW,2026-02-25T17:14:12Z,PHL_DFW_AA_2026_2_25_1354
UA1119,27.23329,-93.01739,39000,466,0,2026-02-25T17:30:00Z,DEN,CUN,2026-02-25T18:46:24Z,DEN_CUN_UA_2026_2_25_1532
AA3193,39.91231,-104.17413,34000,403,-64,2026-02-25T17:29:58Z,MIA,EGE,2026-02-25T17:55:12Z,MIA_EGE_AA_2026_2_25_829
UA6,49.34779,-119.10972,39000,550,-128,2026-02-25T17:29:59Z,NRT,IAH,2026-02-25T20:35:12Z,NRT_IAH_UA_2026_2_25_1818
LH454,55.50344,-11.49466,36000,537,-64,2026-02-25T17:29:58Z,FRA,SFO,2026-02-25T20:01:04Z,FRA_SFO_LH_2026_2_25_1054
LH456,58.25403,-111.13815,34000,543,0,2026-02-25T17:29:57Z,FRA,LAX,2026-02-25T20:43:44Z,FRA_LAX_LH_2026_2_25_1113
UA3895,38.02294,-95.20937,40000,380,0,2026-02-25T17:29:58Z,EWR,AMA,2026-02-25T18:25:04Z,EWR_AMA_UA_2026_2_25_938
KL623,39.28399,-82.40759,35975,488,64,2026-02-25T17:29:58Z,AMS,ATL,2026-02-25T18:27:12Z,AMS_ATL_KL_2026_2_25_1037
AA3317,26.68652,-80.09286,0,0,0,2026-02-25T17:29:38Z,PBI,LGA,,LGA_PBI_AA_2026_2_25_844
AA3317,26.68652,-80.09286,0,0,0,2026-02-25T17:29:38Z,PBI,LGA,,PBI_LGA_AA_2026_2_25_1314
DL42,33.94541,-118.41026,0,0,0,2026-02-25T17:29:55Z,SYD,LAX,2026-02-25T17:05:27Z,SYD_LAX_DL_2026_2_25_1433
DL830,36.41373,-106.03741,40000,425,0,2026-02-25T17:29:59Z,ATL,SLC,2026-02-25T18:31:28Z,ATL_SLC_DL_2026_2_25_928
DL713,38.01938,-103.22281,40000,410,0,2026-02-25T17:29:59Z,JFK,LAX,2026-02-25T19:31:12Z,JFK_LAX_DL_2026_2_25_845
KL605,46.10617,-119.91611,38975,502,64,2026-02-25T17:29:59Z,AMS,SFO,2026-02-25T18:48:32Z,AMS_SFO_KL_2026_2_25_1013
AF338,52.53769,-118.22113,40000,533,0,2026-02-25T17:29:57Z,CDG,SEA,2026-02-25T18:27:12Z,CDG_SEA_AF_2026_2_25_1036
UA297,45.76561,-109.42369,25550,307,-2112,2026-02-25T17:29:59Z,EWR,BZN,2026-02-25T17:54:33Z,EWR_BZN_UA_2026_2_25_819
DL120,50.83155,-107.58926,41000,546,0,2026-02-25T17:29:58Z,HND,MSP,2026-02-25T18:54:56Z,HND_MSP_DL_2026_2_25_1742
DL274,46.99206,-96.22911,41000,553,0,2026-02-25T17:29:59Z,HND,DTW,2026-02-25T18:46:24Z,HND_DTW_DL_2026_2_25_1651
DL274,46.99206,-96.22911,41000,553,0,2026-02-25T17:29:59Z,HND,DTW,2026-02-25T18:46:24Z,HND_DTW_DL_2026_2_25_1642
DL274,42.21031,-83.35701,0,0,0,2026-02-25T17:29:55Z,HND,DTW,2026-01-19T18:59:44Z,HND_DTW_DL_2026_2_25_1651
DL274,42.21031,-83.35701,0,0,0,2026-02-25T17:29:55Z,HND,DTW,2026-01-19T18:59:44Z,HND_DTW_DL_2026_2_25_1642
AA1688,35.21917,-80.94563,0,0,0,2026-02-25T17:29:03Z,BOS,CLT,2026-02-25T17:02:12Z,BOS_CLT_AA_2026_2_25_954
UA3929,39.42801,-79.15434,23575,493,-2624,2026-02-25T17:29:59Z,SFO,IAD,2026-02-25T17:56:17Z,SFO_IAD_UA_2026_2_25_529
AA1172,27.12999,-73.19913,38975,460,0,2026-02-25T17:29:57Z,ORD,STT,2026-02-25T19:14:08Z,ORD_STT_AA_2026_2_25_1504
AA249,28.30069,-99.07561,38000,387,0,2026-02-25T17:29:59Z,ORD,MEX,2026-02-25T18:54:56Z,ORD_MEX_AA_2026_2_25_851
DL1112,31.09345,-100.46448,39000,534,0,2026-02-25T17:29:59Z,LAX,MSY,2026-02-25T18:40:00Z,LAX_MSY_DL_2026_2_25_732
AA2097,32.56795,-96.66001,13975,313,-1728,2026-02-25T17:29:58Z,MIA,DFW,2026-02-25T17:44:24Z,MIA_DFW_AA_2026_2_25_1458
UA838,37.62133,-122.39274,0,12,0,2026-02-25T17:29:58Z,NRT,SFO,2026-02-25T17:13:23Z,NRT_SFO_UA_2026_2_25_1655
DL188,54.77614,-129.60071,39000,523,0,2026-02-25T17:30:00Z,ICN,ATL,2026-02-25T22:04:48Z,ICN_ATL_DL_2026_2_25_1814
AF84,58.11832,-108.82002,34000,495,0,2026-02-25T17:29:59Z,CDG,SFO,2026-02-25T20:30:56Z,CDG_SFO_AF_2026_2_25_1105
AA2581,42.94661,-87.89843,0,0,0,2026-02-25T17:29:43Z,DFW,MKE,2026-02-25T17:25:12Z,DFW_MKE_AA_2026_2_25_1532
AA2581,42.94661,-87.89843,0,0,0,2026-02-25T17:29:43Z,DFW,MKE,2026-02-25T17:25:12Z,MKE_DFW_AA_2026_2_25_1835
BA195,44.25215,-87.25047,40000,458,0,2026-02-25T17:29:59Z,LHR,IAH,2026-02-25T19:52:32Z,LHR_IAH_BA_2026_2_25_1010
AA1766,37.51904,-76.09125,39000,592,-64,2026-02-25T17:29:59Z,DFW,JFK,2026-02-25T18:10:08Z,DFW_JFK_AA_2026_2_25_1530
AA1766,37.51904,-76.09125,39000,592,-64,2026-02-25T17:29:59Z,DFW,JFK,2026-02-25T18:10:08Z,JFK_DFW_AA_2026_2_25_1938
DL853,49.52846,-124.49261,39000,494,-64,2026-02-25T17:35:00Z,ANC,SEA,2026-02-25T18:05:52Z,ANC_SEA_DL_2026_2_25_613
BA53,55.69382,-115.72057,40000,513,0,2026-02-25T17:34:59Z,LHR,SEA,2026-02-25T19:01:20Z,LHR_SEA_BA_2026_2_25_1020
KL689,36.17719,-89.71021,40000,449,-64,2026-02-25T17:34:58Z,AMS,CUN,2026-02-25T19:52:32Z,AMS_CUN_KL_2026_2_25_906
KL661,38.07408,-90.82169,35975,454,0,2026-02-25T17:34:59Z,AMS,IAH,2026-02-25T18:57:04Z,AMS_IAH_KL_2026_2_25_1014
AF636,44.46451,-9.04454,38000,480,0,2026-02-25T17:34:59Z,CDG,IAH,2026-02-25T19:46:08Z,CDG_IAH_AF_2026_2_25_1048
AA2896,26.08736,-80.14891,1375,165,1600,2026-02-25T17:34:59Z,LGA,FLL,2026-02-25T17:34:47Z,LGA_FLL_AA_2026_2_25_1441
AA2896,26.08736,-80.14891,1375,165,1600,2026-02-25T17:34:59Z,LGA,FLL,2026-02-25T17:34:47Z,FLL_LGA_AA_2026_2_25_1906
AA3052,26.49458,-79.87003,9975,291,-1216,2026-02-25T17:34:59Z,DCA,FLL,2026-02-25T17:46:28Z,DCA_FLL_AA_2026_2_25_1530
AA3052,26.49458,-79.87003,9975,291,-1216,2026-02-25T17:34:59Z,DCA,FLL,2026-02-25T17:46:28Z,FLL_DCA_AA_2026_2_25_1901
AA882,39.50734,-11.97726,0,0,0,2026-02-25T17:34:57Z,PHX,RNO,2026-02-25T16:55:18Z,PHX_RNO_AA_2026_2_25_819
AA882,39.50734,-11.97726,0,0,0,2026-02-25T17:34:57Z,PHX,RNO,2026-02-25T16:55:18Z,RNO_PHX_AA_2026_2_25_1002
DL166,47.43841,-122.29831,0,0,0,2026-02-25T17:34:57Z,HND,SEA,2026-02-25T16:32:12Z,HND_SEA_DL_2026_2_25_1707
KL601,41.59081,-111.72397,38000,509,-64,2026-02-25T17:34:59Z,AMS,LAX,2026-02-25T19:01:20Z,AMS_LAX_KL_2026_2_25_1000
DL57,44.65594,-105.82829,36000,446,0,2026-02-25T17:34:59Z,AMS,SLC,2026-02-25T18:44:16Z,AMS_SLC_DL_2026_2_25_955
DL33,37.03263,-82.04536,40000,368,0,2026-02-25T17:35:00Z,LHR,ATL,2026-02-25T18:22:56Z,LHR_ATL_DL_2026_2_25_908
AF158,46.21283,-88.48842,38000,475,0,2026-02-25T17:34:59Z,CDG,DFW,2026-02-25T19:39:44Z,CDG_DFW_AF_2026_2_25_956
UA4200,40.11269,-75.08002,10650,322,-384,2026-02-25T17:34:59Z,MDE,EWR,2026-02-25T17:45:12Z,MDE_EWR_UA_2026_2_25_1248
UA1119,26.63407,-92.73032,39000,486,0,2026-02-25T17:34:59Z,DEN,CUN,2026-02-25T18:44:16Z,DEN_CUN_UA_2026_2_25_1532
UA6,48.77344,-118.35226,39000,553,64,2026-02-25T17:34:58Z,NRT,IAH,2026-02-25T20:35:12Z,NRT_IAH_UA_2026_2_25_1818
LH454,54.79543,-115.32574,36000,533,0,2026-02-25T17:34:58Z,FRA,SFO,2026-02-25T20:01:04Z,FRA_SFO_LH_2026_2_25_1054
AA3193,40.07744,-104.86322,32800,401,-1024,2026-02-25T17:35:00Z,MIA,EGE,2026-02-25T17:57:20Z,MIA_EGE_AA_2026_2_25_829
LH456,57.52547,-111.57878,34000,549,0,2026-02-25T17:35:00Z,FRA,LAX,2026-02-25T20:43:44Z,FRA_LAX_LH_2026_2_25_1113
UA3895,37.80535,-95.82484,40000,383,64,2026-02-25T17:35:00Z,EWR,AMA,2026-02-25T18:31:28Z,EWR_AMA_UA_2026_2_25_938
KL623,38.61736,-82.38045,35975,453,64,2026-02-25T17:35:00Z,AMS,ATL,2026-02-25T18:29:20Z,AMS_ATL_KL_2026_2_25_1037
AA3317,26.68652,-80.09286,0,0,0,2026-02-25T17:34:59Z,PBI,LGA,,LGA_PBI_AA_2026_2_25_844
AA3317,26.68652,-80.09286,0,0,0,2026-02-25T17:34:59Z,PBI,LGA,,PBI_LGA_AA_2026_2_25_1314
DL42,33.94542,-118.41026,0,0,0,2026-02-25T17:34:55Z,SYD,LAX,2026-02-25T17:05:27Z,SYD_LAX_DL_2026_2_25_1433
DL830,36.88585,-106.46982,40000,418,64,2026-02-25T17:34:59Z,ATL,SLC,2026-02-25T18:31:28Z,ATL_SLC_DL_2026_2_25_928
DL713,3.78783,-103.92834,39975,424,64,2026-02-25T17:34:59Z,JFK,LAX,2026-02-25T19:31:12Z,JFK_LAX_DL_2026_2_25_845
KL605,45.42393,-120.19749,39000,515,-64,2026-02-25T17:35:00Z,AMS,SFO,2026-02-25T18:48:32Z,AMS_SFO_KL_2026_2_25_1013
AF338,51.85849,-118.71239,40000,530,0,2026-02-25T17:34:59Z,CDG,SEA,2026-02-25T18:22:56Z,CDG_SEA_AF_2026_2_25_1036
UA297,45.72766,-110.03549,16100,307,-960,2026-02-25T17:34:59Z,EWR,BZN,2026-02-25T17:47:18Z,EWR_BZN_UA_2026_2_25_819
DL120,50.35397,-1.06665,41025,548,-64,2026-02-25T17:34:59Z,HND,MSP,2026-02-25T18:57:04Z,HND_MSP_DL_2026_2_25_1742
DL274,46.69823,-95.19949,41000,550,0,2026-02-25T17:34:59Z,HND,DTW,2026-02-25T18:46:24Z,HND_DTW_DL_2026_2_25_1651
DL274,46.69823,-95.19949,41000,550,0,2026-02-25T17:34:59Z,HND,DTW,2026-02-25T18:46:24Z,HND_DTW_DL_2026_2_25_1642
DL274,42.21031,-83.35699,0,0,0,2026-02-25T17:35:00Z,HND,DTW,2026-01-19T18:59:44Z,HND_DTW_DL_2026_2_25_1651
DL274,42.21031,-83.35699,0,0,0,2026-02-25T17:35:00Z,HND,DTW,2026-01-19T18:59:44Z,HND_DTW_DL_2026_2_25_1642
UA3929,39.28995,-78.38715,12250,370,-1856,2026-02-25T17:34:59Z,SFO,IAD,2026-02-25T17:49:17Z,SFO_IAD_UA_2026_2_25_529
AA1172,26.50181,-72.96001,39000,451,0,2026-02-25T17:34:59Z,ORD,STT,2026-02-25T19:14:08Z,ORD_STT_AA_2026_2_25_1504
AA142,53.76464,-50.60719,39000,566,0,2026-02-25T17:34:59Z,JFK,LHR,2026-02-25T21:26:24Z,JFK_LHR_AA_2026_2_25_1024
AA249,27.82297,-99.34786,38000,385,64,2026-02-25T17:34:59Z,ORD,MEX,2026-02-25T18:57:04Z,ORD_MEX_AA_2026_2_25_851
DL1112,31.00415,-99.60162,39000,538,0,2026-02-25T17:35:00Z,LAX,MSY,2026-02-25T18:40:00Z,LAX_MSY_DL_2026_2_25_732
AA2097,32.86546,-96.91477,9275,260,-1344,2026-02-25T17:35:00Z,MIA,DFW,2026-02-25T17:45:04Z,MIA_DFW_AA_2026_2_25_1458
DL188,54.52606,-128.41887,39000,531,0,2026-02-25T17:35:00Z,ICN,ATL,2026-02-25T21:58:24Z,ICN_ATL_DL_2026_2_25_1814
AF84,57.60188,-109.65738,34000,494,0,2026-02-25T17:34:58Z,CDG,SFO,2026-02-25T20:35:12Z,CDG_SFO_AF_2026_2_25_1105
BA195,43.78322,-87.84681,40000,459,64,2026-02-25T17:34:58Z,LHR,IAH,2026-02-25T19:52:32Z,LHR_IAH_BA_2026_2_25_1010
AA1766,38.05795,-75.43726,39000,565,0,2026-02-25T17:34:58Z,DFW,JFK,2026-02-25T18:10:08Z,DFW_JFK_AA_2026_2_25_1530
AA1766,38.05795,-75.43726,39000,565,0,2026-02-25T17:34:58Z,DFW,JFK,2026-02-25T18:10:08Z,JFK_DFW_AA_2026_2_25_1938
DL853,49.00507,-0.12383,32700,492,-3200,2026-02-25T17:39:59Z,ANC,SEA,2026-02-25T18:05:52Z,ANC_SEA_DL_2026_2_25_613
BA53,55.04644,-116.27255,40000,524,0,2026-02-25T17:39:58Z,LHR,SEA,2026-02-25T19:01:20Z,LHR_SEA_BA_2026_2_25_1020
KL689,3.55721,-89.85355,40000,442,-64,2026-02-25T17:40:00Z,AMS,CUN,2026-02-25T19:56:48Z,AMS_CUN_KL_2026_2_25_906
KL661,37.50174,-91.06382,38000,430,-64,2026-02-25T17:39:58Z,AMS,IAH,2026-02-25T19:03:28Z,AMS_IAH_KL_2026_2_25_1014
AF636,43.88917,-90.91311,38000,483,0,2026-02-25T17:39:59Z,CDG,IAH,2026-02-25T19:44:00Z,CDG_IAH_AF_2026_2_25_1048
AA2896,26.15533,-80.34587,2675,231,64,2026-02-25T17:39:58Z,LGA,FLL,2026-02-25T17:42:08Z,LGA_FLL_AA_2026_2_25_1441
AA2896,26.15533,-80.34587,2675,231,64,2026-02-25T17:39:58Z,LGA,FLL,2026-02-25T17:42:08Z,FLL_LGA_AA_2026_2_25_1906
AA3052,26.16706,-80.09393,5675,287,-64,2026-02-25T17:39:58Z,DCA,FLL,2026-02-25T17:45:40Z,DCA_FLL_AA_2026_2_25_1530
AA3052,26.16706,-80.09393,5675,287,-64,2026-02-25T17:39:58Z,DCA,FLL,2026-02-25T17:45:40Z,FLL_DCA_AA_2026_2_25_1901
AA3139,30.46573,-87.18604,0,41,0,2026-02-25T17:39:42Z,DFW,PNS,2026-02-25T16:37:12Z,DFW_PNS_AA_2026_2_25_1520
AA3139,30.46573,-87.18604,0,41,0,2026-02-25T17:39:42Z,DFW,PNS,2026-02-25T16:37:12Z,PNS_DFW_AA_2026_2_25_1740
AA882,39.50735,-11.97726,0,0,0,2026-02-25T17:39:57Z,PHX,RNO,2026-02-25T16:55:18Z,PHX_RNO_AA_2026_2_25_819
AA882,39.50735,-11.97726,0,0,0,2026-02-25T17:39:57Z,PHX,RNO,2026-02-25T16:55:18Z,RNO_PHX_AA_2026_2_25_1002
DL166,47.43842,-122.29831,0,0,0,2026-02-25T17:39:57Z,HND,SEA,2026-02-25T16:32:12Z,HND_SEA_DL_2026_2_25_1707
KL601,40.91125,-1.11961,37975,502,0,2026-02-25T17:39:58Z,AMS,LAX,2026-02-25T19:01:20Z,AMS_LAX_KL_2026_2_25_1000
DL57,44.05801,-106.00257,36000,439,0,2026-02-25T17:39:58Z,AMS,SLC,2026-02-25T18:44:16Z,AMS_SLC_DL_2026_2_25_955
DL33,36.60728,-82.39326,40000,372,0,2026-02-25T17:39:58Z,LHR,ATL,2026-02-25T18:22:56Z,LHR_ATL_DL_2026_2_25_908
AF158,4.56346,-88.92217,38000,470,0,2026-02-25T17:39:58Z,CDG,DFW,2026-02-25T19:37:36Z,CDG_DFW_AF_2026_2_25_956
UA4200,40.40186,-74.69891,5600,273,-704,2026-02-25T17:39:59Z,MDE,EWR,2026-02-25T17:46:45Z,MDE_EWR_UA_2026_2_25_1248
UA1119,2.61111,-0.09234,39000,487,0,2026-02-25T17:39:56Z,DEN,CUN,2026-02-25T18:44:16Z,DEN_CUN_UA_2026_2_25_1532
UA6,48.22751,-117.55118,38975,546,0,2026-02-25T17:39:59Z,NRT,IAH,2026-02-25T20:35:12Z,NRT_IAH_UA_2026_2_25_1818
LH454,54.08263,-115.69365,35975,531,0,2026-02-25T17:40:00Z,FRA,SFO,2026-02-25T20:01:04Z,FRA_SFO_LH_2026_2_25_1054
AA3193,40.12188,-105.55083,23950,388,128,2026-02-25T17:39:58Z,MIA,EGE,2026-02-25T17:56:41Z,MIA_EGE_AA_2026_2_25_829
LH456,5.68033,-111.99772,34000,551,0,2026-02-25T17:39:58Z,FRA,LAX,2026-02-25T20:43:44Z,FRA_LAX_LH_2026_2_25_1113
UA3895,37.58502,-96.43554,40000,387,0,2026-02-25T17:40:00Z,EWR,AMA,2026-02-25T18:33:36Z,EWR_AMA_UA_2026_2_25_938
KL623,3.80079,-82.53014,36000,442,0,2026-02-25T17:39:59Z,AMS,ATL,2026-02-25T18:31:28Z,AMS_ATL_KL_2026_2_25_1037
DL42,33.94542,-118.41026,0,0,0,2026-02-25T17:39:55Z,SYD,LAX,2026-02-25T17:05:27Z,SYD_LAX_DL_2026_2_25_1433
DL830,37.28913,-107.00624,40000,425,0,2026-02-25T17:40:00Z,ATL,SLC,2026-02-25T18:31:28Z,ATL_SLC_DL_2026_2_25_928
DL713,37.73222,-104.63484,40000,411,0,2026-02-25T17:39:59Z,JFK,LAX,2026-02-25T19:29:04Z,JFK_LAX_DL_2026_2_25_845
KL605,4.47387,-120.47272,39000,516,-64,2026-02-25T17:39:59Z,AMS,SFO,2026-02-25T18:48:32Z,AMS_SFO_KL_2026_2_25_1013
AF338,51.19042,-119.17969,40000,529,0,2026-02-25T17:39:58Z,CDG,SEA,2026-02-25T18:27:12Z,CDG_SEA_AF_2026_2_25_1036
UA297,45.68781,-110.59319,12600,214,-1216,2026-02-25T17:39:58Z,EWR,BZN,2026-02-25T17:47:24Z,EWR_BZN_UA_2026_2_25_819
DL120,49.90691,-105.72447,41000,542,0,2026-02-25T17:39:58Z,HND,MSP,2026-02-25T18:57:04Z,HND_MSP_DL_2026_2_25_1742
DL274,46.39736,-94.18799,41000,554,0,2026-02-25T17:39:58Z,HND,DTW,2026-02-25T18:46:24Z,HND_DTW_DL_2026_2_25_1651
DL274,46.39736,-94.18799,41000,554,0,2026-02-25T17:39:58Z,HND,DTW,2026-02-25T18:46:24Z,HND_DTW_DL_2026_2_25_1642
DL274,42.21033,-83.35699,0,0,0,2026-02-25T17:39:55Z,HND,DTW,2026-01-19T18:59:44Z,HND_DTW_DL_2026_2_25_1651
DL274,42.21033,-83.35699,0,0,0,2026-02-25T17:39:55Z,HND,DTW,2026-01-19T18:59:44Z,HND_DTW_DL_2026_2_25_1642
UA3929,38.94672,-78.05792,8550,290,0,2026-02-25T17:39:59Z,SFO,IAD,2026-02-25T17:47:26Z,SFO_IAD_UA_2026_2_25_529
AA1172,25.92592,-72.58762,39025,463,0,2026-02-25T17:39:57Z,ORD,STT,2026-02-25T19:14:08Z,ORD_STT_AA_2026_2_25_1504
AA249,27.33696,-9.95982,38000,390,0,2026-02-25T17:39:58Z,ORD,MEX,2026-02-25T18:57:04Z,ORD_MEX_AA_2026_2_25_851
DL1112,30.90907,-98.74091,39000,540,0,2026-02-25T17:40:00Z,LAX,MSY,2026-02-25T18:42:08Z,LAX_MSY_DL_2026_2_25_732
AA2097,33.17131,-96.97049,4825,191,-768,2026-02-25T17:39:58Z,MIA,DFW,2026-02-25T17:44:12Z,MIA_DFW_AA_2026_2_25_1458
DL188,54.26166,-127.23933,39000,540,-64,2026-02-25T17:39:59Z,ICN,ATL,2026-02-25T21:56:16Z,ICN_ATL_DL_2026_2_25_1814
AF84,57.07598,-110.47746,36000,510,-64,2026-02-25T17:39:57Z,CDG,SFO,2026-02-25T20:33:04Z,CDG_SFO_AF_2026_2_25_1105
BA195,43.31197,-88.43307,40000,451,0,2026-02-25T17:39:59Z,LHR,IAH,2026-02-25T19:54:40Z,LHR_IAH_BA_2026_2_25_1010
AA1766,38.74403,-75.14478,36850,559,-1024,2026-02-25T17:39:59Z,DFW,JFK,2026-02-25T18:10:08Z,DFW_JFK_AA_2026_2_25_1530
AA1766,38.74403,-75.14478,36850,559,-1024,2026-02-25T17:39:59Z,DFW,JFK,2026-02-25T18:10:08Z,JFK_DFW_AA_2026_2_25_1938
KL689,34.97374,-89.98649,40000,449,-64,2026-02-25T17:44:59Z,AMS,CUN,2026-02-25T19:54:40Z,AMS_CUN_KL_2026_2_25_906
DL853,48.49773,-123.27076,21600,429,-2176,2026-02-25T17:44:58Z,ANC,SEA,2026-02-25T18:08:47Z,ANC_SEA_DL_2026_2_25_613
BA53,54.38968,-116.81105,40000,523,0,2026-02-25T17:44:59Z,LHR,SEA,2026-02-25T19:01:20Z,LHR_SEA_BA_2026_2_25_1020
KL661,36.92966,-91.30188,38000,442,0,2026-02-25T17:44:58Z,AMS,IAH,2026-02-25T19:03:28Z,AMS_IAH_KL_2026_2_25_1014
AF636,43.31845,-91.36671,38000,473,0,2026-02-25T17:44:57Z,CDG,IAH,2026-02-25T19:46:08Z,CDG_IAH_AF_2026_2_25_1048
AA3052,26.07875,-80.33837,2100,195,-576,2026-02-25T17:44:58Z,DCA,FLL,2026-02-25T17:46:52Z,DCA_FLL_AA_2026_2_25_1530
AA3052,26.07875,-80.33837,2100,195,-576,2026-02-25T17:44:58Z,DCA,FLL,2026-02-25T17:46:52Z,FLL_DCA_AA_2026_2_25_1901
AA2896,2.60771,-8.02058,400,128,-704,2026-02-25T17:44:59Z,LGA,FLL,2026-02-25T17:46:04Z,LGA_FLL_AA_2026_2_25_1441
AA2896,2.60771,-8.02058,400,128,-704,2026-02-25T17:44:59Z,LGA,FLL,2026-02-25T17:46:04Z,FLL_LGA_AA_2026_2_25_1906
AA3139,30.78495,-87.29687,10600,308,960,2026-02-25T17:44:59Z,PNS,DFW,2026-02-25T19:16:16Z,DFW_PNS_AA_2026_2_25_1520
AA3139,30.78495,-87.29687,10600,308,960,2026-02-25T17:44:59Z,PNS,DFW,2026-02-25T19:16:16Z,PNS_DFW_AA_2026_2_25_1740
AA882,39.50735,-11.97726,0,0,0,2026-02-25T17:44:56Z,PHX,RNO,2026-02-25T16:55:18Z,PHX_RNO_AA_2026_2_25_819
AA882,39.50735,-11.97726,0,0,0,2026-02-25T17:44:56Z,PHX,RNO,2026-02-25T16:55:18Z,RNO_PHX_AA_2026_2_25_1002
DL166,47.43841,-122.29831,0,0,0,2026-02-25T17:44:58Z,HND,SEA,2026-02-25T16:32:12Z,HND_SEA_DL_2026_2_25_1707
KL601,40.26338,-112.29871,37975,504,0,2026-02-25T17:44:59Z,AMS,LAX,2026-02-25T19:01:20Z,AMS_LAX_KL_2026_2_25_1000
DL57,43.46713,-106.17136,36000,434,0,2026-02-25T17:44:59Z,AMS,SLC,2026-02-25T18:44:16Z,AMS_SLC_DL_2026_2_25_955
DL33,36.17084,-82.74553,40000,372,0,2026-02-25T17:44:58Z,LHR,ATL,2026-02-25T18:25:04Z,LHR_ATL_DL_2026_2_25_908
AF158,45.05786,-89.34474,38000,467,0,2026-02-25T17:44:57Z,CDG,DFW,2026-02-25T19:39:44Z,CDG_DFW_AF_2026_2_25_956
UA4200,40.72459,-74.56664,4550,255,0,2026-02-25T17:44:58Z,MDE,EWR,2026-02-25T17:49:45Z,MDE_EWR_UA_2026_2_25_1248
UA1119,25.64202,-91.79877,39000,487,0,2026-02-25T17:44:56Z,DEN,CUN,2026-02-25T18:44:16Z,DEN_CUN_UA_2026_2_25_1532
UA6,47.71218,-11.67184,38975,553,-64,2026-02-25T17:44:58Z,NRT,IAH,2026-02-25T20:35:12Z,NRT_IAH_UA_2026_2_25_1818
LH454,53.38136,-116.04285,36000,531,64,2026-02-25T17:44:59Z,FRA,SFO,2026-02-25T20:03:12Z,FRA_SFO_LH_2026_2_25_1054
AA3193,40.09595,-106.06089,17125,265,-1472,2026-02-25T17:44:57Z,MIA,EGE,2026-02-25T17:56:26Z,MIA_EGE_AA_2026_2_25_829
LH456,56.06891,-112.40653,34000,556,64,2026-02-25T17:44:58Z,FRA,LAX,2026-02-25T20:39:28Z,FRA_LAX_LH_2026_2_25_1113
UA3895,37.36143,-0.97043,40000,385,0,2026-02-25T17:44:58Z,EWR,AMA,2026-02-25T18:33:36Z,EWR_AMA_UA_2026_2_25_938
KL623,37.41175,-82.67499,35975,437,64,2026-02-25T17:44:59Z,AMS,ATL,2026-02-25T18:33:36Z,AMS_ATL_KL_2026_2_25_1037
AA3317,26.68652,-80.09286,0,0,0,2026-02-25T17:44:55Z,PBI,LGA,,LGA_PBI_AA_2026_2_25_844
AA3317,26.68652,-80.09286,0,0,0,2026-02-25T17:44:55Z,PBI,LGA,,PBI_LGA_AA_2026_2_25_1314
DL42,33.94542,-118.41026,0,0,0,2026-02-25T17:44:58Z,SYD,LAX,2026-02-25T17:05:27Z,SYD_LAX_DL_2026_2_25_1433
DL830,3.76853,-107.54242,40000,415,64,2026-02-25T17:44:58Z,ATL,SLC,2026-02-25T18:33:36Z,ATL_SLC_DL_2026_2_25_928
DL713,37.58469,-105.32575,40000,411,-64,2026-02-25T17:44:58Z,JFK,LAX,2026-02-25T19:31:12Z,JFK_LAX_DL_2026_2_25_845
KL605,44.05983,-120.73916,38975,504,-64,2026-02-25T17:44:58Z,AMS,SFO,2026-02-25T18:48:32Z,AMS_SFO_KL_2026_2_25_1013
AF338,50.52118,-119.63309,40000,526,0,2026-02-25T17:44:59Z,CDG,SEA,2026-02-25T18:27:12Z,CDG_SEA_AF_2026_2_25_1036
UA297,4.56649,-110.98931,7075,161,-704,2026-02-25T17:44:58Z,EWR,BZN,2026-02-25T17:48:05Z,EWR_BZN_UA_2026_2_25_819
DL120,4.95489,-104.69407,41000,544,-64,2026-02-25T17:44:59Z,HND,MSP,2026-02-25T18:57:04Z,HND_MSP_DL_2026_2_25_1742
DL274,46.10596,-93.15448,41000,559,0,2026-02-25T17:44:58Z,HND,DTW,2026-02-25T18:46:24Z,HND_DTW_DL_2026_2_25_1651
DL274,46.10596,-93.15448,41000,559,0,2026-02-25T17:44:58Z,HND,DTW,2026-02-25T18:46:24Z,HND_DTW_DL_2026_2_25_1642
DL274,42.21033,-83.35699,0,0,0,2026-02-25T17:44:59Z,HND,DTW,2026-01-19T18:59:44Z,HND_DTW_DL_2026_2_25_1651
DL274,42.21033,-83.35699,0,0,0,2026-02-25T17:44:59Z,HND,DTW,2026-01-19T18:59:44Z,HND_DTW_DL_2026_2_25_1642
UA3929,3.87247,-77.69501,5550,272,0,2026-02-25T17:44:58Z,SFO,IAD,2026-02-25T17:49:26Z,SFO_IAD_UA_2026_2_25_529
AA1172,25.41742,-72.22858,39000,463,0,2026-02-25T17:44:56Z,ORD,STT,2026-02-25T19:14:08Z,ORD_STT_AA_2026_2_25_1504
AA249,26.81176,-9.97697,38000,395,0,2026-02-25T17:44:59Z,ORD,MEX,2026-02-25T18:57:04Z,ORD_MEX_AA_2026_2_25_851
DL1112,30.80836,-97.87854,39000,540,0,2026-02-25T17:44:59Z,LAX,MSY,2026-02-25T18:40:00Z,LAX_MSY_DL_2026_2_25_732
AA2097,32.95944,-97.02581,1025,136,-768,2026-02-25T17:44:58Z,MIA,DFW,2026-02-25T17:45:41Z,MIA_DFW_AA_2026_2_25_1458
DL188,53.98207,-126.05899,39000,537,0,2026-02-25T17:44:58Z,ICN,ATL,2026-02-25T21:56:16Z,ICN_ATL_DL_2026_2_25_1814
AF84,56.49133,-111.25347,36000,547,0,2026-02-25T17:44:59Z,CDG,SFO,2026-02-25T20:28:48Z,CDG_SFO_AF_2026_2_25_1105
BA195,42.84979,-88.99551,39975,449,0,2026-02-25T17:44:58Z,LHR,IAH,2026-02-25T19:56:48Z,LHR_IAH_BA_2026_2_25_1010
AA1766,39.34139,-74.53394,23275,508,-2304,2026-02-25T17:44:59Z,DFW,JFK,2026-02-25T18:09:29Z,DFW_JFK_AA_2026_2_25_1530
AA1766,39.34139,-74.53394,23275,508,-2304,2026-02-25T17:44:59Z,DFW,JFK,2026-02-25T18:09:29Z,JFK_DFW_AA_2026_2_25_1938
KL689,34.34792,-90.03445,40000,459,0,2026-02-25T17:49:58Z,AMS,CUN,2026-02-25T19:52:32Z,AMS_CUN_KL_2026_2_25_906
DL853,48.03374,-122.84363,11825,351,-1600,2026-02-25T17:49:58Z,ANC,SEA,2026-02-25T18:03:05Z,ANC_SEA_DL_2026_2_25_613
BA53,53.73436,-117.32975,39975,515,64,2026-02-25T17:49:59Z,LHR,SEA,2026-02-25T19:01:20Z,LHR_SEA_BA_2026_2_25_1020
KL661,36.33572,-91.54484,38000,447,0,2026-02-25T17:49:58Z,AMS,IAH,2026-02-25T19:01:20Z,AMS_IAH_KL_2026_2_25_1014
AF636,4.27457,-91.81206,38000,473,0,2026-02-25T17:49:59Z,CDG,IAH,2026-02-25T19:46:08Z,CDG_IAH_AF_2026_2_25_1048
AA2896,26.07365,-80.14653,0,0,0,2026-02-25T17:49:40Z,LGA,FLL,2026-02-25T17:46:12Z,LGA_FLL_AA_2026_2_25_1441
AA2896,26.07365,-80.14653,0,0,0,2026-02-25T17:49:40Z,LGA,FLL,2026-02-25T17:46:12Z,FLL_LGA_AA_2026_2_25_1906
AA3052,26.07811,-80.11459,1975,184,-64,2026-02-25T17:49:59Z,DCA,FLL,2026-02-25T17:49:12Z,DCA_FLL_AA_2026_2_25_1530
AA3052,26.07811,-80.11459,1975,184,-64,2026-02-25T17:49:59Z,DCA,FLL,2026-02-25T17:49:12Z,FLL_DCA_AA_2026_2_25_1901
AA3139,30.89416,-87.87871,19025,393,1472,2026-02-25T17:49:58Z,PNS,DFW,2026-02-25T19:14:08Z,DFW_PNS_AA_2026_2_25_1520
AA3139,30.89416,-87.87871,19025,393,1472,2026-02-25T17:49:58Z,PNS,DFW,2026-02-25T19:14:08Z,PNS_DFW_AA_2026_2_25_1740
KL601,39.61752,-112.64031,37975,506,64,2026-02-25T17:49:57Z,AMS,LAX,2026-02-25T19:01:20Z,AMS_LAX_KL_2026_2_25_1000
DL166,47.43839,-122.29831,0,0,0,2026-02-25T17:49:59Z,HND,SEA,2026-02-25T16:32:12Z,HND_SEA_DL_2026_2_25_1707
DL57,43.02749,-106.54678,36000,378,-64,2026-02-25T17:49:59Z,AMS,SLC,2026-02-25T18:44:16Z,AMS_SLC_DL_2026_2_25_955
DL33,35.73514,-83.08417,37550,374,-960,2026-02-25T17:49:59Z,LHR,ATL,2026-02-25T18:25:04Z,LHR_ATL_DL_2026_2_25_908
AF158,44.48243,-8.97571,38000,468,0,2026-02-25T17:49:58Z,CDG,DFW,2026-02-25T19:39:44Z,CDG_DFW_AF_2026_2_25_956
UA4200,40.93269,-74.22307,3600,256,-384,2026-02-25T17:49:58Z,MDE,EWR,2026-02-25T17:53:44Z,MDE_EWR_UA_2026_2_25_1248
UA1119,25.17713,-91.26445,39000,487,0,2026-02-25T17:49:54Z,DEN,CUN,2026-02-25T18:44:16Z,DEN_CUN_UA_2026_2_25_1532
AA3193,3.99803,-106.46759,13650,215,0,2026-02-25T17:49:58Z,MIA,EGE,2026-02-25T17:55:41Z,MIA_EGE_AA_2026_2_25_829
UA6,4.71975,-115.87132,38975,563,64,2026-02-25T17:49:58Z,NRT,IAH,2026-02-25T20:30:56Z,NRT_IAH_UA_2026_2_25_1818
LH454,52.67698,-116.38171,36000,532,64,2026-02-25T17:49:57Z,FRA,SFO,2026-02-25T20:01:04Z,FRA_SFO_LH_2026_2_25_1054
LH456,55.32994,-112.80187,34000,559,0,2026-02-25T17:49:57Z,FRA,LAX,2026-02-25T20:39:28Z,FRA_LAX_LH_2026_2_25_1113
UA3895,37.13374,-97.64917,40000,385,-64,2026-02-25T17:49:59Z,EWR,AMA,2026-02-25T18:35:44Z,EWR_AMA_UA_2026_2_25_938
KL623,36.81738,-82.81706,35975,432,64,2026-02-25T17:49:58Z,AMS,ATL,2026-02-25T18:31:28Z,AMS_ATL_KL_2026_2_25_1037
AA3317,26.68652,-80.09286,0,0,0,2026-02-25T17:49:49Z,PBI,LGA,,LGA_PBI_AA_2026_2_25_844
AA3317,26.68652,-80.09286,0,0,0,2026-02-25T17:49:49Z,PBI,LGA,,PBI_LGA_AA_2026_2_25_1314
DL42,33.94542,-118.41024,0,0,0,2026-02-25T17:49:57Z,SYD,LAX,2026-02-25T17:05:27Z,SYD_LAX_DL_2026_2_25_1433
DL713,37.43285,-10.60155,40000,414,0,2026-02-25T17:49:57Z,JFK,LAX,2026-02-25T19:31:12Z,JFK_LAX_DL_2026_2_25_845
DL830,38.08029,-108.08624,40000,417,64,2026-02-25T17:49:58Z,ATL,SLC,2026-02-25T18:33:36Z,ATL_SLC_DL_2026_2_25_928
KL605,43.39142,-120.99524,38975,501,0,2026-02-25T17:49:57Z,AMS,SFO,2026-02-25T18:50:40Z,AMS_SFO_KL_2026_2_25_1013
AF338,49.84865,-120.07478,40000,524,0,2026-02-25T17:49:59Z,CDG,SEA,2026-02-25T18:25:04Z,CDG_SEA_AF_2026_2_25_1036
UA297,4.57824,-111.16084,0,8,0,2026-02-25T17:49:58Z,EWR,BZN,2026-02-25T17:49:12Z,EWR_BZN_UA_2026_2_25_819
DL120,49.18379,-103.68311,41000,542,0,2026-02-25T17:49:59Z,HND,MSP,2026-02-25T18:57:04Z,HND_MSP_DL_2026_2_25_1742
DL274,45.80864,-92.12566,41000,558,0,2026-02-25T17:49:58Z,HND,DTW,2026-02-25T18:46:24Z,HND_DTW_DL_2026_2_25_1651
DL274,45.80864,-92.12566,41000,558,0,2026-02-25T17:49:58Z,HND,DTW,2026-02-25T18:46:24Z,HND_DTW_DL_2026_2_25_1642
DL274,42.21033,-83.35699,0,0,0,2026-02-25T17:49:55Z,HND,DTW,2026-01-19T18:59:44Z,HND_DTW_DL_2026_2_25_1651
DL274,42.21033,-83.35699,0,0,0,2026-02-25T17:49:55Z,HND,DTW,2026-01-19T18:59:44Z,HND_DTW_DL_2026_2_25_1642
UA3929,38.88788,-77.43707,675,137,-704,2026-02-25T17:49:58Z,SFO,IAD,2026-02-25T17:51:17Z,SFO_IAD_UA_2026_2_25_529
AA1172,24.78208,-71.96481,39000,449,0,2026-02-25T17:49:58Z,ORD,STT,2026-02-25T19:14:08Z,ORD_STT_AA_2026_2_25_1504
AA142,54.67563,-47.00825,39000,550,0,2026-02-25T17:49:54Z,JFK,LHR,2026-02-25T21:24:16Z,JFK_LHR_AA_2026_2_25_1024
AA249,26.28302,-99.94067,38000,397,0,2026-02-25T17:49:58Z,ORD,MEX,2026-02-25T18:57:04Z,ORD_MEX_AA_2026_2_25_851
DL1112,30.70176,-97.02131,39000,539,0,2026-02-25T17:49:58Z,LAX,MSY,2026-02-25T18:42:08Z,LAX_MSY_DL_2026_2_25_732
AA2097,32.87169,-97.03019,0,17,0,2026-02-25T17:49:58Z,MIA,DFW,2026-02-25T17:47:12Z,MIA_DFW_AA_2026_2_25_1458
DL188,53.69266,-124.90105,39000,531,0,2026-02-25T17:49:59Z,ICN,ATL,2026-02-25T21:56:16Z,ICN_ATL_DL_2026_2_25_1814
AF84,55.80571,-111.81387,36000,542,0,2026-02-25T17:49:59Z,CDG,SFO,2026-02-25T20:22:24Z,CDG_SFO_AF_2026_2_25_1105
BA195,42.37948,-89.55627,39975,452,64,2026-02-25T17:49:57Z,LHR,IAH,2026-02-25T19:52:32Z,LHR_IAH_BA_2026_2_25_1010
AA1766,39.81669,-74.01263,12850,395,-2112,2026-02-25T17:49:57Z,DFW,JFK,2026-02-25T18:05:43Z,DFW_JFK_AA_2026_2_25_1530
AA1766,39.81669,-74.01263,12850,395,-2112,2026-02-25T17:49:57Z,DFW,JFK,2026-02-25T18:05:43Z,JFK_DFW_AA_2026_2_25_1938
KL689,33.72095,-90.08183,39975,447,64,2026-02-25T17:54:57Z,AMS,CUN,2026-02-25T19:56:48Z,AMS_CUN_KL_2026_2_25_906
DL853,47.81264,-122.42718,6850,221,-1216,2026-02-25T17:54:59Z,ANC,SEA,2026-02-25T18:01:48Z,ANC_SEA_DL_2026_2_25_613
BA53,53.09637,-11.78177,40000,510,0,2026-02-25T17:54:58Z,LHR,SEA,2026-02-25T19:01:20Z,LHR_SEA_BA_2026_2_25_1020
KL661,35.75153,-91.76456,38000,431,64,2026-02-25T17:54:58Z,AMS,IAH,2026-02-25T19:01:20Z,AMS_IAH_KL_2026_2_25_1014
AF636,42.18894,-92.25909,38000,465,0,2026-02-25T17:54:57Z,CDG,IAH,2026-02-25T19:46:08Z,CDG_IAH_AF_2026_2_25_1048
AA3052,26.16866,-80.09251,3675,246,0,2026-02-25T17:54:59Z,DCA,FLL,2026-02-25T17:57:52Z,DCA_FLL_AA_2026_2_25_1530
AA3052,26.16866,-80.09251,3675,246,0,2026-02-25T17:54:59Z,DCA,FLL,2026-02-25T17:57:52Z,FLL_DCA_AA_2026_2_25_1901
AA3139,31.00938,-88.51762,24975,415,832,2026-02-25T17:54:59Z,PNS,DFW,2026-02-25T19:16:16Z,DFW_PNS_AA_2026_2_25_1520
AA3139,31.00938,-88.51762,24975,415,832,2026-02-25T17:54:59Z,PNS,DFW,2026-02-25T19:16:16Z,PNS_DFW_AA_2026_2_25_1740
AA882,39.50804,-119.77261,0,0,0,2026-02-25T17:54:56Z,PHX,RNO,2026-02-25T16:55:18Z,PHX_RNO_AA_2026_2_25_819
AA882,39.50804,-119.77261,0,0,0,2026-02-25T17:54:56Z,PHX,RNO,2026-02-25T16:55:18Z,RNO_PHX_AA_2026_2_25_1002
KL601,38.96511,-11.29787,37975,505,64,2026-02-25T17:54:58Z,AMS,LAX,2026-02-25T18:59:12Z,AMS_LAX_KL_2026_2_25_1000
DL166,4.74384,-122.29829,0,0,0,2026-02-25T17:54:55Z,HND,SEA,2026-02-25T16:32:12Z,HND_SEA_DL_2026_2_25_1707
DL57,42.86283,-107.23055,36000,383,64,2026-02-25T17:54:57Z,AMS,SLC,2026-02-25T18:50:40Z,AMS_SLC_DL_2026_2_25_955
DL33,35.27229,-83.35001,32625,376,-1024,2026-02-25T17:54:58Z,LHR,ATL,2026-02-25T18:29:20Z,LHR_ATL_DL_2026_2_25_908
AF158,43.89565,-90.16792,38000,473,0,2026-02-25T17:54:58Z,CDG,DFW,2026-02-25T19:37:36Z,CDG_DFW_AF_2026_2_25_956
UA4200,40.73698,-74.08424,1125,154,-1024,2026-02-25T17:54:59Z,MDE,EWR,2026-02-25T17:56:35Z,MDE_EWR_UA_2026_2_25_1248
UA1119,24.33723,-91.25585,39000,465,0,2026-02-25T17:54:57Z,DEN,CUN,2026-02-25T18:46:24Z,DEN_CUN_UA_2026_2_25_1532
AA3193,39.75296,-106.68085,10500,144,-704,2026-02-25T17:54:57Z,MIA,EGE,2026-02-25T17:59:29Z,MIA_EGE_AA_2026_2_25_829
UA6,46.66634,-115.02493,39000,566,0,2026-02-25T17:54:59Z,NRT,IAH,2026-02-25T20:30:56Z,NRT_IAH_UA_2026_2_25_1818
LH454,51.98016,-116.70616,36000,519,-64,2026-02-25T17:54:57Z,FRA,SFO,2026-02-25T20:03:12Z,FRA_SFO_LH_2026_2_25_1054
LH456,54.58902,-113.18298,34000,550,0,2026-02-25T17:54:58Z,FRA,LAX,2026-02-25T20:41:36Z,FRA_LAX_LH_2026_2_25_1113
UA3895,36.89754,-98.24284,40000,385,0,2026-02-25T17:54:57Z,EWR,AMA,2026-02-25T18:36:13Z,EWR_AMA_UA_2026_2_25_938
KL623,36.22444,-82.95683,36000,430,-64,2026-02-25T17:54:59Z,AMS,ATL,2026-02-25T18:33:36Z,AMS_ATL_KL_2026_2_25_1037
AA3317,26.68653,-80.09284,0,0,0,2026-02-25T17:54:54Z,PBI,LGA,,LGA_PBI_AA_2026_2_25_844
AA3317,26.68653,-80.09284,0,0,0,2026-02-25T17:54:54Z,PBI,LGA,,PBI_LGA_AA_2026_2_25_1314
DL42,33.94542,-118.41026,0,0,0,2026-02-25T17:54:59Z,SYD,LAX,2026-02-25T17:05:27Z,SYD_LAX_DL_2026_2_25_1433
DL713,37.27519,-106.71014,40000,418,64,2026-02-25T17:54:57Z,JFK,LAX,2026-02-25T19:29:04Z,JFK_LAX_DL_2026_2_25_845
DL830,38.47296,-108.63318,40000,424,0,2026-02-25T17:54:58Z,ATL,SLC,2026-02-25T18:33:36Z,ATL_SLC_DL_2026_2_25_928
KL605,42.73132,-121.24237,39000,487,0,2026-02-25T17:54:57Z,AMS,SFO,2026-02-25T18:50:40Z,AMS_SFO_KL_2026_2_25_1013
AF338,49.20387,-120.53685,34850,478,-1920,2026-02-25T17:54:58Z,CDG,SEA,2026-02-25T18:25:04Z,CDG_SEA_AF_2026_2_25_1036
DL120,48.81086,-102.68935,41000,543,0,2026-02-25T17:54:58Z,HND,MSP,2026-02-25T18:57:04Z,HND_MSP_DL_2026_2_25_1742
DL274,45.50386,-91.11315,41000,559,0,2026-02-25T17:54:58Z,HND,DTW,2026-02-25T18:46:24Z,HND_DTW_DL_2026_2_25_1651
DL274,45.50386,-91.11315,41000,559,0,2026-02-25T17:54:58Z,HND,DTW,2026-02-25T18:46:24Z,HND_DTW_DL_2026_2_25_1642
DL274,42.21032,-83.35699,0,0,0,2026-02-25T17:54:55Z,HND,DTW,2026-01-19T18:59:44Z,HND_DTW_DL_2026_2_25_1651
DL274,42.21032,-83.35699,0,0,0,2026-02-25T17:54:55Z,HND,DTW,2026-01-19T18:59:44Z,HND_DTW_DL_2026_2_25_1642
UA3929,38.94415,-77.44878,0,5,0,2026-02-25T17:54:56Z,SFO,IAD,2026-02-25T17:51:12Z,SFO_IAD_UA_2026_2_25_529
AA1172,24.24898,-7.15716,39000,494,0,2026-02-25T17:54:58Z,ORD,STT,2026-02-25T19:09:52Z,ORD_STT_AA_2026_2_25_1504
AA142,54.94992,-45.75083,39000,550,0,2026-02-25T17:54:59Z,JFK,LHR,2026-02-25T21:24:16Z,JFK_LHR_AA_2026_2_25_1024
AA249,25.75635,-100.10015,38000,401,0,2026-02-25T17:54:57Z,ORD,MEX,2026-02-25T18:59:12Z,ORD_MEX_AA_2026_2_25_851
AA2097,32.88614,-97.04648,0,20,0,2026-02-25T17:54:58Z,MIA,DFW,2026-02-25T17:47:12Z,MIA_DFW_AA_2026_2_25_1458
DL1112,3.05896,-96.16511,39000,542,0,2026-02-25T17:54:58Z,LAX,MSY,2026-02-25T18:40:00Z,LAX_MSY_DL_2026_2_25_732
DL1368,30.03676,-90.23545,1600,187,1536,2026-02-25T17:54:58Z,MSY,JFK,,JFK_MSY_DL_2026_2_25_813
DL1368,30.03676,-90.23545,1600,187,1536,2026-02-25T17:54:58Z,MSY,JFK,,MSY_JFK_DL_2026_2_25_1154
DL188,53.39542,-123.77092,39000,535,0,2026-02-25T17:54:58Z,ICN,ATL,2026-02-25T21:56:16Z,ICN_ATL_DL_2026_2_25_1814
AF84,55.12798,-11.23466,36000,538,0,2026-02-25T17:54:57Z,CDG,SFO,2026-02-25T20:22:24Z,CDG_SFO_AF_2026_2_25_1105
BA195,41.90125,-90.10258,39975,456,0,2026-02-25T17:54:57Z,LHR,IAH,2026-02-25T19:54:40Z,LHR_IAH_BA_2026_2_25_1010
AA1766,40.22044,-73.81396,8950,277,-1664,2026-02-25T17:54:59Z,DFW,JFK,2026-02-25T18:04:49Z,DFW_JFK_AA_2026_2_25_1530
AA1766,40.22044,-73.81396,8950,277,-1664,2026-02-25T17:54:59Z,DFW,JFK,2026-02-25T18:04:49Z,JFK_DFW_AA_2026_2_25_1938
KL689,33.09012,-90.12875,39975,446,0,2026-02-25T17:59:59Z,AMS,CUN,2026-02-25T19:52:32Z,AMS_CUN_KL_2026_2_25_906
DL853,47.57886,-122.31676,2350,193,-1024,2026-02-25T17:59:59Z,ANC,SEA,2026-02-25T18:03:45Z,ANC_SEA_DL_2026_2_25_613
BA53,52.44571,-118.29913,40000,512,64,2026-02-25T17:59:59Z,LHR,SEA,2026-02-25T18:57:04Z,LHR_SEA_BA_2026_2_25_1020
KL661,35.17616,-92.00243,38000,429,64,2026-02-25T17:59:59Z,AMS,IAH,2026-02-25T19:01:20Z,AMS_IAH_KL_2026_2_25_1014
AF636,41.64605,-92.70398,38000,463,64,2026-02-25T17:59:58Z,CDG,IAH,2026-02-25T19:52:32Z,CDG_IAH_AF_2026_2_25_1048
AA3052,26.09972,-80.39639,2725,185,-448,2026-02-25T17:59:59Z,DCA,FLL,2026-02-25T18:04:17Z,DCA_FLL_AA_2026_2_25_1530
AA3052,26.09972,-80.39639,2725,185,-448,2026-02-25T17:59:59Z,DCA,FLL,2026-02-25T18:04:17Z,FLL_DCA_AA_2026_2_25_1901
UA654,29.99017,-95.34037,0,0,0,2026-02-25T17:59:21Z,IAH,DCA,,LAX_IAH_UA_2026_2_25_605
UA654,29.99017,-95.34037,0,0,0,2026-02-25T17:59:21Z,IAH,DCA,,IAH_DCA_UA_2026_2_25_1213
AA3139,31.11864,-89.14275,30050,389,0,2026-02-25T17:59:58Z,PNS,DFW,2026-02-25T19:16:16Z,DFW_PNS_AA_2026_2_25_1520
AA3139,31.11864,-89.14275,30050,389,0,2026-02-25T17:59:58Z,PNS,DFW,2026-02-25T19:16:16Z,PNS_DFW_AA_2026_2_25_1740
DL33,34.79727,-83.62098,27550,371,-1920,2026-02-25T17:59:59Z,LHR,ATL,2026-02-25T18:26:57Z,LHR_ATL_DL_2026_2_25_908
KL601,38.31678,-113.30815,37975,501,0,2026-02-25T17:59:58Z,AMS,LAX,2026-02-25T19:01:20Z,AMS_LAX_KL_2026_2_25_1000
AA882,39.51374,-119.77041,0,0,0,2026-02-25T17:59:59Z,PHX,RNO,2026-02-25T16:55:18Z,PHX_RNO_AA_2026_2_25_819
AA882,39.51374,-119.77041,0,0,0,2026-02-25T17:59:59Z,PHX,RNO,2026-02-25T16:55:18Z,RNO_PHX_AA_2026_2_25_1002
DL166,47.43881,-122.29857,0,1,0,2026-02-25T17:59:58Z,HND,SEA,2026-02-25T16:32:12Z,HND_SEA_DL_2026_2_25_1707
DL57,42.69036,-107.92586,36000,386,0,2026-02-25T17:59:59Z,AMS,SLC,2026-02-25T18:50:40Z,AMS_SLC_DL_2026_2_25_955
AF158,43.30764,-9.05707,38000,468,0,2026-02-25T17:59:59Z,CDG,DFW,2026-02-25T19:39:44Z,CDG_DFW_AF_2026_2_25_956
UA1119,23.90552,-90.70658,39000,500,0,2026-02-25T17:59:58Z,DEN,CUN,2026-02-25T18:44:16Z,DEN_CUN_UA_2026_2_25_1532
AA3193,3.96464,-106.88324,6575,145,-832,2026-02-25T17:59:58Z,MIA,EGE,2026-02-25T18:00:46Z,MIA_EGE_AA_2026_2_25_829
LH454,51.28693,-117.02422,36000,516,-64,2026-02-25T17:59:59Z,FRA,SFO,2026-02-25T20:03:12Z,FRA_SFO_LH_2026_2_25_1054
UA6,4.61494,-114.17274,39000,565,-64,2026-02-25T17:59:59Z,NRT,IAH,2026-02-25T20:30:56Z,NRT_IAH_UA_2026_2_25_1818
LH456,5.38669,-113.54087,34000,535,-64,2026-02-25T17:59:59Z,FRA,LAX,2026-02-25T20:43:44Z,FRA_LAX_LH_2026_2_25_1113
UA3895,36.65071,-98.82284,40000,374,0,2026-02-25T17:59:58Z,EWR,AMA,2026-02-25T18:33:10Z,EWR_AMA_UA_2026_2_25_938
KL623,3.56612,-83.12776,32625,399,-1600,2026-02-25T17:59:59Z,AMS,ATL,2026-02-25T18:35:44Z,AMS_ATL_KL_2026_2_25_1037
DL42,33.94543,-118.41023,0,0,0,2026-02-25T17:59:57Z,SYD,LAX,2026-02-25T17:05:27Z,SYD_LAX_DL_2026_2_25_1433
DL713,37.11163,-107.40959,40000,419,0,2026-02-25T17:59:57Z,JFK,LAX,2026-02-25T19:31:12Z,JFK_LAX_DL_2026_2_25_845
DL830,38.88699,-109.16919,39500,419,-1024,2026-02-25T17:59:59Z,ATL,SLC,2026-02-25T18:33:36Z,ATL_SLC_DL_2026_2_25_928
KL605,42.07061,-121.48432,38975,497,-64,2026-02-25T17:59:58Z,AMS,SFO,2026-02-25T18:50:40Z,AMS_SFO_KL_2026_2_25_1013
AF338,48.62986,-120.88228,26275,415,-576,2026-02-25T17:59:58Z,CDG,SEA,2026-02-25T18:26:28Z,CDG_SEA_AF_2026_2_25_1036
DL120,48.42708,-101.70463,41000,545,0,2026-02-25T17:59:59Z,HND,MSP,2026-02-25T18:57:04Z,HND_MSP_DL_2026_2_25_1742
DL274,45.18782,-9.01043,41000,560,0,2026-02-25T17:59:59Z,HND,DTW,2026-02-25T18:46:24Z,HND_DTW_DL_2026_2_25_1651
DL274,45.18782,-9.01043,41000,560,0,2026-02-25T17:59:59Z,HND,DTW,2026-02-25T18:46:24Z,HND_DTW_DL_2026_2_25_1642
DL274,42.21033,-83.35699,0,0,0,2026-02-25T17:59:55Z,HND,DTW,2026-01-19T18:59:44Z,HND_DTW_DL_2026_2_25_1651
DL274,42.21033,-83.35699,0,0,0,2026-02-25T17:59:55Z,HND,DTW,2026-01-19T18:59:44Z,HND_DTW_DL_2026_2_25_1642
AA1688,3.52192,-8.09456,0,0,0,2026-02-25T17:59:38Z,BOS,CLT,2026-02-25T17:02:12Z,BOS_CLT_AA_2026_2_25_954
AA1172,23.81365,-7.10612,39000,494,0,2026-02-25T17:59:55Z,ORD,STT,2026-02-25T19:09:52Z,ORD_STT_AA_2026_2_25_1504
AA249,25.18839,-100.03363,38000,413,0,2026-02-25T17:59:58Z,ORD,MEX,2026-02-25T18:57:04Z,ORD_MEX_AA_2026_2_25_851
AA2097,32.89771,-97.04552,0,1,0,2026-02-25T17:59:57Z,MIA,DFW,2026-02-25T17:47:12Z,MIA_DFW_AA_2026_2_25_1458
DL1112,30.47118,-95.30446,39000,538,0,2026-02-25T17:59:58Z,LAX,MSY,2026-02-25T18:40:00Z,LAX_MSY_DL_2026_2_25_732
DL1368,30.35937,-89.92112,13650,408,3136,2026-02-25T17:59:59Z,MSY,JFK,2026-02-25T20:20:16Z,JFK_MSY_DL_2026_2_25_813
DL1368,30.35937,-89.92112,13650,408,3136,2026-02-25T17:59:59Z,MSY,JFK,2026-02-25T20:20:16Z,MSY_JFK_DL_2026_2_25_1154
DL188,53.08133,-122.63465,39000,539,0,2026-02-25T17:59:59Z,ICN,ATL,2026-02-25T21:56:16Z,ICN_ATL_DL_2026_2_25_1814
AF84,54.44518,-112.86368,36000,526,0,2026-02-25T17:59:59Z,CDG,SFO,2026-02-25T20:24:32Z,CDG_SFO_AF_2026_2_25_1105
BA195,41.39076,-90.62616,40000,453,64,2026-02-25T17:59:59Z,LHR,IAH,2026-02-25T19:52:32Z,LHR_IAH_BA_2026_2_25_1010
AA1766,40.40199,-73.43256,2625,211,0,2026-02-25T17:59:59Z,DFW,JFK,2026-02-25T18:03:01Z,DFW_JFK_AA_2026_2_25_1530
AA1766,40.40199,-73.43256,2625,211,0,2026-02-25T17:59:59Z,DFW,JFK,2026-02-25T18:03:01Z,JFK_DFW_AA_2026_2_25_1938
KL689,32.47124,-9.01743,40000,448,64,2026-02-25T18:05:00Z,AMS,CUN,2026-02-25T19:54:40Z,AMS_CUN_KL_2026_2_25_906
KL661,34.60023,-92.19298,37975,434,64,2026-02-25T18:04:59Z,AMS,IAH,2026-02-25T19:01:20Z,AMS_IAH_KL_2026_2_25_1014
DL853,47.44164,-12.23112,0,11,0,2026-02-25T18:04:59Z,ANC,SEA,2026-02-25T18:02:37Z,ANC_SEA_DL_2026_2_25_613
BA53,51.79509,-118.76534,40000,510,64,2026-02-25T18:05:00Z,LHR,SEA,2026-02-25T18:57:04Z,LHR_SEA_BA_2026_2_25_1020
AF636,41.02956,-93.04221,38000,480,0,2026-02-25T18:05:00Z,CDG,IAH,2026-02-25T19:46:08Z,CDG_IAH_AF_2026_2_25_1048
AA3052,26.07698,-80.16222,0,138,-256,2026-02-25T18:04:59Z,DCA,FLL,2026-02-25T18:04:47Z,DCA_FLL_AA_2026_2_25_1530
AA3052,26.07698,-80.16222,0,138,-256,2026-02-25T18:04:59Z,DCA,FLL,2026-02-25T18:04:47Z,FLL_DCA_AA_2026_2_25_1901
UA654,29.99082,-9.53304,0,15,0,2026-02-25T18:04:56Z,IAH,DCA,,LAX_IAH_UA_2026_2_25_605
UA654,29.99082,-9.53304,0,15,0,2026-02-25T18:04:56Z,IAH,DCA,,IAH_DCA_UA_2026_2_25_1213
AA3139,31.22282,-89.76033,30050,388,0,2026-02-25T18:04:59Z,PNS,DFW,2026-02-25T19:16:16Z,DFW_PNS_AA_2026_2_25_1520
AA3139,31.22282,-89.76033,30050,388,0,2026-02-25T18:04:59Z,PNS,DFW,2026-02-25T19:16:16Z,PNS_DFW_AA_2026_2_25_1740
DL33,34.33054,-83.88718,14000,357,-1536,2026-02-25T18:04:58Z,LHR,ATL,2026-02-25T18:19:34Z,LHR_ATL_DL_2026_2_25_908
KL601,37.68953,-113.66998,37975,493,64,2026-02-25T18:04:58Z,AMS,LAX,2026-02-25T19:01:20Z,AMS_LAX_KL_2026_2_25_1000
AA882,39.30382,-119.74646,10625,328,1600,2026-02-25T18:04:59Z,RNO,PHX,2026-02-25T19:16:16Z,PHX_RNO_AA_2026_2_25_819
AA882,39.30382,-119.74646,10625,328,1600,2026-02-25T18:04:59Z,RNO,PHX,2026-02-25T19:16:16Z,RNO_PHX_AA_2026_2_25_1002
DL166,4.74384,-122.29831,0,0,0,2026-02-25T18:05:00Z,HND,SEA,2026-02-25T16:32:12Z,HND_SEA_DL_2026_2_25_1707
DL57,42.51297,-108.62057,36000,395,0,2026-02-25T18:04:59Z,AMS,SLC,2026-02-25T18:50:40Z,AMS_SLC_DL_2026_2_25_955
AF158,42.72546,-90.96092,38000,468,0,2026-02-25T18:04:59Z,CDG,DFW,2026-02-25T19:39:44Z,CDG_DFW_AF_2026_2_25_956
UA1119,23.51973,-90.07843,39000,491,0,2026-02-25T18:05:00Z,DEN,CUN,2026-02-25T18:44:16Z,DEN_CUN_UA_2026_2_25_1532
LH454,5.06152,-117.40778,36000,513,-64,2026-02-25T18:04:58Z,FRA,SFO,2026-02-25T20:01:04Z,FRA_SFO_LH_2026_2_25_1054
UA6,45.63469,-113.34849,38975,558,64,2026-02-25T18:04:59Z,NRT,IAH,2026-02-25T20:35:12Z,NRT_IAH_UA_2026_2_25_1818
LH456,53.14934,-113.88484,34000,537,0,2026-02-25T18:05:00Z,FRA,LAX,2026-02-25T20:43:44Z,FRA_LAX_LH_2026_2_25_1113
UA3895,36.40259,-99.39507,37950,387,-896,2026-02-25T18:05:00Z,EWR,AMA,2026-02-25T18:37:19Z,EWR_AMA_UA_2026_2_25_938
AA1616,39.30082,-0.94719,0,0,0,2026-02-25T18:04:26Z,MCI,CLT,,CLT_MCI_AA_2026_2_25_1010
AA1616,39.30082,-0.94719,0,0,0,2026-02-25T18:04:26Z,MCI,CLT,,MCI_CLT_AA_2026_2_25_1232
KL623,35.14108,-83.42411,25750,418,-1152,2026-02-25T18:04:59Z,AMS,ATL,2026-02-25T18:30:10Z,AMS_ATL_KL_2026_2_25_1037
AA3317,26.68643,-8.00983,0,11,0,2026-02-25T18:05:00Z,PBI,LGA,,LGA_PBI_AA_2026_2_25_844
AA3317,26.68643,-8.00983,0,11,0,2026-02-25T18:05:00Z,PBI,LGA,,PBI_LGA_AA_2026_2_25_1314
DL42,33.94543,-118.41025,0,0,0,2026-02-25T18:04:53Z,SYD,LAX,2026-02-25T17:05:27Z,SYD_LAX_DL_2026_2_25_1433
DL713,36.94367,-108.10798,40000,421,0,2026-02-25T18:04:59Z,JFK,LAX,2026-02-25T19:31:12Z,JFK_LAX_DL_2026_2_25_845
DL830,39.29521,-109.70703,34525,417,-1024,2026-02-25T18:05:00Z,ATL,SLC,2026-02-25T18:35:44Z,ATL_SLC_DL_2026_2_25_928
KL605,41.39607,-121.72608,38975,503,0,2026-02-25T18:05:00Z,AMS,SFO,2026-02-25T18:48:32Z,AMS_SFO_KL_2026_2_25_1013
AF338,4.81235,-121.09914,19800,363,-1728,2026-02-25T18:04:58Z,CDG,SEA,2026-02-25T18:25:05Z,CDG_SEA_AF_2026_2_25_1036
DL120,48.07535,-100.70013,41000,547,0,2026-02-25T18:04:59Z,HND,MSP,2026-02-25T18:57:04Z,HND_MSP_DL_2026_2_25_1742
DL274,44.86398,-89.11004,41000,562,0,2026-02-25T18:04:58Z,HND,DTW,2026-02-25T18:46:24Z,HND_DTW_DL_2026_2_25_1651
DL274,44.86398,-89.11004,41000,562,0,2026-02-25T18:04:58Z,HND,DTW,2026-02-25T18:46:24Z,HND_DTW_DL_2026_2_25_1642
DL274,42.21032,-83.35698,0,0,0,2026-02-25T18:04:58Z,HND,DTW,2026-01-19T18:59:44Z,HND_DTW_DL_2026_2_25_1651
DL274,42.21032,-83.35698,0,0,0,2026-02-25T18:04:58Z,HND,DTW,2026-01-19T18:59:44Z,HND_DTW_DL_2026_2_25_1642
AA1172,23.35443,-70.51099,39000,494,0,2026-02-25T18:04:53Z,ORD,STT,2026-02-25T19:09:52Z,ORD_STT_AA_2026_2_25_1504
AA142,55.42701,-43.26949,39000,546,0,2026-02-25T18:04:56Z,JFK,LHR,2026-02-25T21:26:24Z,JFK_LHR_AA_2026_2_25_1024
AA249,24.62534,-99.98637,38000,402,0,2026-02-25T18:05:00Z,ORD,MEX,2026-02-25T18:59:12Z,ORD_MEX_AA_2026_2_25_851
DL1112,30.34801,-9.44532,39000,544,0,2026-02-25T18:04:58Z,LAX,MSY,2026-02-25T18:37:52Z,LAX_MSY_DL_2026_2_25_732
DL1368,30.81216,-89.40119,23075,499,1024,2026-02-25T18:04:59Z,MSY,JFK,2026-02-25T20:20:16Z,JFK_MSY_DL_2026_2_25_813
DL1368,30.81216,-89.40119,23075,499,1024,2026-02-25T18:04:59Z,MSY,JFK,2026-02-25T20:20:16Z,MSY_JFK_DL_2026_2_25_1154
DL188,52.75802,-121.52009,39000,536,0,2026-02-25T18:04:59Z,ICN,ATL,2026-02-25T21:56:16Z,ICN_ATL_DL_2026_2_25_1814
AF84,53.78357,-1.13347,36000,516,0,2026-02-25T18:05:00Z,CDG,SFO,2026-02-25T20:26:40Z,CDG_SFO_AF_2026_2_25_1105
BA195,0.40894,-91.12537,39975,451,64,2026-02-25T18:04:59Z,LHR,IAH,2026-02-25T19:54:40Z,LHR_IAH_BA_2026_2_25_1010
AA1766,40.57982,-73.61895,2450,135,-832,2026-02-25T18:04:59Z,DFW,JFK,2026-02-25T18:06:50Z,DFW_JFK_AA_2026_2_25_1530
AA1766,40.57982,-73.61895,2450,135,-832,2026-02-25T18:04:59Z,DFW,JFK,2026-02-25T18:06:50Z,JFK_DFW_AA_2026_2_25_1938
KL689,31.84309,-90.21962,39975,457,0,2026-02-25T18:09:58Z,AMS,CUN,2026-02-25T19:50:24Z,AMS_CUN_KL_2026_2_25_906
KL661,34.00883,-92.30638,37975,428,-64,2026-02-25T18:09:58Z,AMS,IAH,2026-02-25T19:03:28Z,AMS_IAH_KL_2026_2_25_1014
DL853,47.43769,-122.29865,0,5,0,2026-02-25T18:09:59Z,ANC,SEA,2026-02-25T18:02:37Z,ANC_SEA_DL_2026_2_25_613
BA53,51.15353,-119.21072,40000,507,0,2026-02-25T18:09:57Z,LHR,SEA,2026-02-25T18:59:12Z,LHR_SEA_BA_2026_2_25_1020
AF636,40.41797,-93.36572,38000,480,64,2026-02-25T18:09:58Z,CDG,IAH,2026-02-25T19:48:16Z,CDG_IAH_AF_2026_2_25_1048
AA3052,2.60734,-80.14604,0,0,0,2026-02-25T18:09:59Z,DCA,FLL,2026-02-25T18:05:12Z,DCA_FLL_AA_2026_2_25_1530
AA3052,2.60734,-80.14604,0,0,0,2026-02-25T18:09:59Z,DCA,FLL,2026-02-25T18:05:12Z,FLL_DCA_AA_2026_2_25_1901
AA3139,31.31676,-90.37683,30050,384,0,2026-02-25T18:09:59Z,PNS,DFW,2026-02-25T19:16:16Z,DFW_PNS_AA_2026_2_25_1520
AA3139,31.31676,-90.37683,30050,384,0,2026-02-25T18:09:59Z,PNS,DFW,2026-02-25T19:16:16Z,PNS_DFW_AA_2026_2_25_1740
DL33,33.97122,-84.09073,9250,294,-1152,2026-02-25T18:09:58Z,LHR,ATL,2026-02-25T18:18:22Z,LHR_ATL_DL_2026_2_25_908
KL601,37.09062,-114.08215,37975,492,0,2026-02-25T18:09:57Z,AMS,LAX,2026-02-25T19:01:20Z,AMS_LAX_KL_2026_2_25_1000
AA882,38.92397,-119.24554,22200,430,2176,2026-02-25T18:09:58Z,RNO,PHX,2026-02-25T19:26:56Z,PHX_RNO_AA_2026_2_25_819
AA882,38.92397,-119.24554,22200,430,2176,2026-02-25T18:09:58Z,RNO,PHX,2026-02-25T19:26:56Z,RNO_PHX_AA_2026_2_25_1002
DL166,4.74384,-122.29831,0,0,0,2026-02-25T18:09:56Z,HND,SEA,2026-02-25T16:32:12Z,HND_SEA_DL_2026_2_25_1707
DL57,42.33116,-109.31243,33600,376,-960,2026-02-25T18:09:58Z,AMS,SLC,2026-02-25T18:40:10Z,AMS_SLC_DL_2026_2_25_955
AF158,42.14502,-91.34183,38000,465,0,2026-02-25T18:09:58Z,CDG,DFW,2026-02-25T19:39:44Z,CDG_DFW_AF_2026_2_25_956
UA1119,23.13684,-8.94795,39000,479,0,2026-02-25T18:09:59Z,DEN,CUN,2026-02-25T18:44:16Z,DEN_CUN_UA_2026_2_25_1532
KL623,34.63342,-83.71497,20150,387,-1920,2026-02-25T18:09:58Z,AMS,ATL,2026-02-25T18:30:04Z,AMS_ATL_KL_2026_2_25_1037
LH454,4.99493,-117.77692,36000,504,0,2026-02-25T18:09:58Z,FRA,SFO,2026-02-25T20:03:12Z,FRA_SFO_LH_2026_2_25_1054
UA6,45.11834,-112.54562,38975,559,0,2026-02-25T18:09:59Z,NRT,IAH,2026-02-25T20:33:04Z,NRT_IAH_UA_2026_2_25_1818
LH456,52.44245,-114.26534,34000,542,-64,2026-02-25T18:09:57Z,FRA,LAX,2026-02-25T20:41:36Z,FRA_LAX_LH_2026_2_25_1113
UA3895,36.13971,-99.99066,30250,388,-1088,2026-02-25T18:09:59Z,EWR,AMA,2026-02-25T18:37:30Z,EWR_AMA_UA_2026_2_25_938
AA1616,39.30074,-94.71907,0,0,0,2026-02-25T18:09:53Z,MCI,CLT,,CLT_MCI_AA_2026_2_25_1010
AA1616,39.30074,-94.71907,0,0,0,2026-02-25T18:09:53Z,MCI,CLT,,MCI_CLT_AA_2026_2_25_1232
AA3317,26.68514,-80.10816,0,0,0,2026-02-25T18:09:59Z,PBI,LGA,,LGA_PBI_AA_2026_2_25_844
AA3317,26.68514,-80.10816,0,0,0,2026-02-25T18:09:59Z,PBI,LGA,,PBI_LGA_AA_2026_2_25_1314
DL42,33.94546,-118.41023,0,0,0,2026-02-25T18:09:57Z,SYD,LAX,2026-02-25T17:05:27Z,SYD_LAX_DL_2026_2_25_1433
DL713,36.77184,-108.80167,40000,421,0,2026-02-25T18:09:57Z,JFK,LAX,2026-02-25T19:26:56Z,JFK_LAX_DL_2026_2_25_845
DL830,3.96432,-110.26261,32000,402,0,2026-02-25T18:09:58Z,ATL,SLC,2026-02-25T18:35:44Z,ATL_SLC_DL_2026_2_25_928
KL605,40.72418,-121.96154,38975,503,-64,2026-02-25T18:09:59Z,AMS,SFO,2026-02-25T18:48:32Z,AMS_SFO_KL_2026_2_25_1013
AF338,47.90556,-121.64246,13050,300,-1152,2026-02-25T18:09:59Z,CDG,SEA,2026-02-25T18:23:07Z,CDG_SEA_AF_2026_2_25_1036
DL120,47.74463,-99.68262,41000,550,0,2026-02-25T18:09:59Z,HND,MSP,2026-02-25T18:57:04Z,HND_MSP_DL_2026_2_25_1742
DL274,44.52675,-88.12797,39550,560,-960,2026-02-25T18:09:57Z,HND,DTW,2026-02-25T18:44:16Z,HND_DTW_DL_2026_2_25_1651
DL274,44.52675,-88.12797,39550,560,-960,2026-02-25T18:09:57Z,HND,DTW,2026-02-25T18:44:16Z,HND_DTW_DL_2026_2_25_1642
DL274,42.21035,-83.35699,0,0,0,2026-02-25T18:09:58Z,HND,DTW,2026-01-19T18:59:44Z,HND_DTW_DL_2026_2_25_1651
DL274,42.21035,-83.35699,0,0,0,2026-02-25T18:09:58Z,HND,DTW,2026-01-19T18:59:44Z,HND_DTW_DL_2026_2_25_1642
AA1172,22.81484,-70.00607,39000,499,0,2026-02-25T18:09:56Z,ORD,STT,2026-02-25T19:09:52Z,ORD_STT_AA_2026_2_25_1504
AA142,55.66175,-42.00061,39000,546,0,2026-02-25T18:09:56Z,JFK,LHR,2026-02-25T21:26:24Z,JFK_LHR_AA_2026_2_25_1024
AA249,24.06923,-99.95486,38000,403,0,2026-02-25T18:09:58Z,ORD,MEX,2026-02-25T19:01:20Z,ORD_MEX_AA_2026_2_25_851
DL1112,30.26079,-93.58461,38450,543,-1024,2026-02-25T18:09:58Z,LAX,MSY,2026-02-25T18:40:00Z,LAX_MSY_DL_2026_2_25_732
DL1368,3.10962,-88.60649,29475,563,1728,2026-02-25T18:09:58Z,MSY,JFK,2026-02-25T20:18:08Z,JFK_MSY_DL_2026_2_25_813
DL1368,3.10962,-88.60649,29475,563,1728,2026-02-25T18:09:58Z,MSY,JFK,2026-02-25T20:18:08Z,MSY_JFK_DL_2026_2_25_1154
DL188,52.42476,-120.42326,39000,547,0,2026-02-25T18:09:58Z,ICN,ATL,2026-02-25T21:56:16Z,ICN_ATL_DL_2026_2_25_1814
AF84,53.12718,-113.81044,36000,519,0,2026-02-25T18:09:57Z,CDG,SFO,2026-02-25T20:26:40Z,CDG_SFO_AF_2026_2_25_1105
BA195,40.39133,-91.62074,39975,446,0,2026-02-25T18:09:59Z,LHR,IAH,2026-02-25T19:52:32Z,LHR_IAH_BA_2026_2_25_1010
AA2581,42.94661,-87.89842,0,0,0,2026-02-25T18:09:55Z,MKE,DFW,,DFW_MKE_AA_2026_2_25_1532
AA2581,42.94661,-87.89842,0,0,0,2026-02-25T18:09:55Z,MKE,DFW,,MKE_DFW_AA_2026_2_25_1835
KL689,31.21388,-90.25159,40000,460,-64,2026-02-25T18:14:58Z,AMS,CUN,2026-02-25T19:56:48Z,AMS_CUN_KL_2026_2_25_906
KL661,33.42325,-92.41469,37975,429,64,2026-02-25T18:14:58Z,AMS,IAH,2026-02-25T19:03:28Z,AMS_IAH_KL_2026_2_25_1014
BA53,50.50694,-11.96461,40000,507,0,2026-02-25T18:14:59Z,LHR,SEA,2026-02-25T18:59:12Z,LHR_SEA_BA_2026_2_25_1020
AF636,39.80438,-93.68388,38000,469,0,2026-02-25T18:14:58Z,CDG,IAH,2026-02-25T19:46:08Z,CDG_IAH_AF_2026_2_25_1048
AA3052,26.07341,-80.14604,0,0,0,2026-02-25T18:14:58Z,DCA,FLL,2026-02-25T18:05:12Z,DCA_FLL_AA_2026_2_25_1530
AA3052,26.07341,-80.14604,0,0,0,2026-02-25T18:14:58Z,DCA,FLL,2026-02-25T18:05:12Z,FLL_DCA_AA_2026_2_25_1901
UA654,30.02142,-9.52743,2175,224,2624,2026-02-25T18:15:00Z,IAH,DCA,2026-02-25T20:39:28Z,LAX_IAH_UA_2026_2_25_605
UA654,30.02142,-9.52743,2175,224,2624,2026-02-25T18:15:00Z,IAH,DCA,2026-02-25T20:39:28Z,IAH_DCA_UA_2026_2_25_1213
AA3139,3.13797,-90.99624,30050,384,0,2026-02-25T18:14:59Z,PNS,DFW,2026-02-25T19:18:24Z,DFW_PNS_AA_2026_2_25_1520
AA3139,3.13797,-90.99624,30050,384,0,2026-02-25T18:14:59Z,PNS,DFW,2026-02-25T19:18:24Z,PNS_DFW_AA_2026_2_25_1740
DL33,33.64861,-8.41519,4925,188,-1600,2026-02-25T18:14:59Z,LHR,ATL,2026-02-25T18:19:00Z,LHR_ATL_DL_2026_2_25_908
KL601,36.49516,-11.44848,37975,482,64,2026-02-25T18:14:58Z,AMS,LAX,2026-02-25T18:59:12Z,AMS_LAX_KL_2026_2_25_1000
AA882,38.47916,-118.63706,29375,500,960,2026-02-25T18:15:00Z,RNO,PHX,2026-02-25T19:22:40Z,PHX_RNO_AA_2026_2_25_819
AA882,38.47916,-118.63706,29375,500,960,2026-02-25T18:15:00Z,RNO,PHX,2026-02-25T19:22:40Z,RNO_PHX_AA_2026_2_25_1002
DL166,4.74384,-122.29831,0,0,0,2026-02-25T18:14:40Z,HND,SEA,2026-02-25T16:32:12Z,HND_SEA_DL_2026_2_25_1707
DL57,42.16087,-109.94261,30000,353,0,2026-02-25T18:14:58Z,AMS,SLC,2026-02-25T18:40:07Z,AMS_SLC_DL_2026_2_25_955
AF158,41.56453,-91.71524,38000,457,0,2026-02-25T18:14:58Z,CDG,DFW,2026-02-25T19:39:44Z,CDG_DFW_AF_2026_2_25_956
UA1119,22.76246,-88.90142,35950,460,-2176,2026-02-25T18:14:58Z,DEN,CUN,2026-02-25T18:46:24Z,DEN_CUN_UA_2026_2_25_1532
KL623,3.41954,-83.97305,12525,269,-512,2026-02-25T18:15:00Z,AMS,ATL,2026-02-25T18:26:06Z,AMS_ATL_KL_2026_2_25_1037
LH454,49.28975,-118.13197,36000,506,-64,2026-02-25T18:14:58Z,FRA,SFO,2026-02-25T20:01:04Z,FRA_SFO_LH_2026_2_25_1054
UA6,44.59131,-111.74914,38975,551,0,2026-02-25T18:14:59Z,NRT,IAH,2026-02-25T20:33:04Z,NRT_IAH_UA_2026_2_25_1818
LH456,51.72997,-114.63409,34000,533,-64,2026-02-25T18:14:58Z,FRA,LAX,2026-02-25T20:41:36Z,FRA_LAX_LH_2026_2_25_1113
UA3895,3.58894,-100.54804,22600,356,-2304,2026-02-25T18:14:58Z,EWR,AMA,2026-02-25T18:36:16Z,EWR_AMA_UA_2026_2_25_938
AA1616,39.30072,-94.71908,0,0,0,2026-02-25T18:14:58Z,MCI,CLT,,CLT_MCI_AA_2026_2_25_1010
AA1616,39.30072,-94.71908,0,0,0,2026-02-25T18:14:58Z,MCI,CLT,,MCI_CLT_AA_2026_2_25_1232
AA3317,26.69453,-80.04602,1750,199,1344,2026-02-25T18:14:58Z,PBI,LGA,,LGA_PBI_AA_2026_2_25_844
AA3317,26.69453,-80.04602,1750,199,1344,2026-02-25T18:14:58Z,PBI,LGA,,PBI_LGA_AA_2026_2_25_1314
DL42,33.94543,-118.41026,0,0,0,2026-02-25T18:14:58Z,SYD,LAX,2026-02-25T17:05:27Z,SYD_LAX_DL_2026_2_25_1433
KL605,40.06281,-122.18863,38975,492,64,2026-02-25T18:14:58Z,AMS,SFO,2026-02-25T18:46:24Z,AMS_SFO_KL_2026_2_25_1013
DL713,36.59377,-109.50067,40000,428,0,2026-02-25T18:14:58Z,JFK,LAX,2026-02-25T19:29:04Z,JFK_LAX_DL_2026_2_25_845
DL830,39.89387,-110.91663,28725,384,-1280,2026-02-25T18:15:00Z,ATL,SLC,2026-02-25T18:37:52Z,ATL_SLC_DL_2026_2_25_928
AF338,47.77094,-122.09704,8025,249,-768,2026-02-25T18:14:59Z,CDG,SEA,2026-02-25T18:22:52Z,CDG_SEA_AF_2026_2_25_1036
DL120,47.40335,-98.67323,41000,555,0,2026-02-25T18:14:59Z,HND,MSP,2026-02-25T18:57:04Z,HND_MSP_DL_2026_2_25_1742
DL274,44.11728,-87.19254,34575,563,-960,2026-02-25T18:14:59Z,HND,DTW,2026-02-25T18:44:16Z,HND_DTW_DL_2026_2_25_1651
DL274,44.11728,-87.19254,34575,563,-960,2026-02-25T18:14:59Z,HND,DTW,2026-02-25T18:44:16Z,HND_DTW_DL_2026_2_25_1642
AA1172,22.27675,-69.45097,39000,503,0,2026-02-25T18:14:59Z,ORD,STT,2026-02-25T19:09:52Z,ORD_STT_AA_2026_2_25_1504
AA142,55.88208,-4.07237,39000,546,0,2026-02-25T18:14:55Z,JFK,LHR,2026-02-25T21:26:24Z,JFK_LHR_AA_2026_2_25_1024
AA249,23.50438,-99.92315,38000,408,0,2026-02-25T18:14:58Z,ORD,MEX,2026-02-25T19:01:20Z,ORD_MEX_AA_2026_2_25_851
DL1112,30.21826,-92.71045,33725,551,-960,2026-02-25T18:14:59Z,LAX,MSY,2026-02-25T18:37:52Z,LAX_MSY_DL_2026_2_25_732
DL1368,31.27927,-87.72363,34925,565,704,2026-02-25T18:14:59Z,MSY,JFK,2026-02-25T20:18:08Z,JFK_MSY_DL_2026_2_25_813
DL1368,31.27927,-87.72363,34925,565,704,2026-02-25T18:14:59Z,MSY,JFK,2026-02-25T20:18:08Z,MSY_JFK_DL_2026_2_25_1154
DL188,52.07375,-119.31969,39025,547,0,2026-02-25T18:14:59Z,ICN,ATL,2026-02-25T21:52:00Z,ICN_ATL_DL_2026_2_25_1814
AF84,52.46219,-114.26445,36000,520,0,2026-02-25T18:14:59Z,CDG,SFO,2026-02-25T20:24:32Z,CDG_SFO_AF_2026_2_25_1105
BA195,39.89822,-92.10526,39975,438,64,2026-02-25T18:14:59Z,LHR,IAH,2026-02-25T19:56:48Z,LHR_IAH_BA_2026_2_25_1010
AA2581,42.94661,-87.89843,0,0,0,2026-02-25T18:14:56Z,MKE,DFW,,DFW_MKE_AA_2026_2_25_1532
AA2581,42.94661,-87.89843,0,0,0,2026-02-25T18:14:56Z,MKE,DFW,,MKE_DFW_AA_2026_2_25_1835
AA1766,40.64678,-73.79329,0,0,0,2026-02-25T18:14:57Z,DFW,JFK,2026-02-25T18:09:12Z,DFW_JFK_AA_2026_2_25_1530
AA1766,40.64678,-73.79329,0,0,0,2026-02-25T18:14:57Z,DFW,JFK,2026-02-25T18:09:12Z,JFK_DFW_AA_2026_2_25_1938
KL689,30.57976,-90.20492,40000,452,0,2026-02-25T18:19:59Z,AMS,CUN,2026-02-25T19:54:40Z,AMS_CUN_KL_2026_2_25_906
KL661,32.82921,-92.52334,37975,427,64,2026-02-25T18:19:59Z,AMS,IAH,2026-02-25T19:03:28Z,AMS_IAH_KL_2026_2_25_1014
BA53,49.86359,-120.06661,40000,500,0,2026-02-25T18:19:58Z,LHR,SEA,2026-02-25T18:57:04Z,LHR_SEA_BA_2026_2_25_1020
AF636,39.20541,-93.98883,38000,460,0,2026-02-25T18:19:59Z,CDG,IAH,2026-02-25T19:48:16Z,CDG_IAH_AF_2026_2_25_1048
AA3052,2.60734,-80.14604,0,0,0,2026-02-25T18:19:58Z,DCA,FLL,2026-02-25T18:05:12Z,DCA_FLL_AA_2026_2_25_1530
AA3052,2.60734,-80.14604,0,0,0,2026-02-25T18:19:58Z,DCA,FLL,2026-02-25T18:05:12Z,FLL_DCA_AA_2026_2_25_1901
AA2896,26.07366,-80.14655,0,0,0,2026-02-25T18:19:58Z,FLL,LGA,,LGA_FLL_AA_2026_2_25_1441
AA2896,26.07366,-80.14655,0,0,0,2026-02-25T18:19:58Z,FLL,LGA,,FLL_LGA_AA_2026_2_25_1906
UA654,30.40201,-95.01575,15100,392,2112,2026-02-25T18:19:59Z,IAH,DCA,2026-02-25T20:41:36Z,LAX_IAH_UA_2026_2_25_605
UA654,30.40201,-95.01575,15100,392,2112,2026-02-25T18:19:59Z,IAH,DCA,2026-02-25T20:41:36Z,IAH_DCA_UA_2026_2_25_1213
AA3139,31.43944,-91.61311,30050,384,0,2026-02-25T18:19:58Z,PNS,DFW,2026-02-25T19:16:16Z,DFW_PNS_AA_2026_2_25_1520
AA3139,31.43944,-91.61311,30050,384,0,2026-02-25T18:19:58Z,PNS,DFW,2026-02-25T19:16:16Z,PNS_DFW_AA_2026_2_25_1740
DL33,33.64956,-84.42407,0,90,0,2026-02-25T18:19:57Z,LHR,ATL,2026-02-25T18:20:01Z,LHR_ATL_DL_2026_2_25_908
KL601,35.91836,-114.89806,38000,495,0,2026-02-25T18:19:58Z,AMS,LAX,2026-02-25T18:59:12Z,AMS_LAX_KL_2026_2_25_1000
AA882,38.01675,-117.98313,35175,501,1344,2026-02-25T18:19:58Z,RNO,PHX,2026-02-25T19:24:48Z,PHX_RNO_AA_2026_2_25_819
AA882,38.01675,-117.98313,35175,501,1344,2026-02-25T18:19:58Z,RNO,PHX,2026-02-25T19:24:48Z,RNO_PHX_AA_2026_2_25_1002
DL166,4.74384,-122.29831,0,0,0,2026-02-25T18:19:59Z,HND,SEA,2026-02-25T16:32:12Z,HND_SEA_DL_2026_2_25_1707
DL57,41.98732,-110.56841,30000,363,0,2026-02-25T18:19:59Z,AMS,SLC,2026-02-25T18:44:58Z,AMS_SLC_DL_2026_2_25_955
AF158,40.98921,-92.07776,38000,461,0,2026-02-25T18:19:59Z,CDG,DFW,2026-02-25T19:39:44Z,CDG_DFW_AF_2026_2_25_956
UA1119,22.37265,-88.30541,26575,470,-2176,2026-02-25T18:19:58Z,DEN,CUN,2026-02-25T18:47:57Z,DEN_CUN_UA_2026_2_25_1532
KL623,3.38936,-84.07265,8050,252,-1152,2026-02-25T18:19:59Z,AMS,ATL,2026-02-25T18:27:48Z,AMS_ATL_KL_2026_2_25_1037
LH454,48.61906,-118.48285,36800,511,576,2026-02-25T18:19:59Z,FRA,SFO,2026-02-25T20:01:04Z,FRA_SFO_LH_2026_2_25_1054
LH456,51.02422,-114.98759,34000,532,-64,2026-02-25T18:20:00Z,FRA,LAX,2026-02-25T20:41:36Z,FRA_LAX_LH_2026_2_25_1113
UA6,44.05769,-110.96619,38975,563,64,2026-02-25T18:19:59Z,NRT,IAH,2026-02-25T20:28:48Z,NRT_IAH_UA_2026_2_25_1818
UA3895,35.59071,-100.99852,11800,315,-2240,2026-02-25T18:19:58Z,EWR,AMA,2026-02-25T18:29:54Z,EWR_AMA_UA_2026_2_25_938
AA3317,26.95532,-79.67523,13925,391,2688,2026-02-25T18:20:00Z,PBI,LGA,2026-02-25T20:35:12Z,LGA_PBI_AA_2026_2_25_844
AA3317,26.95532,-79.67523,13925,391,2688,2026-02-25T18:20:00Z,PBI,LGA,2026-02-25T20:35:12Z,PBI_LGA_AA_2026_2_25_1314
DL42,33.94544,-118.41026,0,0,0,2026-02-25T18:19:56Z,SYD,LAX,2026-02-25T17:05:27Z,SYD_LAX_DL_2026_2_25_1433
KL605,39.42072,-122.40515,35950,470,-1024,2026-02-25T18:19:58Z,AMS,SFO,2026-02-25T18:50:40Z,AMS_SFO_KL_2026_2_25_1013
DL713,36.40911,-110.20637,40000,430,0,2026-02-25T18:19:59Z,JFK,LAX,2026-02-25T19:26:56Z,JFK_LAX_DL_2026_2_25_845
DL830,40.12404,-111.46796,20100,363,-1856,2026-02-25T18:19:59Z,ATL,SLC,2026-02-25T18:37:43Z,ATL_SLC_DL_2026_2_25_928
AF338,4.75863,-122.30678,2575,192,-1024,2026-02-25T18:19:58Z,CDG,SEA,2026-02-25T18:24:49Z,CDG_SEA_AF_2026_2_25_1036
DL120,47.05235,-97.67416,41000,554,0,2026-02-25T18:19:58Z,HND,MSP,2026-02-25T18:57:04Z,HND_MSP_DL_2026_2_25_1742
DL274,43.71931,-86.27608,31000,563,0,2026-02-25T18:19:59Z,HND,DTW,2026-02-25T18:44:16Z,HND_DTW_DL_2026_2_25_1651
DL274,43.71931,-86.27608,31000,563,0,2026-02-25T18:19:59Z,HND,DTW,2026-02-25T18:44:16Z,HND_DTW_DL_2026_2_25_1642
AA1172,21.77568,-68.92638,38975,506,0,2026-02-25T18:19:58Z,ORD,STT,2026-02-25T19:09:52Z,ORD_STT_AA_2026_2_25_1504
AA142,55.99424,-39.40736,39000,541,0,2026-02-25T18:19:58Z,JFK,LHR,2026-02-25T21:26:24Z,JFK_LHR_AA_2026_2_25_1024
AA249,22.93172,-99.89115,38000,411,0,2026-02-25T18:19:59Z,ORD,MEX,2026-02-25T19:01:20Z,ORD_MEX_AA_2026_2_25_851
DL1112,30.17176,-91.84071,24550,520,-2688,2026-02-25T18:19:58Z,LAX,MSY,2026-02-25T18:40:00Z,LAX_MSY_DL_2026_2_25_732
DL1368,31.67097,-86.94763,34975,558,-64,2026-02-25T18:19:58Z,MSY,JFK,2026-02-25T20:16:00Z,JFK_MSY_DL_2026_2_25_813
DL1368,31.67097,-86.94763,34975,558,-64,2026-02-25T18:19:58Z,MSY,JFK,2026-02-25T20:16:00Z,MSY_JFK_DL_2026_2_25_1154
DL188,5.17173,-11.82473,39000,544,-64,2026-02-25T18:19:58Z,ICN,ATL,2026-02-25T21:54:08Z,ICN_ATL_DL_2026_2_25_1814
AF84,51.80058,-114.70164,36000,513,0,2026-02-25T18:19:59Z,CDG,SFO,2026-02-25T20:26:40Z,CDG_SFO_AF_2026_2_25_1105
BA195,39.42613,-92.58925,39975,428,0,2026-02-25T18:19:59Z,LHR,IAH,2026-02-25T19:58:56Z,LHR_IAH_BA_2026_2_25_1010
AA2581,42.94662,-87.89841,0,0,0,2026-02-25T18:19:59Z,MKE,DFW,,DFW_MKE_AA_2026_2_25_1532
AA2581,42.94662,-87.89841,0,0,0,2026-02-25T18:19:59Z,MKE,DFW,,MKE_DFW_AA_2026_2_25_1835
KL689,29.95903,-90.16006,39975,440,0,2026-02-25T18:24:59Z,AMS,CUN,2026-02-25T19:56:48Z,AMS_CUN_KL_2026_2_25_906
KL661,32.24725,-92.62831,37975,425,64,2026-02-25T18:24:58Z,AMS,IAH,2026-02-25T19:03:28Z,AMS_IAH_KL_2026_2_25_1014
BA53,49.24049,-12.05034,38050,483,-1216,2026-02-25T18:24:59Z,LHR,SEA,2026-02-25T18:57:04Z,LHR_SEA_BA_2026_2_25_1020
AF636,38.61131,-94.28571,38000,452,64,2026-02-25T18:24:59Z,CDG,IAH,2026-02-25T19:48:16Z,CDG_IAH_AF_2026_2_25_1048
AA3052,2.60734,-80.14604,0,0,0,2026-02-25T18:24:57Z,DCA,FLL,2026-02-25T18:05:12Z,DCA_FLL_AA_2026_2_25_1530
AA3052,2.60734,-80.14604,0,0,0,2026-02-25T18:24:57Z,DCA,FLL,2026-02-25T18:05:12Z,FLL_DCA_AA_2026_2_25_1901
AA2896,26.07366,-80.14653,0,0,0,2026-02-25T18:24:59Z,FLL,LGA,,LGA_FLL_AA_2026_2_25_1441
AA2896,26.07366,-80.14653,0,0,0,2026-02-25T18:24:59Z,FLL,LGA,,FLL_LGA_AA_2026_2_25_1906
UA654,30.87273,-94.64614,23550,439,768,2026-02-25T18:25:00Z,IAH,DCA,2026-02-25T20:39:28Z,LAX_IAH_UA_2026_2_25_605
UA654,30.87273,-94.64614,23550,439,768,2026-02-25T18:25:00Z,IAH,DCA,2026-02-25T20:39:28Z,IAH_DCA_UA_2026_2_25_1213
AA3139,31.49692,-92.23836,30050,386,0,2026-02-25T18:24:59Z,PNS,DFW,2026-02-25T19:14:08Z,DFW_PNS_AA_2026_2_25_1520
AA3139,31.49692,-92.23836,30050,386,0,2026-02-25T18:24:59Z,PNS,DFW,2026-02-25T19:14:08Z,PNS_DFW_AA_2026_2_25_1740
KL601,35.34521,-115.29193,37000,457,-768,2026-02-25T18:24:58Z,AMS,LAX,2026-02-25T18:57:04Z,AMS_LAX_KL_2026_2_25_1000
AA882,37.51154,-117.39166,37025,498,64,2026-02-25T18:24:58Z,RNO,PHX,2026-02-25T19:22:40Z,PHX_RNO_AA_2026_2_25_819
AA882,37.51154,-117.39166,37025,498,64,2026-02-25T18:24:58Z,RNO,PHX,2026-02-25T19:22:40Z,RNO_PHX_AA_2026_2_25_1002
DL166,4.74384,-122.29831,0,0,0,2026-02-25T18:24:03Z,HND,SEA,2026-02-25T16:32:12Z,HND_SEA_DL_2026_2_25_1707
DL57,41.81282,-111.18389,26025,366,-1664,2026-02-25T18:24:58Z,AMS,SLC,2026-02-25T18:48:33Z,AMS_SLC_DL_2026_2_25_955
AF158,40.41316,-92.43391,38000,456,0,2026-02-25T18:24:59Z,CDG,DFW,2026-02-25T19:39:44Z,CDG_DFW_AF_2026_2_25_956
UA1119,21.99623,-87.80858,16475,384,-1920,2026-02-25T18:24:59Z,DEN,CUN,2026-02-25T18:42:38Z,DEN_CUN_UA_2026_2_25_1532
KL623,33.64917,-84.22217,3525,167,-128,2026-02-25T18:24:59Z,AMS,ATL,2026-02-25T18:26:45Z,AMS_ATL_KL_2026_2_25_1037
UA3895,35.29335,-101.28319,7450,255,-704,2026-02-25T18:24:58Z,EWR,AMA,2026-02-25T18:28:51Z,EWR_AMA_UA_2026_2_25_938
LH454,47.94177,-118.82723,37000,521,0,2026-02-25T18:24:58Z,FRA,SFO,2026-02-25T20:01:04Z,FRA_SFO_LH_2026_2_25_1054
LH456,50.31743,-115.33057,34000,533,0,2026-02-25T18:24:59Z,FRA,LAX,2026-02-25T20:43:44Z,FRA_LAX_LH_2026_2_25_1113
UA6,43.51506,-110.19128,39000,560,-64,2026-02-25T18:24:58Z,NRT,IAH,2026-02-25T20:28:48Z,NRT_IAH_UA_2026_2_25_1818
AA3317,27.38961,-79.21507,23000,462,0,2026-02-25T18:24:58Z,PBI,LGA,2026-02-25T20:35:12Z,LGA_PBI_AA_2026_2_25_844
AA3317,27.38961,-79.21507,23000,462,0,2026-02-25T18:24:58Z,PBI,LGA,2026-02-25T20:35:12Z,PBI_LGA_AA_2026_2_25_1314
DL42,33.94544,-118.41025,0,0,0,2026-02-25T18:24:57Z,SYD,LAX,2026-02-25T17:05:27Z,SYD_LAX_DL_2026_2_25_1433
KL605,38.81914,-122.60085,29400,421,-1728,2026-02-25T18:24:59Z,AMS,SFO,2026-02-25T18:55:35Z,AMS_SFO_KL_2026_2_25_1013
DL713,36.21954,-110.91167,40000,433,0,2026-02-25T18:24:59Z,JFK,LAX,2026-02-25T19:26:56Z,JFK_LAX_DL_2026_2_25_845
AF338,47.43741,-122.30631,0,7,0,2026-02-25T18:24:59Z,CDG,SEA,2026-02-25T18:23:15Z,CDG_SEA_AF_2026_2_25_1036
DL830,40.37029,-112.01229,15475,340,-1280,2026-02-25T18:24:59Z,ATL,SLC,2026-02-25T18:36:55Z,ATL_SLC_DL_2026_2_25_928
DL120,46.69078,-96.68532,41000,558,0,2026-02-25T18:24:58Z,HND,MSP,2026-02-25T18:54:56Z,HND_MSP_DL_2026_2_25_1742
DL274,43.36583,-85.37364,24825,495,-1600,2026-02-25T18:24:58Z,HND,DTW,2026-02-25T18:50:26Z,HND_DTW_DL_2026_2_25_1651
DL274,43.36583,-85.37364,24825,495,-1600,2026-02-25T18:24:58Z,HND,DTW,2026-02-25T18:50:26Z,HND_DTW_DL_2026_2_25_1642
AA1172,21.26716,-6.83996,39000,508,-64,2026-02-25T18:24:59Z,ORD,STT,2026-02-25T19:05:36Z,ORD_STT_AA_2026_2_25_1504
AA249,22.36309,-99.85983,38000,410,0,2026-02-25T18:24:58Z,ORD,MEX,2026-02-25T19:01:20Z,ORD_MEX_AA_2026_2_25_851
DL1112,30.12502,-91.10979,11550,396,0,2026-02-25T18:24:57Z,LAX,MSY,2026-02-25T18:39:54Z,LAX_MSY_DL_2026_2_25_732
DL1368,32.10352,-86.18187,35025,566,0,2026-02-25T18:24:58Z,MSY,JFK,2026-02-25T20:13:52Z,JFK_MSY_DL_2026_2_25_813
DL1368,32.10352,-86.18187,35025,566,0,2026-02-25T18:24:58Z,MSY,JFK,2026-02-25T20:13:52Z,MSY_JFK_DL_2026_2_25_1154
DL188,51.34863,-117.18471,39000,543,0,2026-02-25T18:24:58Z,ICN,ATL,2026-02-25T21:56:16Z,ICN_ATL_DL_2026_2_25_1814
AF84,51.14462,-115.12306,36000,508,0,2026-02-25T18:24:58Z,CDG,SFO,2026-02-25T20:26:40Z,CDG_SFO_AF_2026_2_25_1105
BA195,3.89598,-93.05859,39975,429,64,2026-02-25T18:24:59Z,LHR,IAH,2026-02-25T20:01:04Z,LHR_IAH_BA_2026_2_25_1010
AA2581,42.94607,-87.89796,0,0,0,2026-02-25T18:24:55Z,MKE,DFW,,DFW_MKE_AA_2026_2_25_1532
AA2581,42.94607,-87.89796,0,0,0,2026-02-25T18:24:55Z,MKE,DFW,,MKE_DFW_AA_2026_2_25_1835
KL689,29.34174,-9.01159,40000,450,64,2026-02-25T18:29:58Z,AMS,CUN,2026-02-25T19:56:48Z,AMS_CUN_KL_2026_2_25_906
KL661,31.78514,-92.92132,38000,375,0,2026-02-25T18:29:58Z,AMS,IAH,2026-02-25T19:03:28Z,AMS_IAH_KL_2026_2_25_1014
BA53,48.69186,-120.99884,27250,432,-1984,2026-02-25T18:29:58Z,LHR,SEA,2026-02-25T18:57:49Z,LHR_SEA_BA_2026_2_25_1020
AF636,38.04034,-94.56611,38000,440,64,2026-02-25T18:29:57Z,CDG,IAH,2026-02-25T19:50:24Z,CDG_IAH_AF_2026_2_25_1048
AA2896,26.07366,-80.14653,0,0,0,2026-02-25T18:29:58Z,FLL,LGA,,LGA_FLL_AA_2026_2_25_1441
AA2896,26.07366,-80.14653,0,0,0,2026-02-25T18:29:58Z,FLL,LGA,,FLL_LGA_AA_2026_2_25_1906
AA3052,26.07339,-80.14604,0,0,0,2026-02-25T18:29:55Z,DCA,FLL,2026-02-25T18:05:12Z,DCA_FLL_AA_2026_2_25_1530
AA3052,26.07339,-80.14604,0,0,0,2026-02-25T18:29:55Z,DCA,FLL,2026-02-25T18:05:12Z,FLL_DCA_AA_2026_2_25_1901
KL601,3.49099,-115.85197,32975,460,-1024,2026-02-25T18:29:58Z,AMS,LAX,2026-02-25T19:03:43Z,AMS_LAX_KL_2026_2_25_1000
UA654,31.24921,-9.39782,28600,544,896,2026-02-25T18:29:57Z,IAH,DCA,2026-02-25T20:39:28Z,LAX_IAH_UA_2026_2_25_605
UA654,31.24921,-9.39782,28600,544,896,2026-02-25T18:29:57Z,IAH,DCA,2026-02-25T20:39:28Z,IAH_DCA_UA_2026_2_25_1213
AA3139,31.55095,-9.28586,30050,386,0,2026-02-25T18:29:59Z,PNS,DFW,2026-02-25T19:16:16Z,DFW_PNS_AA_2026_2_25_1520
AA3139,31.55095,-9.28586,30050,386,0,2026-02-25T18:29:59Z,PNS,DFW,2026-02-25T19:16:16Z,PNS_DFW_AA_2026_2_25_1740
AA882,36.95131,-116.89256,37000,496,-64,2026-02-25T18:29:58Z,RNO,PHX,2026-02-25T19:22:40Z,PHX_RNO_AA_2026_2_25_819
AA882,36.95131,-116.89256,37000,496,-64,2026-02-25T18:29:58Z,RNO,PHX,2026-02-25T19:22:40Z,RNO_PHX_AA_2026_2_25_1002
DL57,41.63516,-111.79488,17825,322,-1600,2026-02-25T18:29:58Z,AMS,SLC,2026-02-25T18:44:49Z,AMS_SLC_DL_2026_2_25_955
AF158,39.83838,-92.78265,38000,460,0,2026-02-25T18:29:57Z,CDG,DFW,2026-02-25T19:41:52Z,CDG_DFW_AF_2026_2_25_956
UA3895,35.10253,-101.54846,5600,192,-256,2026-02-25T18:29:59Z,EWR,AMA,2026-02-25T18:32:24Z,EWR_AMA_UA_2026_2_25_938
UA1119,21.64693,-87.46521,8975,290,-1792,2026-02-25T18:29:58Z,DEN,CUN,2026-02-25T18:39:02Z,DEN_CUN_UA_2026_2_25_1532
KL623,33.64849,-84.43484,0,11,0,2026-02-25T18:29:57Z,AMS,ATL,2026-02-25T18:29:12Z,AMS_ATL_KL_2026_2_25_1037
LH454,47.24917,-119.16299,37000,524,64,2026-02-25T18:29:59Z,FRA,SFO,2026-02-25T20:01:04Z,FRA_SFO_LH_2026_2_25_1054
UA6,4.29733,-109.43835,39025,550,-64,2026-02-25T18:29:59Z,NRT,IAH,2026-02-25T20:33:04Z,NRT_IAH_UA_2026_2_25_1818
LH456,49.61863,-115.65924,34000,529,-64,2026-02-25T18:29:57Z,FRA,LAX,2026-02-25T20:43:44Z,FRA_LAX_LH_2026_2_25_1113
AA1616,39.31198,-94.72105,0,26,0,2026-02-25T18:29:55Z,MCI,CLT,,CLT_MCI_AA_2026_2_25_1010
AA1616,39.31198,-94.72105,0,26,0,2026-02-25T18:29:55Z,MCI,CLT,,MCI_CLT_AA_2026_2_25_1232
AA3317,27.93725,-78.87376,29000,465,0,2026-02-25T18:29:58Z,PBI,LGA,2026-02-25T20:35:12Z,LGA_PBI_AA_2026_2_25_844
AA3317,27.93725,-78.87376,29000,465,0,2026-02-25T18:29:58Z,PBI,LGA,2026-02-25T20:35:12Z,PBI_LGA_AA_2026_2_25_1314
DL42,33.94544,-118.41026,0,0,0,2026-02-25T18:29:56Z,SYD,LAX,2026-02-25T17:05:27Z,SYD_LAX_DL_2026_2_25_1433
KL605,38.27171,-122.71597,20800,380,-1536,2026-02-25T18:29:58Z,AMS,SFO,2026-02-25T18:51:32Z,AMS_SFO_KL_2026_2_25_1013
DL713,36.08967,-111.61589,40000,407,64,2026-02-25T18:29:58Z,JFK,LAX,2026-02-25T19:29:04Z,JFK_LAX_DL_2026_2_25_845
AF338,4.74404,-122.30235,0,3,0,2026-02-25T18:29:58Z,CDG,SEA,2026-02-25T18:23:15Z,CDG_SEA_AF_2026_2_25_1036
DL830,4.07846,-11.20955,10625,239,0,2026-02-25T18:29:57Z,ATL,SLC,2026-02-25T18:36:06Z,ATL_SLC_DL_2026_2_25_928
DL120,46.34866,-95.67545,40425,558,-3200,2026-02-25T18:29:59Z,HND,MSP,2026-02-25T18:54:56Z,HND_MSP_DL_2026_2_25_1742
DL274,43.02982,-84.64711,18800,411,-1600,2026-02-25T18:29:57Z,HND,DTW,2026-02-25T18:48:47Z,HND_DTW_DL_2026_2_25_1651
DL274,43.02982,-84.64711,18800,411,-1600,2026-02-25T18:29:57Z,HND,DTW,2026-02-25T18:48:47Z,HND_DTW_DL_2026_2_25_1642
AA1172,20.77354,-67.86166,39000,511,0,2026-02-25T18:29:58Z,ORD,STT,2026-02-25T19:05:36Z,ORD_STT_AA_2026_2_25_1504
AA249,21.78951,-99.82832,38000,411,0,2026-02-25T18:29:59Z,ORD,MEX,2026-02-25T19:01:20Z,ORD_MEX_AA_2026_2_25_851
DL1112,29.97918,-90.59859,6400,262,-1856,2026-02-25T18:29:59Z,LAX,MSY,2026-02-25T18:38:13Z,LAX_MSY_DL_2026_2_25_732
DL1368,32.53303,-85.40598,37000,562,0,2026-02-25T18:29:59Z,MSY,JFK,2026-02-25T20:16:00Z,JFK_MSY_DL_2026_2_25_813
DL1368,32.53303,-85.40598,37000,562,0,2026-02-25T18:29:59Z,MSY,JFK,2026-02-25T20:16:00Z,MSY_JFK_DL_2026_2_25_1154
AF84,0.50509,-115.58846,36000,506,0,2026-02-25T18:29:58Z,CDG,SFO,2026-02-25T20:26:40Z,CDG_SFO_AF_2026_2_25_1105
DL188,5.09724,-116.14434,39000,542,64,2026-02-25T18:29:58Z,ICN,ATL,2026-02-25T21:56:16Z,ICN_ATL_DL_2026_2_25_1814
BA195,38.49673,-93.51694,39975,423,0,2026-02-25T18:29:57Z,LHR,IAH,2026-02-25T20:01:04Z,LHR_IAH_BA_2026_2_25_1010
AA2581,42.94477,-87.89925,0,7,0,2026-02-25T18:29:58Z,MKE,DFW,,DFW_MKE_AA_2026_2_25_1532
AA2581,42.94477,-87.89925,0,7,0,2026-02-25T18:29:58Z,MKE,DFW,,MKE_DFW_AA_2026_2_25_1835
KL689,2.87309,-90.07949,41000,439,0,2026-02-25T18:34:57Z,AMS,CUN,2026-02-25T19:58:56Z,AMS_CUN_KL_2026_2_25_906
KL661,31.43372,-93.37318,38000,380,0,2026-02-25T18:34:57Z,AMS,IAH,2026-02-25T19:05:36Z,AMS_IAH_KL_2026_2_25_1014
BA53,48.18189,-121.31638,17600,383,-1856,2026-02-25T18:34:58Z,LHR,SEA,2026-02-25T18:52:49Z,LHR_SEA_BA_2026_2_25_1020
AF636,37.47064,-94.84121,38000,440,0,2026-02-25T18:34:58Z,CDG,IAH,2026-02-25T19:50:24Z,CDG_IAH_AF_2026_2_25_1048
AA3052,26.07339,-80.14604,0,0,0,2026-02-25T18:34:55Z,DCA,FLL,2026-02-25T18:05:12Z,DCA_FLL_AA_2026_2_25_1530
AA3052,26.07339,-80.14604,0,0,0,2026-02-25T18:34:55Z,DCA,FLL,2026-02-25T18:05:12Z,FLL_DCA_AA_2026_2_25_1901
AA2896,26.07365,-80.14653,0,0,0,2026-02-25T18:34:55Z,FLL,LGA,,LGA_FLL_AA_2026_2_25_1441
AA2896,26.07365,-80.14653,0,0,0,2026-02-25T18:34:55Z,FLL,LGA,,FLL_LGA_AA_2026_2_25_1906
KL601,34.48389,-116.39248,29000,444,0,2026-02-25T18:34:57Z,AMS,LAX,2026-02-25T19:03:37Z,AMS_LAX_KL_2026_2_25_1000
AA3139,31.60189,-93.47981,30025,383,0,2026-02-25T18:34:59Z,PNS,DFW,2026-02-25T19:16:16Z,DFW_PNS_AA_2026_2_25_1520
AA3139,31.60189,-93.47981,30025,383,0,2026-02-25T18:34:59Z,PNS,DFW,2026-02-25T19:16:16Z,PNS_DFW_AA_2026_2_25_1740
UA654,31.54487,-93.14643,29000,555,0,2026-02-25T18:34:59Z,IAH,DCA,2026-02-25T20:37:20Z,LAX_IAH_UA_2026_2_25_605
UA654,31.54487,-93.14643,29000,555,0,2026-02-25T18:34:59Z,IAH,DCA,2026-02-25T20:37:20Z,IAH_DCA_UA_2026_2_25_1213
AA882,36.48299,-116.28631,37000,501,0,2026-02-25T18:34:57Z,RNO,PHX,2026-02-25T19:22:40Z,PHX_RNO_AA_2026_2_25_819
AA882,36.48299,-116.28631,37000,501,0,2026-02-25T18:34:57Z,RNO,PHX,2026-02-25T19:22:40Z,RNO_PHX_AA_2026_2_25_1002
DL57,41.30498,-112.07159,11325,311,-1280,2026-02-25T18:34:58Z,AMS,SLC,2026-02-25T18:42:55Z,AMS_SLC_DL_2026_2_25_955
AF158,0.39265,-0.93124,38000,450,0,2026-02-25T18:34:57Z,CDG,DFW,2026-02-25T19:44:00Z,CDG_DFW_AF_2026_2_25_956
UA1119,2.13476,-87.21848,3725,241,0,2026-02-25T18:34:58Z,DEN,CUN,2026-02-25T18:39:11Z,DEN_CUN_UA_2026_2_25_1532
KL623,33.63808,-84.42206,0,9,0,2026-02-25T18:34:59Z,AMS,ATL,2026-02-25T18:29:12Z,AMS_ATL_KL_2026_2_25_1037
LH454,46.56308,-119.48367,37000,519,0,2026-02-25T18:34:57Z,FRA,SFO,2026-02-25T19:58:56Z,FRA_SFO_LH_2026_2_25_1054
UA6,42.44302,-108.72134,38975,538,128,2026-02-25T18:34:58Z,NRT,IAH,2026-02-25T20:35:12Z,NRT_IAH_UA_2026_2_25_1818
LH456,48.91402,-115.97661,34000,530,0,2026-02-25T18:34:58Z,FRA,LAX,2026-02-25T20:41:36Z,FRA_LAX_LH_2026_2_25_1113
AA1616,39.20294,-0.94685,4525,283,2496,2026-02-25T18:34:58Z,MCI,CLT,,CLT_MCI_AA_2026_2_25_1010
AA1616,39.20294,-0.94685,4525,283,2496,2026-02-25T18:34:58Z,MCI,CLT,,MCI_CLT_AA_2026_2_25_1232
AA3317,28.58125,-78.78301,30500,485,1152,2026-02-25T18:34:57Z,PBI,LGA,2026-02-25T20:30:56Z,LGA_PBI_AA_2026_2_25_844
AA3317,28.58125,-78.78301,30500,485,1152,2026-02-25T18:34:57Z,PBI,LGA,2026-02-25T20:30:56Z,PBI_LGA_AA_2026_2_25_1314
DL42,33.94544,-118.41024,0,0,0,2026-02-25T18:34:55Z,SYD,LAX,2026-02-25T17:05:27Z,SYD_LAX_DL_2026_2_25_1433
KL605,37.80093,-122.56885,11625,339,-2176,2026-02-25T18:34:59Z,AMS,SFO,2026-02-25T18:47:38Z,AMS_SFO_KL_2026_2_25_1013
DL713,35.91887,-112.28699,40000,420,0,2026-02-25T18:34:58Z,JFK,LAX,2026-02-25T19:31:12Z,JFK_LAX_DL_2026_2_25_845
AF338,47.43717,-122.30577,0,8,0,2026-02-25T18:34:59Z,CDG,SEA,2026-02-25T18:23:15Z,CDG_SEA_AF_2026_2_25_1036
DL830,40.91212,-111.99054,6000,183,-960,2026-02-25T18:34:58Z,ATL,SLC,2026-02-25T18:38:26Z,ATL_SLC_DL_2026_2_25_928
DL120,45.99766,-94.70716,29475,536,-2048,2026-02-25T18:34:58Z,HND,MSP,2026-02-25T19:04:58Z,HND_MSP_DL_2026_2_25_1742
DL274,42.76012,-84.06283,12150,320,-1088,2026-02-25T18:34:58Z,HND,DTW,2026-02-25T18:46:41Z,HND_DTW_DL_2026_2_25_1651
DL274,42.76012,-84.06283,12150,320,-1088,2026-02-25T18:34:58Z,HND,DTW,2026-02-25T18:46:41Z,HND_DTW_DL_2026_2_25_1642
AA1172,20.33709,-67.26524,39000,511,0,2026-02-25T18:34:58Z,ORD,STT,2026-02-25T19:07:44Z,ORD_STT_AA_2026_2_25_1504
AA142,56.06919,-35.43797,39000,533,0,2026-02-25T18:34:59Z,JFK,LHR,2026-02-25T21:26:24Z,JFK_LHR_AA_2026_2_25_1024
AA249,21.22247,-99.79751,36775,410,-1792,2026-02-25T18:34:58Z,ORD,MEX,2026-02-25T19:03:28Z,ORD_MEX_AA_2026_2_25_851
DL1112,29.90339,-90.27956,1300,162,-768,2026-02-25T18:34:58Z,LAX,MSY,2026-02-25T18:37:05Z,LAX_MSY_DL_2026_2_25_732
DL1368,32.95569,-84.62642,37025,567,0,2026-02-25T18:34:57Z,MSY,JFK,2026-02-25T20:13:52Z,JFK_MSY_DL_2026_2_25_813
DL1368,32.95569,-84.62642,37025,567,0,2026-02-25T18:34:57Z,MSY,JFK,2026-02-25T20:13:52Z,MSY_JFK_DL_2026_2_25_1154
AF84,49.88175,-116.03745,36000,496,0,2026-02-25T18:34:57Z,CDG,SFO,2026-02-25T20:28:48Z,CDG_SFO_AF_2026_2_25_1105
DL188,50.58729,-115.12165,39000,549,-64,2026-02-25T18:34:58Z,ICN,ATL,2026-02-25T21:52:00Z,ICN_ATL_DL_2026_2_25_1814
BA195,38.02725,-93.97378,39975,427,64,2026-02-25T18:34:57Z,LHR,IAH,2026-02-25T19:58:56Z,LHR_IAH_BA_2026_2_25_1010
AA2581,42.94629,-87.88853,0,4,0,2026-02-25T18:34:58Z,MKE,DFW,,DFW_MKE_AA_2026_2_25_1532
AA2581,42.94629,-87.88853,0,4,0,2026-02-25T18:34:58Z,MKE,DFW,,MKE_DFW_AA_2026_2_25_1835
KL689,28.10939,-90.04485,40975,445,64,2026-02-25T18:40:00Z,AMS,CUN,2026-02-25T19:56:48Z,AMS_CUN_KL_2026_2_25_906
KL661,30.88371,-93.37528,36250,475,-1088,2026-02-25T18:39:58Z,AMS,IAH,2026-02-25T19:03:28Z,AMS_IAH_KL_2026_2_25_1014
BA53,47.84065,-121.56029,12075,285,-576,2026-02-25T18:39:58Z,LHR,SEA,2026-02-25T18:52:13Z,LHR_SEA_BA_2026_2_25_1020
AF636,36.88576,-95.11915,38000,459,0,2026-02-25T18:39:59Z,CDG,IAH,2026-02-25T19:50:24Z,CDG_IAH_AF_2026_2_25_1048
AA3052,26.07339,-80.14604,0,0,0,2026-02-25T18:39:56Z,DCA,FLL,2026-02-25T18:05:12Z,DCA_FLL_AA_2026_2_25_1530
AA3052,26.07339,-80.14604,0,0,0,2026-02-25T18:39:56Z,DCA,FLL,2026-02-25T18:05:12Z,FLL_DCA_AA_2026_2_25_1901
AA2896,26.07366,-80.14653,0,0,0,2026-02-25T18:39:56Z,FLL,LGA,,LGA_FLL_AA_2026_2_25_1441
AA2896,26.07366,-80.14653,0,0,0,2026-02-25T18:39:56Z,FLL,LGA,,FLL_LGA_AA_2026_2_25_1906
KL601,34.20767,-116.99806,22200,388,-2880,2026-02-25T18:39:58Z,AMS,LAX,2026-02-25T19:04:13Z,AMS_LAX_KL_2026_2_25_1000
AA3139,31.74504,-94.09074,30025,389,0,2026-02-25T18:40:00Z,PNS,DFW,2026-02-25T19:16:16Z,DFW_PNS_AA_2026_2_25_1520
AA3139,31.74504,-94.09074,30025,389,0,2026-02-25T18:40:00Z,PNS,DFW,2026-02-25T19:16:16Z,PNS_DFW_AA_2026_2_25_1740
UA654,31.82639,-92.30345,33850,554,1024,2026-02-25T18:39:59Z,IAH,DCA,2026-02-25T20:35:12Z,LAX_IAH_UA_2026_2_25_605
UA654,31.82639,-92.30345,33850,554,1024,2026-02-25T18:39:59Z,IAH,DCA,2026-02-25T20:35:12Z,IAH_DCA_UA_2026_2_25_1213
AA882,36.16783,-115.51154,37000,508,64,2026-02-25T18:39:58Z,RNO,PHX,2026-02-25T19:20:32Z,PHX_RNO_AA_2026_2_25_819
AA882,36.16783,-115.51154,37000,508,64,2026-02-25T18:39:58Z,RNO,PHX,2026-02-25T19:20:32Z,RNO_PHX_AA_2026_2_25_1002
DL57,40.94659,-111.99323,6550,210,-896,2026-02-25T18:39:59Z,AMS,SLC,2026-02-25T18:44:13Z,AMS_SLC_DL_2026_2_25_955
AF158,38.70145,-93.45359,38000,443,0,2026-02-25T18:39:57Z,CDG,DFW,2026-02-25T19:46:08Z,CDG_DFW_AF_2026_2_25_956
UA1119,21.12561,-86.99474,2275,181,-960,2026-02-25T18:39:59Z,DEN,CUN,2026-02-25T18:41:56Z,DEN_CUN_UA_2026_2_25_1532
LH454,45.87728,-119.79568,37025,512,0,2026-02-25T18:39:59Z,FRA,SFO,2026-02-25T19:58:56Z,FRA_SFO_LH_2026_2_25_1054
UA6,41.89897,-108.00353,39000,557,-64,2026-02-25T18:39:58Z,NRT,IAH,2026-02-25T20:30:56Z,NRT_IAH_UA_2026_2_25_1818
LH456,48.20526,-116.26072,36000,525,0,2026-02-25T18:39:58Z,FRA,LAX,2026-02-25T20:37:20Z,FRA_LAX_LH_2026_2_25_1113
AA1616,39.09182,-94.07214,17425,439,2496,2026-02-25T18:39:59Z,MCI,CLT,2026-02-25T20:11:44Z,CLT_MCI_AA_2026_2_25_1010
AA1616,39.09182,-94.07214,17425,439,2496,2026-02-25T18:39:59Z,MCI,CLT,2026-02-25T20:11:44Z,MCI_CLT_AA_2026_2_25_1232
AA3317,29.25343,-78.68629,31000,480,0,2026-02-25T18:39:58Z,PBI,LGA,2026-02-25T20:30:56Z,LGA_PBI_AA_2026_2_25_844
AA3317,29.25343,-78.68629,31000,480,0,2026-02-25T18:39:58Z,PBI,LGA,2026-02-25T20:30:56Z,PBI_LGA_AA_2026_2_25_1314
DL42,33.94543,-118.41026,0,0,0,2026-02-25T18:39:51Z,SYD,LAX,2026-02-25T17:05:27Z,SYD_LAX_DL_2026_2_25_1433
KL605,37.62031,-122.11065,5075,268,-1792,2026-02-25T18:39:58Z,AMS,SFO,2026-02-25T18:46:22Z,AMS_SFO_KL_2026_2_25_1013
DL713,35.70099,-112.95353,40000,418,0,2026-02-25T18:40:00Z,JFK,LAX,2026-02-25T19:31:12Z,JFK_LAX_DL_2026_2_25_845
AF338,47.43969,-122.29829,0,1,0,2026-02-25T18:40:00Z,CDG,SEA,2026-02-25T18:23:15Z,CDG_SEA_AF_2026_2_25_1036
DL120,45.66151,-93.81132,19375,464,-1984,2026-02-25T18:39:58Z,HND,MSP,2026-02-25T18:59:29Z,HND_MSP_DL_2026_2_25_1742
DL274,42.58727,-83.54691,5625,282,-64,2026-02-25T18:39:58Z,HND,DTW,2026-02-25T18:45:54Z,HND_DTW_DL_2026_2_25_1651
DL274,42.58727,-83.54691,5625,282,-64,2026-02-25T18:39:58Z,HND,DTW,2026-02-25T18:45:54Z,HND_DTW_DL_2026_2_25_1642
AA1172,19.88339,-66.68731,36425,513,-3136,2026-02-25T18:39:58Z,ORD,STT,2026-02-25T19:07:44Z,ORD_STT_AA_2026_2_25_1504
AA249,20.62055,-99.77338,26800,422,-1472,2026-02-25T18:39:58Z,ORD,MEX,2026-02-25T19:00:31Z,ORD_MEX_AA_2026_2_25_851
DL1368,33.38058,-83.82574,37025,570,0,2026-02-25T18:39:59Z,MSY,JFK,2026-02-25T20:13:52Z,JFK_MSY_DL_2026_2_25_813
DL1368,33.38058,-83.82574,37025,570,0,2026-02-25T18:39:59Z,MSY,JFK,2026-02-25T20:13:52Z,MSY_JFK_DL_2026_2_25_1154
AF84,4.92559,-116.47192,36000,494,0,2026-02-25T18:39:59Z,CDG,SFO,2026-02-25T20:30:56Z,CDG_SFO_AF_2026_2_25_1105
DL188,50.18946,-114.10608,39000,547,0,2026-02-25T18:39:59Z,ICN,ATL,2026-02-25T21:52:00Z,ICN_ATL_DL_2026_2_25_1814
BA195,37.52264,-94.39758,40000,432,64,2026-02-25T18:40:00Z,LHR,IAH,2026-02-25T19:58:56Z,LHR_IAH_BA_2026_2_25_1010
AA2581,42.73878,-88.11678,10375,302,960,2026-02-25T18:39:58Z,MKE,DFW,2026-02-25T20:43:44Z,DFW_MKE_AA_2026_2_25_1532
AA2581,42.73878,-88.11678,10375,302,960,2026-02-25T18:39:58Z,MKE,DFW,2026-02-25T20:43:44Z,MKE_DFW_AA_2026_2_25_1835
KL689,27.50186,-90.00928,41000,443,0,2026-02-25T18:44:59Z,AMS,CUN,2026-02-25T19:56:48Z,AMS_CUN_KL_2026_2_25_906
KL661,30.61042,-93.69723,30950,324,-1856,2026-02-25T18:44:58Z,AMS,IAH,2026-02-25T19:17:51Z,AMS_IAH_KL_2026_2_25_1014
BA53,47.75487,-122.08416,6275,288,-2560,2026-02-25T18:44:58Z,LHR,SEA,2026-02-25T18:51:30Z,LHR_SEA_BA_2026_2_25_1020
AF636,36.29552,-9.53947,38025,450,0,2026-02-25T18:44:58Z,CDG,IAH,2026-02-25T19:48:16Z,CDG_IAH_AF_2026_2_25_1048
AA2896,26.07365,-80.14655,0,0,0,2026-02-25T18:44:57Z,FLL,LGA,,LGA_FLL_AA_2026_2_25_1441
AA2896,26.07365,-80.14655,0,0,0,2026-02-25T18:44:57Z,FLL,LGA,,FLL_LGA_AA_2026_2_25_1906
AA3052,26.07341,-80.14606,0,0,0,2026-02-25T18:44:54Z,DCA,FLL,2026-02-25T18:05:12Z,DCA_FLL_AA_2026_2_25_1530
AA3052,26.07341,-80.14606,0,0,0,2026-02-25T18:44:54Z,DCA,FLL,2026-02-25T18:05:12Z,FLL_DCA_AA_2026_2_25_1901
KL601,34.05399,-117.57414,11825,304,-1152,2026-02-25T18:44:58Z,AMS,LAX,2026-02-25T18:57:50Z,AMS_LAX_KL_2026_2_25_1000
AA3139,31.89345,-94.69501,30050,386,0,2026-02-25T18:44:59Z,PNS,DFW,2026-02-25T19:18:24Z,DFW_PNS_AA_2026_2_25_1520
AA3139,31.89345,-94.69501,30050,386,0,2026-02-25T18:44:59Z,PNS,DFW,2026-02-25T19:18:24Z,PNS_DFW_AA_2026_2_25_1740
UA654,32.18333,-91.51572,35025,554,-64,2026-02-25T18:44:59Z,IAH,DCA,2026-02-25T20:35:12Z,LAX_IAH_UA_2026_2_25_605
UA654,32.18333,-91.51572,35025,554,-64,2026-02-25T18:44:59Z,IAH,DCA,2026-02-25T20:35:12Z,IAH_DCA_UA_2026_2_25_1213
AA882,35.84706,-114.74133,36975,498,0,2026-02-25T18:44:59Z,RNO,PHX,2026-02-25T19:22:40Z,PHX_RNO_AA_2026_2_25_819
AA882,35.84706,-114.74133,36975,498,0,2026-02-25T18:44:59Z,RNO,PHX,2026-02-25T19:22:40Z,RNO_PHX_AA_2026_2_25_1002
DL57,40.78304,-111.97627,0,3,0,2026-02-25T18:44:58Z,AMS,SLC,2026-02-25T18:43:12Z,AMS_SLC_DL_2026_2_25_955
AF158,38.14825,-93.77159,38000,432,0,2026-02-25T18:44:58Z,CDG,DFW,2026-02-25T19:44:00Z,CDG_DFW_AF_2026_2_25_956
UA1119,21.03997,-86.86098,0,0,0,2026-02-25T18:44:59Z,DEN,CUN,2026-02-25T18:43:31Z,DEN_CUN_UA_2026_2_25_1532
LH454,45.20435,-12.00941,37000,502,0,2026-02-25T18:44:59Z,FRA,SFO,2026-02-25T20:01:04Z,FRA_SFO_LH_2026_2_25_1054
UA6,41.34174,-107.28693,38975,548,0,2026-02-25T18:44:59Z,NRT,IAH,2026-02-25T20:33:04Z,NRT_IAH_UA_2026_2_25_1818
LH456,47.49553,-116.53684,36000,528,0,2026-02-25T18:44:59Z,FRA,LAX,2026-02-25T20:41:36Z,FRA_LAX_LH_2026_2_25_1113
AA1616,39.03484,-93.21704,27775,522,1536,2026-02-25T18:44:59Z,MCI,CLT,2026-02-25T20:11:44Z,CLT_MCI_AA_2026_2_25_1010
AA1616,39.03484,-93.21704,27775,522,1536,2026-02-25T18:44:59Z,MCI,CLT,2026-02-25T20:11:44Z,MCI_CLT_AA_2026_2_25_1232
AA3317,29.91161,-78.59296,31000,479,0,2026-02-25T18:44:57Z,PBI,LGA,2026-02-25T20:33:04Z,LGA_PBI_AA_2026_2_25_844
AA3317,29.91161,-78.59296,31000,479,0,2026-02-25T18:44:57Z,PBI,LGA,2026-02-25T20:33:04Z,PBI_LGA_AA_2026_2_25_1314
DL42,33.94544,-118.41026,0,0,0,2026-02-25T18:44:54Z,SYD,LAX,2026-02-25T17:05:27Z,SYD_LAX_DL_2026_2_25_1433
DL713,35.47728,-113.62238,40000,429,0,2026-02-25T18:44:59Z,JFK,LAX,2026-02-25T19:29:04Z,JFK_LAX_DL_2026_2_25_845
KL605,37.60862,-122.34542,75,149,-832,2026-02-25T18:44:59Z,AMS,SFO,2026-02-25T18:45:24Z,AMS_SFO_KL_2026_2_25_1013
DL830,40.78642,-111.98033,0,0,0,2026-02-25T18:44:54Z,ATL,SLC,2026-02-25T18:38:12Z,ATL_SLC_DL_2026_2_25_928
DL120,45.18514,-93.39444,12400,386,-1024,2026-02-25T18:44:59Z,HND,MSP,2026-02-25T18:56:56Z,HND_MSP_DL_2026_2_25_1742
DL274,42.34126,-83.28223,2625,159,0,2026-02-25T18:44:58Z,HND,DTW,2026-02-25T18:46:22Z,HND_DTW_DL_2026_2_25_1651
DL274,42.34126,-83.28223,2625,159,0,2026-02-25T18:44:58Z,HND,DTW,2026-02-25T18:46:22Z,HND_DTW_DL_2026_2_25_1642
AA1172,19.42951,-66.18873,20625,428,-2560,2026-02-25T18:44:58Z,ORD,STT,2026-02-25T19:09:04Z,ORD_STT_AA_2026_2_25_1504
AA249,20.11446,-99.74031,20475,335,-1088,2026-02-25T18:44:57Z,ORD,MEX,2026-02-25T18:58:50Z,ORD_MEX_AA_2026_2_25_851
DL1368,33.79464,-83.02849,36975,564,64,2026-02-25T18:44:59Z,MSY,JFK,2026-02-25T20:13:52Z,JFK_MSY_DL_2026_2_25_813
DL1368,33.79464,-83.02849,36975,564,64,2026-02-25T18:44:59Z,MSY,JFK,2026-02-25T20:13:52Z,MSY_JFK_DL_2026_2_25_1154
AF84,48.63554,-116.90993,36000,497,0,2026-02-25T18:44:58Z,CDG,SFO,2026-02-25T20:28:48Z,CDG_SFO_AF_2026_2_25_1105
DL188,49.78548,-11.31136,39000,548,0,2026-02-25T18:44:59Z,ICN,ATL,2026-02-25T21:54:08Z,ICN_ATL_DL_2026_2_25_1814
BA195,37.02514,-94.80532,39975,432,64,2026-02-25T18:44:59Z,LHR,IAH,2026-02-25T19:58:56Z,LHR_IAH_BA_2026_2_25_1010
AA2581,42.19734,-88.08426,22450,436,1856,2026-02-25T18:44:59Z,MKE,DFW,2026-02-25T20:43:44Z,DFW_MKE_AA_2026_2_25_1532
AA2581,42.19734,-88.08426,22450,436,1856,2026-02-25T18:44:59Z,MKE,DFW,2026-02-25T20:43:44Z,MKE_DFW_AA_2026_2_25_1835
KL689,26.85259,-89.97181,41000,530,0,2026-02-25T18:49:55Z,AMS,CUN,2026-02-25T19:56:48Z,AMS_CUN_KL_2026_2_25_906
KL661,30.56201,-94.22771,22450,335,-1856,2026-02-25T18:49:57Z,AMS,IAH,2026-02-25T19:14:08Z,AMS_IAH_KL_2026_2_25_1014
BA53,4.75438,-122.31713,1675,177,-1024,2026-02-25T18:49:58Z,LHR,SEA,2026-02-25T18:53:09Z,LHR_SEA_BA_2026_2_25_1020
AF636,35.71041,-9.56638,38000,449,0,2026-02-25T18:49:59Z,CDG,IAH,2026-02-25T19:48:16Z,CDG_IAH_AF_2026_2_25_1048
AA2896,26.07365,-80.14655,0,0,0,2026-02-25T18:49:58Z,FLL,LGA,,LGA_FLL_AA_2026_2_25_1441
AA2896,26.07365,-80.14655,0,0,0,2026-02-25T18:49:58Z,FLL,LGA,,FLL_LGA_AA_2026_2_25_1906
AA3052,2.60742,-8.01459,0,0,0,2026-02-25T18:49:55Z,DCA,FLL,2026-02-25T18:05:12Z,DCA_FLL_AA_2026_2_25_1530
AA3052,2.60742,-8.01459,0,0,0,2026-02-25T18:49:55Z,DCA,FLL,2026-02-25T18:05:12Z,FLL_DCA_AA_2026_2_25_1901
KL601,33.99037,-118.02007,6175,220,-1216,2026-02-25T18:49:57Z,AMS,LAX,2026-02-25T18:56:06Z,AMS_LAX_KL_2026_2_25_1000
AA3139,32.05678,-95.29629,30050,391,0,2026-02-25T18:49:58Z,PNS,DFW,2026-02-25T19:16:16Z,DFW_PNS_AA_2026_2_25_1520
AA3139,32.05678,-95.29629,30050,391,0,2026-02-25T18:49:58Z,PNS,DFW,2026-02-25T19:16:16Z,PNS_DFW_AA_2026_2_25_1740
UA654,32.47223,-90.67045,35000,560,64,2026-02-25T18:49:58Z,IAH,DCA,2026-02-25T20:35:12Z,LAX_IAH_UA_2026_2_25_605
UA654,32.47223,-90.67045,35000,560,64,2026-02-25T18:49:58Z,IAH,DCA,2026-02-25T20:35:12Z,IAH_DCA_UA_2026_2_25_1213
AA882,35.54224,-114.02567,34550,459,-960,2026-02-25T18:49:58Z,RNO,PHX,2026-02-25T19:22:40Z,PHX_RNO_AA_2026_2_25_819
AA882,35.54224,-114.02567,34550,459,-960,2026-02-25T18:49:58Z,RNO,PHX,2026-02-25T19:22:40Z,RNO_PHX_AA_2026_2_25_1002
AF158,37.60667,-94.07772,38000,427,0,2026-02-25T18:49:58Z,CDG,DFW,2026-02-25T19:46:08Z,CDG_DFW_AF_2026_2_25_956
UA1119,21.03999,-86.86101,0,0,0,2026-02-25T18:49:56Z,DEN,CUN,2026-02-25T18:43:31Z,DEN_CUN_UA_2026_2_25_1532
LH454,44.54526,-120.37929,37000,500,0,2026-02-25T18:49:57Z,FRA,SFO,2026-02-25T20:01:04Z,FRA_SFO_LH_2026_2_25_1054
UA6,40.79732,-106.60431,39000,535,64,2026-02-25T18:49:57Z,NRT,IAH,2026-02-25T20:35:12Z,NRT_IAH_UA_2026_2_25_1818
LH456,46.79263,-116.80286,36000,526,128,2026-02-25T18:49:57Z,FRA,LAX,2026-02-25T20:41:36Z,FRA_LAX_LH_2026_2_25_1113
AA1616,38.83681,-92.29871,35150,550,1600,2026-02-25T18:49:58Z,MCI,CLT,2026-02-25T20:09:36Z,CLT_MCI_AA_2026_2_25_1010
AA1616,38.83681,-92.29871,35150,550,1600,2026-02-25T18:49:58Z,MCI,CLT,2026-02-25T20:09:36Z,MCI_CLT_AA_2026_2_25_1232
AA3317,30.57404,-78.49554,31000,479,0,2026-02-25T18:49:58Z,PBI,LGA,2026-02-25T20:33:04Z,LGA_PBI_AA_2026_2_25_844
AA3317,30.57404,-78.49554,31000,479,0,2026-02-25T18:49:58Z,PBI,LGA,2026-02-25T20:33:04Z,PBI_LGA_AA_2026_2_25_1314
DL42,33.94544,-118.41026,0,0,0,2026-02-25T18:49:50Z,SYD,LAX,2026-02-25T17:05:27Z,SYD_LAX_DL_2026_2_25_1433
DL713,3.52494,-114.28894,40000,430,0,2026-02-25T18:49:57Z,JFK,LAX,2026-02-25T19:29:04Z,JFK_LAX_DL_2026_2_25_845
KL605,37.61283,-122.38216,0,19,0,2026-02-25T18:49:58Z,AMS,SFO,2026-02-25T18:45:12Z,AMS_SFO_KL_2026_2_25_1013
DL830,40.78642,-111.98033,0,0,0,2026-02-25T18:49:05Z,ATL,SLC,2026-02-25T18:38:12Z,ATL_SLC_DL_2026_2_25_928
DL120,44.91867,-92.98654,4750,263,-2496,2026-02-25T18:49:57Z,HND,MSP,2026-02-25T18:56:58Z,HND_MSP_DL_2026_2_25_1742
DL274,42.20676,-83.37966,0,29,0,2026-02-25T18:49:59Z,HND,DTW,2026-02-25T18:49:12Z,HND_DTW_DL_2026_2_25_1651
DL274,42.20676,-83.37966,0,29,0,2026-02-25T18:49:59Z,HND,DTW,2026-02-25T18:49:12Z,HND_DTW_DL_2026_2_25_1642
AA1172,19.05718,-65.78239,11250,344,-1600,2026-02-25T18:49:58Z,ORD,STT,2026-02-25T19:02:50Z,ORD_STT_AA_2026_2_25_1504
AA142,56.02161,-31.51074,39000,529,0,2026-02-25T18:49:55Z,JFK,LHR,2026-02-25T21:22:08Z,JFK_LHR_AA_2026_2_25_1024
AA249,19.76445,-99.51911,15925,289,-704,2026-02-25T18:49:58Z,ORD,MEX,2026-02-25T18:58:34Z,ORD_MEX_AA_2026_2_25_851
DL1368,34.21408,-82.22678,37025,573,0,2026-02-25T18:49:58Z,MSY,JFK,2026-02-25T20:09:36Z,JFK_MSY_DL_2026_2_25_813
DL1368,34.21408,-82.22678,37025,573,0,2026-02-25T18:49:58Z,MSY,JFK,2026-02-25T20:09:36Z,MSY_JFK_DL_2026_2_25_1154
AF84,48.01053,-117.34133,36000,496,0,2026-02-25T18:49:58Z,CDG,SFO,2026-02-25T20:26:40Z,CDG_SFO_AF_2026_2_25_1105
DL188,49.37338,-112.13837,39000,550,64,2026-02-25T18:49:58Z,ICN,ATL,2026-02-25T21:52:00Z,ICN_ATL_DL_2026_2_25_1814
BA195,36.51828,-9.52143,39975,435,64,2026-02-25T18:49:59Z,LHR,IAH,2026-02-25T19:58:56Z,LHR_IAH_BA_2026_2_25_1010
AA2581,41.67091,-88.16119,32000,380,1024,2026-02-25T18:49:57Z,MKE,DFW,2026-02-25T20:43:44Z,DFW_MKE_AA_2026_2_25_1532
AA2581,41.67091,-88.16119,32000,380,1024,2026-02-25T18:49:57Z,MKE,DFW,2026-02-25T20:43:44Z,MKE_DFW_AA_2026_2_25_1835
KL689,2.62855,-89.93922,41000,447,0,2026-02-25T18:54:59Z,AMS,CUN,2026-02-25T19:56:48Z,AMS_CUN_KL_2026_2_25_906
KL661,30.39684,-94.70759,14675,324,-1536,2026-02-25T18:54:59Z,AMS,IAH,2026-02-25T19:10:39Z,AMS_IAH_KL_2026_2_25_1014
AF636,35.13698,-95.92331,38000,435,0,2026-02-25T18:54:58Z,CDG,IAH,2026-02-25T19:52:32Z,CDG_IAH_AF_2026_2_25_1048
AA2896,26.07422,-80.14593,0,0,0,2026-02-25T18:54:45Z,FLL,LGA,,LGA_FLL_AA_2026_2_25_1441
AA2896,26.07422,-80.14593,0,0,0,2026-02-25T18:54:45Z,FLL,LGA,,FLL_LGA_AA_2026_2_25_1906
AA3052,26.07493,-80.15577,0,10,0,2026-02-25T18:54:58Z,DCA,FLL,2026-02-25T18:05:12Z,DCA_FLL_AA_2026_2_25_1530
AA3052,26.07493,-80.15577,0,10,0,2026-02-25T18:54:58Z,DCA,FLL,2026-02-25T18:05:12Z,FLL_DCA_AA_2026_2_25_1901
KL601,33.95725,-118.35143,775,157,-832,2026-02-25T18:54:57Z,AMS,LAX,2026-02-25T18:56:31Z,AMS_LAX_KL_2026_2_25_1000
AA882,35.18509,-113.35082,29450,462,-1856,2026-02-25T18:54:58Z,RNO,PHX,2026-02-25T19:22:40Z,PHX_RNO_AA_2026_2_25_819
AA882,35.18509,-113.35082,29450,462,-1856,2026-02-25T18:54:58Z,RNO,PHX,2026-02-25T19:22:40Z,RNO_PHX_AA_2026_2_25_1002
AA3139,32.25907,-95.88834,29425,391,-960,2026-02-25T18:54:58Z,PNS,DFW,2026-02-25T19:16:16Z,DFW_PNS_AA_2026_2_25_1520
AA3139,32.25907,-95.88834,29425,391,-960,2026-02-25T18:54:58Z,PNS,DFW,2026-02-25T19:16:16Z,PNS_DFW_AA_2026_2_25_1740
UA654,32.75652,-89.81609,34975,562,0,2026-02-25T18:54:58Z,IAH,DCA,2026-02-25T20:35:12Z,LAX_IAH_UA_2026_2_25_605
UA654,32.75652,-89.81609,34975,562,0,2026-02-25T18:54:58Z,IAH,DCA,2026-02-25T20:35:12Z,IAH_DCA_UA_2026_2_25_1213
AF158,37.06308,-9.43802,38000,435,0,2026-02-25T18:54:57Z,CDG,DFW,2026-02-25T19:46:08Z,CDG_DFW_AF_2026_2_25_956
UA6,40.26755,-105.95458,39000,511,-64,2026-02-25T18:54:57Z,NRT,IAH,2026-02-25T20:39:28Z,NRT_IAH_UA_2026_2_25_1818
LH454,43.88297,-12.06592,37000,497,0,2026-02-25T18:54:58Z,FRA,SFO,2026-02-25T19:58:56Z,FRA_SFO_LH_2026_2_25_1054
LH456,46.08838,-117.06221,36000,521,0,2026-02-25T18:54:57Z,FRA,LAX,2026-02-25T20:39:28Z,FRA_LAX_LH_2026_2_25_1113
AA1616,38.60271,-9.13952,37000,532,0,2026-02-25T18:54:57Z,MCI,CLT,2026-02-25T20:09:36Z,CLT_MCI_AA_2026_2_25_1010
AA1616,38.60271,-9.13952,37000,532,0,2026-02-25T18:54:57Z,MCI,CLT,2026-02-25T20:09:36Z,MCI_CLT_AA_2026_2_25_1232
AA3317,31.23245,-78.38805,31000,479,64,2026-02-25T18:54:58Z,PBI,LGA,2026-02-25T20:35:12Z,LGA_PBI_AA_2026_2_25_844
AA3317,31.23245,-78.38805,31000,479,64,2026-02-25T18:54:58Z,PBI,LGA,2026-02-25T20:35:12Z,PBI_LGA_AA_2026_2_25_1314
DL42,33.94544,-118.41026,0,0,0,2026-02-25T18:54:58Z,SYD,LAX,2026-02-25T17:05:27Z,SYD_LAX_DL_2026_2_25_1433
DL713,35.01026,-114.96231,40000,437,0,2026-02-25T18:54:59Z,JFK,LAX,2026-02-25T19:29:04Z,JFK_LAX_DL_2026_2_25_845
KL605,37.61232,-122.38916,0,1,0,2026-02-25T18:54:55Z,AMS,SFO,2026-02-25T18:45:12Z,AMS_SFO_KL_2026_2_25_1013
DL120,44.83856,-93.12038,2125,130,-832,2026-02-25T18:54:58Z,HND,MSP,2026-02-25T18:57:05Z,HND_MSP_DL_2026_2_25_1742
DL274,4.22058,-83.36214,0,18,0,2026-02-25T18:54:57Z,HND,DTW,2026-02-25T18:49:12Z,HND_DTW_DL_2026_2_25_1651
DL274,4.22058,-83.36214,0,18,0,2026-02-25T18:54:57Z,HND,DTW,2026-02-25T18:49:12Z,HND_DTW_DL_2026_2_25_1642
AA1172,18.78085,-65.48254,6825,269,-1408,2026-02-25T18:54:57Z,ORD,STT,2026-02-25T19:03:02Z,ORD_STT_AA_2026_2_25_1504
AA249,19.49878,-99.23505,11675,238,-1024,2026-02-25T18:54:57Z,ORD,MEX,2026-02-25T18:59:46Z,ORD_MEX_AA_2026_2_25_851
AF84,47.38838,-11.77595,36000,495,64,2026-02-25T18:54:56Z,CDG,SFO,2026-02-25T20:26:40Z,CDG_SFO_AF_2026_2_25_1105
DL188,48.95311,-111.17924,39000,541,0,2026-02-25T18:54:58Z,ICN,ATL,2026-02-25T21:52:00Z,ICN_ATL_DL_2026_2_25_1814
BA195,36.00387,-95.62243,39675,438,-448,2026-02-25T18:54:59Z,LHR,IAH,2026-02-25T19:56:48Z,LHR_IAH_BA_2026_2_25_1010
AA2581,41.18774,-8.85779,36800,408,1024,2026-02-25T18:54:58Z,MKE,DFW,2026-02-25T20:43:44Z,DFW_MKE_AA_2026_2_25_1532
AA2581,41.18774,-8.85779,36800,408,1024,2026-02-25T18:54:58Z,MKE,DFW,2026-02-25T20:43:44Z,MKE_DFW_AA_2026_2_25_1835
DL1368,34.62735,-81.40179,37000,577,64,2026-02-25T18:54:58Z,MSY,JFK,2026-02-25T20:09:36Z,JFK_MSY_DL_2026_2_25_813
DL1368,34.62735,-81.40179,37000,577,64,2026-02-25T18:54:58Z,MSY,JFK,2026-02-25T20:09:36Z,MSY_JFK_DL_2026_2_25_1154
KL661,30.15258,-9.50385,8575,256,-704,2026-02-25T18:59:58Z,AMS,IAH,2026-02-25T19:08:35Z,AMS_IAH_KL_2026_2_25_1014
AF636,34.56476,-96.17844,38000,437,-64,2026-02-25T18:59:59Z,CDG,IAH,2026-02-25T19:50:24Z,CDG_IAH_AF_2026_2_25_1048
AA3052,26.07607,-80.16647,0,0,0,2026-02-25T18:59:55Z,DCA,FLL,2026-02-25T18:05:12Z,DCA_FLL_AA_2026_2_25_1530
AA3052,26.07607,-80.16647,0,0,0,2026-02-25T18:59:55Z,DCA,FLL,2026-02-25T18:05:12Z,FLL_DCA_AA_2026_2_25_1901
AA2896,26.07478,-80.14645,0,9,0,2026-02-25T18:59:59Z,FLL,LGA,,LGA_FLL_AA_2026_2_25_1441
AA2896,26.07478,-80.14645,0,9,0,2026-02-25T18:59:59Z,FLL,LGA,,FLL_LGA_AA_2026_2_25_1906
KL601,33.94353,-118.41841,0,9,0,2026-02-25T18:59:58Z,AMS,LAX,2026-02-25T18:56:12Z,AMS_LAX_KL_2026_2_25_1000
AA882,34.83192,-112.71098,25725,437,-832,2026-02-25T18:59:59Z,RNO,PHX,2026-02-25T19:25:23Z,PHX_RNO_AA_2026_2_25_819
AA882,34.83192,-112.71098,25725,437,-832,2026-02-25T18:59:59Z,RNO,PHX,2026-02-25T19:25:23Z,RNO_PHX_AA_2026_2_25_1002
AA3139,32.44994,-96.45621,18200,337,-2112,2026-02-25T18:59:59Z,PNS,DFW,2026-02-25T19:19:09Z,DFW_PNS_AA_2026_2_25_1520
AA3139,32.44994,-96.45621,18200,337,-2112,2026-02-25T18:59:59Z,PNS,DFW,2026-02-25T19:19:09Z,PNS_DFW_AA_2026_2_25_1740
UA654,3.30384,-88.94576,35025,569,0,2026-02-25T18:59:58Z,IAH,DCA,2026-02-25T20:35:12Z,LAX_IAH_UA_2026_2_25_605
UA654,3.30384,-88.94576,35025,569,0,2026-02-25T18:59:58Z,IAH,DCA,2026-02-25T20:35:12Z,IAH_DCA_UA_2026_2_25_1213
AF158,36.59088,-94.82329,38000,424,0,2026-02-25T18:59:59Z,CDG,DFW,2026-02-25T19:46:08Z,CDG_DFW_AF_2026_2_25_956
UA6,39.74276,-105.32599,39000,515,-192,2026-02-25T18:59:59Z,NRT,IAH,2026-02-25T20:39:28Z,NRT_IAH_UA_2026_2_25_1818
LH454,4.32218,-120.93214,37000,492,0,2026-02-25T18:59:59Z,FRA,SFO,2026-02-25T20:01:04Z,FRA_SFO_LH_2026_2_25_1054
LH456,45.38084,-11.73159,36000,520,0,2026-02-25T18:59:59Z,FRA,LAX,2026-02-25T20:39:28Z,FRA_LAX_LH_2026_2_25_1113
AA1616,38.36863,-0.90504,37000,530,-64,2026-02-25T18:59:59Z,MCI,CLT,2026-02-25T20:11:44Z,CLT_MCI_AA_2026_2_25_1010
AA1616,38.36863,-0.90504,37000,530,-64,2026-02-25T18:59:59Z,MCI,CLT,2026-02-25T20:11:44Z,MCI_CLT_AA_2026_2_25_1232
AA3317,31.89647,-78.27819,31000,478,0,2026-02-25T18:59:59Z,PBI,LGA,2026-02-25T20:30:56Z,LGA_PBI_AA_2026_2_25_844
AA3317,31.89647,-78.27819,31000,478,0,2026-02-25T18:59:59Z,PBI,LGA,2026-02-25T20:30:56Z,PBI_LGA_AA_2026_2_25_1314
DL42,33.94544,-118.41026,0,0,0,2026-02-25T18:59:48Z,SYD,LAX,2026-02-25T17:05:27Z,SYD_LAX_DL_2026_2_25_1433
DL713,34.80959,-115.62606,37350,415,-704,2026-02-25T18:59:58Z,JFK,LAX,2026-02-25T19:26:56Z,JFK_LAX_DL_2026_2_25_845
DL120,0.44882,-93.21775,0,7,0,2026-02-25T19:00:00Z,HND,MSP,2026-02-25T18:57:27Z,HND_MSP_DL_2026_2_25_1742
DL274,42.20809,-83.35863,0,0,0,2026-02-25T18:59:59Z,HND,DTW,2026-02-25T18:49:12Z,HND_DTW_DL_2026_2_25_1651
DL274,42.20809,-83.35863,0,0,0,2026-02-25T18:59:59Z,HND,DTW,2026-02-25T18:49:12Z,HND_DTW_DL_2026_2_25_1642
AA1172,18.55726,-65.30389,2925,209,0,2026-02-25T18:59:59Z,ORD,STT,2026-02-25T19:02:06Z,ORD_STT_AA_2026_2_25_1504
AA249,19.42982,-99.08093,6950,166,-576,2026-02-25T18:59:57Z,ORD,MEX,2026-02-25T18:59:49Z,ORD_MEX_AA_2026_2_25_851
AF84,4.67477,-118.17886,37000,500,0,2026-02-25T18:59:58Z,CDG,SFO,2026-02-25T20:26:40Z,CDG_SFO_AF_2026_2_25_1105
DL188,48.51883,-110.22295,39000,559,-64,2026-02-25T18:59:58Z,ICN,ATL,2026-02-25T21:49:52Z,ICN_ATL_DL_2026_2_25_1814
BA195,35.46829,-95.95184,38000,444,-64,2026-02-25T18:59:58Z,LHR,IAH,2026-02-25T19:56:48Z,LHR_IAH_BA_2026_2_25_1010
AA2581,4.07005,-88.98987,38000,414,0,2026-02-25T18:59:58Z,MKE,DFW,2026-02-25T20:43:44Z,DFW_MKE_AA_2026_2_25_1532
AA2581,4.07005,-88.98987,38000,414,0,2026-02-25T18:59:58Z,MKE,DFW,2026-02-25T20:43:44Z,MKE_DFW_AA_2026_2_25_1835
DL1368,34.99228,-80.52519,37000,587,0,2026-02-25T18:59:59Z,MSY,JFK,2026-02-25T20:09:36Z,JFK_MSY_DL_2026_2_25_813
DL1368,34.99228,-80.52519,37000,587,0,2026-02-25T18:59:59Z,MSY,JFK,2026-02-25T20:09:36Z,MSY_JFK_DL_2026_2_25_1154
KL689,25.03194,-89.87009,40975,444,0,2026-02-25T19:04:54Z,AMS,CUN,2026-02-25T19:56:48Z,AMS_CUN_KL_2026_2_25_906
KL661,30.09256,-95.40662,5900,211,-448,2026-02-25T19:05:00Z,AMS,IAH,2026-02-25T19:10:29Z,AMS_IAH_KL_2026_2_25_1014
AF636,34.00369,-96.42493,38000,423,0,2026-02-25T19:04:59Z,CDG,IAH,2026-02-25T19:52:32Z,CDG_IAH_AF_2026_2_25_1048
BA53,47.43777,-122.30239,0,3,0,2026-02-25T19:04:59Z,LHR,SEA,2026-02-25T18:52:22Z,LHR_SEA_BA_2026_2_25_1020
AA2896,26.07626,-80.16647,0,15,0,2026-02-25T19:04:59Z,FLL,LGA,,LGA_FLL_AA_2026_2_25_1441
AA2896,26.07626,-80.16647,0,15,0,2026-02-25T19:04:59Z,FLL,LGA,,FLL_LGA_AA_2026_2_25_1906
AA3052,26.11896,-0.79945,7850,281,2816,2026-02-25T19:04:59Z,FLL,DCA,,DCA_FLL_AA_2026_2_25_1530
AA3052,26.11896,-0.79945,7850,281,2816,2026-02-25T19:04:59Z,FLL,DCA,,FLL_DCA_AA_2026_2_25_1901
KL601,33.94283,-118.41552,0,1,0,2026-02-25T19:05:00Z,AMS,LAX,2026-02-25T18:56:12Z,AMS_LAX_KL_2026_2_25_1000
AA882,34.42818,-112.22624,18675,372,-1600,2026-02-25T19:04:59Z,RNO,PHX,2026-02-25T19:24:26Z,PHX_RNO_AA_2026_2_25_819
AA882,34.42818,-112.22624,18675,372,-1600,2026-02-25T19:04:59Z,RNO,PHX,2026-02-25T19:24:26Z,RNO_PHX_AA_2026_2_25_1002
AA3139,32.75155,-96.86691,11625,279,-128,2026-02-25T19:04:58Z,PNS,DFW,2026-02-25T19:15:40Z,DFW_PNS_AA_2026_2_25_1520
AA3139,32.75155,-96.86691,11625,279,-128,2026-02-25T19:04:58Z,PNS,DFW,2026-02-25T19:15:40Z,PNS_DFW_AA_2026_2_25_1740
UA654,33.31534,-88.06618,35000,570,0,2026-02-25T19:04:58Z,IAH,DCA,2026-02-25T20:33:04Z,LAX_IAH_UA_2026_2_25_605
UA654,33.31534,-88.06618,35000,570,0,2026-02-25T19:04:58Z,IAH,DCA,2026-02-25T20:33:04Z,IAH_DCA_UA_2026_2_25_1213
AF158,36.13417,-95.27303,38000,414,0,2026-02-25T19:04:58Z,CDG,DFW,2026-02-25T19:46:08Z,CDG_DFW_AF_2026_2_25_956
UA6,39.19963,-104.68902,39000,530,-64,2026-02-25T19:05:00Z,NRT,IAH,2026-02-25T20:35:12Z,NRT_IAH_UA_2026_2_25_1818
LH454,42.57779,-121.19212,37000,485,64,2026-02-25T19:04:58Z,FRA,SFO,2026-02-25T20:01:04Z,FRA_SFO_LH_2026_2_25_1054
LH456,44.68987,-11.75575,36000,506,64,2026-02-25T19:04:59Z,FRA,LAX,2026-02-25T20:41:36Z,FRA_LAX_LH_2026_2_25_1113
AA1616,38.12335,-89.60031,37000,548,0,2026-02-25T19:04:59Z,MCI,CLT,2026-02-25T20:09:36Z,CLT_MCI_AA_2026_2_25_1010
AA1616,38.12335,-89.60031,37000,548,0,2026-02-25T19:04:59Z,MCI,CLT,2026-02-25T20:09:36Z,MCI_CLT_AA_2026_2_25_1232
AA3317,32.55597,-78.17893,31000,480,0,2026-02-25T19:04:58Z,PBI,LGA,2026-02-25T20:30:56Z,LGA_PBI_AA_2026_2_25_844
AA3317,32.55597,-78.17893,31000,480,0,2026-02-25T19:04:58Z,PBI,LGA,2026-02-25T20:30:56Z,PBI_LGA_AA_2026_2_25_1314
DL42,33.94544,-118.41025,0,0,0,2026-02-25T19:04:57Z,SYD,LAX,2026-02-25T17:05:27Z,SYD_LAX_DL_2026_2_25_1433
DL713,34.54032,-116.25893,30675,446,-1984,2026-02-25T19:04:58Z,JFK,LAX,2026-02-25T19:36:34Z,JFK_LAX_DL_2026_2_25_845
DL120,44.88098,-9.32112,0,0,0,2026-02-25T19:04:58Z,HND,MSP,2026-02-25T18:57:27Z,HND_MSP_DL_2026_2_25_1742
DL274,4.22081,-83.35865,0,0,0,2026-02-25T19:04:59Z,HND,DTW,2026-02-25T18:49:12Z,HND_DTW_DL_2026_2_25_1651
DL274,4.22081,-83.35865,0,0,0,2026-02-25T19:04:59Z,HND,DTW,2026-02-25T18:49:12Z,HND_DTW_DL_2026_2_25_1642
AA1172,18.33171,-65.18194,2725,176,-192,2026-02-25T19:04:59Z,ORD,STT,2026-02-25T19:06:54Z,ORD_STT_AA_2026_2_25_1504
AA142,55.81113,-27.64808,39000,520,0,2026-02-25T19:04:58Z,JFK,LHR,2026-02-25T21:22:08Z,JFK_LHR_AA_2026_2_25_1024
AA249,19.43782,-9.90773,0,1,0,2026-02-25T19:04:59Z,ORD,MEX,2026-02-25T19:00:12Z,ORD_MEX_AA_2026_2_25_851
BA195,34.88187,-96.17409,38000,441,-64,2026-02-25T19:04:59Z,LHR,IAH,2026-02-25T19:58:56Z,LHR_IAH_BA_2026_2_25_1010
AF84,46.10906,-118.58608,37000,501,0,2026-02-25T19:04:59Z,CDG,SFO,2026-02-25T20:24:32Z,CDG_SFO_AF_2026_2_25_1105
DL188,48.07012,-109.26939,39000,556,0,2026-02-25T19:04:59Z,ICN,ATL,2026-02-25T21:52:00Z,ICN_ATL_DL_2026_2_25_1814
AA2581,40.22416,-89.38551,38000,397,0,2026-02-25T19:04:59Z,MKE,DFW,2026-02-25T20:43:44Z,DFW_MKE_AA_2026_2_25_1532
AA2581,40.22416,-89.38551,38000,397,0,2026-02-25T19:04:59Z,MKE,DFW,2026-02-25T20:43:44Z,MKE_DFW_AA_2026_2_25_1835
DL1368,35.32077,-79.61145,37000,590,-64,2026-02-25T19:04:59Z,MSY,JFK,2026-02-25T20:09:36Z,JFK_MSY_DL_2026_2_25_813
DL1368,35.32077,-79.61145,37000,590,-64,2026-02-25T19:04:59Z,MSY,JFK,2026-02-25T20:09:36Z,MSY_JFK_DL_2026_2_25_1154
KL689,24.41155,-89.83606,41000,447,0,2026-02-25T19:10:00Z,AMS,CUN,2026-02-25T19:56:48Z,AMS_CUN_KL_2026_2_25_906
KL661,30.06907,-95.74464,2575,216,-64,2026-02-25T19:09:59Z,AMS,IAH,2026-02-25T19:11:53Z,AMS_IAH_KL_2026_2_25_1014
AF636,33.44701,-96.66612,38000,423,0,2026-02-25T19:09:59Z,CDG,IAH,2026-02-25T19:52:32Z,CDG_IAH_AF_2026_2_25_1048
AA2896,26.15456,-79.89071,8175,292,1856,2026-02-25T19:09:59Z,FLL,LGA,2026-02-25T21:26:24Z,LGA_FLL_AA_2026_2_25_1441
AA2896,26.15456,-79.89071,8175,292,1856,2026-02-25T19:09:59Z,FLL,LGA,2026-02-25T21:26:24Z,FLL_LGA_AA_2026_2_25_1906
AA3052,26.46303,-7.94831,16700,454,1920,2026-02-25T19:09:58Z,FLL,DCA,2026-02-25T21:00:48Z,DCA_FLL_AA_2026_2_25_1530
AA3052,26.46303,-7.94831,16700,454,1920,2026-02-25T19:09:58Z,FLL,DCA,2026-02-25T21:00:48Z,FLL_DCA_AA_2026_2_25_1901
KL601,33.94281,-118.41555,0,0,0,2026-02-25T19:09:57Z,AMS,LAX,2026-02-25T18:56:12Z,AMS_LAX_KL_2026_2_25_1000
AA882,33.95869,-112.15107,10225,308,-1472,2026-02-25T19:09:58Z,RNO,PHX,2026-02-25T19:21:16Z,PHX_RNO_AA_2026_2_25_819
AA882,33.95869,-112.15107,10225,308,-1472,2026-02-25T19:09:58Z,RNO,PHX,2026-02-25T19:21:16Z,RNO_PHX_AA_2026_2_25_1002
AA3139,33.08142,-96.92397,5600,245,0,2026-02-25T19:09:58Z,PNS,DFW,2026-02-25T19:14:57Z,DFW_PNS_AA_2026_2_25_1520
AA3139,33.08142,-96.92397,5600,245,0,2026-02-25T19:09:58Z,PNS,DFW,2026-02-25T19:14:57Z,PNS_DFW_AA_2026_2_25_1740
UA654,3.35896,-87.16928,35000,575,0,2026-02-25T19:10:00Z,IAH,DCA,2026-02-25T20:30:56Z,LAX_IAH_UA_2026_2_25_605
UA654,3.35896,-87.16928,35000,575,0,2026-02-25T19:10:00Z,IAH,DCA,2026-02-25T20:30:56Z,IAH_DCA_UA_2026_2_25_1213
AF158,35.57019,-95.42228,37000,481,0,2026-02-25T19:09:59Z,CDG,DFW,2026-02-25T19:39:44Z,CDG_DFW_AF_2026_2_25_956
UA6,38.65092,-104.05969,38975,539,0,2026-02-25T19:09:58Z,NRT,IAH,2026-02-25T20:35:12Z,NRT_IAH_UA_2026_2_25_1818
LH454,41.93463,-121.44619,37000,470,0,2026-02-25T19:10:00Z,FRA,SFO,2026-02-25T20:01:04Z,FRA_SFO_LH_2026_2_25_1054
LH456,44.00322,-11.77917,36000,511,-64,2026-02-25T19:10:00Z,FRA,LAX,2026-02-25T20:41:36Z,FRA_LAX_LH_2026_2_25_1113
AA1616,37.86903,-88.69501,37000,549,0,2026-02-25T19:09:59Z,MCI,CLT,2026-02-25T20:09:36Z,CLT_MCI_AA_2026_2_25_1010
AA1616,37.86903,-88.69501,37000,549,0,2026-02-25T19:09:59Z,MCI,CLT,2026-02-25T20:09:36Z,MCI_CLT_AA_2026_2_25_1232
AA3317,33.21632,-78.08101,31000,477,0,2026-02-25T19:09:58Z,PBI,LGA,2026-02-25T20:30:56Z,LGA_PBI_AA_2026_2_25_844
AA3317,33.21632,-78.08101,31000,477,0,2026-02-25T19:09:58Z,PBI,LGA,2026-02-25T20:30:56Z,PBI_LGA_AA_2026_2_25_1314
DL42,33.94544,-118.41026,0,0,0,2026-02-25T19:09:54Z,SYD,LAX,2026-02-25T17:05:27Z,SYD_LAX_DL_2026_2_25_1433
DL713,34.26315,-116.85412,23400,377,-1408,2026-02-25T19:09:58Z,JFK,LAX,2026-02-25T19:34:11Z,JFK_LAX_DL_2026_2_25_845
DL120,44.88099,-93.21119,0,0,0,2026-02-25T19:09:57Z,HND,MSP,2026-02-25T18:57:27Z,HND_MSP_DL_2026_2_25_1742
DL274,42.20808,-83.35866,0,0,0,2026-02-25T19:09:58Z,HND,DTW,2026-02-25T18:49:12Z,HND_DTW_DL_2026_2_25_1651
DL274,42.20808,-83.35866,0,0,0,2026-02-25T19:09:58Z,HND,DTW,2026-02-25T18:49:12Z,HND_DTW_DL_2026_2_25_1642
AA1172,18.33673,-64.98732,75,119,-768,2026-02-25T19:10:00Z,ORD,STT,2026-02-25T19:10:36Z,ORD_STT_AA_2026_2_25_1504
AA142,55.71275,-26.39161,39000,520,0,2026-02-25T19:09:56Z,JFK,LHR,2026-02-25T21:22:08Z,JFK_LHR_AA_2026_2_25_1024
BA195,34.29803,-9.63918,38000,433,0,2026-02-25T19:10:00Z,LHR,IAH,2026-02-25T19:58:56Z,LHR_IAH_BA_2026_2_25_1010
AF84,45.47795,-118.97852,37000,496,0,2026-02-25T19:09:58Z,CDG,SFO,2026-02-25T20:26:40Z,CDG_SFO_AF_2026_2_25_1105
DL188,47.61912,-108.34337,38950,556,64,2026-02-25T19:09:58Z,ICN,ATL,2026-02-25T21:49:52Z,ICN_ATL_DL_2026_2_25_1814
AA2581,39.75128,-89.77138,38000,403,0,2026-02-25T19:10:00Z,MKE,DFW,2026-02-25T20:41:36Z,DFW_MKE_AA_2026_2_25_1532
AA2581,39.75128,-89.77138,38000,403,0,2026-02-25T19:10:00Z,MKE,DFW,2026-02-25T20:41:36Z,MKE_DFW_AA_2026_2_25_1835
DL1368,35.64761,-78.67601,37025,601,-64,2026-02-25T19:09:59Z,MSY,JFK,2026-02-25T20:09:36Z,JFK_MSY_DL_2026_2_25_813
DL1368,35.64761,-78.67601,37025,601,-64,2026-02-25T19:09:59Z,MSY,JFK,2026-02-25T20:09:36Z,MSY_JFK_DL_2026_2_25_1154
KL689,23.77958,-89.80396,41000,448,-64,2026-02-25T19:14:58Z,AMS,CUN,2026-02-25T19:58:56Z,AMS_CUN_KL_2026_2_25_906
KL661,0.30007,-95.49359,2050,170,-832,2026-02-25T19:14:59Z,AMS,IAH,2026-02-25T19:16:41Z,AMS_IAH_KL_2026_2_25_1014
AF636,32.82468,-96.67252,38000,460,0,2026-02-25T19:14:59Z,CDG,IAH,2026-02-25T19:50:24Z,CDG_IAH_AF_2026_2_25_1048
AA2896,2.64857,-79.45644,15700,406,0,2026-02-25T19:14:58Z,FLL,LGA,2026-02-25T21:28:32Z,LGA_FLL_AA_2026_2_25_1441
AA2896,2.64857,-79.45644,15700,406,0,2026-02-25T19:14:58Z,FLL,LGA,2026-02-25T21:28:32Z,FLL_LGA_AA_2026_2_25_1906
AA3052,27.01783,-7.90622,23950,508,1664,2026-02-25T19:14:58Z,FLL,DCA,2026-02-25T21:00:48Z,DCA_FLL_AA_2026_2_25_1530
AA3052,27.01783,-7.90622,23950,508,1664,2026-02-25T19:14:58Z,FLL,DCA,2026-02-25T21:00:48Z,FLL_DCA_AA_2026_2_25_1901
KL601,33.94288,-11.84155,0,0,0,2026-02-25T19:14:57Z,AMS,LAX,2026-02-25T18:56:12Z,AMS_LAX_KL_2026_2_25_1000
AA882,33.59568,-11.22226,7175,228,-448,2026-02-25T19:14:59Z,RNO,PHX,2026-02-25T19:20:52Z,PHX_RNO_AA_2026_2_25_819
AA882,33.59568,-11.22226,7175,228,-448,2026-02-25T19:14:59Z,RNO,PHX,2026-02-25T19:20:52Z,RNO_PHX_AA_2026_2_25_1002
AA3139,3.29978,-97.02559,1875,168,-960,2026-02-25T19:14:59Z,PNS,DFW,2026-02-25T19:17:11Z,DFW_PNS_AA_2026_2_25_1520
AA3139,3.29978,-97.02559,1875,168,-960,2026-02-25T19:14:59Z,PNS,DFW,2026-02-25T19:17:11Z,PNS_DFW_AA_2026_2_25_1740
AF158,34.91931,-95.30135,37000,466,0,2026-02-25T19:14:59Z,CDG,DFW,2026-02-25T19:41:52Z,CDG_DFW_AF_2026_2_25_956
UA654,33.85245,-86.26498,35000,579,0,2026-02-25T19:14:59Z,IAH,DCA,2026-02-25T20:30:56Z,LAX_IAH_UA_2026_2_25_605
UA654,33.85245,-86.26498,35000,579,0,2026-02-25T19:14:59Z,IAH,DCA,2026-02-25T20:30:56Z,IAH_DCA_UA_2026_2_25_1213
UA6,38.09523,-103.43568,38975,525,64,2026-02-25T19:14:59Z,NRT,IAH,2026-02-25T20:37:20Z,NRT_IAH_UA_2026_2_25_1818
LH454,41.31702,-121.68518,37000,465,0,2026-02-25T19:14:59Z,FRA,SFO,2026-02-25T20:01:04Z,FRA_SFO_LH_2026_2_25_1054
LH456,43.32342,-118.01821,36000,498,0,2026-02-25T19:14:59Z,FRA,LAX,2026-02-25T20:43:44Z,FRA_LAX_LH_2026_2_25_1113
AA1616,37.60439,-87.78548,37000,561,0,2026-02-25T19:14:59Z,MCI,CLT,2026-02-25T20:09:36Z,CLT_MCI_AA_2026_2_25_1010
AA1616,37.60439,-87.78548,37000,561,0,2026-02-25T19:14:59Z,MCI,CLT,2026-02-25T20:09:36Z,MCI_CLT_AA_2026_2_25_1232
AA3317,33.87607,-77.98151,31000,477,0,2026-02-25T19:14:59Z,PBI,LGA,2026-02-25T20:30:56Z,LGA_PBI_AA_2026_2_25_844
AA3317,33.87607,-77.98151,31000,477,0,2026-02-25T19:14:59Z,PBI,LGA,2026-02-25T20:30:56Z,PBI_LGA_AA_2026_2_25_1314
DL42,33.94544,-118.41026,0,0,0,2026-02-25T19:14:59Z,SYD,LAX,2026-02-25T17:05:27Z,SYD_LAX_DL_2026_2_25_1433
DL713,34.09379,-117.41478,15075,330,-896,2026-02-25T19:14:59Z,JFK,LAX,2026-02-25T19:31:39Z,JFK_LAX_DL_2026_2_25_845
DL120,44.88099,-93.21119,0,0,0,2026-02-25T19:14:58Z,HND,MSP,2026-02-25T18:57:27Z,HND_MSP_DL_2026_2_25_1742
DL274,42.20809,-83.35865,0,0,0,2026-02-25T19:14:58Z,HND,DTW,2026-02-25T18:49:12Z,HND_DTW_DL_2026_2_25_1651
DL274,42.20809,-83.35865,0,0,0,2026-02-25T19:14:58Z,HND,DTW,2026-02-25T18:49:12Z,HND_DTW_DL_2026_2_25_1642
AA142,55.60015,-25.12786,39000,520,0,2026-02-25T19:14:57Z,JFK,LHR,2026-02-25T21:22:08Z,JFK_LHR_AA_2026_2_25_1024
BA195,3.37305,-96.60049,37975,431,64,2026-02-25T19:14:58Z,LHR,IAH,2026-02-25T19:58:56Z,LHR_IAH_BA_2026_2_25_1010
AF84,4.48569,-119.35534,37000,482,64,2026-02-25T19:14:57Z,CDG,SFO,2026-02-25T20:26:40Z,CDG_SFO_AF_2026_2_25_1105
DL188,47.15909,-107.43022,39000,557,64,2026-02-25T19:14:59Z,ICN,ATL,2026-02-25T21:52:00Z,ICN_ATL_DL_2026_2_25_1814
AA2581,39.27738,-90.15283,38000,405,0,2026-02-25T19:14:58Z,MKE,DFW,2026-02-25T20:43:44Z,DFW_MKE_AA_2026_2_25_1532
AA2581,39.27738,-90.15283,38000,405,0,2026-02-25T19:14:58Z,MKE,DFW,2026-02-25T20:43:44Z,MKE_DFW_AA_2026_2_25_1835
DL1368,35.97862,-77.73823,37000,596,0,2026-02-25T19:14:59Z,MSY,JFK,2026-02-25T20:07:28Z,JFK_MSY_DL_2026_2_25_813
DL1368,35.97862,-77.73823,37000,596,0,2026-02-25T19:14:59Z,MSY,JFK,2026-02-25T20:07:28Z,MSY_JFK_DL_2026_2_25_1154
KL689,2.31524,-8.97586,40975,469,64,2026-02-25T19:19:58Z,AMS,CUN,2026-02-25T19:58:56Z,AMS_CUN_KL_2026_2_25_906
KL661,30.00153,-95.32617,0,21,0,2026-02-25T19:19:58Z,AMS,IAH,2026-02-25T19:18:18Z,AMS_IAH_KL_2026_2_25_1014
AF636,3.21979,-0.96596,35350,433,-1024,2026-02-25T19:19:59Z,CDG,IAH,2026-02-25T19:50:24Z,CDG_IAH_AF_2026_2_25_1048
AA2896,26.97139,-7.90938,21775,457,1344,2026-02-25T19:19:57Z,FLL,LGA,2026-02-25T21:26:24Z,LGA_FLL_AA_2026_2_25_1441
AA2896,26.97139,-7.90938,21775,457,1344,2026-02-25T19:19:57Z,FLL,LGA,2026-02-25T21:26:24Z,FLL_LGA_AA_2026_2_25_1906
AA3052,27.68296,-78.88104,30650,489,960,2026-02-25T19:19:57Z,FLL,DCA,2026-02-25T20:58:40Z,DCA_FLL_AA_2026_2_25_1530
AA3052,27.68296,-78.88104,30650,489,960,2026-02-25T19:19:57Z,FLL,DCA,2026-02-25T20:58:40Z,FLL_DCA_AA_2026_2_25_1901
KL601,33.94286,-11.84155,0,0,0,2026-02-25T19:19:59Z,AMS,LAX,2026-02-25T18:56:12Z,AMS_LAX_KL_2026_2_25_1000
AA882,33.44089,-112.08746,1950,136,-640,2026-02-25T19:19:59Z,RNO,PHX,2026-02-25T19:21:49Z,PHX_RNO_AA_2026_2_25_819
AA882,33.44089,-112.08746,1950,136,-640,2026-02-25T19:19:59Z,RNO,PHX,2026-02-25T19:21:49Z,RNO_PHX_AA_2026_2_25_1002
AA3139,3.28835,-97.02808,0,26,0,2026-02-25T19:19:59Z,PNS,DFW,2026-02-25T19:16:41Z,DFW_PNS_AA_2026_2_25_1520
AA3139,3.28835,-97.02808,0,26,0,2026-02-25T19:19:59Z,PNS,DFW,2026-02-25T19:16:41Z,PNS_DFW_AA_2026_2_25_1740
AF158,34.34088,-95.37047,33600,388,-896,2026-02-25T19:19:59Z,CDG,DFW,2026-02-25T19:53:00Z,CDG_DFW_AF_2026_2_25_956
UA654,3.41082,-85.34875,35000,582,0,2026-02-25T19:19:58Z,IAH,DCA,2026-02-25T20:30:56Z,LAX_IAH_UA_2026_2_25_605
UA654,3.41082,-85.34875,35000,582,0,2026-02-25T19:19:58Z,IAH,DCA,2026-02-25T20:30:56Z,IAH_DCA_UA_2026_2_25_1213
UA6,37.54615,-102.83209,39000,526,-64,2026-02-25T19:19:59Z,NRT,IAH,2026-02-25T20:37:20Z,NRT_IAH_UA_2026_2_25_1818
LH454,40.68889,-121.92346,37000,475,0,2026-02-25T19:20:00Z,FRA,SFO,2026-02-25T19:58:56Z,FRA_SFO_LH_2026_2_25_1054
LH456,42.65079,-118.23716,36000,498,0,2026-02-25T19:19:58Z,FRA,LAX,2026-02-25T20:43:44Z,FRA_LAX_LH_2026_2_25_1113
AA1616,37.40987,-86.84412,33550,544,-960,2026-02-25T19:19:58Z,MCI,CLT,2026-02-25T20:09:36Z,CLT_MCI_AA_2026_2_25_1010
AA1616,37.40987,-86.84412,33550,544,-960,2026-02-25T19:19:58Z,MCI,CLT,2026-02-25T20:09:36Z,MCI_CLT_AA_2026_2_25_1232
AA3317,34.53538,-77.87796,31000,476,0,2026-02-25T19:19:59Z,PBI,LGA,2026-02-25T20:28:48Z,LGA_PBI_AA_2026_2_25_844
AA3317,34.53538,-77.87796,31000,476,0,2026-02-25T19:19:59Z,PBI,LGA,2026-02-25T20:28:48Z,PBI_LGA_AA_2026_2_25_1314
DL42,33.94543,-118.41026,0,0,0,2026-02-25T19:19:58Z,SYD,LAX,2026-02-25T17:05:27Z,SYD_LAX_DL_2026_2_25_1433
DL713,33.98657,-117.88963,8150,279,-1536,2026-02-25T19:19:59Z,JFK,LAX,2026-02-25T19:29:13Z,JFK_LAX_DL_2026_2_25_845
DL120,44.88099,-93.21119,0,0,0,2026-02-25T19:19:56Z,HND,MSP,2026-02-25T18:57:27Z,HND_MSP_DL_2026_2_25_1742
DL274,42.20809,-83.35867,0,0,0,2026-02-25T19:19:59Z,HND,DTW,2026-02-25T18:49:12Z,HND_DTW_DL_2026_2_25_1651
DL274,42.20809,-83.35867,0,0,0,2026-02-25T19:19:59Z,HND,DTW,2026-02-25T18:49:12Z,HND_DTW_DL_2026_2_25_1642
AA142,55.46056,-2.38805,39000,520,0,2026-02-25T19:19:55Z,JFK,LHR,2026-02-25T21:22:08Z,JFK_LHR_AA_2026_2_25_1024
BA195,33.11265,-96.65031,37975,465,-128,2026-02-25T19:19:58Z,LHR,IAH,2026-02-25T19:56:48Z,LHR_IAH_BA_2026_2_25_1010
AF84,44.23543,-119.72378,37000,483,0,2026-02-25T19:19:59Z,CDG,SFO,2026-02-25T20:26:40Z,CDG_SFO_AF_2026_2_25_1105
DL188,46.69562,-106.53985,39025,554,64,2026-02-25T19:19:58Z,ICN,ATL,2026-02-25T21:52:00Z,ICN_ATL_DL_2026_2_25_1814
AA2581,3.88559,-90.58449,38000,382,0,2026-02-25T19:19:59Z,MKE,DFW,2026-02-25T20:43:44Z,DFW_MKE_AA_2026_2_25_1532
AA2581,3.88559,-90.58449,38000,382,0,2026-02-25T19:19:59Z,MKE,DFW,2026-02-25T20:43:44Z,MKE_DFW_AA_2026_2_25_1835
DL1368,36.52782,-77.01048,37025,579,64,2026-02-25T19:19:58Z,MSY,JFK,2026-02-25T20:09:36Z,JFK_MSY_DL_2026_2_25_813
DL1368,36.52782,-77.01048,37025,579,64,2026-02-25T19:19:58Z,MSY,JFK,2026-02-25T20:09:36Z,MSY_JFK_DL_2026_2_25_1154
KL689,22.79251,-89.16135,39000,473,-128,2026-02-25T19:24:57Z,AMS,CUN,2026-02-25T19:54:40Z,AMS_CUN_KL_2026_2_25_906
AF636,31.60506,-96.52486,29550,418,-1856,2026-02-25T19:24:58Z,CDG,IAH,2026-02-25T19:55:44Z,CDG_IAH_AF_2026_2_25_1048
AA2896,27.58932,-78.88828,28575,489,1152,2026-02-25T19:24:57Z,FLL,LGA,2026-02-25T21:26:24Z,LGA_FLL_AA_2026_2_25_1441
AA2896,27.58932,-78.88828,28575,489,1152,2026-02-25T19:24:57Z,FLL,LGA,2026-02-25T21:26:24Z,FLL_LGA_AA_2026_2_25_1906
AA3052,28.35624,-7.87877,35000,478,64,2026-02-25T19:24:58Z,FLL,DCA,2026-02-25T20:58:40Z,DCA_FLL_AA_2026_2_25_1530
AA3052,28.35624,-7.87877,35000,478,64,2026-02-25T19:24:58Z,FLL,DCA,2026-02-25T20:58:40Z,FLL_DCA_AA_2026_2_25_1901
AA882,3.34383,-11.19992,0,1,0,2026-02-25T19:24:47Z,RNO,PHX,2026-02-25T19:22:12Z,PHX_RNO_AA_2026_2_25_819
AA882,3.34383,-11.19992,0,1,0,2026-02-25T19:24:47Z,RNO,PHX,2026-02-25T19:22:12Z,RNO_PHX_AA_2026_2_25_1002
AA3139,32.88559,-97.03198,0,20,0,2026-02-25T19:24:58Z,PNS,DFW,2026-02-25T19:16:41Z,DFW_PNS_AA_2026_2_25_1520
AA3139,32.88559,-97.03198,0,20,0,2026-02-25T19:24:58Z,PNS,DFW,2026-02-25T19:16:41Z,PNS_DFW_AA_2026_2_25_1740
AF158,33.93756,-95.77325,27300,369,-2112,2026-02-25T19:24:57Z,CDG,DFW,2026-02-25T19:52:31Z,CDG_DFW_AF_2026_2_25_956
UA654,34.35892,-84.42001,35025,586,0,2026-02-25T19:24:58Z,IAH,DCA,2026-02-25T20:26:40Z,LAX_IAH_UA_2026_2_25_605
UA654,34.35892,-84.42001,35025,586,0,2026-02-25T19:24:58Z,IAH,DCA,2026-02-25T20:26:40Z,IAH_DCA_UA_2026_2_25_1213
LH454,40.06618,-122.15515,37000,459,0,2026-02-25T19:24:58Z,FRA,SFO,2026-02-25T19:58:56Z,FRA_SFO_LH_2026_2_25_1054
LH456,41.97485,-118.45235,36000,508,0,2026-02-25T19:24:58Z,FRA,LAX,2026-02-25T20:43:44Z,FRA_LAX_LH_2026_2_25_1113
UA6,36.99651,-102.24029,39000,528,-64,2026-02-25T19:24:57Z,NRT,IAH,2026-02-25T20:37:20Z,NRT_IAH_UA_2026_2_25_1818
AA1616,37.10851,-85.97518,33000,539,0,2026-02-25T19:24:59Z,MCI,CLT,2026-02-25T20:05:20Z,CLT_MCI_AA_2026_2_25_1010
AA1616,37.10851,-85.97518,33000,539,0,2026-02-25T19:24:59Z,MCI,CLT,2026-02-25T20:05:20Z,MCI_CLT_AA_2026_2_25_1232
AA3317,35.19373,-7.77146,31000,498,0,2026-02-25T19:24:58Z,PBI,LGA,2026-02-25T20:26:40Z,LGA_PBI_AA_2026_2_25_844
AA3317,35.19373,-7.77146,31000,498,0,2026-02-25T19:24:58Z,PBI,LGA,2026-02-25T20:26:40Z,PBI_LGA_AA_2026_2_25_1314
DL42,33.94544,-118.41026,0,0,0,2026-02-25T19:24:58Z,SYD,LAX,2026-02-25T17:05:27Z,SYD_LAX_DL_2026_2_25_1433
DL713,33.95018,-118.25628,2150,180,-896,2026-02-25T19:24:58Z,JFK,LAX,2026-02-25T19:28:54Z,JFK_LAX_DL_2026_2_25_845
DL120,44.88099,-93.21119,0,0,0,2026-02-25T19:24:56Z,HND,MSP,2026-02-25T18:57:27Z,HND_MSP_DL_2026_2_25_1742
DL274,42.20809,-83.35865,0,0,0,2026-02-25T19:24:54Z,HND,DTW,2026-02-25T18:49:12Z,HND_DTW_DL_2026_2_25_1651
DL274,42.20809,-83.35865,0,0,0,2026-02-25T19:24:54Z,HND,DTW,2026-02-25T18:49:12Z,HND_DTW_DL_2026_2_25_1642
AA142,55.32814,-22.64193,39000,520,0,2026-02-25T19:24:55Z,JFK,LHR,2026-02-25T21:22:08Z,JFK_LHR_AA_2026_2_25_1024
BA195,32.48192,-9.65969,38000,456,-64,2026-02-25T19:24:57Z,LHR,IAH,2026-02-25T19:56:48Z,LHR_IAH_BA_2026_2_25_1010
AF84,43.62098,-120.07972,37000,481,0,2026-02-25T19:24:58Z,CDG,SFO,2026-02-25T20:26:40Z,CDG_SFO_AF_2026_2_25_1105
DL188,46.19385,-105.71085,39000,548,0,2026-02-25T19:24:57Z,ICN,ATL,2026-02-25T21:52:00Z,ICN_ATL_DL_2026_2_25_1814
AA2581,38.45389,-91.03624,38000,384,0,2026-02-25T19:24:59Z,MKE,DFW,2026-02-25T20:43:44Z,DFW_MKE_AA_2026_2_25_1532
AA2581,38.45389,-91.03624,38000,384,0,2026-02-25T19:24:59Z,MKE,DFW,2026-02-25T20:43:44Z,MKE_DFW_AA_2026_2_25_1835
DL1368,37.12001,-76.33713,36975,576,0,2026-02-25T19:24:58Z,MSY,JFK,2026-02-25T20:07:28Z,JFK_MSY_DL_2026_2_25_813
DL1368,37.12001,-76.33713,36975,576,0,2026-02-25T19:24:58Z,MSY,JFK,2026-02-25T20:07:28Z,MSY_JFK_DL_2026_2_25_1154
AA1766,40.64664,-73.79312,0,3,0,2026-02-25T19:24:55Z,JFK,DFW,,DFW_JFK_AA_2026_2_25_1530
AA1766,40.64664,-73.79312,0,3,0,2026-02-25T19:24:55Z,JFK,DFW,,JFK_DFW_AA_2026_2_25_1938
KL689,22.45688,-88.53782,29675,474,-3008,2026-02-25T19:29:59Z,AMS,CUN,2026-02-25T20:01:53Z,AMS_CUN_KL_2026_2_25_906
KL661,29.98824,-95.33142,0,0,0,2026-02-25T19:29:57Z,AMS,IAH,2026-02-25T19:18:18Z,AMS_IAH_KL_2026_2_25_1014
AF636,31.06503,-96.23684,21300,405,-1472,2026-02-25T19:29:58Z,CDG,IAH,2026-02-25T19:52:32Z,CDG_IAH_AF_2026_2_25_1048
AA2896,28.26443,-78.79568,31000,492,0,2026-02-25T19:29:59Z,FLL,LGA,2026-02-25T21:26:24Z,LGA_FLL_AA_2026_2_25_1441
AA2896,28.26443,-78.79568,31000,492,0,2026-02-25T19:29:59Z,FLL,LGA,2026-02-25T21:26:24Z,FLL_LGA_AA_2026_2_25_1906
AA3052,29.01722,-78.69522,35000,480,0,2026-02-25T19:29:57Z,FLL,DCA,2026-02-25T20:58:40Z,DCA_FLL_AA_2026_2_25_1530
AA3052,29.01722,-78.69522,35000,480,0,2026-02-25T19:29:57Z,FLL,DCA,2026-02-25T20:58:40Z,FLL_DCA_AA_2026_2_25_1901
AA882,3.34383,-111.99921,0,0,0,2026-02-25T19:29:02Z,RNO,PHX,2026-02-25T19:22:12Z,PHX_RNO_AA_2026_2_25_819
AA882,3.34383,-111.99921,0,0,0,2026-02-25T19:29:02Z,RNO,PHX,2026-02-25T19:22:12Z,RNO_PHX_AA_2026_2_25_1002
AA3139,32.90045,-97.03429,0,0,0,2026-02-25T19:29:58Z,PNS,DFW,2026-02-25T19:16:41Z,DFW_PNS_AA_2026_2_25_1520
AA3139,32.90045,-97.03429,0,0,0,2026-02-25T19:29:58Z,PNS,DFW,2026-02-25T19:16:41Z,PNS_DFW_AA_2026_2_25_1740
AF158,0.33565,-96.16991,15675,339,-1792,2026-02-25T19:29:59Z,CDG,DFW,2026-02-25T19:48:54Z,CDG_DFW_AF_2026_2_25_956
UA654,34.60419,-83.48001,35000,588,0,2026-02-25T19:29:58Z,IAH,DCA,2026-02-25T20:28:48Z,LAX_IAH_UA_2026_2_25_605
UA654,34.60419,-83.48001,35000,588,0,2026-02-25T19:29:58Z,IAH,DCA,2026-02-25T20:28:48Z,IAH_DCA_UA_2026_2_25_1213
LH454,39.46173,-122.37579,32700,433,-2496,2026-02-25T19:29:58Z,FRA,SFO,2026-02-25T20:01:04Z,FRA_SFO_LH_2026_2_25_1054
UA6,36.43918,-101.65146,38975,520,-64,2026-02-25T19:29:58Z,NRT,IAH,2026-02-25T20:37:20Z,NRT_IAH_UA_2026_2_25_1818
LH456,41.29202,-118.66498,36000,494,-64,2026-02-25T19:29:59Z,FRA,LAX,2026-02-25T20:43:44Z,FRA_LAX_LH_2026_2_25_1113
AA1616,36.80429,-85.12038,33000,544,64,2026-02-25T19:29:58Z,MCI,CLT,2026-02-25T20:09:36Z,CLT_MCI_AA_2026_2_25_1010
AA1616,36.80429,-85.12038,33000,544,64,2026-02-25T19:29:58Z,MCI,CLT,2026-02-25T20:09:36Z,MCI_CLT_AA_2026_2_25_1232
AA3317,35.86464,-77.48692,31000,499,0,2026-02-25T19:29:58Z,PBI,LGA,2026-02-25T20:28:48Z,LGA_PBI_AA_2026_2_25_844
AA3317,35.86464,-77.48692,31000,499,0,2026-02-25T19:29:58Z,PBI,LGA,2026-02-25T20:28:48Z,PBI_LGA_AA_2026_2_25_1314
DL713,33.93552,-118.41249,0,5,0,2026-02-25T19:29:58Z,JFK,LAX,2026-02-25T19:28:12Z,JFK_LAX_DL_2026_2_25_845
DL42,33.94543,-118.41026,0,0,0,2026-02-25T19:29:49Z,SYD,LAX,2026-02-25T17:05:27Z,SYD_LAX_DL_2026_2_25_1433
DL120,44.88098,-9.32112,0,0,0,2026-02-25T19:29:55Z,HND,MSP,2026-02-25T18:57:27Z,HND_MSP_DL_2026_2_25_1742
DL274,42.20809,-83.35866,0,0,0,2026-02-25T19:29:58Z,HND,DTW,2026-02-25T18:49:12Z,HND_DTW_DL_2026_2_25_1651
DL274,42.20809,-83.35866,0,0,0,2026-02-25T19:29:58Z,HND,DTW,2026-02-25T18:49:12Z,HND_DTW_DL_2026_2_25_1642
AA142,55.18228,-21.40486,39000,520,0,2026-02-25T19:29:55Z,JFK,LHR,2026-02-25T21:22:08Z,JFK_LHR_AA_2026_2_25_1024
BA195,31.85914,-96.54359,34925,455,-1472,2026-02-25T19:29:59Z,LHR,IAH,2026-02-25T20:06:20Z,LHR_IAH_BA_2026_2_25_1010
AF84,0.43008,-120.42689,37000,471,0,2026-02-25T19:29:59Z,CDG,SFO,2026-02-25T20:26:40Z,CDG_SFO_AF_2026_2_25_1105
DL188,45.62018,-104.98468,39025,547,-64,2026-02-25T19:29:59Z,ICN,ATL,2026-02-25T21:52:00Z,ICN_ATL_DL_2026_2_25_1814
AA2581,38.05843,-91.47445,38000,382,0,2026-02-25T19:29:58Z,MKE,DFW,2026-02-25T20:43:44Z,DFW_MKE_AA_2026_2_25_1532
AA2581,38.05843,-91.47445,38000,382,0,2026-02-25T19:29:58Z,MKE,DFW,2026-02-25T20:43:44Z,MKE_DFW_AA_2026_2_25_1835
DL1368,37.73927,-75.70422,37025,565,0,2026-02-25T19:29:58Z,MSY,JFK,2026-02-25T20:05:20Z,JFK_MSY_DL_2026_2_25_813
DL1368,37.73927,-75.70422,37025,565,0,2026-02-25T19:29:58Z,MSY,JFK,2026-02-25T20:05:20Z,MSY_JFK_DL_2026_2_25_1154
AF636,30.60367,-95.94256,12875,345,-1344,2026-02-25T19:34:58Z,CDG,IAH,2026-02-25T19:48:50Z,CDG_IAH_AF_2026_2_25_1048
KL689,22.14951,-87.97327,20450,404,-1856,2026-02-25T19:34:58Z,AMS,CUN,2026-02-25T19:56:48Z,AMS_CUN_KL_2026_2_25_906
AA3052,29.68841,-7.85998,35000,483,0,2026-02-25T19:34:59Z,FLL,DCA,2026-02-25T20:58:40Z,DCA_FLL_AA_2026_2_25_1530
AA3052,29.68841,-7.85998,35000,483,0,2026-02-25T19:34:59Z,FLL,DCA,2026-02-25T20:58:40Z,FLL_DCA_AA_2026_2_25_1901
AA2896,28.94478,-78.70126,31000,497,64,2026-02-25T19:34:57Z,FLL,LGA,2026-02-25T21:26:24Z,LGA_FLL_AA_2026_2_25_1441
AA2896,28.94478,-78.70126,31000,497,64,2026-02-25T19:34:57Z,FLL,LGA,2026-02-25T21:26:24Z,FLL_LGA_AA_2026_2_25_1906
AA3139,32.89993,-97.03651,0,0,0,2026-02-25T19:34:55Z,PNS,DFW,2026-02-25T19:16:41Z,DFW_PNS_AA_2026_2_25_1520
AA3139,32.89993,-97.03651,0,0,0,2026-02-25T19:34:55Z,PNS,DFW,2026-02-25T19:16:41Z,PNS_DFW_AA_2026_2_25_1740
AF158,33.29475,-96.53637,9250,247,-1280,2026-02-25T19:34:58Z,CDG,DFW,2026-02-25T19:43:23Z,CDG_DFW_AF_2026_2_25_956
UA654,34.84259,-82.53278,35000,590,0,2026-02-25T19:34:57Z,IAH,DCA,2026-02-25T20:26:40Z,LAX_IAH_UA_2026_2_25_605
UA654,34.84259,-82.53278,35000,590,0,2026-02-25T19:34:57Z,IAH,DCA,2026-02-25T20:26:40Z,IAH_DCA_UA_2026_2_25_1213
LH454,38.89243,-122.57906,29075,419,-256,2026-02-25T19:34:58Z,FRA,SFO,2026-02-25T20:04:13Z,FRA_SFO_LH_2026_2_25_1054
LH456,40.62493,-118.86839,36000,493,0,2026-02-25T19:34:58Z,FRA,LAX,2026-02-25T20:41:36Z,FRA_LAX_LH_2026_2_25_1113
UA6,35.88424,-101.07668,39000,524,-64,2026-02-25T19:34:58Z,NRT,IAH,2026-02-25T20:35:12Z,NRT_IAH_UA_2026_2_25_1818
AA1616,36.46587,-84.27573,31900,536,-960,2026-02-25T19:34:57Z,MCI,CLT,2026-02-25T20:05:20Z,CLT_MCI_AA_2026_2_25_1010
AA1616,36.46587,-84.27573,31900,536,-960,2026-02-25T19:34:57Z,MCI,CLT,2026-02-25T20:05:20Z,MCI_CLT_AA_2026_2_25_1232
AA3317,36.53348,-77.26714,31000,494,0,2026-02-25T19:34:59Z,PBI,LGA,2026-02-25T20:26:40Z,LGA_PBI_AA_2026_2_25_844
AA3317,36.53348,-77.26714,31000,494,0,2026-02-25T19:34:59Z,PBI,LGA,2026-02-25T20:26:40Z,PBI_LGA_AA_2026_2_25_1314
DL713,33.94278,-118.41769,0,6,0,2026-02-25T19:34:58Z,JFK,LAX,2026-02-25T19:28:12Z,JFK_LAX_DL_2026_2_25_845
DL42,33.94542,-118.41026,0,0,0,2026-02-25T19:34:43Z,SYD,LAX,2026-02-25T17:05:27Z,SYD_LAX_DL_2026_2_25_1433
DL120,44.88097,-9.32112,0,0,0,2026-02-25T19:34:55Z,HND,MSP,2026-02-25T18:57:27Z,HND_MSP_DL_2026_2_25_1742
DL274,42.20809,-83.35865,0,0,0,2026-02-25T19:34:57Z,HND,DTW,2026-02-25T18:49:12Z,HND_DTW_DL_2026_2_25_1651
DL274,42.20809,-83.35865,0,0,0,2026-02-25T19:34:57Z,HND,DTW,2026-02-25T18:49:12Z,HND_DTW_DL_2026_2_25_1642
AA142,54.99464,-20.18032,39000,523,0,2026-02-25T19:34:55Z,JFK,LHR,2026-02-25T21:20:00Z,JFK_LHR_AA_2026_2_25_1024
BA195,31.26206,-96.35669,25050,434,-2688,2026-02-25T19:34:57Z,LHR,IAH,2026-02-25T20:02:15Z,LHR_IAH_BA_2026_2_25_1010
AF84,42.40466,-120.76141,37000,467,0,2026-02-25T19:34:58Z,CDG,SFO,2026-02-25T20:26:40Z,CDG_SFO_AF_2026_2_25_1105
DL188,45.04774,-10.42804,39000,551,0,2026-02-25T19:34:57Z,ICN,ATL,2026-02-25T21:52:00Z,ICN_ATL_DL_2026_2_25_1814
AA2581,37.66109,-9.19078,38000,373,0,2026-02-25T19:34:58Z,MKE,DFW,2026-02-25T20:39:28Z,DFW_MKE_AA_2026_2_25_1532
AA2581,37.66109,-9.19078,38000,373,0,2026-02-25T19:34:58Z,MKE,DFW,2026-02-25T20:39:28Z,MKE_DFW_AA_2026_2_25_1835
DL1368,3.84202,-7.52459,37000,516,0,2026-02-25T19:34:59Z,MSY,JFK,2026-02-25T20:05:20Z,JFK_MSY_DL_2026_2_25_813
DL1368,3.84202,-7.52459,37000,516,0,2026-02-25T19:34:59Z,MSY,JFK,2026-02-25T20:05:20Z,MSY_JFK_DL_2026_2_25_1154
AA1766,40.63256,-73.77689,0,15,0,2026-02-25T19:34:58Z,JFK,DFW,,DFW_JFK_AA_2026_2_25_1530
AA1766,40.63256,-73.77689,0,15,0,2026-02-25T19:34:58Z,JFK,DFW,,JFK_DFW_AA_2026_2_25_1938
AF636,30.21808,-95.84128,8875,224,-896,2026-02-25T19:39:59Z,CDG,IAH,2026-02-25T19:48:39Z,CDG_IAH_AF_2026_2_25_1048
KL689,21.77392,-87.58952,11700,324,-1600,2026-02-25T19:39:58Z,AMS,CUN,2026-02-25T19:52:36Z,AMS_CUN_KL_2026_2_25_906
AA2896,29.63208,-78.60454,31000,491,0,2026-02-25T19:39:58Z,FLL,LGA,2026-02-25T21:26:24Z,LGA_FLL_AA_2026_2_25_1441
AA2896,29.63208,-78.60454,31000,491,0,2026-02-25T19:39:58Z,FLL,LGA,2026-02-25T21:26:24Z,FLL_LGA_AA_2026_2_25_1906
AA3052,0.30355,-78.50362,35000,484,0,2026-02-25T19:39:58Z,FLL,DCA,2026-02-25T20:56:32Z,DCA_FLL_AA_2026_2_25_1530
AA3052,0.30355,-78.50362,35000,484,0,2026-02-25T19:39:58Z,FLL,DCA,2026-02-25T20:56:32Z,FLL_DCA_AA_2026_2_25_1901
AA3139,32.89996,-97.03654,0,0,0,2026-02-25T19:39:58Z,PNS,DFW,2026-02-25T19:16:41Z,DFW_PNS_AA_2026_2_25_1520
AA3139,32.89996,-97.03654,0,0,0,2026-02-25T19:39:58Z,PNS,DFW,2026-02-25T19:16:41Z,PNS_DFW_AA_2026_2_25_1740
AF158,33.21428,-9.69054,4600,221,64,2026-02-25T19:39:59Z,CDG,DFW,2026-02-25T19:44:13Z,CDG_DFW_AF_2026_2_25_956
UA654,35.07529,-81.57309,35000,594,0,2026-02-25T19:39:58Z,IAH,DCA,2026-02-25T20:28:48Z,LAX_IAH_UA_2026_2_25_605
UA654,35.07529,-81.57309,35000,594,0,2026-02-25T19:39:58Z,IAH,DCA,2026-02-25T20:28:48Z,IAH_DCA_UA_2026_2_25_1213
UA6,35.32533,-100.50871,39000,519,0,2026-02-25T19:39:58Z,NRT,IAH,2026-02-25T20:35:12Z,NRT_IAH_UA_2026_2_25_1818
LH454,38.34177,-122.73478,21225,381,-1728,2026-02-25T19:40:00Z,FRA,SFO,2026-02-25T20:02:56Z,FRA_SFO_LH_2026_2_25_1054
LH456,39.96684,-1.19065,37000,481,64,2026-02-25T19:39:58Z,FRA,LAX,2026-02-25T20:43:44Z,FRA_LAX_LH_2026_2_25_1113
AA1616,35.97844,-83.58547,31000,531,0,2026-02-25T19:39:59Z,MCI,CLT,2026-02-25T20:09:36Z,CLT_MCI_AA_2026_2_25_1010
AA1616,35.97844,-83.58547,31000,531,0,2026-02-25T19:39:59Z,MCI,CLT,2026-02-25T20:09:36Z,MCI_CLT_AA_2026_2_25_1232
AA3317,37.19454,-77.04557,31000,490,0,2026-02-25T19:39:58Z,PBI,LGA,2026-02-25T20:26:40Z,LGA_PBI_AA_2026_2_25_844
AA3317,37.19454,-77.04557,31000,490,0,2026-02-25T19:39:58Z,PBI,LGA,2026-02-25T20:26:40Z,PBI_LGA_AA_2026_2_25_1314
DL42,33.94543,-118.41026,0,0,0,2026-02-25T19:39:37Z,SYD,LAX,2026-02-25T17:05:27Z,SYD_LAX_DL_2026_2_25_1433
DL120,44.88098,-9.32112,0,0,0,2026-02-25T19:39:59Z,HND,MSP,2026-02-25T18:57:27Z,HND_MSP_DL_2026_2_25_1742
DL274,42.20808,-83.35866,0,0,0,2026-02-25T19:39:59Z,HND,DTW,2026-02-25T18:49:12Z,HND_DTW_DL_2026_2_25_1651
DL274,42.20808,-83.35866,0,0,0,2026-02-25T19:39:59Z,HND,DTW,2026-02-25T18:49:12Z,HND_DTW_DL_2026_2_25_1642
BA195,30.77376,-96.05158,13950,364,-1920,2026-02-25T19:39:59Z,LHR,IAH,2026-02-25T19:55:14Z,LHR_IAH_BA_2026_2_25_1010
AF84,41.81374,-121.08244,37000,449,0,2026-02-25T19:39:58Z,CDG,SFO,2026-02-25T20:28:48Z,CDG_SFO_AF_2026_2_25_1105
DL188,44.45663,-103.57322,39000,561,0,2026-02-25T19:40:00Z,ICN,ATL,2026-02-25T21:52:00Z,ICN_ATL_DL_2026_2_25_1814
AA2581,37.26507,-9.23337,38000,374,-64,2026-02-25T19:39:59Z,MKE,DFW,2026-02-25T20:39:28Z,DFW_MKE_AA_2026_2_25_1532
AA2581,37.26507,-9.23337,38000,374,-64,2026-02-25T19:39:59Z,MKE,DFW,2026-02-25T20:39:28Z,MKE_DFW_AA_2026_2_25_1835
DL1368,39.08098,-74.81504,27800,543,-2624,2026-02-25T19:39:59Z,MSY,JFK,2026-02-25T20:11:29Z,JFK_MSY_DL_2026_2_25_813
DL1368,39.08098,-74.81504,27800,543,-2624,2026-02-25T19:39:59Z,MSY,JFK,2026-02-25T20:11:29Z,MSY_JFK_DL_2026_2_25_1154
AA1766,40.61701,-7.38873,2950,242,2240,2026-02-25T19:39:58Z,JFK,DFW,2026-02-25T23:02:24Z,DFW_JFK_AA_2026_2_25_1530
AA1766,40.61701,-7.38873,2950,242,2240,2026-02-25T19:39:58Z,JFK,DFW,2026-02-25T23:02:24Z,JFK_DFW_AA_2026_2_25_1938
AF636,2.99931,-95.71449,4100,222,-448,2026-02-25T19:44:58Z,CDG,IAH,2026-02-25T19:49:05Z,CDG_IAH_AF_2026_2_25_1048
KL689,21.46598,-87.32259,6425,242,-832,2026-02-25T19:44:58Z,AMS,CUN,2026-02-25T19:51:06Z,AMS_CUN_KL_2026_2_25_906
AA2896,30.30679,-78.50809,31000,495,0,2026-02-25T19:44:56Z,FLL,LGA,2026-02-25T21:24:16Z,LGA_FLL_AA_2026_2_25_1441
AA2896,30.30679,-78.50809,31000,495,0,2026-02-25T19:44:56Z,FLL,LGA,2026-02-25T21:24:16Z,FLL_LGA_AA_2026_2_25_1906
AA3052,31.02348,-78.40585,34975,483,-64,2026-02-25T19:44:58Z,FLL,DCA,2026-02-25T21:00:48Z,DCA_FLL_AA_2026_2_25_1530
AA3052,31.02348,-78.40585,34975,483,-64,2026-02-25T19:44:58Z,FLL,DCA,2026-02-25T21:00:48Z,FLL_DCA_AA_2026_2_25_1901
AA3139,32.89996,-97.03648,0,0,0,2026-02-25T19:44:51Z,PNS,DFW,2026-02-25T19:16:41Z,DFW_PNS_AA_2026_2_25_1520
AA3139,32.89996,-97.03648,0,0,0,2026-02-25T19:44:51Z,PNS,DFW,2026-02-25T19:16:41Z,PNS_DFW_AA_2026_2_25_1740
AF158,33.00224,-97.05372,2025,173,-768,2026-02-25T19:44:57Z,CDG,DFW,2026-02-25T19:46:12Z,CDG_DFW_AF_2026_2_25_956
UA654,35.41936,-80.67822,34975,584,0,2026-02-25T19:44:58Z,IAH,DCA,2026-02-25T20:26:40Z,LAX_IAH_UA_2026_2_25_605
UA654,35.41936,-80.67822,34975,584,0,2026-02-25T19:44:58Z,IAH,DCA,2026-02-25T20:26:40Z,IAH_DCA_UA_2026_2_25_1213
UA6,34.76721,-99.95218,39000,522,-64,2026-02-25T19:44:59Z,NRT,IAH,2026-02-25T20:35:12Z,NRT_IAH_UA_2026_2_25_1818
LH454,37.85516,-122.62647,13025,345,-1344,2026-02-25T19:44:58Z,FRA,SFO,2026-02-25T19:59:13Z,FRA_SFO_LH_2026_2_25_1054
LH456,39.31802,-119.25507,37000,483,0,2026-02-25T19:44:57Z,FRA,LAX,2026-02-25T20:43:44Z,FRA_LAX_LH_2026_2_25_1113
AA1616,35.72479,-82.71051,24250,515,-2496,2026-02-25T19:44:59Z,MCI,CLT,2026-02-25T20:11:14Z,CLT_MCI_AA_2026_2_25_1010
AA1616,35.72479,-82.71051,24250,515,-2496,2026-02-25T19:44:59Z,MCI,CLT,2026-02-25T20:11:14Z,MCI_CLT_AA_2026_2_25_1232
AA3317,37.83513,-76.70578,31000,508,0,2026-02-25T19:44:59Z,PBI,LGA,2026-02-25T20:26:40Z,LGA_PBI_AA_2026_2_25_844
AA3317,37.83513,-76.70578,31000,508,0,2026-02-25T19:44:59Z,PBI,LGA,2026-02-25T20:26:40Z,PBI_LGA_AA_2026_2_25_1314
DL42,33.94542,-118.41026,0,0,0,2026-02-25T19:44:58Z,SYD,LAX,2026-02-25T17:05:27Z,SYD_LAX_DL_2026_2_25_1433
DL120,44.88099,-93.21121,0,0,0,2026-02-25T19:44:59Z,HND,MSP,2026-02-25T18:57:27Z,HND_MSP_DL_2026_2_25_1742
DL274,42.20808,-83.35864,0,0,0,2026-02-25T19:44:57Z,HND,DTW,2026-02-25T18:49:12Z,HND_DTW_DL_2026_2_25_1651
DL274,42.20808,-83.35864,0,0,0,2026-02-25T19:44:57Z,HND,DTW,2026-02-25T18:49:12Z,HND_DTW_DL_2026_2_25_1642
BA195,30.37305,-95.82847,7575,268,-896,2026-02-25T19:44:58Z,LHR,IAH,2026-02-25T19:52:59Z,LHR_IAH_BA_2026_2_25_1010
AF84,41.23434,-121.39093,37000,456,0,2026-02-25T19:44:57Z,CDG,SFO,2026-02-25T20:28:48Z,CDG_SFO_AF_2026_2_25_1105
DL188,43.89038,-102.84622,39000,565,0,2026-02-25T19:44:59Z,ICN,ATL,2026-02-25T21:52:00Z,ICN_ATL_DL_2026_2_25_1814
AA2581,36.86577,-92.75675,38000,385,64,2026-02-25T19:44:57Z,MKE,DFW,2026-02-25T20:43:44Z,DFW_MKE_AA_2026_2_25_1532
AA2581,36.86577,-92.75675,38000,385,64,2026-02-25T19:44:57Z,MKE,DFW,2026-02-25T20:43:44Z,MKE_DFW_AA_2026_2_25_1835
DL1368,39.60004,-74.25211,17325,437,-1472,2026-02-25T19:44:59Z,MSY,JFK,2026-02-25T20:03:55Z,JFK_MSY_DL_2026_2_25_813
DL1368,39.60004,-74.25211,17325,437,-1472,2026-02-25T19:44:59Z,MSY,JFK,2026-02-25T20:03:55Z,MSY_JFK_DL_2026_2_25_1154
AA1766,40.34138,-74.21696,13750,304,2368,2026-02-25T19:44:57Z,JFK,DFW,2026-02-25T23:02:24Z,DFW_JFK_AA_2026_2_25_1530
AA1766,40.34138,-74.21696,13750,304,2368,2026-02-25T19:44:57Z,JFK,DFW,2026-02-25T23:02:24Z,JFK_DFW_AA_2026_2_25_1938
AF636,29.99341,-9.54176,825,141,-768,2026-02-25T19:49:59Z,CDG,IAH,2026-02-25T19:51:31Z,CDG_IAH_AF_2026_2_25_1048
KL689,21.21236,-87.10091,2775,234,64,2026-02-25T19:49:58Z,AMS,CUN,2026-02-25T19:51:56Z,AMS_CUN_KL_2026_2_25_906
AA2896,30.98232,-7.84105,31000,491,0,2026-02-25T19:49:54Z,FLL,LGA,2026-02-25T21:22:08Z,LGA_FLL_AA_2026_2_25_1441
AA2896,30.98232,-7.84105,31000,491,0,2026-02-25T19:49:54Z,FLL,LGA,2026-02-25T21:22:08Z,FLL_LGA_AA_2026_2_25_1906
AA3052,31.69379,-78.30637,35000,487,64,2026-02-25T19:49:58Z,FLL,DCA,2026-02-25T20:58:40Z,DCA_FLL_AA_2026_2_25_1530
AA3052,31.69379,-78.30637,35000,487,64,2026-02-25T19:49:58Z,FLL,DCA,2026-02-25T20:58:40Z,FLL_DCA_AA_2026_2_25_1901
AA3139,32.89996,-97.03652,0,0,0,2026-02-25T19:49:56Z,PNS,DFW,2026-02-25T19:16:41Z,DFW_PNS_AA_2026_2_25_1520
AA3139,32.89996,-97.03652,0,0,0,2026-02-25T19:49:56Z,PNS,DFW,2026-02-25T19:16:41Z,PNS_DFW_AA_2026_2_25_1740
UA654,35.88931,-79.86704,35000,586,0,2026-02-25T19:49:58Z,IAH,DCA,2026-02-25T20:26:40Z,LAX_IAH_UA_2026_2_25_605
UA654,35.88931,-79.86704,35000,586,0,2026-02-25T19:49:58Z,IAH,DCA,2026-02-25T20:26:40Z,IAH_DCA_UA_2026_2_25_1213
UA6,34.20356,-99.39983,39000,520,0,2026-02-25T19:49:59Z,NRT,IAH,2026-02-25T20:37:20Z,NRT_IAH_UA_2026_2_25_1818
AA1616,35.54007,-81.96403,16200,411,-1024,2026-02-25T19:49:58Z,MCI,CLT,2026-02-25T20:06:18Z,CLT_MCI_AA_2026_2_25_1010
AA1616,35.54007,-81.96403,16200,411,-1024,2026-02-25T19:49:58Z,MCI,CLT,2026-02-25T20:06:18Z,MCI_CLT_AA_2026_2_25_1232
LH454,37.54916,-122.32896,9700,246,-1664,2026-02-25T19:49:59Z,FRA,SFO,2026-02-25T20:00:01Z,FRA_SFO_LH_2026_2_25_1054
LH456,38.63789,-119.36975,37000,496,0,2026-02-25T19:49:59Z,FRA,LAX,2026-02-25T20:43:44Z,FRA_LAX_LH_2026_2_25_1113
AA3317,3.84427,-7.62674,31000,513,-64,2026-02-25T19:49:59Z,PBI,LGA,2026-02-25T20:26:40Z,LGA_PBI_AA_2026_2_25_844
AA3317,3.84427,-7.62674,31000,513,-64,2026-02-25T19:49:59Z,PBI,LGA,2026-02-25T20:26:40Z,PBI_LGA_AA_2026_2_25_1314
DL42,33.94543,-118.41026,0,0,0,2026-02-25T19:49:55Z,SYD,LAX,2026-02-25T17:05:27Z,SYD_LAX_DL_2026_2_25_1433
DL120,44.88099,-93.21121,0,0,0,2026-02-25T19:49:58Z,HND,MSP,2026-02-25T18:57:27Z,HND_MSP_DL_2026_2_25_1742
DL274,42.20808,-83.35865,0,0,0,2026-02-25T19:49:59Z,HND,DTW,2026-02-25T18:49:12Z,HND_DTW_DL_2026_2_25_1651
DL274,42.20808,-83.35865,0,0,0,2026-02-25T19:49:59Z,HND,DTW,2026-02-25T18:49:12Z,HND_DTW_DL_2026_2_25_1642
AA142,54.36019,-16.56379,39000,526,0,2026-02-25T19:49:55Z,JFK,LHR,2026-02-25T21:20:00Z,JFK_LHR_AA_2026_2_25_1024
BA195,30.07591,-95.62675,3325,212,-960,2026-02-25T19:49:58Z,LHR,IAH,2026-02-25T19:53:11Z,LHR_IAH_BA_2026_2_25_1010
AF84,40.63843,-121.70215,37000,460,0,2026-02-25T19:50:00Z,CDG,SFO,2026-02-25T20:28:48Z,CDG_SFO_AF_2026_2_25_1105
DL188,43.42941,-101.97044,39000,569,0,2026-02-25T19:49:58Z,ICN,ATL,2026-02-25T21:52:00Z,ICN_ATL_DL_2026_2_25_1814
AA2581,36.44861,-93.19233,38000,391,0,2026-02-25T19:49:59Z,MKE,DFW,2026-02-25T20:43:44Z,DFW_MKE_AA_2026_2_25_1532
AA2581,36.44861,-93.19233,38000,391,0,2026-02-25T19:49:59Z,MKE,DFW,2026-02-25T20:43:44Z,MKE_DFW_AA_2026_2_25_1835
AA1766,40.18557,-74.71046,22725,299,2624,2026-02-25T19:49:59Z,JFK,DFW,2026-02-25T23:02:24Z,DFW_JFK_AA_2026_2_25_1530
AA1766,40.18557,-74.71046,22725,299,2624,2026-02-25T19:49:59Z,JFK,DFW,2026-02-25T23:02:24Z,JFK_DFW_AA_2026_2_25_1938
DL1368,39.99945,-73.87401,10925,307,-1216,2026-02-25T19:49:58Z,MSY,JFK,2026-02-25T20:01:35Z,JFK_MSY_DL_2026_2_25_813
DL1368,39.99945,-73.87401,10925,307,-1216,2026-02-25T19:49:58Z,MSY,JFK,2026-02-25T20:01:35Z,MSY_JFK_DL_2026_2_25_1154
AF636,29.98928,-95.33125,0,8,0,2026-02-25T19:54:59Z,CDG,IAH,2026-02-25T19:51:12Z,CDG_IAH_AF_2026_2_25_1048
KL689,2.10542,-86.88043,0,150,-704,2026-02-25T19:54:47Z,AMS,CUN,2026-02-25T19:54:36Z,AMS_CUN_KL_2026_2_25_906
AA2896,31.67377,-78.30872,34800,485,1344,2026-02-25T19:54:58Z,FLL,LGA,2026-02-25T21:22:08Z,LGA_FLL_AA_2026_2_25_1441
AA2896,31.67377,-78.30872,34800,485,1344,2026-02-25T19:54:58Z,FLL,LGA,2026-02-25T21:22:08Z,FLL_LGA_AA_2026_2_25_1906
AA3052,32.36124,-7.82075,35000,486,64,2026-02-25T19:54:58Z,FLL,DCA,2026-02-25T20:56:32Z,DCA_FLL_AA_2026_2_25_1530
AA3052,32.36124,-7.82075,35000,486,64,2026-02-25T19:54:58Z,FLL,DCA,2026-02-25T20:56:32Z,FLL_DCA_AA_2026_2_25_1901
AF158,32.89444,-97.04322,0,0,0,2026-02-25T19:54:58Z,CDG,DFW,2026-02-25T19:47:24Z,CDG_DFW_AF_2026_2_25_956
AA3139,32.89996,-97.03655,0,0,0,2026-02-25T19:54:51Z,PNS,DFW,2026-02-25T19:16:41Z,DFW_PNS_AA_2026_2_25_1520
AA3139,32.89996,-97.03655,0,0,0,2026-02-25T19:54:51Z,PNS,DFW,2026-02-25T19:16:41Z,PNS_DFW_AA_2026_2_25_1740
UA654,36.36493,-7.90492,30350,586,-1600,2026-02-25T19:54:59Z,IAH,DCA,2026-02-25T20:26:55Z,LAX_IAH_UA_2026_2_25_605
UA654,36.36493,-7.90492,30350,586,-1600,2026-02-25T19:54:59Z,IAH,DCA,2026-02-25T20:26:55Z,IAH_DCA_UA_2026_2_25_1213
UA6,33.64728,-98.86434,38975,518,64,2026-02-25T19:54:59Z,NRT,IAH,2026-02-25T20:37:20Z,NRT_IAH_UA_2026_2_25_1818
LH454,37.49494,-122.11745,3475,199,-640,2026-02-25T19:54:58Z,FRA,SFO,2026-02-25T19:58:07Z,FRA_SFO_LH_2026_2_25_1054
LH456,37.95538,-119.47135,37000,495,-64,2026-02-25T19:54:59Z,FRA,LAX,2026-02-25T20:43:44Z,FRA_LAX_LH_2026_2_25_1113
AA1616,35.34823,-81.36486,11625,353,-832,2026-02-25T19:54:59Z,MCI,CLT,2026-02-25T20:06:06Z,CLT_MCI_AA_2026_2_25_1010
AA1616,35.34823,-81.36486,11625,353,-832,2026-02-25T19:54:59Z,MCI,CLT,2026-02-25T20:06:06Z,MCI_CLT_AA_2026_2_25_1232
AA3317,39.00948,-75.72726,25000,497,64,2026-02-25T19:54:58Z,PBI,LGA,2026-02-25T20:20:50Z,LGA_PBI_AA_2026_2_25_844
AA3317,39.00948,-75.72726,25000,497,64,2026-02-25T19:54:58Z,PBI,LGA,2026-02-25T20:20:50Z,PBI_LGA_AA_2026_2_25_1314
DL42,33.94543,-118.41026,0,0,0,2026-02-25T19:54:52Z,SYD,LAX,2026-02-25T17:05:27Z,SYD_LAX_DL_2026_2_25_1433
DL120,44.88099,-93.21123,0,0,0,2026-02-25T19:54:56Z,HND,MSP,2026-02-25T18:57:27Z,HND_MSP_DL_2026_2_25_1742
DL274,42.20807,-83.35867,0,0,0,2026-02-25T19:54:59Z,HND,DTW,2026-02-25T18:49:12Z,HND_DTW_DL_2026_2_25_1651
DL274,42.20807,-83.35867,0,0,0,2026-02-25T19:54:59Z,HND,DTW,2026-02-25T18:49:12Z,HND_DTW_DL_2026_2_25_1642
AA142,54.08338,-15.36735,39000,521,0,2026-02-25T19:54:58Z,JFK,LHR,2026-02-25T21:20:00Z,JFK_LHR_AA_2026_2_25_1024
BA195,30.00719,-95.37097,0,145,-832,2026-02-25T19:54:58Z,LHR,IAH,2026-02-25T19:54:59Z,LHR_IAH_BA_2026_2_25_1010
AF84,40.04416,-122.00653,36625,466,-1344,2026-02-25T19:54:57Z,CDG,SFO,2026-02-25T20:26:40Z,CDG_SFO_AF_2026_2_25_1105
DL188,42.95728,-101.09919,39000,570,0,2026-02-25T19:54:59Z,ICN,ATL,2026-02-25T21:47:44Z,ICN_ATL_DL_2026_2_25_1814
AA2581,36.03703,-93.61553,38000,382,0,2026-02-25T19:54:58Z,MKE,DFW,2026-02-25T20:43:44Z,DFW_MKE_AA_2026_2_25_1532
AA2581,36.03703,-93.61553,38000,382,0,2026-02-25T19:54:58Z,MKE,DFW,2026-02-25T20:43:44Z,MKE_DFW_AA_2026_2_25_1835
AA1766,4.01419,-75.24487,27300,307,1280,2026-02-25T19:54:58Z,JFK,DFW,2026-02-25T23:00:16Z,DFW_JFK_AA_2026_2_25_1530
AA1766,4.01419,-75.24487,27300,307,1280,2026-02-25T19:54:58Z,JFK,DFW,2026-02-25T23:00:16Z,JFK_DFW_AA_2026_2_25_1938
DL1368,40.34273,-73.62051,4225,254,-1280,2026-02-25T19:54:59Z,MSY,JFK,2026-02-25T20:00:16Z,JFK_MSY_DL_2026_2_25_813
DL1368,40.34273,-73.62051,4225,254,-1280,2026-02-25T19:54:59Z,MSY,JFK,2026-02-25T20:00:16Z,MSY_JFK_DL_2026_2_25_1154
AA2896,32.32736,-78.21274,37000,463,0,2026-02-25T19:59:58Z,FLL,LGA,2026-02-25T21:26:24Z,LGA_FLL_AA_2026_2_25_1441
AA2896,32.32736,-78.21274,37000,463,0,2026-02-25T19:59:58Z,FLL,LGA,2026-02-25T21:26:24Z,FLL_LGA_AA_2026_2_25_1906
AA3052,33.03996,-78.10719,35000,497,0,2026-02-25T19:59:57Z,FLL,DCA,2026-02-25T20:56:32Z,DCA_FLL_AA_2026_2_25_1530
AA3052,33.03996,-78.10719,35000,497,0,2026-02-25T19:59:57Z,FLL,DCA,2026-02-25T20:56:32Z,FLL_DCA_AA_2026_2_25_1901
AA3139,3.28999,-97.03648,0,0,0,2026-02-25T19:59:47Z,PNS,DFW,2026-02-25T19:16:41Z,DFW_PNS_AA_2026_2_25_1520
AA3139,3.28999,-97.03648,0,0,0,2026-02-25T19:59:47Z,PNS,DFW,2026-02-25T19:16:41Z,PNS_DFW_AA_2026_2_25_1740
UA654,36.88087,-78.31113,29000,563,64,2026-02-25T19:59:58Z,IAH,DCA,2026-02-25T20:28:10Z,LAX_IAH_UA_2026_2_25_605
UA654,36.88087,-78.31113,29000,563,64,2026-02-25T19:59:58Z,IAH,DCA,2026-02-25T20:28:10Z,IAH_DCA_UA_2026_2_25_1213
UA6,33.08295,-98.33044,38975,516,0,2026-02-25T19:59:58Z,NRT,IAH,2026-02-25T20:37:20Z,NRT_IAH_UA_2026_2_25_1818
LH456,37.27547,-119.57069,37000,495,0,2026-02-25T19:59:57Z,FRA,LAX,2026-02-25T20:41:36Z,FRA_LAX_LH_2026_2_25_1113
LH454,37.61852,-122.37449,0,123,-64,2026-02-25T19:59:59Z,FRA,SFO,2026-02-25T19:59:49Z,FRA_SFO_LH_2026_2_25_1054
AA1616,35.10746,-81.05907,6000,243,-1664,2026-02-25T19:59:58Z,MCI,CLT,2026-02-25T20:06:35Z,CLT_MCI_AA_2026_2_25_1010
AA1616,35.10746,-81.05907,6000,243,-1664,2026-02-25T19:59:58Z,MCI,CLT,2026-02-25T20:06:35Z,MCI_CLT_AA_2026_2_25_1232
AA3317,39.55027,-75.23163,19050,434,-1536,2026-02-25T19:59:59Z,PBI,LGA,2026-02-25T20:20:30Z,LGA_PBI_AA_2026_2_25_844
AA3317,39.55027,-75.23163,19050,434,-1536,2026-02-25T19:59:59Z,PBI,LGA,2026-02-25T20:20:30Z,PBI_LGA_AA_2026_2_25_1314
DL42,33.94542,-118.41026,0,0,0,2026-02-25T19:59:59Z,SYD,LAX,2026-02-25T17:05:27Z,SYD_LAX_DL_2026_2_25_1433
DL120,0.44881,-93.21123,0,0,0,2026-02-25T19:59:57Z,HND,MSP,2026-02-25T18:57:27Z,HND_MSP_DL_2026_2_25_1742
DL274,42.20805,-83.35865,0,0,0,2026-02-25T19:59:53Z,HND,DTW,2026-02-25T18:49:12Z,HND_DTW_DL_2026_2_25_1651
DL274,42.20805,-83.35865,0,0,0,2026-02-25T19:59:53Z,HND,DTW,2026-02-25T18:49:12Z,HND_DTW_DL_2026_2_25_1642
AA142,53.85866,-14.19135,39000,522,0,2026-02-25T19:59:57Z,JFK,LHR,2026-02-25T21:17:52Z,JFK_LHR_AA_2026_2_25_1024
BA195,29.99109,-95.32545,0,8,0,2026-02-25T19:59:59Z,LHR,IAH,2026-02-25T19:55:12Z,LHR_IAH_BA_2026_2_25_1010
AF84,39.46275,-122.29903,33000,439,0,2026-02-25T19:59:57Z,CDG,SFO,2026-02-25T20:32:11Z,CDG_SFO_AF_2026_2_25_1105
AA2581,35.63232,-94.02672,38000,377,-64,2026-02-25T19:59:58Z,MKE,DFW,2026-02-25T20:43:44Z,DFW_MKE_AA_2026_2_25_1532
AA2581,35.63232,-94.02672,38000,377,-64,2026-02-25T19:59:58Z,MKE,DFW,2026-02-25T20:43:44Z,MKE_DFW_AA_2026_2_25_1835
DL188,42.48761,-100.25723,39000,562,0,2026-02-25T19:59:58Z,ICN,ATL,2026-02-25T21:49:52Z,ICN_ATL_DL_2026_2_25_1814
AA1766,40.09149,-7.58269,28000,330,64,2026-02-25T19:59:57Z,JFK,DFW,2026-02-25T23:00:16Z,DFW_JFK_AA_2026_2_25_1530
AA1766,40.09149,-7.58269,28000,330,64,2026-02-25T19:59:57Z,JFK,DFW,2026-02-25T23:00:16Z,JFK_DFW_AA_2026_2_25_1938
DL1368,40.60747,-73.67912,1250,120,-640,2026-02-25T19:59:59Z,MSY,JFK,2026-02-25T20:00:50Z,JFK_MSY_DL_2026_2_25_813
DL1368,40.60747,-73.67912,1250,120,-640,2026-02-25T19:59:59Z,MSY,JFK,2026-02-25T20:00:50Z,MSY_JFK_DL_2026_2_25_1154
AA2896,32.97416,-78.11716,37000,470,0,2026-02-25T20:04:58Z,FLL,LGA,2026-02-25T21:24:16Z,LGA_FLL_AA_2026_2_25_1441
AA2896,32.97416,-78.11716,37000,470,0,2026-02-25T20:04:58Z,FLL,LGA,2026-02-25T21:24:16Z,FLL_LGA_AA_2026_2_25_1906
AA3052,33.73393,-7.80031,35025,498,0,2026-02-25T20:05:00Z,FLL,DCA,2026-02-25T20:56:32Z,DCA_FLL_AA_2026_2_25_1530
AA3052,33.73393,-7.80031,35025,498,0,2026-02-25T20:05:00Z,FLL,DCA,2026-02-25T20:56:32Z,FLL_DCA_AA_2026_2_25_1901
UA654,37.40724,-77.67042,23650,488,-1792,2026-02-25T20:04:58Z,IAH,DCA,2026-02-25T20:29:43Z,LAX_IAH_UA_2026_2_25_605
UA654,37.40724,-77.67042,23650,488,-1792,2026-02-25T20:04:58Z,IAH,DCA,2026-02-25T20:29:43Z,IAH_DCA_UA_2026_2_25_1213
UA6,32.53424,-97.77939,39000,519,-64,2026-02-25T20:04:58Z,NRT,IAH,2026-02-25T20:37:20Z,NRT_IAH_UA_2026_2_25_1818
LH456,3.65807,-119.60447,37000,503,0,2026-02-25T20:04:58Z,FRA,LAX,2026-02-25T20:41:36Z,FRA_LAX_LH_2026_2_25_1113
AA1616,3.51156,-80.95797,2100,161,-896,2026-02-25T20:04:59Z,MCI,CLT,2026-02-25T20:06:02Z,CLT_MCI_AA_2026_2_25_1010
AA1616,3.51156,-80.95797,2100,161,-896,2026-02-25T20:04:59Z,MCI,CLT,2026-02-25T20:06:02Z,MCI_CLT_AA_2026_2_25_1232
AA3317,39.98972,-74.80073,11575,368,-1408,2026-02-25T20:04:59Z,PBI,LGA,2026-02-25T20:17:18Z,LGA_PBI_AA_2026_2_25_844
AA3317,39.98972,-74.80073,11575,368,-1408,2026-02-25T20:04:59Z,PBI,LGA,2026-02-25T20:17:18Z,PBI_LGA_AA_2026_2_25_1314
DL42,33.94542,-118.41026,0,0,0,2026-02-25T20:04:57Z,SYD,LAX,2026-02-25T17:05:27Z,SYD_LAX_DL_2026_2_25_1433
DL120,0.44881,-93.21123,0,0,0,2026-02-25T20:04:57Z,HND,MSP,2026-02-25T18:57:27Z,HND_MSP_DL_2026_2_25_1742
DL274,42.20805,-83.35863,0,0,0,2026-02-25T20:04:59Z,HND,DTW,2026-02-25T18:49:12Z,HND_DTW_DL_2026_2_25_1651
DL274,42.20805,-83.35863,0,0,0,2026-02-25T20:04:59Z,HND,DTW,2026-02-25T18:49:12Z,HND_DTW_DL_2026_2_25_1642
AA142,53.64224,-13.01936,39000,521,0,2026-02-25T20:04:59Z,JFK,LHR,2026-02-25T21:15:44Z,JFK_LHR_AA_2026_2_25_1024
BA195,29.98934,-95.33754,0,6,0,2026-02-25T20:04:58Z,LHR,IAH,2026-02-25T19:55:12Z,LHR_IAH_BA_2026_2_25_1010
AA2581,35.23256,-94.44202,38000,375,64,2026-02-25T20:04:59Z,MKE,DFW,2026-02-25T20:43:44Z,DFW_MKE_AA_2026_2_25_1532
AA2581,35.23256,-94.44202,38000,375,64,2026-02-25T20:04:59Z,MKE,DFW,2026-02-25T20:43:44Z,MKE_DFW_AA_2026_2_25_1835
AF84,38.89343,-122.57763,30625,422,-1024,2026-02-25T20:04:58Z,CDG,SFO,2026-02-25T20:35:55Z,CDG_SFO_AF_2026_2_25_1105
DL188,42.01921,-9.94407,41000,554,0,2026-02-25T20:04:59Z,ICN,ATL,2026-02-25T21:52:00Z,ICN_ATL_DL_2026_2_25_1814
AA1766,40.03629,-76.43018,28000,338,0,2026-02-25T20:04:58Z,JFK,DFW,2026-02-25T23:00:16Z,DFW_JFK_AA_2026_2_25_1530
AA1766,40.03629,-76.43018,28000,338,0,2026-02-25T20:04:58Z,JFK,DFW,2026-02-25T23:00:16Z,JFK_DFW_AA_2026_2_25_1938
DL1368,40.64791,-73.77303,0,19,0,2026-02-25T20:04:59Z,MSY,JFK,2026-02-25T20:02:12Z,JFK_MSY_DL_2026_2_25_813
DL1368,40.64791,-73.77303,0,19,0,2026-02-25T20:04:59Z,MSY,JFK,2026-02-25T20:02:12Z,MSY_JFK_DL_2026_2_25_1154
AA1349,40.64872,-73.79317,0,0,0,2026-02-25T11:59:59Z,JFK,AUS,,JFK_AUS_AA_2026_2_25_726
KL689,61.86017,-34.99528,36975,473,0,2026-02-25T11:59:56Z,AMS,CUN,2026-02-25T19:22:40Z,AMS_CUN_KL_2026_2_25_906
KL661,61.96029,-32.63011,34975,460,0,2026-02-25T12:00:00Z,AMS,IAH,2026-02-25T19:01:20Z,AMS_IAH_KL_2026_2_25_1014
UA905,59.12514,-31.09969,36025,438,0,2026-02-25T11:59:57Z,LHR,EWR,2026-02-25T16:46:56Z,LHR_EWR_UA_2026_2_25_921
AF636,62.19704,-18.33771,36000,516,0,2026-02-25T11:59:59Z,CDG,IAH,2026-02-25T19:44:00Z,CDG_IAH_AF_2026_2_25_1048
BA53,62.35491,-13.31627,38000,511,0,2026-02-25T11:59:59Z,LHR,SEA,2026-02-25T19:37:36Z,LHR_SEA_BA_2026_2_25_1020
AA2111,35.22007,-80.94247,0,0,0,2026-02-25T11:59:56Z,CLT,LGA,,LGA_CLT_AA_2026_2_25_1014
AA2111,35.22007,-80.94247,0,0,0,2026-02-25T11:59:56Z,CLT,LGA,,CLT_LGA_AA_2026_2_25_743
DL57,66.02966,-34.54777,36000,474,0,2026-02-25T11:59:59Z,AMS,SLC,2026-02-25T18:54:56Z,AMS_SLC_DL_2026_2_25_955
KL601,72.09472,-31.45565,34000,540,0,2026-02-25T11:59:59Z,AMS,LAX,2026-02-25T19:18:24Z,AMS_LAX_KL_2026_2_25_1000
AF158,62.11226,-14.94435,34000,510,0,2026-02-25T11:59:59Z,CDG,DFW,2026-02-25T19:29:04Z,CDG_DFW_AF_2026_2_25_956
LH456,62.44295,-1.94641,33000,533,0,2026-02-25T11:59:59Z,FRA,LAX,2026-02-25T21:02:56Z,FRA_LAX_LH_2026_2_25_1113
DL42,8.75692,-153.13181,41000,490,0,2026-02-25T11:59:55Z,SYD,LAX,2026-02-25T17:01:52Z,SYD_LAX_DL_2026_2_25_1433
DL966,39.14186,-85.21771,17650,287,3840,2026-02-25T11:59:58Z,CVG,SEA,2026-02-25T16:27:44Z,CVG_SEA_DL_2026_2_25_653
DL274,42.21032,-83.35699,0,0,0,2026-02-25T11:59:58Z,HND,DTW,2026-01-19T18:59:44Z,HND_DTW_DL_2026_2_25_1651
DL274,42.21032,-83.35699,0,0,0,2026-02-25T11:59:58Z,HND,DTW,2026-01-19T18:59:44Z,HND_DTW_DL_2026_2_25_1642
UA2115,42.48739,-79.26942,32000,377,-64,2026-02-25T11:59:59Z,EWR,SFO,2026-02-25T17:06:08Z,EWR_SFO_UA_2026_2_25_613
AF338,65.28732,-17.31251,38000,526,-128,2026-02-25T11:59:59Z,CDG,SEA,2026-02-25T18:57:04Z,CDG_SEA_AF_2026_2_25_1036
UA838,51.49676,-176.11145,35000,496,0,2026-02-25T11:59:57Z,NRT,SFO,2026-02-25T16:59:44Z,NRT_SFO_UA_2026_2_25_1655
AF84,61.53546,-11.27893,34000,512,0,2026-02-25T11:59:59Z,CDG,SFO,2026-02-25T20:48:00Z,CDG_SFO_AF_2026_2_25_1105
AA1349,40.64903,-73.79248,0,0,0,2026-02-25T12:04:58Z,JFK,AUS,,JFK_AUS_AA_2026_2_25_726
KL689,61.79073,-36.26979,37000,20,0,2026-02-25T12:04:54Z,AMS,CUN,2026-02-25T19:22:40Z,AMS_CUN_KL_2026_2_25_906
KL661,61.91447,-33.87634,35000,20,-64,2026-02-25T12:04:54Z,AMS,IAH,2026-02-25T18:57:04Z,AMS_IAH_KL_2026_2_25_1014
AF636,62.48369,-19.73338,36000,514,0,2026-02-25T12:04:58Z,CDG,IAH,2026-02-25T19:39:44Z,CDG_IAH_AF_2026_2_25_1048
BA53,62.93094,-14.22856,39000,520,-64,2026-02-25T12:04:59Z,LHR,SEA,2026-02-25T19:35:28Z,LHR_SEA_BA_2026_2_25_1020
AA2111,35.22007,-8.09425,0,0,0,2026-02-25T12:04:33Z,CLT,LGA,,LGA_CLT_AA_2026_2_25_1014
AA2111,35.22007,-8.09425,0,0,0,2026-02-25T12:04:33Z,CLT,LGA,,CLT_LGA_AA_2026_2_25_743
DL33,5.82104,-35.34795,37000,448,0,2026-02-25T12:04:58Z,LHR,ATL,2026-02-25T17:55:12Z,LHR_ATL_DL_2026_2_25_908
DL57,66.31462,-36.00071,36000,469,0,2026-02-25T12:04:59Z,AMS,SLC,2026-02-25T18:54:56Z,AMS_SLC_DL_2026_2_25_955
AF158,62.38051,-16.33699,34000,510,0,2026-02-25T12:04:57Z,CDG,DFW,2026-02-25T19:29:04Z,CDG_DFW_AF_2026_2_25_956
LH456,63.05516,-2.84312,33000,536,0,2026-02-25T12:04:58Z,FRA,LAX,2026-02-25T21:05:04Z,FRA_LAX_LH_2026_2_25_1113
DL966,39.38177,-85.67407,28000,328,1216,2026-02-25T12:04:57Z,CVG,SEA,2026-02-25T16:25:36Z,CVG_SEA_DL_2026_2_25_653
DL274,42.21032,-83.35698,0,0,0,2026-02-25T12:04:54Z,HND,DTW,2026-01-19T18:59:44Z,HND_DTW_DL_2026_2_25_1651
DL274,42.21032,-83.35698,0,0,0,2026-02-25T12:04:54Z,HND,DTW,2026-01-19T18:59:44Z,HND_DTW_DL_2026_2_25_1642
UA2115,4.26189,-79.94227,32000,371,0,2026-02-25T12:04:58Z,EWR,SFO,2026-02-25T17:06:08Z,EWR_SFO_UA_2026_2_25_613
BA175,5.78739,-2.62176,36000,452,0,2026-02-25T12:04:56Z,LHR,JFK,2026-02-25T16:59:44Z,LHR_JFK_BA_2026_2_25_955
AF338,65.82747,-18.46551,38000,526,-64,2026-02-25T12:04:57Z,CDG,SEA,2026-02-25T18:54:56Z,CDG_SEA_AF_2026_2_25_1036
UA838,51.61208,-175.00047,35000,498,0,2026-02-25T12:04:59Z,NRT,SFO,2026-02-25T16:57:36Z,NRT_SFO_UA_2026_2_25_1655
AF84,62.01284,-12.46887,34000,517,0,2026-02-25T12:04:59Z,CDG,SFO,2026-02-25T20:45:52Z,CDG_SFO_AF_2026_2_25_1105
AA1349,40.64902,-73.79248,0,0,0,2026-02-25T12:09:57Z,JFK,AUS,,JFK_AUS_AA_2026_2_25_726
KL689,61.69661,-37.72342,37000,463,0,2026-02-25T12:09:59Z,AMS,CUN,2026-02-25T19:24:48Z,AMS_CUN_KL_2026_2_25_906
KL661,61.84656,-35.32664,35000,462,-64,2026-02-25T12:09:59Z,AMS,IAH,2026-02-25T18:59:12Z,AMS_IAH_KL_2026_2_25_1014
AF636,62.69497,-21.18851,36000,503,0,2026-02-25T12:09:59Z,CDG,IAH,2026-02-25T19:44:00Z,CDG_IAH_AF_2026_2_25_1048
BA53,6.35061,-15.18596,39000,519,0,2026-02-25T12:09:59Z,LHR,SEA,2026-02-25T19:33:20Z,LHR_SEA_BA_2026_2_25_1020
UA830,9.06425,-145.98325,39000,495,0,2026-02-25T12:09:57Z,SYD,SFO,2026-02-25T16:29:52Z,SYD_SFO_UA_2026_2_25_1423
UA4200,6.16779,-75.42574,0,0,0,2026-02-25T12:09:27Z,MDE,EWR,,MDE_EWR_UA_2026_2_25_1248
AA2111,35.22027,-80.94246,0,0,0,2026-02-25T12:09:19Z,CLT,LGA,,LGA_CLT_AA_2026_2_25_1014
AA2111,35.22027,-80.94246,0,0,0,2026-02-25T12:09:19Z,CLT,LGA,,CLT_LGA_AA_2026_2_25_743
DL57,66.58515,-3.74831,36000,474,0,2026-02-25T12:09:59Z,AMS,SLC,2026-02-25T18:52:48Z,AMS_SLC_DL_2026_2_25_955
AF158,62.63594,-17.76172,34000,505,0,2026-02-25T12:09:59Z,CDG,DFW,2026-02-25T19:31:12Z,CDG_DFW_AF_2026_2_25_956
LH454,66.07919,-8.07256,34000,527,0,2026-02-25T12:09:57Z,FRA,SFO,2026-02-25T20:33:04Z,FRA_SFO_LH_2026_2_25_1054
LH456,63.66172,-0.37782,33000,534,0,2026-02-25T12:09:58Z,FRA,LAX,2026-02-25T21:07:12Z,FRA_LAX_LH_2026_2_25_1113
DL966,39.68629,-86.17505,33675,360,1536,2026-02-25T12:09:59Z,CVG,SEA,2026-02-25T16:25:36Z,CVG_SEA_DL_2026_2_25_653
DL274,42.21032,-83.35698,0,0,0,2026-02-25T12:09:59Z,HND,DTW,2026-01-19T18:59:44Z,HND_DTW_DL_2026_2_25_1651
DL274,42.21032,-83.35698,0,0,0,2026-02-25T12:09:59Z,HND,DTW,2026-01-19T18:59:44Z,HND_DTW_DL_2026_2_25_1642
UA2115,42.64674,-80.63652,32000,367,0,2026-02-25T12:09:59Z,EWR,SFO,2026-02-25T17:06:08Z,EWR_SFO_UA_2026_2_25_613
AF338,66.36681,-19.68654,38000,531,64,2026-02-25T12:09:57Z,CDG,SEA,2026-02-25T18:57:04Z,CDG_SEA_AF_2026_2_25_1036
UA838,5.17125,-173.97479,35000,497,0,2026-02-25T12:09:57Z,NRT,SFO,2026-02-25T16:57:36Z,NRT_SFO_UA_2026_2_25_1655
AF84,62.46593,-13.66709,34000,525,0,2026-02-25T12:09:58Z,CDG,SFO,2026-02-25T20:43:44Z,CDG_SFO_AF_2026_2_25_1105
UA905,59.23842,-34.46747,36025,427,0,2026-02-25T12:14:54Z,LHR,EWR,2026-02-25T16:46:56Z,LHR_EWR_UA_2026_2_25_921
KL689,61.59801,-39.03482,36975,460,-64,2026-02-25T12:14:56Z,AMS,CUN,2026-02-25T19:26:56Z,AMS_CUN_KL_2026_2_25_906
KL661,6.17704,-36.65971,35000,455,0,2026-02-25T12:14:59Z,AMS,IAH,2026-02-25T19:01:20Z,AMS_IAH_KL_2026_2_25_1014
AF636,62.87606,-22.65064,36000,497,0,2026-02-25T12:14:58Z,CDG,IAH,2026-02-25T19:41:52Z,CDG_IAH_AF_2026_2_25_1048
BA53,64.07368,-16.18096,39000,524,0,2026-02-25T12:14:57Z,LHR,SEA,2026-02-25T19:33:20Z,LHR_SEA_BA_2026_2_25_1020
UA4200,6.16779,-75.42573,0,0,0,2026-02-25T12:14:47Z,MDE,EWR,,MDE_EWR_UA_2026_2_25_1248
AA2111,35.22007,-80.94244,0,0,0,2026-02-25T12:14:52Z,CLT,LGA,,LGA_CLT_AA_2026_2_25_1014
AA2111,35.22007,-80.94244,0,0,0,2026-02-25T12:14:52Z,CLT,LGA,,CLT_LGA_AA_2026_2_25_743
DL57,66.84187,-39.00015,36000,473,0,2026-02-25T12:14:58Z,AMS,SLC,2026-02-25T18:54:56Z,AMS_SLC_DL_2026_2_25_955
AF158,62.87242,-19.18365,34000,502,0,2026-02-25T12:14:57Z,CDG,DFW,2026-02-25T19:31:12Z,CDG_DFW_AF_2026_2_25_956
LH456,64.24827,-4.73183,33000,533,0,2026-02-25T12:14:57Z,FRA,LAX,2026-02-25T21:05:04Z,FRA_LAX_LH_2026_2_25_1113
DL42,10.12858,-151.59555,41000,491,0,2026-02-25T12:14:59Z,SYD,LAX,2026-02-25T17:01:52Z,SYD_LAX_DL_2026_2_25_1433
DL966,39.99112,-86.70073,36875,376,512,2026-02-25T12:14:57Z,CVG,SEA,2026-02-25T16:25:36Z,CVG_SEA_DL_2026_2_25_653
DL274,42.21032,-83.35699,0,0,0,2026-02-25T12:14:54Z,HND,DTW,2026-01-19T18:59:44Z,HND_DTW_DL_2026_2_25_1651
DL274,42.21032,-83.35699,0,0,0,2026-02-25T12:14:54Z,HND,DTW,2026-01-19T18:59:44Z,HND_DTW_DL_2026_2_25_1642
UA2115,4.26736,-81.32698,32000,373,0,2026-02-25T12:14:58Z,EWR,SFO,2026-02-25T17:06:08Z,EWR_SFO_UA_2026_2_25_613
AF338,66.90546,-20.93887,39000,531,64,2026-02-25T12:14:57Z,CDG,SEA,2026-02-25T18:54:56Z,CDG_SEA_AF_2026_2_25_1036
AF84,62.91357,-14.91648,34000,526,0,2026-02-25T12:14:58Z,CDG,SFO,2026-02-25T20:43:44Z,CDG_SFO_AF_2026_2_25_1105
DL2301,44.88206,-93.21564,0,0,0,2026-02-25T12:19:57Z,MSP,TPA,,MSP_TPA_DL_2026_2_25_806
AA1349,40.63166,-73.77493,0,16,0,2026-02-25T12:19:59Z,JFK,AUS,,JFK_AUS_AA_2026_2_25_726
KL689,61.47771,-4.03625,37000,460,0,2026-02-25T12:19:59Z,AMS,CUN,2026-02-25T19:26:56Z,AMS_CUN_KL_2026_2_25_906
KL661,61.68169,-37.98111,35000,454,0,2026-02-25T12:20:00Z,AMS,IAH,2026-02-25T19:01:20Z,AMS_IAH_KL_2026_2_25_1014
AF636,63.04048,-24.11827,36000,500,0,2026-02-25T12:19:58Z,CDG,IAH,2026-02-25T19:46:08Z,CDG_IAH_AF_2026_2_25_1048
BA53,6.46452,-1.72381,39000,531,0,2026-02-25T12:19:59Z,LHR,SEA,2026-02-25T19:31:12Z,LHR_SEA_BA_2026_2_25_1020
UA4200,6.16779,-75.42573,0,0,0,2026-02-25T12:19:37Z,MDE,EWR,,MDE_EWR_UA_2026_2_25_1248
DL166,5.37642,-176.72174,37000,503,0,2026-02-25T12:19:54Z,HND,SEA,2026-02-25T16:32:00Z,HND_SEA_DL_2026_2_25_1707
AA2111,35.22011,-80.94252,0,0,0,2026-02-25T12:19:47Z,CLT,LGA,,LGA_CLT_AA_2026_2_25_1014
AA2111,35.22011,-80.94252,0,0,0,2026-02-25T12:19:47Z,CLT,LGA,,CLT_LGA_AA_2026_2_25_743
DL33,58.18336,-38.84492,38000,445,0,2026-02-25T12:19:57Z,LHR,ATL,2026-02-25T17:55:12Z,LHR_ATL_DL_2026_2_25_908
DL57,67.12752,-40.51376,36000,478,0,2026-02-25T12:19:59Z,AMS,SLC,2026-02-25T18:52:48Z,AMS_SLC_DL_2026_2_25_955
AF158,63.08564,-20.62757,34000,496,0,2026-02-25T12:19:58Z,CDG,DFW,2026-02-25T19:31:12Z,CDG_DFW_AF_2026_2_25_956
LH454,6.72684,-10.53002,34000,544,0,2026-02-25T12:19:59Z,FRA,SFO,2026-02-25T20:26:40Z,FRA_SFO_LH_2026_2_25_1054
LH456,64.81731,-0.57067,33000,533,0,2026-02-25T12:19:57Z,FRA,LAX,2026-02-25T21:05:04Z,FRA_LAX_LH_2026_2_25_1113
DL966,40.31014,-8.72282,38000,367,0,2026-02-25T12:19:58Z,CVG,SEA,2026-02-25T16:25:36Z,CVG_SEA_DL_2026_2_25_653
DL274,56.92612,-171.30115,37000,476,0,2026-02-25T12:19:55Z,HND,DTW,2026-02-25T18:59:12Z,HND_DTW_DL_2026_2_25_1651
DL274,56.92612,-171.30115,37000,476,0,2026-02-25T12:19:55Z,HND,DTW,2026-02-25T18:59:12Z,HND_DTW_DL_2026_2_25_1642
DL274,42.21031,-83.35699,0,0,0,2026-02-25T12:19:50Z,HND,DTW,2026-01-19T18:59:44Z,HND_DTW_DL_2026_2_25_1651
DL274,42.21031,-83.35699,0,0,0,2026-02-25T12:19:50Z,HND,DTW,2026-01-19T18:59:44Z,HND_DTW_DL_2026_2_25_1642
UA2115,42.75298,-82.02711,32000,375,0,2026-02-25T12:19:59Z,EWR,SFO,2026-02-25T17:06:08Z,EWR_SFO_UA_2026_2_25_613
BA175,58.03215,-29.69515,36000,455,0,2026-02-25T12:19:59Z,LHR,JFK,2026-02-25T16:59:44Z,LHR_JFK_BA_2026_2_25_955
AF338,67.44307,-22.25555,39000,535,0,2026-02-25T12:19:59Z,CDG,SEA,2026-02-25T18:52:48Z,CDG_SEA_AF_2026_2_25_1036
DL120,53.59586,176.46101,39000,490,0,2026-02-25T12:19:57Z,HND,MSP,2026-02-25T19:05:36Z,HND_MSP_DL_2026_2_25_1742
UA838,51.89223,-171.70628,35000,494,0,2026-02-25T12:19:59Z,NRT,SFO,2026-02-25T16:57:36Z,NRT_SFO_UA_2026_2_25_1655
AF84,63.34847,-0.00162,34000,522,0,2026-02-25T12:19:59Z,CDG,SFO,2026-02-25T20:43:44Z,CDG_SFO_AF_2026_2_25_1105
AA1349,40.62889,-73.77132,0,0,0,2026-02-25T12:24:57Z,JFK,AUS,,JFK_AUS_AA_2026_2_25_726
KL661,61.58088,-39.28741,35000,457,0,2026-02-25T12:24:58Z,AMS,IAH,2026-02-25T19:01:20Z,AMS_IAH_KL_2026_2_25_1014
AF636,63.18912,-25.59762,36000,491,-64,2026-02-25T12:24:58Z,CDG,IAH,2026-02-25T19:44:00Z,CDG_IAH_AF_2026_2_25_1048
BA53,65.20193,-18.32651,39000,530,0,2026-02-25T12:24:58Z,LHR,SEA,2026-02-25T19:35:28Z,LHR_SEA_BA_2026_2_25_1020
UA830,10.46456,-144.43948,39000,496,0,2026-02-25T12:24:55Z,SYD,SFO,2026-02-25T16:29:52Z,SYD_SFO_UA_2026_2_25_1423
AA2111,3.52201,-8.09425,0,0,0,2026-02-25T12:24:37Z,CLT,LGA,,LGA_CLT_AA_2026_2_25_1014
AA2111,3.52201,-8.09425,0,0,0,2026-02-25T12:24:37Z,CLT,LGA,,CLT_LGA_AA_2026_2_25_743
DL57,67.46192,-41.92566,36000,480,0,2026-02-25T12:24:59Z,AMS,SLC,2026-02-25T18:52:48Z,AMS_SLC_DL_2026_2_25_955
AF158,63.27274,-22.08347,34000,492,0,2026-02-25T12:24:58Z,CDG,DFW,2026-02-25T19:31:12Z,CDG_DFW_AF_2026_2_25_956
LH454,67.85101,-11.73575,34000,536,0,2026-02-25T12:24:58Z,FRA,SFO,2026-02-25T20:28:48Z,FRA_SFO_LH_2026_2_25_1054
DL966,40.61985,-87.75149,38000,369,0,2026-02-25T12:24:57Z,CVG,SEA,2026-02-25T16:27:44Z,CVG_SEA_DL_2026_2_25_653
DL274,57.16829,-170.17255,37000,489,0,2026-02-25T12:24:49Z,HND,DTW,2026-02-25T18:54:56Z,HND_DTW_DL_2026_2_25_1651
DL274,57.16829,-170.17255,37000,489,0,2026-02-25T12:24:49Z,HND,DTW,2026-02-25T18:54:56Z,HND_DTW_DL_2026_2_25_1642
DL274,42.21032,-83.35698,0,0,0,2026-02-25T12:24:59Z,HND,DTW,2026-01-19T18:59:44Z,HND_DTW_DL_2026_2_25_1651
DL274,42.21032,-83.35698,0,0,0,2026-02-25T12:24:59Z,HND,DTW,2026-01-19T18:59:44Z,HND_DTW_DL_2026_2_25_1642
UA2115,42.83203,-82.71645,32000,372,0,2026-02-25T12:24:57Z,EWR,SFO,2026-02-25T17:04:00Z,EWR_SFO_UA_2026_2_25_613
KL605,72.69436,-36.65583,36000,538,0,2026-02-25T12:24:59Z,AMS,SFO,2026-02-25T19:18:24Z,AMS_SFO_KL_2026_2_25_1013
AF338,67.96902,-23.63081,39000,536,-64,2026-02-25T12:24:58Z,CDG,SEA,2026-02-25T18:52:48Z,CDG_SEA_AF_2026_2_25_1036
UA838,51.96318,-170.62828,35000,550,0,2026-02-25T12:24:53Z,NRT,SFO,2026-02-25T16:57:36Z,NRT_SFO_UA_2026_2_25_1655
BA117,56.26645,-42.05512,36000,452,0,2026-02-25T12:24:55Z,LHR,JFK,2026-02-25T16:12:48Z,LHR_JFK_BA_2026_2_25_903
AF84,63.76561,-17.50386,34000,517,0,2026-02-25T12:24:57Z,CDG,SFO,2026-02-25T20:43:44Z,CDG_SFO_AF_2026_2_25_1105
AA1349,40.53928,-73.95599,8150,239,3392,2026-02-25T12:29:59Z,JFK,AUS,2026-02-25T15:47:12Z,JFK_AUS_AA_2026_2_25_726
UA905,5.91909,-37.98301,36025,432,0,2026-02-25T12:29:56Z,LHR,EWR,2026-02-25T16:46:56Z,LHR_EWR_UA_2026_2_25_921
KL661,61.46155,-40.52443,35000,457,0,2026-02-25T12:29:53Z,AMS,IAH,2026-02-25T18:59:12Z,AMS_IAH_KL_2026_2_25_1014
AF636,63.32002,-27.06524,36000,487,64,2026-02-25T12:29:59Z,CDG,IAH,2026-02-25T19:12:00Z,CDG_IAH_AF_2026_2_25_1048
BA53,65.74979,-19.46011,39000,523,0,2026-02-25T12:29:58Z,LHR,SEA,2026-02-25T19:31:12Z,LHR_SEA_BA_2026_2_25_1020
AF158,6.34427,-23.54201,34000,489,64,2026-02-25T12:29:59Z,CDG,DFW,2026-02-25T19:33:20Z,CDG_DFW_AF_2026_2_25_956
LH454,68.42491,-13.00389,34000,539,0,2026-02-25T12:29:58Z,FRA,SFO,2026-02-25T20:30:56Z,FRA_SFO_LH_2026_2_25_1054
DL42,11.51421,-150.02188,41000,498,0,2026-02-25T12:29:58Z,SYD,LAX,2026-02-25T17:01:52Z,SYD_LAX_DL_2026_2_25_1433
DL966,40.93391,-88.29022,38000,373,0,2026-02-25T12:29:58Z,CVG,SEA,2026-02-25T16:25:36Z,CVG_SEA_DL_2026_2_25_653
DL274,57.37706,-168.93985,37000,488,0,2026-02-25T12:29:57Z,HND,DTW,2026-02-25T18:57:04Z,HND_DTW_DL_2026_2_25_1651
DL274,57.37706,-168.93985,37000,488,0,2026-02-25T12:29:57Z,HND,DTW,2026-02-25T18:57:04Z,HND_DTW_DL_2026_2_25_1642
DL274,42.21033,-83.35699,0,0,0,2026-02-25T12:29:55Z,HND,DTW,2026-01-19T18:59:44Z,HND_DTW_DL_2026_2_25_1651
DL274,42.21033,-83.35699,0,0,0,2026-02-25T12:29:55Z,HND,DTW,2026-01-19T18:59:44Z,HND_DTW_DL_2026_2_25_1642
UA2115,42.91978,-83.41402,32000,373,0,2026-02-25T12:29:58Z,EWR,SFO,2026-02-25T17:06:08Z,EWR_SFO_UA_2026_2_25_613
AF338,68.48332,-25.07054,39000,535,0,2026-02-25T12:29:58Z,CDG,SEA,2026-02-25T18:50:40Z,CDG_SEA_AF_2026_2_25_1036
UA838,52.01917,-169.51942,37000,478,0,2026-02-25T12:29:58Z,NRT,SFO,2026-02-25T17:01:52Z,NRT_SFO_UA_2026_2_25_1655
AF84,64.17216,-18.85133,34000,522,0,2026-02-25T12:29:58Z,CDG,SFO,2026-02-25T20:43:44Z,CDG_SFO_AF_2026_2_25_1105
AA1349,40.27034,-74.32575,16700,302,64,2026-02-25T12:34:58Z,JFK,AUS,2026-02-25T16:19:12Z,JFK_AUS_AA_2026_2_25_726
KL689,60.99271,-44.21381,37000,465,-64,2026-02-25T12:34:57Z,AMS,CUN,2026-02-25T19:22:40Z,AMS_CUN_KL_2026_2_25_906
AF636,63.43506,-28.53688,36000,484,0,2026-02-25T12:34:57Z,CDG,IAH,2026-02-25T19:46:08Z,CDG_IAH_AF_2026_2_25_1048
BA53,66.30495,-20.60773,39000,526,0,2026-02-25T12:34:58Z,LHR,SEA,2026-02-25T19:31:12Z,LHR_SEA_BA_2026_2_25_1020
DL33,58.24159,-42.38118,38000,428,0,2026-02-25T12:34:58Z,LHR,ATL,2026-02-25T17:57:20Z,LHR_ATL_DL_2026_2_25_908
DL57,68.11742,-44.99137,36000,471,0,2026-02-25T12:34:59Z,AMS,SLC,2026-02-25T18:52:48Z,AMS_SLC_DL_2026_2_25_955
AF158,63.59808,-25.02092,34000,483,0,2026-02-25T12:34:59Z,CDG,DFW,2026-02-25T19:31:12Z,CDG_DFW_AF_2026_2_25_956
LH454,68.96745,-14.29029,34000,533,0,2026-02-25T12:34:54Z,FRA,SFO,2026-02-25T20:30:56Z,FRA_SFO_LH_2026_2_25_1054
LH456,66.56055,-0.90575,33000,535,0,2026-02-25T12:34:56Z,FRA,LAX,2026-02-25T21:05:04Z,FRA_LAX_LH_2026_2_25_1113
DL966,41.24753,-88.83795,38000,378,0,2026-02-25T12:34:58Z,CVG,SEA,2026-02-25T16:23:28Z,CVG_SEA_DL_2026_2_25_653
DL274,57.55554,-167.81659,37000,489,0,2026-02-25T12:34:37Z,HND,DTW,2026-02-25T18:59:12Z,HND_DTW_DL_2026_2_25_1651
DL274,57.55554,-167.81659,37000,489,0,2026-02-25T12:34:37Z,HND,DTW,2026-02-25T18:59:12Z,HND_DTW_DL_2026_2_25_1642
DL274,42.21032,-83.35699,0,0,0,2026-02-25T12:34:55Z,HND,DTW,2026-01-19T18:59:44Z,HND_DTW_DL_2026_2_25_1651
DL274,42.21032,-83.35699,0,0,0,2026-02-25T12:34:55Z,HND,DTW,2026-01-19T18:59:44Z,HND_DTW_DL_2026_2_25_1642
UA2115,42.97971,-84.11491,32000,375,0,2026-02-25T12:34:57Z,EWR,SFO,2026-02-25T17:04:00Z,EWR_SFO_UA_2026_2_25_613
BA175,58.30527,-33.23208,36000,457,0,2026-02-25T12:34:54Z,LHR,JFK,2026-02-25T16:59:44Z,LHR_JFK_BA_2026_2_25_955
AF338,6.89798,-26.56123,39000,536,0,2026-02-25T12:34:54Z,CDG,SEA,2026-02-25T18:48:32Z,CDG_SEA_AF_2026_2_25_1036
UA838,52.05536,-168.46051,37000,469,0,2026-02-25T12:34:57Z,NRT,SFO,2026-02-25T17:04:00Z,NRT_SFO_UA_2026_2_25_1655
AF84,64.54849,-20.25158,34000,517,0,2026-02-25T12:34:59Z,CDG,SFO,2026-02-25T20:45:52Z,CDG_SFO_AF_2026_2_25_1105
AA1349,40.17449,-74.84792,22700,304,2432,2026-02-25T12:39:59Z,JFK,AUS,2026-02-25T16:19:12Z,JFK_AUS_AA_2026_2_25_726
KL689,60.80663,-45.47269,37000,464,-64,2026-02-25T12:39:57Z,AMS,CUN,2026-02-25T19:22:40Z,AMS_CUN_KL_2026_2_25_906
AF636,63.52354,-29.83823,36000,70,0,2026-02-25T12:39:35Z,CDG,IAH,2026-02-25T19:46:08Z,CDG_IAH_AF_2026_2_25_1048
BA53,6.68671,-21.77956,39000,528,-64,2026-02-25T12:39:58Z,LHR,SEA,2026-02-25T19:31:12Z,LHR_SEA_BA_2026_2_25_1020
UA4200,6.16779,-75.42573,0,0,0,2026-02-25T12:39:45Z,MDE,EWR,,MDE_EWR_UA_2026_2_25_1248
AA2111,35.20966,-80.94901,0,15,0,2026-02-25T12:39:57Z,CLT,LGA,,LGA_CLT_AA_2026_2_25_1014
AA2111,35.20966,-80.94901,0,15,0,2026-02-25T12:39:57Z,CLT,LGA,,CLT_LGA_AA_2026_2_25_743
DL33,58.09886,-4.34729,38000,433,0,2026-02-25T12:39:58Z,LHR,ATL,2026-02-25T17:57:20Z,LHR_ATL_DL_2026_2_25_908
AF158,63.73644,-26.49694,34000,481,0,2026-02-25T12:39:59Z,CDG,DFW,2026-02-25T19:31:12Z,CDG_DFW_AF_2026_2_25_956
DL57,68.41708,-46.55731,36000,474,0,2026-02-25T12:39:59Z,AMS,SLC,2026-02-25T18:54:56Z,AMS_SLC_DL_2026_2_25_955
LH454,69.50352,-15.65069,34000,533,0,2026-02-25T12:39:59Z,FRA,SFO,2026-02-25T20:30:56Z,FRA_SFO_LH_2026_2_25_1054
LH456,67.17641,-10.34661,33000,543,0,2026-02-25T12:39:58Z,FRA,LAX,2026-02-25T21:02:56Z,FRA_LAX_LH_2026_2_25_1113
DL274,57.74931,-16.65056,38625,495,512,2026-02-25T12:39:58Z,HND,DTW,2026-02-25T18:57:04Z,HND_DTW_DL_2026_2_25_1651
DL274,57.74931,-16.65056,38625,495,512,2026-02-25T12:39:58Z,HND,DTW,2026-02-25T18:57:04Z,HND_DTW_DL_2026_2_25_1642
DL966,41.56192,-89.39725,38000,378,0,2026-02-25T12:39:58Z,CVG,SEA,2026-02-25T16:29:52Z,CVG_SEA_DL_2026_2_25_653
UA2115,43.05421,-84.82112,32000,376,0,2026-02-25T12:39:59Z,EWR,SFO,2026-02-25T17:06:08Z,EWR_SFO_UA_2026_2_25_613
DL274,42.21032,-83.35699,0,0,0,2026-02-25T12:39:58Z,HND,DTW,2026-01-19T18:59:44Z,HND_DTW_DL_2026_2_25_1651
DL274,42.21032,-83.35699,0,0,0,2026-02-25T12:39:58Z,HND,DTW,2026-01-19T18:59:44Z,HND_DTW_DL_2026_2_25_1642
KL605,7.33382,-43.65026,35975,523,0,2026-02-25T12:39:59Z,AMS,SFO,2026-02-25T19:18:24Z,AMS_SFO_KL_2026_2_25_1013
AF338,69.45839,-28.10787,39000,536,0,2026-02-25T12:39:54Z,CDG,SEA,2026-02-25T18:48:32Z,CDG_SEA_AF_2026_2_25_1036
UA838,52.08179,-167.39716,37000,466,-128,2026-02-25T12:39:58Z,NRT,SFO,2026-02-25T17:06:08Z,NRT_SFO_UA_2026_2_25_1655
BA117,55.85703,-4.52088,36000,442,0,2026-02-25T12:39:54Z,LHR,JFK,2026-02-25T16:12:48Z,LHR_JFK_BA_2026_2_25_903
AF84,64.82726,-21.76578,34000,507,0,2026-02-25T12:39:58Z,CDG,SFO,2026-02-25T20:43:44Z,CDG_SFO_AF_2026_2_25_1105
AA1349,4.01256,-75.43768,30125,339,1344,2026-02-25T12:44:59Z,JFK,AUS,2026-02-25T16:17:04Z,JFK_AUS_AA_2026_2_25_726
KL689,6.06086,-46.71822,36975,462,0,2026-02-25T12:44:57Z,AMS,CUN,2026-02-25T19:22:40Z,AMS_CUN_KL_2026_2_25_906
KL661,60.97268,-44.37809,35000,456,-64,2026-02-25T12:44:58Z,AMS,IAH,2026-02-25T18:59:12Z,AMS_IAH_KL_2026_2_25_1014
UA905,5.90406,-41.43147,36000,430,0,2026-02-25T12:44:54Z,LHR,EWR,2026-02-25T16:46:56Z,LHR_EWR_UA_2026_2_25_921
AF636,63.57724,-31.47171,37000,477,0,2026-02-25T12:44:50Z,CDG,IAH,2026-02-25T19:46:08Z,CDG_IAH_AF_2026_2_25_1048
BA53,67.42186,-23.01036,40000,528,-64,2026-02-25T12:44:58Z,LHR,SEA,2026-02-25T19:29:04Z,LHR_SEA_BA_2026_2_25_1020
UA4200,6.16041,-75.42479,0,18,0,2026-02-25T12:44:58Z,MDE,EWR,,MDE_EWR_UA_2026_2_25_1248
AA2111,35.27258,-80.96889,2925,223,1984,2026-02-25T12:44:58Z,CLT,LGA,,LGA_CLT_AA_2026_2_25_1014
AA2111,35.27258,-80.96889,2925,223,1984,2026-02-25T12:44:58Z,CLT,LGA,,CLT_LGA_AA_2026_2_25_743
DL33,57.94599,-4.45611,38000,429,0,2026-02-25T12:44:59Z,LHR,ATL,2026-02-25T17:57:20Z,LHR_ATL_DL_2026_2_25_908
KL601,7.32392,-52.95166,35300,526,0,2026-02-25T12:44:56Z,AMS,LAX,2026-02-25T19:18:24Z,AMS_LAX_KL_2026_2_25_1000
DL57,68.70204,-48.16511,36000,469,0,2026-02-25T12:44:59Z,AMS,SLC,2026-02-25T18:54:56Z,AMS_SLC_DL_2026_2_25_955
AF158,63.85451,-27.92249,34000,476,-64,2026-02-25T12:44:54Z,CDG,DFW,2026-02-25T19:33:20Z,CDG_DFW_AF_2026_2_25_956
LH456,67.76482,-11.55237,33000,539,0,2026-02-25T12:44:58Z,FRA,LAX,2026-02-25T21:02:56Z,FRA_LAX_LH_2026_2_25_1113
DL42,12.88944,-148.43326,41000,497,0,2026-02-25T12:44:58Z,SYD,LAX,2026-02-25T17:01:52Z,SYD_LAX_DL_2026_2_25_1433
DL274,57.92024,-165.25076,39000,503,0,2026-02-25T12:44:59Z,HND,DTW,2026-02-25T18:52:48Z,HND_DTW_DL_2026_2_25_1651
DL274,57.92024,-165.25076,39000,503,0,2026-02-25T12:44:59Z,HND,DTW,2026-02-25T18:52:48Z,HND_DTW_DL_2026_2_25_1642
DL966,4.18756,-89.96538,38000,382,0,2026-02-25T12:44:59Z,CVG,SEA,2026-02-25T16:29:52Z,CVG_SEA_DL_2026_2_25_653
UA2115,43.15937,-85.51326,32000,375,0,2026-02-25T12:44:57Z,EWR,SFO,2026-02-25T17:06:08Z,EWR_SFO_UA_2026_2_25_613
DL274,42.21032,-83.35699,0,0,0,2026-02-25T12:44:56Z,HND,DTW,2026-01-19T18:59:44Z,HND_DTW_DL_2026_2_25_1651
DL274,42.21032,-83.35699,0,0,0,2026-02-25T12:44:56Z,HND,DTW,2026-01-19T18:59:44Z,HND_DTW_DL_2026_2_25_1642
UA838,52.09838,-166.35985,37000,461,0,2026-02-25T12:44:57Z,NRT,SFO,2026-02-25T17:06:08Z,NRT_SFO_UA_2026_2_25_1655
AF84,65.08748,-23.29296,34000,500,64,2026-02-25T12:44:57Z,CDG,SFO,2026-02-25T20:45:52Z,CDG_SFO_AF_2026_2_25_1105
DL2301,44.88206,-93.21564,0,0,0,2026-02-25T12:49:59Z,MSP,TPA,,MSP_TPA_DL_2026_2_25_806
AA1349,40.02026,-75.99699,36350,320,1024,2026-02-25T12:49:58Z,JFK,AUS,2026-02-25T16:17:04Z,JFK_AUS_AA_2026_2_25_726
KL689,60.39972,-47.94481,37000,462,-64,2026-02-25T12:49:58Z,AMS,CUN,2026-02-25T19:26:56Z,AMS_CUN_KL_2026_2_25_906
KL661,60.78777,-45.61779,34975,456,0,2026-02-25T12:49:59Z,AMS,IAH,2026-02-25T19:01:20Z,AMS_IAH_KL_2026_2_25_1014
AF636,63.60651,-32.98623,37000,475,64,2026-02-25T12:49:58Z,CDG,IAH,2026-02-25T19:48:16Z,CDG_IAH_AF_2026_2_25_1048
BA53,67.96802,-24.30276,40000,532,0,2026-02-25T12:49:58Z,LHR,SEA,2026-02-25T19:29:04Z,LHR_SEA_BA_2026_2_25_1020
UA4200,6.23274,-75.41342,10025,196,2048,2026-02-25T12:49:57Z,MDE,EWR,2026-02-25T17:52:30Z,MDE_EWR_UA_2026_2_25_1248
DL166,55.02397,-169.83353,37000,492,64,2026-02-25T12:49:58Z,HND,SEA,2026-02-25T16:29:52Z,HND_SEA_DL_2026_2_25_1707
AA2111,35.30635,-80.42782,12375,417,2752,2026-02-25T12:49:58Z,CLT,LGA,2026-02-25T14:02:40Z,LGA_CLT_AA_2026_2_25_1014
AA2111,35.30635,-80.42782,12375,417,2752,2026-02-25T12:49:58Z,CLT,LGA,2026-02-25T14:02:40Z,CLT_LGA_AA_2026_2_25_743
DL33,57.78534,-45.63171,38000,431,0,2026-02-25T12:49:57Z,LHR,ATL,2026-02-25T17:55:12Z,LHR_ATL_DL_2026_2_25_908
KL601,73.18598,-55.55134,36000,520,-64,2026-02-25T12:49:58Z,AMS,LAX,2026-02-25T19:18:24Z,AMS_LAX_KL_2026_2_25_1000
DL57,68.96774,-0.49791,36000,472,0,2026-02-25T12:49:57Z,AMS,SLC,2026-02-25T18:52:48Z,AMS_SLC_DL_2026_2_25_955
AF158,63.96332,-29.43206,34000,474,0,2026-02-25T12:49:58Z,CDG,DFW,2026-02-25T19:37:36Z,CDG_DFW_AF_2026_2_25_956
DL1794,9.99859,-84.20113,0,0,0,2026-02-25T12:49:57Z,SJO,ATL,,SJO_ATL_DL_2026_2_25_1317
LH456,68.33807,-12.80669,33000,537,64,2026-02-25T12:49:57Z,FRA,LAX,2026-02-25T21:02:56Z,FRA_LAX_LH_2026_2_25_1113
DL274,58.08037,-163.97076,39000,508,0,2026-02-25T12:49:59Z,HND,DTW,2026-02-25T18:52:48Z,HND_DTW_DL_2026_2_25_1651
DL274,58.08037,-163.97076,39000,508,0,2026-02-25T12:49:59Z,HND,DTW,2026-02-25T18:52:48Z,HND_DTW_DL_2026_2_25_1642
DL966,42.18541,-90.53712,38000,382,0,2026-02-25T12:49:57Z,CVG,SEA,2026-02-25T16:29:52Z,CVG_SEA_DL_2026_2_25_653
UA2115,4.32609,-86.21148,32000,375,0,2026-02-25T12:49:58Z,EWR,SFO,2026-02-25T17:06:08Z,EWR_SFO_UA_2026_2_25_613
DL274,42.21032,-83.35699,0,0,0,2026-02-25T12:49:55Z,HND,DTW,2026-01-19T18:59:44Z,HND_DTW_DL_2026_2_25_1651
DL274,42.21032,-83.35699,0,0,0,2026-02-25T12:49:55Z,HND,DTW,2026-01-19T18:59:44Z,HND_DTW_DL_2026_2_25_1642
BA175,58.25511,-36.89053,36000,460,0,2026-02-25T12:49:58Z,LHR,JFK,2026-02-25T16:59:44Z,LHR_JFK_BA_2026_2_25_955
UA838,52.10573,-165.32219,37000,460,-64,2026-02-25T12:49:59Z,NRT,SFO,2026-02-25T17:10:24Z,NRT_SFO_UA_2026_2_25_1655
UA1256,35.22355,-80.94781,0,0,0,2026-02-25T12:49:58Z,CLT,DEN,,CLT_DEN_UA_2026_2_25_815
AF84,65.32869,-24.82899,34000,497,64,2026-02-25T12:49:58Z,CDG,SFO,2026-02-25T20:48:00Z,CDG_SFO_AF_2026_2_25_1105
DL8851,33.63963,-84.44202,0,0,0,2026-02-25T12:54:56Z,ATL,DEN,,ATL_DEN_DL_2026_2_25_836
AA1349,39.84338,-76.52628,38000,321,0,2026-02-25T12:54:58Z,JFK,AUS,2026-02-25T16:14:56Z,JFK_AUS_AA_2026_2_25_726
UA905,59.05105,-43.93764,36000,426,-64,2026-02-25T12:54:58Z,LHR,EWR,2026-02-25T16:49:04Z,LHR_EWR_UA_2026_2_25_921
KL689,60.18031,-49.15254,36975,458,-64,2026-02-25T12:54:58Z,AMS,CUN,2026-02-25T19:39:44Z,AMS_CUN_KL_2026_2_25_906
KL661,60.59198,-46.83964,34975,457,0,2026-02-25T12:54:59Z,AMS,IAH,2026-02-25T19:01:20Z,AMS_IAH_KL_2026_2_25_1014
AF636,63.61959,-34.46631,37000,475,-64,2026-02-25T12:55:00Z,CDG,IAH,2026-02-25T19:48:16Z,CDG_IAH_AF_2026_2_25_1048
BA53,68.50162,-25.65143,40000,531,0,2026-02-25T12:54:58Z,LHR,SEA,2026-02-25T19:26:56Z,LHR_SEA_BA_2026_2_25_1020
UA4200,5.97977,-75.47882,14700,418,0,2026-02-25T12:54:59Z,MDE,EWR,2026-02-25T17:52:30Z,MDE_EWR_UA_2026_2_25_1248
DL166,55.18671,-168.64595,37000,506,0,2026-02-25T12:54:59Z,HND,SEA,2026-02-25T16:29:52Z,HND_SEA_DL_2026_2_25_1707
AA2111,35.42993,-79.65439,21875,533,1600,2026-02-25T12:54:58Z,CLT,LGA,2026-02-25T14:00:32Z,LGA_CLT_AA_2026_2_25_1014
AA2111,35.42993,-79.65439,21875,533,1600,2026-02-25T12:54:58Z,CLT,LGA,2026-02-25T14:00:32Z,CLT_LGA_AA_2026_2_25_743
DL33,57.61276,-46.71017,38000,433,0,2026-02-25T12:54:59Z,LHR,ATL,2026-02-25T17:55:12Z,LHR_ATL_DL_2026_2_25_908
KL601,73.10504,-58.00135,36000,513,0,2026-02-25T12:55:00Z,AMS,LAX,2026-02-25T19:16:16Z,AMS_LAX_KL_2026_2_25_1000
DL57,69.19423,-51.50364,36000,467,-64,2026-02-25T12:54:59Z,AMS,SLC,2026-02-25T18:57:04Z,AMS_SLC_DL_2026_2_25_955
AF158,64.02785,-3.08852,34000,470,0,2026-02-25T12:54:53Z,CDG,DFW,2026-02-25T19:35:28Z,CDG_DFW_AF_2026_2_25_956
DL1794,9.99859,-84.20113,0,0,0,2026-02-25T12:54:57Z,SJO,ATL,,SJO_ATL_DL_2026_2_25_1317
AA3193,2.57981,-80.28411,0,0,0,2026-02-25T12:54:59Z,MIA,EGE,,MIA_EGE_AA_2026_2_25_829
LH456,68.90172,-1.41258,33000,537,-64,2026-02-25T12:54:57Z,FRA,LAX,2026-02-25T21:00:48Z,FRA_LAX_LH_2026_2_25_1113
DL274,58.22868,-162.66809,39000,507,0,2026-02-25T12:54:59Z,HND,DTW,2026-02-25T18:52:48Z,HND_DTW_DL_2026_2_25_1651
DL274,58.22868,-162.66809,39000,507,0,2026-02-25T12:54:59Z,HND,DTW,2026-02-25T18:52:48Z,HND_DTW_DL_2026_2_25_1642
DL966,4.24953,-91.12048,38000,381,0,2026-02-25T12:54:58Z,CVG,SEA,2026-02-25T16:32:00Z,CVG_SEA_DL_2026_2_25_653
UA2115,43.35919,-86.91987,32000,380,0,2026-02-25T12:54:58Z,EWR,SFO,2026-02-25T17:12:32Z,EWR_SFO_UA_2026_2_25_613
DL274,42.21032,-83.35699,0,0,0,2026-02-25T12:54:58Z,HND,DTW,2026-01-19T18:59:44Z,HND_DTW_DL_2026_2_25_1651
DL274,42.21032,-83.35699,0,0,0,2026-02-25T12:54:58Z,HND,DTW,2026-01-19T18:59:44Z,HND_DTW_DL_2026_2_25_1642
KL605,73.80038,-51.03994,35975,518,0,2026-02-25T12:54:55Z,AMS,SFO,2026-02-25T19:14:08Z,AMS_SFO_KL_2026_2_25_1013
AF338,70.76392,-33.27549,40000,535,0,2026-02-25T12:54:55Z,CDG,SEA,2026-02-25T18:48:32Z,CDG_SEA_AF_2026_2_25_1036
UA838,52.11378,-164.34579,37000,461,0,2026-02-25T12:54:59Z,NRT,SFO,2026-02-25T17:10:24Z,NRT_SFO_UA_2026_2_25_1655
UA1256,35.21932,-80.94978,0,16,0,2026-02-25T12:55:00Z,CLT,DEN,,CLT_DEN_UA_2026_2_25_815
DL1368,40.64141,-73.78482,0,2,0,2026-02-25T12:55:00Z,JFK,MSY,,JFK_MSY_DL_2026_2_25_813
DL1368,40.64141,-73.78482,0,2,0,2026-02-25T12:55:00Z,JFK,MSY,,MSY_JFK_DL_2026_2_25_1154
BA117,55.34488,-48.24942,36000,433,0,2026-02-25T12:54:57Z,LHR,JFK,2026-02-25T16:12:48Z,LHR_JFK_BA_2026_2_25_903
AF84,65.55542,-26.40242,34000,497,0,2026-02-25T12:54:59Z,CDG,SFO,2026-02-25T20:45:52Z,CDG_SFO_AF_2026_2_25_1105
DL8851,33.63975,-84.44128,0,2,0,2026-02-25T12:59:53Z,ATL,DEN,,ATL_DEN_DL_2026_2_25_836
AA1349,39.66251,-77.05585,38000,318,0,2026-02-25T12:59:59Z,JFK,AUS,2026-02-25T16:14:56Z,JFK_AUS_AA_2026_2_25_726
UA905,58.89153,-45.04111,36000,430,0,2026-02-25T12:59:58Z,LHR,EWR,2026-02-25T16:46:56Z,LHR_EWR_UA_2026_2_25_921
KL689,59.96443,-5.03421,37000,460,0,2026-02-25T12:59:57Z,AMS,CUN,2026-02-25T19:39:44Z,AMS_CUN_KL_2026_2_25_906
KL661,60.38617,-48.04208,35000,455,-64,2026-02-25T12:59:57Z,AMS,IAH,2026-02-25T19:01:20Z,AMS_IAH_KL_2026_2_25_1014
AF636,63.61761,-35.93153,37000,474,0,2026-02-25T13:00:00Z,CDG,IAH,2026-02-25T19:48:16Z,CDG_IAH_AF_2026_2_25_1048
BA53,69.01197,-27.03145,40000,526,0,2026-02-25T12:59:53Z,LHR,SEA,2026-02-25T19:26:56Z,LHR_SEA_BA_2026_2_25_1020
UA4200,5.94807,-75.94621,14700,256,256,2026-02-25T12:59:59Z,MDE,EWR,2026-02-25T17:52:30Z,MDE_EWR_UA_2026_2_25_1248
DL166,55.33804,-167.45029,37000,498,64,2026-02-25T12:59:58Z,HND,SEA,2026-02-25T16:32:00Z,HND_SEA_DL_2026_2_25_1707
AA2111,35.81371,-78.84846,28650,570,1088,2026-02-25T12:59:59Z,CLT,LGA,2026-02-25T14:00:32Z,LGA_CLT_AA_2026_2_25_1014
AA2111,35.81371,-78.84846,28650,570,1088,2026-02-25T12:59:59Z,CLT,LGA,2026-02-25T14:00:32Z,CLT_LGA_AA_2026_2_25_743
DL33,5.74342,-47.76012,38000,430,0,2026-02-25T12:59:59Z,LHR,ATL,2026-02-25T17:57:20Z,LHR_ATL_DL_2026_2_25_908
KL601,73.00647,-60.26843,35975,513,0,2026-02-25T12:59:59Z,AMS,LAX,2026-02-25T19:18:24Z,AMS_LAX_KL_2026_2_25_1000
DL57,69.39938,-53.25128,36000,467,-64,2026-02-25T12:59:59Z,AMS,SLC,2026-02-25T18:54:56Z,AMS_SLC_DL_2026_2_25_955
AF158,64.06087,-32.28871,34000,466,0,2026-02-25T12:59:37Z,CDG,DFW,2026-02-25T19:35:28Z,CDG_DFW_AF_2026_2_25_956
DL1794,9.99788,-84.20083,0,0,0,2026-02-25T12:59:59Z,SJO,ATL,,SJO_ATL_DL_2026_2_25_1317
AA3193,25.79811,-80.28412,0,0,0,2026-02-25T12:59:09Z,MIA,EGE,,MIA_EGE_AA_2026_2_25_829
LH456,69.42657,-15.45084,33000,537,0,2026-02-25T12:59:59Z,FRA,LAX,2026-02-25T21:00:48Z,FRA_LAX_LH_2026_2_25_1113
UA6,51.82388,179.61891,34975,498,0,2026-02-25T12:59:59Z,NRT,IAH,2026-02-25T20:43:44Z,NRT_IAH_UA_2026_2_25_1818
DL42,14.24639,-146.83731,41000,494,0,2026-02-25T12:59:57Z,SYD,LAX,2026-02-25T17:01:52Z,SYD_LAX_DL_2026_2_25_1433
DL274,58.36354,-161.35646,39000,509,-64,2026-02-25T12:59:59Z,HND,DTW,2026-02-25T18:50:40Z,HND_DTW_DL_2026_2_25_1651
DL274,58.36354,-161.35646,39000,509,-64,2026-02-25T12:59:59Z,HND,DTW,2026-02-25T18:50:40Z,HND_DTW_DL_2026_2_25_1642
DL966,0.42802,-91.70906,38000,382,0,2026-02-25T12:59:59Z,CVG,SEA,2026-02-25T16:32:00Z,CVG_SEA_DL_2026_2_25_653
UA2115,4.34534,-87.63264,32000,379,0,2026-02-25T12:59:58Z,EWR,SFO,2026-02-25T17:12:32Z,EWR_SFO_UA_2026_2_25_613
DL274,42.21032,-83.35698,0,0,0,2026-02-25T12:59:56Z,HND,DTW,2026-01-19T18:59:44Z,HND_DTW_DL_2026_2_25_1651
DL274,42.21032,-83.35698,0,0,0,2026-02-25T12:59:56Z,HND,DTW,2026-01-19T18:59:44Z,HND_DTW_DL_2026_2_25_1642
DL1368,40.64042,-73.78406,0,0,0,2026-02-25T12:59:34Z,JFK,MSY,,JFK_MSY_DL_2026_2_25_813
DL1368,40.64042,-73.78406,0,0,0,2026-02-25T12:59:34Z,JFK,MSY,,MSY_JFK_DL_2026_2_25_1154
AF84,65.76416,-27.99161,34000,498,-64,2026-02-25T12:59:59Z,CDG,SFO,2026-02-25T20:45:52Z,CDG_SFO_AF_2026_2_25_1105
DL8851,33.63663,-84.42866,0,10,0,2026-02-25T13:04:59Z,ATL,DEN,,ATL_DEN_DL_2026_2_25_836
AA1349,39.48109,-77.57739,38000,318,0,2026-02-25T13:04:59Z,JFK,AUS,2026-02-25T16:14:56Z,JFK_AUS_AA_2026_2_25_726
KL689,59.77746,-51.48518,36975,460,0,2026-02-25T13:04:59Z,AMS,CUN,2026-02-25T19:39:44Z,AMS_CUN_KL_2026_2_25_906
UA905,58.72073,-46.14683,36000,433,-64,2026-02-25T13:04:58Z,LHR,EWR,2026-02-25T16:46:56Z,LHR_EWR_UA_2026_2_25_921
KL661,6.01669,-49.24278,35000,458,0,2026-02-25T13:04:57Z,AMS,IAH,2026-02-25T18:59:12Z,AMS_IAH_KL_2026_2_25_1014
AF636,63.60049,-37.40686,37000,481,0,2026-02-25T13:04:57Z,CDG,IAH,2026-02-25T19:48:16Z,CDG_IAH_AF_2026_2_25_1048
BA53,69.50529,-28.46081,40000,531,0,2026-02-25T13:04:45Z,LHR,SEA,2026-02-25T19:26:56Z,LHR_SEA_BA_2026_2_25_1020
DL166,55.46592,-166.34906,37000,497,0,2026-02-25T13:04:39Z,HND,SEA,2026-02-25T16:34:08Z,HND_SEA_DL_2026_2_25_1707
AA2111,36.41469,-78.20738,29000,580,0,2026-02-25T13:04:58Z,CLT,LGA,2026-02-25T13:58:24Z,LGA_CLT_AA_2026_2_25_1014
AA2111,36.41469,-78.20738,29000,580,0,2026-02-25T13:04:58Z,CLT,LGA,2026-02-25T13:58:24Z,CLT_LGA_AA_2026_2_25_743
UA4200,5.85173,-76.20802,14675,178,0,2026-02-25T13:04:58Z,MDE,EWR,2026-02-25T17:52:30Z,MDE_EWR_UA_2026_2_25_1248
DL33,57.23469,-48.73664,38000,430,0,2026-02-25T13:04:57Z,LHR,ATL,2026-02-25T17:57:20Z,LHR_ATL_DL_2026_2_25_908
KL601,72.93094,-62.72377,36000,513,0,2026-02-25T13:04:54Z,AMS,LAX,2026-02-25T19:18:24Z,AMS_LAX_KL_2026_2_25_1000
DL57,69.58405,-55.00479,36000,467,0,2026-02-25T13:04:58Z,AMS,SLC,2026-02-25T18:57:04Z,AMS_SLC_DL_2026_2_25_955
AF158,64.08165,-33.86525,36000,470,0,2026-02-25T13:04:58Z,CDG,DFW,2026-02-25T19:37:36Z,CDG_DFW_AF_2026_2_25_956
DL1794,9.99779,-84.20103,0,0,0,2026-02-25T13:04:59Z,SJO,ATL,,SJO_ATL_DL_2026_2_25_1317
LH456,69.96588,-16.89685,33000,537,0,2026-02-25T13:04:57Z,FRA,LAX,2026-02-25T21:00:48Z,FRA_LAX_LH_2026_2_25_1113
DL274,58.48576,-160.02429,39000,513,0,2026-02-25T13:04:58Z,HND,DTW,2026-02-25T18:48:32Z,HND_DTW_DL_2026_2_25_1651
DL274,58.48576,-160.02429,39000,513,0,2026-02-25T13:04:58Z,HND,DTW,2026-02-25T18:48:32Z,HND_DTW_DL_2026_2_25_1642
DL966,43.10137,-9.22949,38000,373,0,2026-02-25T13:04:59Z,CVG,SEA,2026-02-25T16:23:28Z,CVG_SEA_DL_2026_2_25_653
UA2115,0.43512,-88.34361,32000,374,0,2026-02-25T13:04:57Z,EWR,SFO,2026-02-25T17:04:00Z,EWR_SFO_UA_2026_2_25_613
DL274,42.21032,-83.35699,0,0,0,2026-02-25T13:04:55Z,HND,DTW,2026-01-19T18:59:44Z,HND_DTW_DL_2026_2_25_1651
DL274,42.21032,-83.35699,0,0,0,2026-02-25T13:04:55Z,HND,DTW,2026-01-19T18:59:44Z,HND_DTW_DL_2026_2_25_1642
UA297,4.06933,-74.17179,0,3,0,2026-02-25T13:04:57Z,EWR,BZN,,EWR_BZN_UA_2026_2_25_819
BA175,58.14541,-40.43694,38000,456,0,2026-02-25T13:04:54Z,LHR,JFK,2026-02-25T16:59:44Z,LHR_JFK_BA_2026_2_25_955
KL605,73.96527,-56.41168,36000,531,64,2026-02-25T13:04:58Z,AMS,SFO,2026-02-25T19:14:08Z,AMS_SFO_KL_2026_2_25_1013
UA1116,4.48851,-93.21199,0,0,0,2026-02-25T13:04:59Z,MSP,SFO,,MSP_SFO_UA_2026_2_25_736
AF84,65.95549,-29.60015,34000,500,0,2026-02-25T13:04:57Z,CDG,SFO,2026-02-25T20:45:52Z,CDG_SFO_AF_2026_2_25_1105
AA1349,39.28767,-78.09503,38000,319,0,2026-02-25T13:09:59Z,JFK,AUS,2026-02-25T16:17:04Z,JFK_AUS_AA_2026_2_25_726
UA905,58.53969,-47.24582,36000,431,0,2026-02-25T13:09:59Z,LHR,EWR,2026-02-25T16:46:56Z,LHR_EWR_UA_2026_2_25_921
KL661,59.95084,-50.45114,35000,463,0,2026-02-25T13:09:59Z,AMS,IAH,2026-02-25T18:59:12Z,AMS_IAH_KL_2026_2_25_1014
AF636,63.56818,-38.88188,37000,471,0,2026-02-25T13:09:59Z,CDG,IAH,2026-02-25T19:48:16Z,CDG_IAH_AF_2026_2_25_1048
BA53,7.00057,-30.02276,40000,532,0,2026-02-25T13:10:00Z,LHR,SEA,2026-02-25T19:26:56Z,LHR_SEA_BA_2026_2_25_1020
UA4200,5.76224,-76.45139,15000,181,0,2026-02-25T13:09:59Z,MDE,EWR,2026-02-25T17:52:30Z,MDE_EWR_UA_2026_2_25_1248
AA2111,37.03418,-77.55541,29000,583,64,2026-02-25T13:10:00Z,CLT,LGA,2026-02-25T13:58:24Z,LGA_CLT_AA_2026_2_25_1014
AA2111,37.03418,-77.55541,29000,583,64,2026-02-25T13:10:00Z,CLT,LGA,2026-02-25T13:58:24Z,CLT_LGA_AA_2026_2_25_743
DL166,55.59818,-165.09988,37000,484,64,2026-02-25T13:09:59Z,HND,SEA,2026-02-25T16:34:08Z,HND_SEA_DL_2026_2_25_1707
DL57,69.75187,-56.80105,36000,467,0,2026-02-25T13:09:58Z,AMS,SLC,2026-02-25T18:57:04Z,AMS_SLC_DL_2026_2_25_955
KL601,72.82262,-65.03609,36000,513,0,2026-02-25T13:09:58Z,AMS,LAX,2026-02-25T19:18:24Z,AMS_LAX_KL_2026_2_25_1000
AF158,64.08572,-35.35225,36000,469,0,2026-02-25T13:09:59Z,CDG,DFW,2026-02-25T19:35:28Z,CDG_DFW_AF_2026_2_25_956
DL1794,9.99077,-84.22143,0,4,0,2026-02-25T13:09:55Z,SJO,ATL,,SJO_ATL_DL_2026_2_25_1317
AA3193,25.79813,-80.28413,0,0,0,2026-02-25T13:09:56Z,MIA,EGE,,MIA_EGE_AA_2026_2_25_829
KL623,59.03247,-43.82391,36000,463,-64,2026-02-25T13:09:59Z,AMS,ATL,2026-02-25T18:14:24Z,AMS_ATL_KL_2026_2_25_1037
DL966,43.39735,-92.88646,38000,380,0,2026-02-25T13:10:00Z,CVG,SEA,2026-02-25T16:25:36Z,CVG_SEA_DL_2026_2_25_653
DL274,58.59343,-158.69176,39000,504,0,2026-02-25T13:09:59Z,HND,DTW,2026-02-25T18:52:48Z,HND_DTW_DL_2026_2_25_1651
DL274,58.59343,-158.69176,39000,504,0,2026-02-25T13:09:59Z,HND,DTW,2026-02-25T18:52:48Z,HND_DTW_DL_2026_2_25_1642
DL274,42.21033,-83.35699,0,0,0,2026-02-25T13:09:58Z,HND,DTW,2026-01-19T18:59:44Z,HND_DTW_DL_2026_2_25_1651
DL274,42.21033,-83.35699,0,0,0,2026-02-25T13:09:58Z,HND,DTW,2026-01-19T18:59:44Z,HND_DTW_DL_2026_2_25_1642
UA2115,43.53398,-89.06832,32000,380,0,2026-02-25T13:09:59Z,EWR,SFO,2026-02-25T17:12:32Z,EWR_SFO_UA_2026_2_25_613
KL605,73.99553,-58.92121,36000,529,0,2026-02-25T13:10:00Z,AMS,SFO,2026-02-25T19:12:00Z,AMS_SFO_KL_2026_2_25_1013
AF338,71.86962,-39.18163,40000,530,0,2026-02-25T13:10:00Z,CDG,SEA,2026-02-25T18:48:32Z,CDG_SEA_AF_2026_2_25_1036
UA1256,35.20269,-80.94617,0,15,0,2026-02-25T13:09:59Z,CLT,DEN,,CLT_DEN_UA_2026_2_25_815
AF84,66.21666,-3.11562,34000,498,0,2026-02-25T13:09:56Z,CDG,SFO,2026-02-25T20:45:52Z,CDG_SFO_AF_2026_2_25_1105
AA1349,39.08409,-78.60049,38600,322,768,2026-02-25T13:14:58Z,JFK,AUS,2026-02-25T16:14:56Z,JFK_AUS_AA_2026_2_25_726
DL2301,44.88316,-93.21503,0,0,0,2026-02-25T13:14:59Z,MSP,TPA,,MSP_TPA_DL_2026_2_25_806
UA905,58.35283,-48.31415,36025,423,64,2026-02-25T13:14:58Z,LHR,EWR,2026-02-25T16:53:20Z,LHR_EWR_UA_2026_2_25_921
KL661,59.76323,-51.58828,35000,463,0,2026-02-25T13:14:58Z,AMS,IAH,2026-02-25T18:59:12Z,AMS_IAH_KL_2026_2_25_1014
AF636,6.35278,-40.33958,37000,472,0,2026-02-25T13:14:59Z,CDG,IAH,2026-02-25T19:48:16Z,CDG_IAH_AF_2026_2_25_1048
UA4200,5.73351,-76.67056,15000,169,64,2026-02-25T13:14:59Z,MDE,EWR,2026-02-25T17:52:30Z,MDE_EWR_UA_2026_2_25_1248
AA2111,37.69505,-76.96221,29025,592,0,2026-02-25T13:14:58Z,CLT,LGA,2026-02-25T13:58:24Z,LGA_CLT_AA_2026_2_25_1014
AA2111,37.69505,-76.96221,29025,592,0,2026-02-25T13:14:58Z,CLT,LGA,2026-02-25T13:58:24Z,CLT_LGA_AA_2026_2_25_743
DL166,55.71107,-163.91618,37000,490,0,2026-02-25T13:14:59Z,HND,SEA,2026-02-25T16:36:16Z,HND_SEA_DL_2026_2_25_1707
DL57,69.90038,-5.86138,36000,467,0,2026-02-25T13:14:58Z,AMS,SLC,2026-02-25T18:54:56Z,AMS_SLC_DL_2026_2_25_955
AF158,64.07464,-3.68265,36000,467,0,2026-02-25T13:14:58Z,CDG,DFW,2026-02-25T19:39:44Z,CDG_DFW_AF_2026_2_25_956
DL1794,9.99074,-8.42215,0,0,0,2026-02-25T13:15:00Z,SJO,ATL,,SJO_ATL_DL_2026_2_25_1317
AA3193,25.79812,-80.28412,0,0,0,2026-02-25T13:14:46Z,MIA,EGE,,MIA_EGE_AA_2026_2_25_829
UA6,52.99572,-177.47942,34975,503,64,2026-02-25T13:14:59Z,NRT,IAH,2026-02-25T20:43:44Z,NRT_IAH_UA_2026_2_25_1818
DL1930,4.06373,-73.77909,0,3,0,2026-02-25T13:15:00Z,JFK,STT,,JFK_STT_DL_2026_2_25_1356
KL623,58.85999,-45.02078,35975,464,64,2026-02-25T13:15:00Z,AMS,ATL,2026-02-25T18:16:32Z,AMS_ATL_KL_2026_2_25_1037
DL42,15.53504,-145.29192,41000,475,0,2026-02-25T13:15:00Z,SYD,LAX,2026-02-25T17:01:52Z,SYD_LAX_DL_2026_2_25_1433
DL966,43.69244,-93.48757,38000,382,0,2026-02-25T13:14:58Z,CVG,SEA,2026-02-25T16:29:52Z,CVG_SEA_DL_2026_2_25_653
DL274,5.86858,-157.37329,39000,502,0,2026-02-25T13:14:58Z,HND,DTW,2026-02-25T18:52:48Z,HND_DTW_DL_2026_2_25_1651
DL274,5.86858,-157.37329,39000,502,0,2026-02-25T13:14:58Z,HND,DTW,2026-02-25T18:52:48Z,HND_DTW_DL_2026_2_25_1642
DL274,42.21032,-83.35699,0,0,0,2026-02-25T13:14:59Z,HND,DTW,2026-01-19T18:59:44Z,HND_DTW_DL_2026_2_25_1651
DL274,42.21032,-83.35699,0,0,0,2026-02-25T13:14:59Z,HND,DTW,2026-01-19T18:59:44Z,HND_DTW_DL_2026_2_25_1642
UA2115,43.55118,-89.78775,32000,381,0,2026-02-25T13:14:57Z,EWR,SFO,2026-02-25T17:12:32Z,EWR_SFO_UA_2026_2_25_613
BA175,58.18452,-42.95911,38000,447,0,2026-02-25T13:14:58Z,LHR,JFK,2026-02-25T16:59:44Z,LHR_JFK_BA_2026_2_25_955
DL8800,44.88142,-93.21211,0,0,0,2026-02-25T13:14:59Z,MSP,MIA,,MSP_MIA_DL_2026_2_25_743
DL1368,4.06274,-73.88068,3600,244,4544,2026-02-25T13:14:59Z,JFK,MSY,2026-02-25T16:02:08Z,JFK_MSY_DL_2026_2_25_813
DL1368,4.06274,-73.88068,3600,244,4544,2026-02-25T13:14:59Z,JFK,MSY,2026-02-25T16:02:08Z,MSY_JFK_DL_2026_2_25_1154
AF84,66.49457,-32.74463,34000,498,0,2026-02-25T13:14:57Z,CDG,SFO,2026-02-25T20:43:44Z,CDG_SFO_AF_2026_2_25_1105
AA1349,38.87154,-79.12164,40000,333,0,2026-02-25T13:19:58Z,JFK,AUS,2026-02-25T16:12:48Z,JFK_AUS_AA_2026_2_25_726
DL2301,44.88316,-93.21503,0,0,0,2026-02-25T13:19:56Z,MSP,TPA,,MSP_TPA_DL_2026_2_25_806
UA905,58.17559,-49.30235,36000,422,0,2026-02-25T13:19:59Z,LHR,EWR,2026-02-25T16:55:28Z,LHR_EWR_UA_2026_2_25_921
AF636,63.49654,-41.78661,37000,463,0,2026-02-25T13:19:59Z,CDG,IAH,2026-02-25T19:52:32Z,CDG_IAH_AF_2026_2_25_1048
UA4200,5.92927,-76.80845,15025,173,-64,2026-02-25T13:19:59Z,MDE,EWR,2026-02-25T18:25:43Z,MDE_EWR_UA_2026_2_25_1248
DL166,55.77305,-163.20703,37000,30,0,2026-02-25T13:19:55Z,HND,SEA,2026-02-25T16:36:16Z,HND_SEA_DL_2026_2_25_1707
AA2111,38.35118,-76.35779,29000,582,0,2026-02-25T13:19:58Z,CLT,LGA,2026-02-25T13:58:24Z,LGA_CLT_AA_2026_2_25_1014
AA2111,38.35118,-76.35779,29000,582,0,2026-02-25T13:19:58Z,CLT,LGA,2026-02-25T13:58:24Z,CLT_LGA_AA_2026_2_25_743
DL33,56.55549,-51.74355,38000,428,0,2026-02-25T13:19:57Z,LHR,ATL,2026-02-25T17:57:20Z,LHR_ATL_DL_2026_2_25_908
DL57,69.99257,-60.45378,36525,466,640,2026-02-25T13:19:57Z,AMS,SLC,2026-02-25T18:57:04Z,AMS_SLC_DL_2026_2_25_955
AF158,64.04887,-38.28947,36000,462,0,2026-02-25T13:19:59Z,CDG,DFW,2026-02-25T19:39:44Z,CDG_DFW_AF_2026_2_25_956
DL1794,10.06287,-84.23696,9600,211,1408,2026-02-25T13:19:58Z,SJO,ATL,2026-02-25T16:44:48Z,SJO_ATL_DL_2026_2_25_1317
UA6,53.33308,-176.56532,35000,495,64,2026-02-25T13:19:37Z,NRT,IAH,2026-02-25T20:48:00Z,NRT_IAH_UA_2026_2_25_1818
DL1930,40.63767,-73.77915,0,0,0,2026-02-25T13:19:58Z,JFK,STT,,JFK_STT_DL_2026_2_25_1356
KL623,58.67565,-46.21097,35975,463,0,2026-02-25T13:20:00Z,AMS,ATL,2026-02-25T18:14:24Z,AMS_ATL_KL_2026_2_25_1037
UA3929,37.61865,-122.38306,0,0,0,2026-02-25T13:20:00Z,SFO,IAD,,SFO_IAD_UA_2026_2_25_529
DL966,43.98819,-94.10287,38000,386,0,2026-02-25T13:19:59Z,CVG,SEA,2026-02-25T16:32:00Z,CVG_SEA_DL_2026_2_25_653
DL120,57.07558,-170.64668,39000,494,0,2026-02-25T13:19:58Z,HND,MSP,2026-02-25T19:35:28Z,HND_MSP_DL_2026_2_25_1742
DL274,58.71762,-156.04094,39000,496,64,2026-02-25T13:20:00Z,HND,DTW,2026-02-25T18:57:04Z,HND_DTW_DL_2026_2_25_1651
DL274,58.71762,-156.04094,39000,496,64,2026-02-25T13:20:00Z,HND,DTW,2026-02-25T18:57:04Z,HND_DTW_DL_2026_2_25_1642
DL274,42.21032,-83.35699,0,0,0,2026-02-25T13:19:56Z,HND,DTW,2026-01-19T18:59:44Z,HND_DTW_DL_2026_2_25_1651
DL274,42.21032,-83.35699,0,0,0,2026-02-25T13:19:56Z,HND,DTW,2026-01-19T18:59:44Z,HND_DTW_DL_2026_2_25_1642
UA2115,43.56409,-9.05237,32000,385,0,2026-02-25T13:19:59Z,EWR,SFO,2026-02-25T17:10:24Z,EWR_SFO_UA_2026_2_25_613
BA175,58.02988,-44.09702,38000,445,0,2026-02-25T13:20:00Z,LHR,JFK,2026-02-25T16:59:44Z,LHR_JFK_BA_2026_2_25_955
UA1256,35.40866,-81.20178,13725,277,3904,2026-02-25T13:19:59Z,CLT,DEN,2026-02-25T16:29:52Z,CLT_DEN_UA_2026_2_25_815
DL8800,44.88139,-93.21213,0,0,0,2026-02-25T13:19:57Z,MSP,MIA,,MSP_MIA_DL_2026_2_25_743
DL1368,40.36423,-74.22713,13600,286,192,2026-02-25T13:19:59Z,JFK,MSY,2026-02-25T16:02:08Z,JFK_MSY_DL_2026_2_25_813
DL1368,40.36423,-74.22713,13600,286,192,2026-02-25T13:19:59Z,JFK,MSY,2026-02-25T16:02:08Z,MSY_JFK_DL_2026_2_25_1154
BA195,59.23306,-41.01426,38000,459,0,2026-02-25T13:19:57Z,LHR,IAH,2026-02-25T19:48:16Z,LHR_IAH_BA_2026_2_25_1010
AF84,66.74423,-34.29604,34000,500,0,2026-02-25T13:19:57Z,CDG,SFO,2026-02-25T20:43:44Z,CDG_SFO_AF_2026_2_25_1105
AA1349,38.75176,-79.68665,40000,333,64,2026-02-25T13:24:59Z,JFK,AUS,2026-02-25T16:12:48Z,JFK_AUS_AA_2026_2_25_726
DL2301,44.88315,-93.21503,0,0,0,2026-02-25T13:24:56Z,MSP,TPA,,MSP_TPA_DL_2026_2_25_806
UA905,58.00694,-50.36079,36000,422,0,2026-02-25T13:25:00Z,LHR,EWR,2026-02-25T16:55:28Z,LHR_EWR_UA_2026_2_25_921
AF636,63.45052,-43.22549,37000,465,0,2026-02-25T13:25:00Z,CDG,IAH,2026-02-25T19:50:24Z,CDG_IAH_AF_2026_2_25_1048
BA53,7.11977,-35.41027,40000,521,0,2026-02-25T13:24:55Z,LHR,SEA,2026-02-25T19:26:56Z,LHR_SEA_BA_2026_2_25_1020
UA4200,6.32747,-77.09021,21175,452,2048,2026-02-25T13:24:59Z,MDE,EWR,2026-02-25T18:25:44Z,MDE_EWR_UA_2026_2_25_1248
AA2111,38.98792,-75.74762,26575,560,-1344,2026-02-25T13:24:57Z,CLT,LGA,2026-02-25T13:56:16Z,LGA_CLT_AA_2026_2_25_1014
AA2111,38.98792,-75.74762,26575,560,-1344,2026-02-25T13:24:57Z,CLT,LGA,2026-02-25T13:56:16Z,CLT_LGA_AA_2026_2_25_743
DL57,6.99496,-62.27773,38000,476,0,2026-02-25T13:24:55Z,AMS,SLC,2026-02-25T18:52:48Z,AMS_SLC_DL_2026_2_25_955
AF158,64.00858,-39.74491,36000,461,0,2026-02-25T13:24:58Z,CDG,DFW,2026-02-25T19:37:36Z,CDG_DFW_AF_2026_2_25_956
DL1794,10.43036,-84.20329,19950,408,1664,2026-02-25T13:24:58Z,SJO,ATL,2026-02-25T16:44:48Z,SJO_ATL_DL_2026_2_25_1317
UA6,53.59593,-175.49748,35000,495,0,2026-02-25T13:24:58Z,NRT,IAH,2026-02-25T20:48:00Z,NRT_IAH_UA_2026_2_25_1818
DL1930,40.63767,-73.77914,0,0,0,2026-02-25T13:24:59Z,JFK,STT,,JFK_STT_DL_2026_2_25_1356
KL623,58.48384,-47.36853,36000,460,-64,2026-02-25T13:24:57Z,AMS,ATL,2026-02-25T18:22:56Z,AMS_ATL_KL_2026_2_25_1037
UA3929,37.61849,-122.37989,0,13,0,2026-02-25T13:24:58Z,SFO,IAD,,SFO_IAD_UA_2026_2_25_529
DL966,44.28049,-94.72405,38000,384,0,2026-02-25T13:24:59Z,CVG,SEA,2026-02-25T16:32:00Z,CVG_SEA_DL_2026_2_25_653
DL120,57.28976,-169.46248,39000,491,0,2026-02-25T13:24:57Z,HND,MSP,2026-02-25T19:14:08Z,HND_MSP_DL_2026_2_25_1742
DL274,58.69492,-154.74142,39000,492,0,2026-02-25T13:24:58Z,HND,DTW,2026-02-25T18:59:12Z,HND_DTW_DL_2026_2_25_1651
DL274,58.69492,-154.74142,39000,492,0,2026-02-25T13:24:58Z,HND,DTW,2026-02-25T18:59:12Z,HND_DTW_DL_2026_2_25_1642
DL274,42.21125,-83.35763,0,0,0,2026-02-25T13:24:59Z,HND,DTW,2026-01-19T18:59:44Z,HND_DTW_DL_2026_2_25_1651
DL274,42.21125,-83.35763,0,0,0,2026-02-25T13:24:59Z,HND,DTW,2026-01-19T18:59:44Z,HND_DTW_DL_2026_2_25_1642
UA2115,4.35722,-91.25571,32000,381,0,2026-02-25T13:24:58Z,EWR,SFO,2026-02-25T17:12:32Z,EWR_SFO_UA_2026_2_25_613
UA297,40.87711,-74.36548,11575,285,2816,2026-02-25T13:24:59Z,EWR,BZN,2026-02-25T17:46:40Z,EWR_BZN_UA_2026_2_25_819
AF338,72.51147,-45.81926,40000,519,0,2026-02-25T13:24:58Z,CDG,SEA,2026-02-25T18:48:32Z,CDG_SEA_AF_2026_2_25_1036
BA175,57.86788,-45.20636,38000,444,0,2026-02-25T13:24:59Z,LHR,JFK,2026-02-25T17:01:52Z,LHR_JFK_BA_2026_2_25_955
UA1256,35.65082,-81.69469,22350,367,2304,2026-02-25T13:24:59Z,CLT,DEN,2026-02-25T16:27:44Z,CLT_DEN_UA_2026_2_25_815
DL8800,44.88017,-93.21231,0,0,0,2026-02-25T13:24:58Z,MSP,MIA,,MSP_MIA_DL_2026_2_25_743
UA1898,39.19528,-76.84298,7025,226,3520,2026-02-25T13:24:59Z,BWI,IAH,2026-02-25T16:29:52Z,BWI_IAH_UA_2026_2_25_822
DL1368,40.18887,-74.66758,21725,281,2304,2026-02-25T13:24:58Z,JFK,MSY,2026-02-25T16:02:08Z,JFK_MSY_DL_2026_2_25_813
DL1368,40.18887,-74.66758,21725,281,2304,2026-02-25T13:24:58Z,JFK,MSY,2026-02-25T16:02:08Z,MSY_JFK_DL_2026_2_25_1154
AF84,66.99528,-35.98772,34000,497,0,2026-02-25T13:24:56Z,CDG,SFO,2026-02-25T20:43:44Z,CDG_SFO_AF_2026_2_25_1105
DL8851,33.64542,-84.41608,0,7,0,2026-02-25T13:29:59Z,ATL,DEN,,ATL_DEN_DL_2026_2_25_836
AA1349,3.86445,-80.26538,40000,339,0,2026-02-25T13:29:58Z,JFK,AUS,2026-02-25T16:12:48Z,JFK_AUS_AA_2026_2_25_726
DL2301,44.88317,-93.21504,0,0,0,2026-02-25T13:29:56Z,MSP,TPA,,MSP_TPA_DL_2026_2_25_806
UA905,57.83043,-51.40415,36000,422,0,2026-02-25T13:29:59Z,LHR,EWR,2026-02-25T16:55:28Z,LHR_EWR_UA_2026_2_25_921
AF636,63.39186,-44.62053,37000,472,0,2026-02-25T13:29:50Z,CDG,IAH,2026-02-25T19:50:24Z,CDG_IAH_AF_2026_2_25_1048
UA4200,0.68578,-7.74646,30450,474,2048,2026-02-25T13:29:58Z,MDE,EWR,2026-02-25T18:00:27Z,MDE_EWR_UA_2026_2_25_1248
DL166,55.97859,-160.35886,37000,489,0,2026-02-25T13:29:56Z,HND,SEA,2026-02-25T16:34:08Z,HND_SEA_DL_2026_2_25_1707
AA2111,39.58026,-75.20357,18425,494,-1792,2026-02-25T13:29:57Z,CLT,LGA,2026-02-25T13:49:03Z,LGA_CLT_AA_2026_2_25_1014
AA2111,39.58026,-75.20357,18425,494,-1792,2026-02-25T13:29:57Z,CLT,LGA,2026-02-25T13:49:03Z,CLT_LGA_AA_2026_2_25_743
AF158,6.39207,-41.18679,36000,461,0,2026-02-25T13:29:58Z,CDG,DFW,2026-02-25T19:39:44Z,CDG_DFW_AF_2026_2_25_956
DL1794,11.02892,-84.09023,25200,487,1088,2026-02-25T13:29:59Z,SJO,ATL,2026-02-25T16:44:48Z,SJO_ATL_DL_2026_2_25_1317
AA3193,25.80023,-80.30602,575,169,2752,2026-02-25T13:29:59Z,MIA,EGE,,MIA_EGE_AA_2026_2_25_829
UA6,53.73499,-174.37415,35000,495,0,2026-02-25T13:29:54Z,NRT,IAH,2026-02-25T20:48:00Z,NRT_IAH_UA_2026_2_25_1818
DL1930,40.63767,-73.77915,0,0,0,2026-02-25T13:29:59Z,JFK,STT,,JFK_STT_DL_2026_2_25_1356
KL623,58.28201,-48.51114,35975,456,0,2026-02-25T13:29:58Z,AMS,ATL,2026-02-25T18:25:04Z,AMS_ATL_KL_2026_2_25_1037
DL42,16.86058,-1.43668,41000,487,0,2026-02-25T13:29:54Z,SYD,LAX,2026-02-25T17:01:52Z,SYD_LAX_DL_2026_2_25_1433
UA3929,37.62184,-12.23708,0,158,3200,2026-02-25T13:29:58Z,SFO,IAD,,SFO_IAD_UA_2026_2_25_529
DL966,44.54281,-95.37111,38000,386,0,2026-02-25T13:29:59Z,CVG,SEA,2026-02-25T16:29:52Z,CVG_SEA_DL_2026_2_25_653
DL274,58.65834,-153.42123,39000,498,0,2026-02-25T13:29:58Z,HND,DTW,2026-02-25T18:57:04Z,HND_DTW_DL_2026_2_25_1651
DL274,58.65834,-153.42123,39000,498,0,2026-02-25T13:29:58Z,HND,DTW,2026-02-25T18:57:04Z,HND_DTW_DL_2026_2_25_1642
DL120,57.48454,-168.27184,39000,496,0,2026-02-25T13:29:54Z,HND,MSP,2026-02-25T19:12:00Z,HND_MSP_DL_2026_2_25_1742
DL274,42.21118,-83.35739,0,0,0,2026-02-25T13:29:58Z,HND,DTW,2026-01-19T18:59:44Z,HND_DTW_DL_2026_2_25_1651
DL274,42.21118,-83.35739,0,0,0,2026-02-25T13:29:58Z,HND,DTW,2026-01-19T18:59:44Z,HND_DTW_DL_2026_2_25_1642
UA2115,43.52257,-91.97538,32000,381,0,2026-02-25T13:29:57Z,EWR,SFO,2026-02-25T17:14:40Z,EWR_SFO_UA_2026_2_25_613
UA297,41.17006,-74.77582,23800,317,1920,2026-02-25T13:29:58Z,EWR,BZN,2026-02-25T17:40:16Z,EWR_BZN_UA_2026_2_25_819
BA175,57.69985,-46.28101,38000,447,0,2026-02-25T13:29:56Z,LHR,JFK,2026-02-25T16:59:44Z,LHR_JFK_BA_2026_2_25_955
AF338,72.66867,-48.22398,40000,520,0,2026-02-25T13:29:54Z,CDG,SEA,2026-02-25T18:48:32Z,CDG_SEA_AF_2026_2_25_1036
UA1256,35.94331,-82.19784,31250,349,1920,2026-02-25T13:29:57Z,CLT,DEN,2026-02-25T16:27:44Z,CLT_DEN_UA_2026_2_25_815
DL8800,44.88721,-93.22761,0,6,0,2026-02-25T13:29:59Z,MSP,MIA,,MSP_MIA_DL_2026_2_25_743
UA1898,3.91127,-77.28416,20700,318,1984,2026-02-25T13:29:58Z,BWI,IAH,2026-02-25T16:27:44Z,BWI_IAH_UA_2026_2_25_822
DL1368,40.14354,-75.22339,30025,332,1152,2026-02-25T13:29:58Z,JFK,MSY,2026-02-25T16:00:00Z,JFK_MSY_DL_2026_2_25_813
DL1368,40.14354,-75.22339,30025,332,1152,2026-02-25T13:29:58Z,JFK,MSY,2026-02-25T16:00:00Z,MSY_JFK_DL_2026_2_25_1154
BA195,59.07417,-43.52106,38000,456,-64,2026-02-25T13:29:58Z,LHR,IAH,2026-02-25T19:48:16Z,LHR_IAH_BA_2026_2_25_1010
AF84,67.22269,-37.67636,34000,493,0,2026-02-25T13:29:59Z,CDG,SFO,2026-02-25T20:43:44Z,CDG_SFO_AF_2026_2_25_1105
AA1349,38.53357,-80.84296,40000,332,0,2026-02-25T13:34:58Z,JFK,AUS,2026-02-25T16:12:48Z,JFK_AUS_AA_2026_2_25_726
DL2301,44.88317,-93.21506,0,0,0,2026-02-25T13:34:56Z,MSP,TPA,,MSP_TPA_DL_2026_2_25_806
KL689,58.37049,-58.38703,37350,463,0,2026-02-25T13:34:59Z,AMS,CUN,2026-02-25T19:41:52Z,AMS_CUN_KL_2026_2_25_906
AF636,63.31943,-4.60204,37000,471,0,2026-02-25T13:34:55Z,CDG,IAH,2026-02-25T19:48:16Z,CDG_IAH_AF_2026_2_25_1048
UA4200,7.41028,-77.86751,34000,492,-128,2026-02-25T13:34:58Z,MDE,EWR,2026-02-25T17:48:11Z,MDE_EWR_UA_2026_2_25_1248
DL166,56.03099,-15.91785,37000,460,0,2026-02-25T13:34:56Z,HND,SEA,2026-02-25T16:34:08Z,HND_SEA_DL_2026_2_25_1707
AA2111,40.05238,-74.71172,10500,394,-1536,2026-02-25T13:34:59Z,CLT,LGA,2026-02-25T13:47:15Z,LGA_CLT_AA_2026_2_25_1014
AA2111,40.05238,-74.71172,10500,394,-1536,2026-02-25T13:34:59Z,CLT,LGA,2026-02-25T13:47:15Z,CLT_LGA_AA_2026_2_25_743
DL33,55.80842,-54.51915,38000,419,0,2026-02-25T13:34:59Z,LHR,ATL,2026-02-25T17:57:20Z,LHR_ATL_DL_2026_2_25_908
AF158,63.81239,-42.60762,36000,455,0,2026-02-25T13:34:59Z,CDG,DFW,2026-02-25T19:39:44Z,CDG_DFW_AF_2026_2_25_956
DL1794,11.70236,-83.97026,30825,493,768,2026-02-25T13:34:57Z,SJO,ATL,2026-02-25T16:42:40Z,SJO_ATL_DL_2026_2_25_1317
AA3193,26.04495,-80.54547,11725,291,2432,2026-02-25T13:34:59Z,MIA,EGE,2026-02-25T17:29:36Z,MIA_EGE_AA_2026_2_25_829
DL1930,40.63767,-73.77915,0,0,0,2026-02-25T13:34:54Z,JFK,STT,,JFK_STT_DL_2026_2_25_1356
AA3317,40.77521,-73.87065,0,9,0,2026-02-25T13:34:59Z,LGA,PBI,,LGA_PBI_AA_2026_2_25_844
AA3317,40.77521,-73.87065,0,9,0,2026-02-25T13:34:59Z,LGA,PBI,,PBI_LGA_AA_2026_2_25_1314
KL623,58.09002,-49.58745,36000,457,0,2026-02-25T13:34:59Z,AMS,ATL,2026-02-25T18:25:04Z,AMS_ATL_KL_2026_2_25_1037
UA3929,37.94984,-122.32885,14300,402,3264,2026-02-25T13:34:58Z,SFO,IAD,2026-02-25T17:53:04Z,SFO_IAD_UA_2026_2_25_529
DL966,44.75192,-96.05515,38000,384,0,2026-02-25T13:34:57Z,CVG,SEA,2026-02-25T16:32:00Z,CVG_SEA_DL_2026_2_25_653
DL120,57.67389,-167.02815,39000,495,0,2026-02-25T13:34:58Z,HND,MSP,2026-02-25T19:09:52Z,HND_MSP_DL_2026_2_25_1742
DL274,58.60815,-152.10306,39000,500,0,2026-02-25T13:34:58Z,HND,DTW,2026-02-25T18:57:04Z,HND_DTW_DL_2026_2_25_1651
DL274,58.60815,-152.10306,39000,500,0,2026-02-25T13:34:58Z,HND,DTW,2026-02-25T18:57:04Z,HND_DTW_DL_2026_2_25_1642
DL274,42.21033,-83.35699,0,0,0,2026-02-25T13:34:58Z,HND,DTW,2026-01-19T18:59:44Z,HND_DTW_DL_2026_2_25_1651
DL274,42.21033,-83.35699,0,0,0,2026-02-25T13:34:58Z,HND,DTW,2026-01-19T18:59:44Z,HND_DTW_DL_2026_2_25_1642
UA2115,4.34392,-92.70316,36000,394,128,2026-02-25T13:34:59Z,EWR,SFO,2026-02-25T17:14:40Z,EWR_SFO_UA_2026_2_25_613
UA297,41.40518,-75.31727,30850,365,896,2026-02-25T13:34:58Z,EWR,BZN,2026-02-25T17:40:16Z,EWR_BZN_UA_2026_2_25_819
BA175,57.51147,-47.41584,38000,448,0,2026-02-25T13:34:58Z,LHR,JFK,2026-02-25T16:59:44Z,LHR_JFK_BA_2026_2_25_955
AF338,72.79472,-50.65424,40000,513,0,2026-02-25T13:34:58Z,CDG,SEA,2026-02-25T18:48:32Z,CDG_SEA_AF_2026_2_25_1036
UA1256,36.13985,-82.70741,37575,338,640,2026-02-25T13:34:59Z,CLT,DEN,2026-02-25T16:29:52Z,CLT_DEN_UA_2026_2_25_815
UA1898,38.94132,-77.83295,27000,349,0,2026-02-25T13:34:59Z,BWI,IAH,2026-02-25T16:27:44Z,BWI_IAH_UA_2026_2_25_822
DL1368,4.00502,-75.77637,35550,312,1088,2026-02-25T13:34:58Z,JFK,MSY,2026-02-25T16:02:08Z,JFK_MSY_DL_2026_2_25_813
DL1368,4.00502,-75.77637,35550,312,1088,2026-02-25T13:34:58Z,JFK,MSY,2026-02-25T16:02:08Z,MSY_JFK_DL_2026_2_25_1154
BA117,53.50514,-55.47183,38000,396,0,2026-02-25T13:34:58Z,LHR,JFK,2026-02-25T16:27:44Z,LHR_JFK_BA_2026_2_25_903
BA195,58.90709,-44.70282,38000,451,-64,2026-02-25T13:34:59Z,LHR,IAH,2026-02-25T19:48:16Z,LHR_IAH_BA_2026_2_25_1010
AF84,67.42686,-39.35434,34000,492,0,2026-02-25T13:34:59Z,CDG,SFO,2026-02-25T20:45:52Z,CDG_SFO_AF_2026_2_25_1105
DL8851,33.68958,-84.69939,9575,292,-448,2026-02-25T13:39:58Z,ATL,DEN,2026-02-25T16:14:23Z,ATL_DEN_DL_2026_2_25_836
AA1349,38.42021,-81.42041,40000,339,0,2026-02-25T13:39:59Z,JFK,AUS,2026-02-25T16:12:48Z,JFK_AUS_AA_2026_2_25_726
DL2301,44.88266,-93.21526,0,2,0,2026-02-25T13:39:58Z,MSP,TPA,,MSP_TPA_DL_2026_2_25_806
AF636,63.21994,-47.44081,37000,471,0,2026-02-25T13:39:57Z,CDG,IAH,2026-02-25T19:48:16Z,CDG_IAH_AF_2026_2_25_1048
UA4200,8.10703,-78.02448,39550,510,1024,2026-02-25T13:39:59Z,MDE,EWR,2026-02-25T17:37:36Z,MDE_EWR_UA_2026_2_25_1248
DL166,0.56067,-157.89946,37000,498,0,2026-02-25T13:39:59Z,HND,SEA,2026-02-25T16:32:00Z,HND_SEA_DL_2026_2_25_1707
AA2111,40.42299,-74.23843,8850,312,-1664,2026-02-25T13:39:59Z,CLT,LGA,2026-02-25T13:48:50Z,LGA_CLT_AA_2026_2_25_1014
AA2111,40.42299,-74.23843,8850,312,-1664,2026-02-25T13:39:59Z,CLT,LGA,2026-02-25T13:48:50Z,CLT_LGA_AA_2026_2_25_743
DL33,55.50335,-5.54522,38000,420,0,2026-02-25T13:39:58Z,LHR,ATL,2026-02-25T18:05:52Z,LHR_ATL_DL_2026_2_25_908
AF158,6.36931,-43.98588,36000,461,0,2026-02-25T13:39:54Z,CDG,DFW,2026-02-25T19:39:44Z,CDG_DFW_AF_2026_2_25_956
DL57,6.93855,-67.63326,38000,474,0,2026-02-25T13:39:55Z,AMS,SLC,2026-02-25T18:52:48Z,AMS_SLC_DL_2026_2_25_955
DL1794,12.37981,-83.84927,35425,493,1024,2026-02-25T13:39:58Z,SJO,ATL,2026-02-25T16:42:40Z,SJO_ATL_DL_2026_2_25_1317
AA3193,26.49013,-80.71692,18875,398,1344,2026-02-25T13:39:57Z,MIA,EGE,2026-02-25T17:44:32Z,MIA_EGE_AA_2026_2_25_829
DL1930,40.64489,-73.76988,0,9,0,2026-02-25T13:39:59Z,JFK,STT,,JFK_STT_DL_2026_2_25_1356
KL623,57.91269,-5.07163,36000,457,0,2026-02-25T13:39:55Z,AMS,ATL,2026-02-25T18:25:04Z,AMS_ATL_KL_2026_2_25_1037
UA3929,38.10692,-121.55381,26425,496,1792,2026-02-25T13:39:59Z,SFO,IAD,2026-02-25T17:55:12Z,SFO_IAD_UA_2026_2_25_529
UA2115,43.35121,-93.42865,36000,383,0,2026-02-25T13:39:58Z,EWR,SFO,2026-02-25T17:12:32Z,EWR_SFO_UA_2026_2_25_613
DL966,44.95999,-96.75568,38000,388,0,2026-02-25T13:39:59Z,CVG,SEA,2026-02-25T16:32:00Z,CVG_SEA_DL_2026_2_25_653
DL120,57.84828,-16.57912,39000,497,0,2026-02-25T13:39:59Z,HND,MSP,2026-02-25T19:09:52Z,HND_MSP_DL_2026_2_25_1742
DL274,58.54414,-150.78177,39000,506,0,2026-02-25T13:39:59Z,HND,DTW,2026-02-25T18:54:56Z,HND_DTW_DL_2026_2_25_1651
DL274,58.54414,-150.78177,39000,506,0,2026-02-25T13:39:59Z,HND,DTW,2026-02-25T18:54:56Z,HND_DTW_DL_2026_2_25_1642
DL274,42.21032,-83.35699,0,0,0,2026-02-25T13:39:48Z,HND,DTW,2026-01-19T18:59:44Z,HND_DTW_DL_2026_2_25_1651
DL274,42.21032,-83.35699,0,0,0,2026-02-25T13:39:48Z,HND,DTW,2026-01-19T18:59:44Z,HND_DTW_DL_2026_2_25_1642
DL713,40.63697,-73.78268,0,0,0,2026-02-25T13:39:58Z,JFK,LAX,,JFK_LAX_DL_2026_2_25_845
UA297,41.60637,-75.93906,36000,364,-64,2026-02-25T13:39:57Z,EWR,BZN,2026-02-25T17:38:08Z,EWR_BZN_UA_2026_2_25_819
AF338,72.88889,-53.05233,40000,516,0,2026-02-25T13:39:59Z,CDG,SEA,2026-02-25T18:48:32Z,CDG_SEA_AF_2026_2_25_1036
UA1256,36.34161,-83.23903,38000,339,0,2026-02-25T13:39:59Z,CLT,DEN,2026-02-25T16:27:44Z,CLT_DEN_UA_2026_2_25_815
UA1116,44.94405,-93.47992,11225,262,2368,2026-02-25T13:39:57Z,MSP,SFO,2026-02-25T17:12:32Z,MSP_SFO_UA_2026_2_25_736
UA1898,3.88466,-78.41605,34175,334,1216,2026-02-25T13:39:58Z,BWI,IAH,2026-02-25T16:27:44Z,BWI_IAH_UA_2026_2_25_822
DL1368,39.75449,-76.22762,38000,338,0,2026-02-25T13:39:58Z,JFK,MSY,2026-02-25T16:02:08Z,JFK_MSY_DL_2026_2_25_813
DL1368,39.75449,-76.22762,38000,338,0,2026-02-25T13:39:58Z,JFK,MSY,2026-02-25T16:02:08Z,MSY_JFK_DL_2026_2_25_1154
BA117,53.19194,-56.22415,38000,393,0,2026-02-25T13:39:57Z,LHR,JFK,2026-02-25T16:27:44Z,LHR_JFK_BA_2026_2_25_903
BA195,58.73227,-45.85427,37975,449,-64,2026-02-25T13:39:59Z,LHR,IAH,2026-02-25T19:48:16Z,LHR_IAH_BA_2026_2_25_1010
AF84,67.58482,-41.07723,34000,491,0,2026-02-25T13:40:00Z,CDG,SFO,2026-02-25T20:43:44Z,CDG_SFO_AF_2026_2_25_1105
DL8851,33.80832,-85.16271,23225,314,2560,2026-02-25T13:44:58Z,ATL,DEN,2026-02-25T16:15:59Z,ATL_DEN_DL_2026_2_25_836
AA1349,38.28896,-81.98723,40000,335,0,2026-02-25T13:44:58Z,JFK,AUS,2026-02-25T16:14:56Z,JFK_AUS_AA_2026_2_25_726
DL2301,44.88258,-93.21734,0,0,0,2026-02-25T13:44:51Z,MSP,TPA,,MSP_TPA_DL_2026_2_25_806
UA905,57.23466,-54.51902,36000,426,0,2026-02-25T13:45:00Z,LHR,EWR,2026-02-25T16:55:28Z,LHR_EWR_UA_2026_2_25_921
KL661,58.32894,-58.55216,35975,459,0,2026-02-25T13:45:00Z,AMS,IAH,2026-02-25T18:59:12Z,AMS_IAH_KL_2026_2_25_1014
AF636,63.12032,-48.95434,37000,469,0,2026-02-25T13:44:59Z,CDG,IAH,2026-02-25T19:48:16Z,CDG_IAH_AF_2026_2_25_1048
UA654,33.94114,-118.40009,0,0,0,2026-02-25T13:44:56Z,LAX,IAH,,LAX_IAH_UA_2026_2_25_605
UA654,33.94114,-118.40009,0,0,0,2026-02-25T13:44:56Z,LAX,IAH,,IAH_DCA_UA_2026_2_25_1213
UA4200,8.80736,-78.15427,40000,516,0,2026-02-25T13:44:58Z,MDE,EWR,2026-02-25T17:39:58Z,MDE_EWR_UA_2026_2_25_1248
DL166,5.60901,-156.64639,37000,510,0,2026-02-25T13:44:59Z,HND,SEA,2026-02-25T16:32:00Z,HND_SEA_DL_2026_2_25_1707
AA2111,40.71432,-73.90454,3300,273,-1344,2026-02-25T13:44:59Z,CLT,LGA,2026-02-25T13:48:15Z,LGA_CLT_AA_2026_2_25_1014
AA2111,40.71432,-73.90454,3300,273,-1344,2026-02-25T13:44:59Z,CLT,LGA,2026-02-25T13:48:15Z,CLT_LGA_AA_2026_2_25_743
DL33,5.51799,-56.28412,38000,411,0,2026-02-25T13:44:59Z,LHR,ATL,2026-02-25T18:08:00Z,LHR_ATL_DL_2026_2_25_908
AF158,63.55486,-45.40766,36000,460,-64,2026-02-25T13:44:59Z,CDG,DFW,2026-02-25T19:39:44Z,CDG_DFW_AF_2026_2_25_956
DL1794,13.06917,-83.72536,36000,503,0,2026-02-25T13:44:59Z,SJO,ATL,2026-02-25T16:40:32Z,SJO_ATL_DL_2026_2_25_1317
AA3193,27.03841,-80.96085,25525,434,1216,2026-02-25T13:44:59Z,MIA,EGE,2026-02-25T17:44:32Z,MIA_EGE_AA_2026_2_25_829
UA6,54.51834,-17.12328,35000,485,0,2026-02-25T13:45:00Z,NRT,IAH,2026-02-25T20:48:00Z,NRT_IAH_UA_2026_2_25_1818
DL1930,40.64959,-73.77219,0,0,0,2026-02-25T13:44:59Z,JFK,STT,,JFK_STT_DL_2026_2_25_1356
DL42,18.16927,-14.20262,41000,487,0,2026-02-25T13:44:55Z,SYD,LAX,2026-02-25T17:01:52Z,SYD_LAX_DL_2026_2_25_1433
UA3929,38.25142,-120.71413,36750,475,960,2026-02-25T13:44:57Z,SFO,IAD,2026-02-25T17:53:04Z,SFO_IAD_UA_2026_2_25_529
UA2115,43.25918,-94.14819,36000,386,0,2026-02-25T13:44:58Z,EWR,SFO,2026-02-25T17:14:40Z,EWR_SFO_UA_2026_2_25_613
DL966,45.16149,-97.45389,38000,385,0,2026-02-25T13:44:59Z,CVG,SEA,2026-02-25T16:32:00Z,CVG_SEA_DL_2026_2_25_653
DL120,58.01202,-164.53099,39000,503,0,2026-02-25T13:44:59Z,HND,MSP,2026-02-25T19:09:52Z,HND_MSP_DL_2026_2_25_1742
DL274,58.47597,-149.44481,39000,510,0,2026-02-25T13:44:58Z,HND,DTW,2026-02-25T18:52:48Z,HND_DTW_DL_2026_2_25_1651
DL274,58.47597,-149.44481,39000,510,0,2026-02-25T13:44:58Z,HND,DTW,2026-02-25T18:52:48Z,HND_DTW_DL_2026_2_25_1642
DL274,42.21032,-83.35699,0,0,0,2026-02-25T13:44:52Z,HND,DTW,2026-01-19T18:59:44Z,HND_DTW_DL_2026_2_25_1651
DL274,42.21032,-83.35699,0,0,0,2026-02-25T13:44:52Z,HND,DTW,2026-01-19T18:59:44Z,HND_DTW_DL_2026_2_25_1642
DL713,40.63337,-73.78262,0,8,0,2026-02-25T13:44:59Z,JFK,LAX,,JFK_LAX_DL_2026_2_25_845
UA297,4.17832,-76.57049,36000,365,0,2026-02-25T13:44:57Z,EWR,BZN,2026-02-25T17:38:08Z,EWR_BZN_UA_2026_2_25_819
AF338,72.95448,-55.46379,40000,518,64,2026-02-25T13:44:58Z,CDG,SEA,2026-02-25T18:48:32Z,CDG_SEA_AF_2026_2_25_1036
UA1256,3.65386,-83.76503,38000,331,0,2026-02-25T13:44:59Z,CLT,DEN,2026-02-25T16:27:44Z,CLT_DEN_UA_2026_2_25_815
UA1116,44.93857,-94.12144,23650,355,1984,2026-02-25T13:44:59Z,MSP,SFO,2026-02-25T17:12:32Z,MSP_SFO_UA_2026_2_25_736
DL8800,44.78746,-93.22749,4050,240,2624,2026-02-25T13:44:59Z,MSP,MIA,2026-02-25T16:59:08Z,MSP_MIA_DL_2026_2_25_743
UA1898,38.75036,-7.89953,36000,336,0,2026-02-25T13:44:59Z,BWI,IAH,2026-02-25T16:27:44Z,BWI_IAH_UA_2026_2_25_822
DL1368,39.45364,-76.67884,37975,333,0,2026-02-25T13:44:59Z,JFK,MSY,2026-02-25T16:00:00Z,JFK_MSY_DL_2026_2_25_813
DL1368,39.45364,-76.67884,37975,333,0,2026-02-25T13:44:59Z,JFK,MSY,2026-02-25T16:00:00Z,MSY_JFK_DL_2026_2_25_1154
BA117,52.87354,-56.96869,38000,398,0,2026-02-25T13:44:59Z,LHR,JFK,2026-02-25T16:27:44Z,LHR_JFK_BA_2026_2_25_903
BA195,58.54582,-47.00281,37975,455,-64,2026-02-25T13:44:59Z,LHR,IAH,2026-02-25T19:46:08Z,LHR_IAH_BA_2026_2_25_1010
AF84,67.69862,-42.73335,34000,490,0,2026-02-25T13:45:00Z,CDG,SFO,2026-02-25T20:43:44Z,CDG_SFO_AF_2026_2_25_1105
DL8851,33.85332,-85.70098,34625,335,2432,2026-02-25T13:49:58Z,ATL,DEN,2026-02-25T16:18:07Z,ATL_DEN_DL_2026_2_25_836
DL2301,44.88704,-93.22775,0,0,0,2026-02-25T13:49:59Z,MSP,TPA,,MSP_TPA_DL_2026_2_25_806
AA1349,38.13313,-82.53616,40000,327,0,2026-02-25T13:49:58Z,JFK,AUS,2026-02-25T16:14:56Z,JFK_AUS_AA_2026_2_25_726
AA3052,38.85452,-77.04088,0,0,0,2026-02-25T13:49:51Z,DCA,FLL,,DCA_FLL_AA_2026_2_25_1530
AA3052,38.85452,-77.04088,0,0,0,2026-02-25T13:49:51Z,DCA,FLL,,FLL_DCA_AA_2026_2_25_1901
KL689,57.52427,-61.53183,37975,457,0,2026-02-25T13:49:54Z,AMS,CUN,2026-02-25T19:41:52Z,AMS_CUN_KL_2026_2_25_906
AF636,63.00041,-50.34475,37000,464,0,2026-02-25T13:49:58Z,CDG,IAH,2026-02-25T19:50:24Z,CDG_IAH_AF_2026_2_25_1048
UA654,33.94042,-11.84007,0,0,0,2026-02-25T13:49:57Z,LAX,IAH,,LAX_IAH_UA_2026_2_25_605
UA654,33.94042,-11.84007,0,0,0,2026-02-25T13:49:57Z,LAX,IAH,,IAH_DCA_UA_2026_2_25_1213
UA4200,9.49717,-78.28246,40025,497,0,2026-02-25T13:49:58Z,MDE,EWR,2026-02-25T17:50:47Z,MDE_EWR_UA_2026_2_25_1248
DL166,56.10045,-155.40369,39000,494,-64,2026-02-25T13:49:58Z,HND,SEA,2026-02-25T16:34:08Z,HND_SEA_DL_2026_2_25_1707
AA2111,4.08967,-7.37583,1650,162,-128,2026-02-25T13:49:58Z,CLT,LGA,2026-02-25T13:52:53Z,LGA_CLT_AA_2026_2_25_1014
AA2111,4.08967,-7.37583,1650,162,-128,2026-02-25T13:49:58Z,CLT,LGA,2026-02-25T13:52:53Z,CLT_LGA_AA_2026_2_25_743
DL33,54.85637,-57.08904,38000,409,0,2026-02-25T13:49:58Z,LHR,ATL,2026-02-25T18:10:08Z,LHR_ATL_DL_2026_2_25_908
AF158,63.41513,-46.68941,36000,459,0,2026-02-25T13:49:54Z,CDG,DFW,2026-02-25T19:39:44Z,CDG_DFW_AF_2026_2_25_956
DL1794,13.75102,-83.60215,36000,487,0,2026-02-25T13:49:55Z,SJO,ATL,2026-02-25T16:42:40Z,SJO_ATL_DL_2026_2_25_1317
AA3193,27.52492,-81.38828,31950,447,1280,2026-02-25T13:49:59Z,MIA,EGE,2026-02-25T17:42:24Z,MIA_EGE_AA_2026_2_25_829
AA1293,41.97434,-87.90008,0,0,0,2026-02-25T13:49:43Z,ORD,MCO,,ORD_MCO_AA_2026_2_25_849
AA3317,40.71671,-74.04242,11675,277,0,2026-02-25T13:49:58Z,LGA,PBI,2026-02-25T16:10:40Z,LGA_PBI_AA_2026_2_25_844
AA3317,40.71671,-74.04242,11675,277,0,2026-02-25T13:49:58Z,LGA,PBI,2026-02-25T16:10:40Z,PBI_LGA_AA_2026_2_25_1314
DL1930,40.64803,-73.76875,0,12,0,2026-02-25T13:49:59Z,JFK,STT,,JFK_STT_DL_2026_2_25_1356
UA3929,38.36696,-119.86341,41000,486,0,2026-02-25T13:49:57Z,SFO,IAD,2026-02-25T17:53:04Z,SFO_IAD_UA_2026_2_25_529
UA2115,43.16107,-94.87646,36000,391,0,2026-02-25T13:49:59Z,EWR,SFO,2026-02-25T17:12:32Z,EWR_SFO_UA_2026_2_25_613
DL966,45.35834,-9.81548,38000,387,0,2026-02-25T13:49:58Z,CVG,SEA,2026-02-25T16:32:00Z,CVG_SEA_DL_2026_2_25_653
DL120,58.16409,-163.25079,39000,507,0,2026-02-25T13:49:59Z,HND,MSP,2026-02-25T19:09:52Z,HND_MSP_DL_2026_2_25_1742
DL274,58.40758,-148.09039,39000,516,0,2026-02-25T13:49:58Z,HND,DTW,2026-02-25T18:50:40Z,HND_DTW_DL_2026_2_25_1651
DL274,58.40758,-148.09039,39000,516,0,2026-02-25T13:49:58Z,HND,DTW,2026-02-25T18:50:40Z,HND_DTW_DL_2026_2_25_1642
DL274,42.21032,-83.35699,0,0,0,2026-02-25T13:49:53Z,HND,DTW,2026-01-19T18:59:44Z,HND_DTW_DL_2026_2_25_1651
DL274,42.21032,-83.35699,0,0,0,2026-02-25T13:49:53Z,HND,DTW,2026-01-19T18:59:44Z,HND_DTW_DL_2026_2_25_1642
DL713,40.48407,-74.00861,10050,228,2048,2026-02-25T13:49:59Z,JFK,LAX,2026-02-25T19:26:56Z,JFK_LAX_DL_2026_2_25_845
UA297,41.96056,-77.22092,36000,375,0,2026-02-25T13:49:58Z,EWR,BZN,2026-02-25T17:38:08Z,EWR_BZN_UA_2026_2_25_819
BA175,56.85198,-50.52121,38000,444,0,2026-02-25T13:49:56Z,LHR,JFK,2026-02-25T16:59:44Z,LHR_JFK_BA_2026_2_25_955
AF338,7.29913,-5.78825,40000,514,0,2026-02-25T13:49:58Z,CDG,SEA,2026-02-25T18:50:40Z,CDG_SEA_AF_2026_2_25_1036
UA1256,36.73074,-84.28699,38000,338,0,2026-02-25T13:49:59Z,CLT,DEN,2026-02-25T16:27:44Z,CLT_DEN_UA_2026_2_25_815
UA1116,44.96802,-94.85247,32050,379,1216,2026-02-25T13:49:59Z,MSP,SFO,2026-02-25T17:12:32Z,MSP_SFO_UA_2026_2_25_736
DL8800,44.36396,-92.97187,17925,425,3072,2026-02-25T13:49:58Z,MSP,MIA,2026-02-25T17:17:30Z,MSP_MIA_DL_2026_2_25_743
UA1898,38.65329,-79.57648,36000,336,-64,2026-02-25T13:49:58Z,BWI,IAH,2026-02-25T16:27:44Z,BWI_IAH_UA_2026_2_25_822
DL1368,39.14578,-77.13361,38025,335,0,2026-02-25T13:49:58Z,JFK,MSY,2026-02-25T16:02:08Z,JFK_MSY_DL_2026_2_25_813
DL1368,39.14578,-77.13361,38025,335,0,2026-02-25T13:49:58Z,JFK,MSY,2026-02-25T16:02:08Z,MSY_JFK_DL_2026_2_25_1154
BA117,52.55082,-5.77042,38000,402,0,2026-02-25T13:49:58Z,LHR,JFK,2026-02-25T16:27:44Z,LHR_JFK_BA_2026_2_25_903
BA195,5.83493,-48.13819,37975,452,-64,2026-02-25T13:49:58Z,LHR,IAH,2026-02-25T19:56:48Z,LHR_IAH_BA_2026_2_25_1010
AF84,67.77596,-43.99524,34000,30,0,2026-02-25T13:49:54Z,CDG,SFO,2026-02-25T20:48:00Z,CDG_SFO_AF_2026_2_25_1105
DL8851,34.00337,-8.62165,40000,339,0,2026-02-25T13:54:59Z,ATL,DEN,2026-02-25T16:19:21Z,ATL_DEN_DL_2026_2_25_836
DL2301,44.88704,-93.22776,0,0,0,2026-02-25T13:55:00Z,MSP,TPA,,MSP_TPA_DL_2026_2_25_806
AA1349,37.96138,-83.07423,40000,331,0,2026-02-25T13:54:59Z,JFK,AUS,2026-02-25T16:14:56Z,JFK_AUS_AA_2026_2_25_726
AA3052,38.85452,-77.04088,0,0,0,2026-02-25T13:54:56Z,DCA,FLL,,DCA_FLL_AA_2026_2_25_1530
AA3052,38.85452,-77.04088,0,0,0,2026-02-25T13:54:56Z,DCA,FLL,,FLL_DCA_AA_2026_2_25_1901
UA905,56.80471,-56.56316,36025,428,0,2026-02-25T13:54:59Z,LHR,EWR,2026-02-25T16:55:28Z,LHR_EWR_UA_2026_2_25_921
KL661,5.77743,-60.64711,35975,454,0,2026-02-25T13:54:54Z,AMS,IAH,2026-02-25T18:59:12Z,AMS_IAH_KL_2026_2_25_1014
AF636,62.85553,-51.72668,37000,463,0,2026-02-25T13:55:00Z,CDG,IAH,2026-02-25T19:50:24Z,CDG_IAH_AF_2026_2_25_1048
BA53,72.88229,-48.42903,40000,515,0,2026-02-25T13:54:59Z,LHR,SEA,2026-02-25T19:26:56Z,LHR_SEA_BA_2026_2_25_1020
UA654,33.93917,-118.39636,0,2,0,2026-02-25T13:54:59Z,LAX,IAH,,LAX_IAH_UA_2026_2_25_605
UA654,33.93917,-118.39636,0,2,0,2026-02-25T13:54:59Z,LAX,IAH,,IAH_DCA_UA_2026_2_25_1213
UA4200,10.18918,-78.41203,40025,506,0,2026-02-25T13:54:59Z,MDE,EWR,2026-02-25T17:46:14Z,MDE_EWR_UA_2026_2_25_1248
DL166,56.09843,-154.18016,39000,496,0,2026-02-25T13:54:58Z,HND,SEA,2026-02-25T16:36:16Z,HND_SEA_DL_2026_2_25_1707
DL33,54.52405,-57.88947,38000,410,0,2026-02-25T13:55:00Z,LHR,ATL,2026-02-25T18:08:00Z,LHR_ATL_DL_2026_2_25_908
DL57,68.61692,-72.45695,38000,465,0,2026-02-25T13:54:54Z,AMS,SLC,2026-02-25T18:52:48Z,AMS_SLC_DL_2026_2_25_955
AF158,63.24628,-4.81311,36000,456,0,2026-02-25T13:54:59Z,CDG,DFW,2026-02-25T19:39:44Z,CDG_DFW_AF_2026_2_25_956
DL1794,14.40234,-83.48367,36000,492,0,2026-02-25T13:54:56Z,SJO,ATL,2026-02-25T16:42:40Z,SJO_ATL_DL_2026_2_25_1317
AA3193,27.98604,-81.79925,36025,419,0,2026-02-25T13:54:58Z,MIA,EGE,2026-02-25T17:44:32Z,MIA_EGE_AA_2026_2_25_829
UA6,55.36765,-16.91723,37000,496,-64,2026-02-25T13:54:59Z,NRT,IAH,2026-02-25T20:50:08Z,NRT_IAH_UA_2026_2_25_1818
AA1293,41.97434,-87.90008,0,0,0,2026-02-25T13:54:57Z,ORD,MCO,,ORD_MCO_AA_2026_2_25_849
AA2731,39.85961,-7.52796,825,154,2752,2026-02-25T13:54:58Z,PHL,DFW,,PHL_DFW_AA_2026_2_25_1354
AA3317,4.05293,-74.15515,16700,336,-128,2026-02-25T13:55:00Z,LGA,PBI,2026-02-25T16:08:32Z,LGA_PBI_AA_2026_2_25_844
AA3317,4.05293,-74.15515,16700,336,-128,2026-02-25T13:55:00Z,LGA,PBI,2026-02-25T16:08:32Z,PBI_LGA_AA_2026_2_25_1314
LH456,73.79672,-37.72876,33000,536,0,2026-02-25T13:54:56Z,FRA,LAX,2026-02-25T20:58:40Z,FRA_LAX_LH_2026_2_25_1113
DL42,19.05138,-140.89552,41000,493,0,2026-02-25T13:54:59Z,SYD,LAX,2026-02-25T17:01:52Z,SYD_LAX_DL_2026_2_25_1433
UA3929,38.47916,-119.00205,41000,494,0,2026-02-25T13:54:59Z,SFO,IAD,2026-02-25T17:53:04Z,SFO_IAD_UA_2026_2_25_529
DL966,45.58617,-98.84715,38000,390,0,2026-02-25T13:54:58Z,CVG,SEA,2026-02-25T16:32:00Z,CVG_SEA_DL_2026_2_25_653
DL120,58.30575,-161.93573,39000,509,0,2026-02-25T13:54:59Z,HND,MSP,2026-02-25T19:05:36Z,HND_MSP_DL_2026_2_25_1742
DL274,58.32713,-146.77049,39000,523,0,2026-02-25T13:54:59Z,HND,DTW,2026-02-25T18:48:32Z,HND_DTW_DL_2026_2_25_1651
DL274,58.32713,-146.77049,39000,523,0,2026-02-25T13:54:59Z,HND,DTW,2026-02-25T18:48:32Z,HND_DTW_DL_2026_2_25_1642
UA2115,43.05913,-95.59702,36000,382,0,2026-02-25T13:54:59Z,EWR,SFO,2026-02-25T17:14:40Z,EWR_SFO_UA_2026_2_25_613
DL713,40.25689,-74.40104,16650,270,-64,2026-02-25T13:55:00Z,JFK,LAX,2026-02-25T19:26:56Z,JFK_LAX_DL_2026_2_25_845
UA297,4.21398,-77.88589,36000,382,-64,2026-02-25T13:54:59Z,EWR,BZN,2026-02-25T17:42:24Z,EWR_BZN_UA_2026_2_25_819
AA1688,42.36139,-71.02085,0,0,0,2026-02-25T13:54:59Z,BOS,CLT,,BOS_CLT_AA_2026_2_25_954
AF338,73.00003,-60.19562,40000,514,0,2026-02-25T13:54:59Z,CDG,SEA,2026-02-25T18:50:40Z,CDG_SEA_AF_2026_2_25_1036
BA175,56.65332,-51.54429,38000,433,0,2026-02-25T13:54:54Z,LHR,JFK,2026-02-25T16:59:44Z,LHR_JFK_BA_2026_2_25_955
UA1256,36.92467,-84.82341,38000,340,0,2026-02-25T13:54:59Z,CLT,DEN,2026-02-25T16:27:44Z,CLT_DEN_UA_2026_2_25_815
UA838,49.93294,-152.67389,37000,471,0,2026-02-25T13:54:59Z,NRT,SFO,2026-02-25T17:10:24Z,NRT_SFO_UA_2026_2_25_1655
DL8800,43.76897,-92.59911,29550,499,1728,2026-02-25T13:54:59Z,MSP,MIA,2026-02-25T16:37:11Z,MSP_MIA_DL_2026_2_25_743
UA1116,0.44994,-95.61113,37300,386,704,2026-02-25T13:54:59Z,MSP,SFO,2026-02-25T17:14:40Z,MSP_SFO_UA_2026_2_25_736
UA1898,38.55052,-80.15416,36000,334,0,2026-02-25T13:54:58Z,BWI,IAH,2026-02-25T16:27:44Z,BWI_IAH_UA_2026_2_25_822
DL1368,38.83327,-77.58905,38000,335,64,2026-02-25T13:55:00Z,JFK,MSY,2026-02-25T16:02:08Z,JFK_MSY_DL_2026_2_25_813
DL1368,38.83327,-77.58905,38000,335,64,2026-02-25T13:55:00Z,JFK,MSY,2026-02-25T16:02:08Z,MSY_JFK_DL_2026_2_25_1154
BA117,52.21596,-58.44543,38000,405,0,2026-02-25T13:54:59Z,LHR,JFK,2026-02-25T16:25:36Z,LHR_JFK_BA_2026_2_25_903
BA195,58.14061,-49.26814,38000,570,0,2026-02-25T13:54:56Z,LHR,IAH,2026-02-25T19:54:40Z,LHR_IAH_BA_2026_2_25_1010
AF84,67.88786,-46.28453,34000,480,0,2026-02-25T13:54:58Z,CDG,SFO,2026-02-25T20:48:00Z,CDG_SFO_AF_2026_2_25_1105
DL8851,34.15599,-86.75259,40000,342,0,2026-02-25T13:59:58Z,ATL,DEN,2026-02-25T16:19:47Z,ATL_DEN_DL_2026_2_25_836
UA1666,39.05219,-84.65421,0,0,0,2026-02-25T13:59:57Z,CVG,DEN,,CVG_DEN_UA_2026_2_25_908
AA1349,37.76555,-83.60148,40000,337,0,2026-02-25T13:59:57Z,JFK,AUS,2026-02-25T16:14:56Z,JFK_AUS_AA_2026_2_25_726
AA3052,38.85452,-77.04088,0,0,0,2026-02-25T13:59:58Z,DCA,FLL,,DCA_FLL_AA_2026_2_25_1530
AA3052,38.85452,-77.04088,0,0,0,2026-02-25T13:59:58Z,DCA,FLL,,FLL_DCA_AA_2026_2_25_1901
KL689,56.88953,-63.57878,38000,458,0,2026-02-25T13:59:56Z,AMS,CUN,2026-02-25T19:41:52Z,AMS_CUN_KL_2026_2_25_906
KL661,57.47831,-61.69078,35975,454,0,2026-02-25T13:59:56Z,AMS,IAH,2026-02-25T18:59:12Z,AMS_IAH_KL_2026_2_25_1014
UA905,56.22208,-57.13656,36000,417,64,2026-02-25T13:59:55Z,LHR,EWR,2026-02-25T16:57:36Z,LHR_EWR_UA_2026_2_25_921
AF636,62.69962,-53.07556,37000,466,0,2026-02-25T13:59:58Z,CDG,IAH,2026-02-25T19:52:32Z,CDG_IAH_AF_2026_2_25_1048
BA53,73.01765,-50.77864,40000,506,0,2026-02-25T13:59:58Z,LHR,SEA,2026-02-25T19:26:56Z,LHR_SEA_BA_2026_2_25_1020
UA4200,10.88075,-78.54136,40000,503,0,2026-02-25T13:59:59Z,MDE,EWR,2026-02-25T17:45:53Z,MDE_EWR_UA_2026_2_25_1248
DL166,56.08455,-152.97354,39000,450,0,2026-02-25T13:59:54Z,HND,SEA,2026-02-25T16:36:16Z,HND_SEA_DL_2026_2_25_1707
AA2111,40.77597,-73.87405,0,0,0,2026-02-25T13:59:58Z,CLT,LGA,2026-02-25T13:54:12Z,LGA_CLT_AA_2026_2_25_1014
AA2111,40.77597,-73.87405,0,0,0,2026-02-25T13:59:58Z,CLT,LGA,2026-02-25T13:54:12Z,CLT_LGA_AA_2026_2_25_743
DL57,68.31969,-74.05434,38000,463,0,2026-02-25T13:59:56Z,AMS,SLC,2026-02-25T18:52:48Z,AMS_SLC_DL_2026_2_25_955
DL33,5.41916,-58.66562,38000,410,0,2026-02-25T13:59:57Z,LHR,ATL,2026-02-25T18:10:08Z,LHR_ATL_DL_2026_2_25_908
AF158,63.07344,-49.46499,36000,456,0,2026-02-25T13:59:57Z,CDG,DFW,2026-02-25T19:39:44Z,CDG_DFW_AF_2026_2_25_956
DL1794,0.15103,-83.35568,36000,511,0,2026-02-25T13:59:50Z,SJO,ATL,2026-02-25T16:40:32Z,SJO_ATL_DL_2026_2_25_1317
AA3193,28.43848,-82.20726,36000,414,0,2026-02-25T13:59:58Z,MIA,EGE,2026-02-25T17:44:32Z,MIA_EGE_AA_2026_2_25_829
UA6,55.48985,-167.98354,36975,503,128,2026-02-25T13:59:57Z,NRT,IAH,2026-02-25T20:48:00Z,NRT_IAH_UA_2026_2_25_1818
AA1293,41.97433,-87.90009,0,0,0,2026-02-25T13:59:56Z,ORD,MCO,,ORD_MCO_AA_2026_2_25_849
AA2731,39.91794,-75.66296,10700,320,1600,2026-02-25T13:59:57Z,PHL,DFW,2026-02-25T16:38:24Z,PHL_DFW_AA_2026_2_25_1354
AA3317,40.10587,-74.23462,16925,314,2304,2026-02-25T13:59:57Z,LGA,PBI,2026-02-25T16:12:48Z,LGA_PBI_AA_2026_2_25_844
AA3317,40.10587,-74.23462,16925,314,2304,2026-02-25T13:59:57Z,LGA,PBI,2026-02-25T16:12:48Z,PBI_LGA_AA_2026_2_25_1314
DL1930,40.49652,-73.61798,10600,335,2112,2026-02-25T13:59:59Z,JFK,STT,2026-02-25T17:14:40Z,JFK_STT_DL_2026_2_25_1356
LH454,74.76405,-50.53285,34000,514,0,2026-02-25T13:59:54Z,FRA,SFO,2026-02-25T20:22:24Z,FRA_SFO_LH_2026_2_25_1054
DL42,19.48277,-140.33495,41000,493,0,2026-02-25T13:59:58Z,SYD,LAX,2026-02-25T17:01:52Z,SYD_LAX_DL_2026_2_25_1433
UA3929,38.58259,-118.14337,41000,490,0,2026-02-25T13:59:57Z,SFO,IAD,2026-02-25T17:55:12Z,SFO_IAD_UA_2026_2_25_529
DL966,45.82565,-99.54197,38000,391,0,2026-02-25T13:59:57Z,CVG,SEA,2026-02-25T16:32:00Z,CVG_SEA_DL_2026_2_25_653
DL120,5.84317,-160.63315,39000,506,0,2026-02-25T13:59:57Z,HND,MSP,2026-02-25T19:07:44Z,HND_MSP_DL_2026_2_25_1742
DL274,58.27674,-145.42432,39000,526,0,2026-02-25T13:59:58Z,HND,DTW,2026-02-25T18:48:32Z,HND_DTW_DL_2026_2_25_1651
DL274,58.27674,-145.42432,39000,526,0,2026-02-25T13:59:58Z,HND,DTW,2026-02-25T18:48:32Z,HND_DTW_DL_2026_2_25_1642
UA2115,42.94601,-96.28992,36000,377,0,2026-02-25T13:59:57Z,EWR,SFO,2026-02-25T17:14:40Z,EWR_SFO_UA_2026_2_25_613
DL713,40.17348,-74.86237,23975,278,128,2026-02-25T13:59:57Z,JFK,LAX,2026-02-25T19:26:56Z,JFK_LAX_DL_2026_2_25_845
DL274,42.21032,-83.35699,0,0,0,2026-02-25T13:59:42Z,HND,DTW,2026-01-19T18:59:44Z,HND_DTW_DL_2026_2_25_1651
DL274,42.21032,-83.35699,0,0,0,2026-02-25T13:59:42Z,HND,DTW,2026-01-19T18:59:44Z,HND_DTW_DL_2026_2_25_1642
KL605,72.39883,-83.52004,37975,526,0,2026-02-25T13:59:54Z,AMS,SFO,2026-02-25T19:09:52Z,AMS_SFO_KL_2026_2_25_1013
UA297,42.31215,-78.55312,36000,384,0,2026-02-25T13:59:58Z,EWR,BZN,2026-02-25T17:42:24Z,EWR_BZN_UA_2026_2_25_819
AA1688,42.36141,-71.02084,0,0,0,2026-02-25T13:59:55Z,BOS,CLT,,BOS_CLT_AA_2026_2_25_954
BA175,56.39357,-52.51226,38000,433,0,2026-02-25T13:59:56Z,LHR,JFK,2026-02-25T16:59:44Z,LHR_JFK_BA_2026_2_25_955
UA1256,37.11617,-85.36166,38000,342,-64,2026-02-25T13:59:57Z,CLT,DEN,2026-02-25T16:27:44Z,CLT_DEN_UA_2026_2_25_815
UA838,4.96496,-151.77173,37000,471,0,2026-02-25T13:59:56Z,NRT,SFO,2026-02-25T17:10:24Z,NRT_SFO_UA_2026_2_25_1655
DL8800,43.09401,-92.48502,37375,496,1344,2026-02-25T13:59:58Z,MSP,MIA,2026-02-25T16:36:52Z,MSP_MIA_DL_2026_2_25_743
UA1116,45.01471,-96.37154,38000,393,0,2026-02-25T13:59:57Z,MSP,SFO,2026-02-25T17:12:32Z,MSP_SFO_UA_2026_2_25_736
UA1898,38.44386,-80.72406,36000,328,0,2026-02-25T13:59:58Z,BWI,IAH,2026-02-25T16:27:44Z,BWI_IAH_UA_2026_2_25_822
DL1368,38.54381,-78.03094,38000,292,0,2026-02-25T13:59:59Z,JFK,MSY,2026-02-25T16:00:00Z,JFK_MSY_DL_2026_2_25_813
DL1368,38.54381,-78.03094,38000,292,0,2026-02-25T13:59:59Z,JFK,MSY,2026-02-25T16:00:00Z,MSY_JFK_DL_2026_2_25_1154
BA117,51.87912,-59.17015,38000,401,0,2026-02-25T13:59:58Z,LHR,JFK,2026-02-25T16:27:44Z,LHR_JFK_BA_2026_2_25_903
BA195,57.91709,-50.65418,38000,570,0,2026-02-25T13:59:56Z,LHR,IAH,2026-02-25T19:54:40Z,LHR_IAH_BA_2026_2_25_1010
AF84,67.95109,-48.02974,34000,473,0,2026-02-25T13:59:59Z,CDG,SFO,2026-02-25T20:48:00Z,CDG_SFO_AF_2026_2_25_1105
UA1886,29.98305,-95.33332,0,0,0,2026-02-25T14:05:00Z,IAH,EWR,,IAH_EWR_UA_2026_2_25_814
DL8851,34.30765,-87.29562,40000,342,0,2026-02-25T14:04:59Z,ATL,DEN,2026-02-25T16:20:46Z,ATL_DEN_DL_2026_2_25_836
UA1666,39.05144,-84.64992,0,8,0,2026-02-25T14:05:00Z,CVG,DEN,,CVG_DEN_UA_2026_2_25_908
AA1349,3.75645,-84.13424,40000,333,0,2026-02-25T14:04:58Z,JFK,AUS,2026-02-25T16:14:56Z,JFK_AUS_AA_2026_2_25_726
AA3052,38.85452,-77.04088,0,0,0,2026-02-25T14:04:58Z,DCA,FLL,,DCA_FLL_AA_2026_2_25_1530
AA3052,38.85452,-77.04088,0,0,0,2026-02-25T14:04:58Z,DCA,FLL,,FLL_DCA_AA_2026_2_25_1901
UA905,55.82895,-57.90952,36000,414,0,2026-02-25T14:04:59Z,LHR,EWR,2026-02-25T16:57:36Z,LHR_EWR_UA_2026_2_25_921
KL689,56.55254,-64.56739,38000,458,0,2026-02-25T14:04:58Z,AMS,CUN,2026-02-25T19:41:52Z,AMS_CUN_KL_2026_2_25_906
KL661,57.16874,-62.73626,36000,455,0,2026-02-25T14:04:56Z,AMS,IAH,2026-02-25T18:59:12Z,AMS_IAH_KL_2026_2_25_1014
AF636,62.53204,-54.40015,37000,467,0,2026-02-25T14:05:00Z,CDG,IAH,2026-02-25T19:50:24Z,CDG_IAH_AF_2026_2_25_1048
BA53,73.05276,-53.15557,40000,508,0,2026-02-25T14:04:57Z,LHR,SEA,2026-02-25T19:22:40Z,LHR_SEA_BA_2026_2_25_1020
UA830,21.69163,-134.81476,39000,536,0,2026-02-25T14:04:56Z,SYD,SFO,2026-02-25T16:23:28Z,SYD_SFO_UA_2026_2_25_1423
UA654,33.93983,-118.38048,0,9,0,2026-02-25T14:04:59Z,LAX,IAH,,LAX_IAH_UA_2026_2_25_605
UA654,33.93983,-118.38048,0,9,0,2026-02-25T14:04:59Z,LAX,IAH,,IAH_DCA_UA_2026_2_25_1213
UA4200,0.11573,-78.67181,40025,514,0,2026-02-25T14:04:59Z,MDE,EWR,2026-02-25T17:45:12Z,MDE_EWR_UA_2026_2_25_1248
DL166,56.02956,-151.79314,39000,500,0,2026-02-25T14:04:58Z,HND,SEA,2026-02-25T16:34:08Z,HND_SEA_DL_2026_2_25_1707
KL601,68.75546,-85.57932,36000,523,0,2026-02-25T14:05:00Z,AMS,LAX,2026-02-25T19:16:16Z,AMS_LAX_KL_2026_2_25_1000
DL57,68.01471,-7.55826,38000,463,0,2026-02-25T14:04:58Z,AMS,SLC,2026-02-25T18:52:48Z,AMS_SLC_DL_2026_2_25_955
AA2111,0.40776,-73.87407,0,0,0,2026-02-25T14:04:57Z,CLT,LGA,2026-02-25T13:54:12Z,LGA_CLT_AA_2026_2_25_1014
AA2111,0.40776,-73.87407,0,0,0,2026-02-25T14:04:57Z,CLT,LGA,2026-02-25T13:54:12Z,CLT_LGA_AA_2026_2_25_743
DL33,53.84789,-59.44302,38000,413,0,2026-02-25T14:04:59Z,LHR,ATL,2026-02-25T18:08:00Z,LHR_ATL_DL_2026_2_25_908
AF158,62.91856,-5.08143,36000,456,0,2026-02-25T14:04:59Z,CDG,DFW,2026-02-25T19:39:44Z,CDG_DFW_AF_2026_2_25_956
AA3193,28.88911,-82.61826,36000,413,0,2026-02-25T14:05:00Z,MIA,EGE,2026-02-25T17:44:32Z,MIA_EGE_AA_2026_2_25_829
UA6,55.59912,-166.84239,37000,498,0,2026-02-25T14:04:58Z,NRT,IAH,2026-02-25T20:48:00Z,NRT_IAH_UA_2026_2_25_1818
AA1293,41.97433,-87.90008,0,0,0,2026-02-25T14:04:56Z,ORD,MCO,,ORD_MCO_AA_2026_2_25_849
AA2731,3.98557,-7.62099,24000,312,1600,2026-02-25T14:05:00Z,PHL,DFW,2026-02-25T16:59:44Z,PHL_DFW_AA_2026_2_25_1354
AA3317,39.74998,-0.74521,28675,323,1344,2026-02-25T14:04:59Z,LGA,PBI,2026-02-25T16:10:40Z,LGA_PBI_AA_2026_2_25_844
AA3317,39.74998,-0.74521,28675,323,1344,2026-02-25T14:04:59Z,LGA,PBI,2026-02-25T16:10:40Z,PBI_LGA_AA_2026_2_25_1314
DL1930,4.01912,-7.29705,22450,466,2432,2026-02-25T14:04:59Z,JFK,STT,2026-02-25T17:14:40Z,JFK_STT_DL_2026_2_25_1356
UA3929,38.68094,-117.28837,41000,479,0,2026-02-25T14:05:00Z,SFO,IAD,2026-02-25T17:55:12Z,SFO_IAD_UA_2026_2_25_529
DL966,45.97966,-100.28997,38000,390,0,2026-02-25T14:04:59Z,CVG,SEA,2026-02-25T16:32:00Z,CVG_SEA_DL_2026_2_25_653
DL120,58.54582,-159.30318,39000,503,0,2026-02-25T14:04:59Z,HND,MSP,2026-02-25T19:07:44Z,HND_MSP_DL_2026_2_25_1742
DL274,58.34034,-144.03719,39000,526,0,2026-02-25T14:04:58Z,HND,DTW,2026-02-25T18:48:32Z,HND_DTW_DL_2026_2_25_1651
DL274,58.34034,-144.03719,39000,526,0,2026-02-25T14:04:58Z,HND,DTW,2026-02-25T18:48:32Z,HND_DTW_DL_2026_2_25_1642
UA2115,42.81317,-96.99005,36000,382,0,2026-02-25T14:05:00Z,EWR,SFO,2026-02-25T17:14:40Z,EWR_SFO_UA_2026_2_25_613
KL605,72.01138,-85.51846,37975,526,0,2026-02-25T14:04:58Z,AMS,SFO,2026-02-25T19:09:52Z,AMS_SFO_KL_2026_2_25_1013
DL713,40.12989,-75.38744,27275,306,960,2026-02-25T14:04:58Z,JFK,LAX,2026-02-25T19:24:48Z,JFK_LAX_DL_2026_2_25_845
DL274,42.21032,-83.35699,0,0,0,2026-02-25T14:04:57Z,HND,DTW,2026-01-19T18:59:44Z,HND_DTW_DL_2026_2_25_1651
DL274,42.21032,-83.35699,0,0,0,2026-02-25T14:04:57Z,HND,DTW,2026-01-19T18:59:44Z,HND_DTW_DL_2026_2_25_1642
UA297,42.47952,-79.23685,36000,380,0,2026-02-25T14:04:59Z,EWR,BZN,2026-02-25T17:42:24Z,EWR_BZN_UA_2026_2_25_819
AA1688,42.36142,-71.02083,0,0,0,2026-02-25T14:04:59Z,BOS,CLT,,BOS_CLT_AA_2026_2_25_954
BA175,56.12122,-53.48221,38000,433,0,2026-02-25T14:04:58Z,LHR,JFK,2026-02-25T16:59:44Z,LHR_JFK_BA_2026_2_25_955
AF338,72.81577,-64.96945,40000,513,0,2026-02-25T14:04:58Z,CDG,SEA,2026-02-25T18:48:32Z,CDG_SEA_AF_2026_2_25_1036
UA1256,37.30669,-85.90777,38000,344,0,2026-02-25T14:04:59Z,CLT,DEN,2026-02-25T16:27:44Z,CLT_DEN_UA_2026_2_25_815
DL188,52.29016,-178.82225,37000,491,0,2026-02-25T14:04:56Z,ICN,ATL,2026-02-25T22:09:04Z,ICN_ATL_DL_2026_2_25_1814
UA838,49.36118,-150.85873,37000,471,0,2026-02-25T14:04:58Z,NRT,SFO,2026-02-25T17:10:24Z,NRT_SFO_UA_2026_2_25_1655
DL8800,42.40979,-9.23653,39000,500,0,2026-02-25T14:04:58Z,MSP,MIA,2026-02-25T16:33:37Z,MSP_MIA_DL_2026_2_25_743
UA1116,45.03063,-97.13817,38000,384,0,2026-02-25T14:04:59Z,MSP,SFO,2026-02-25T17:14:40Z,MSP_SFO_UA_2026_2_25_736
UA1898,38.32618,-81.28731,36750,334,832,2026-02-25T14:04:59Z,BWI,IAH,2026-02-25T16:25:36Z,BWI_IAH_UA_2026_2_25_822
DL1368,38.29967,-7.84435,37975,291,0,2026-02-25T14:04:59Z,JFK,MSY,2026-02-25T16:02:08Z,JFK_MSY_DL_2026_2_25_813
DL1368,38.29967,-7.84435,37975,291,0,2026-02-25T14:04:59Z,JFK,MSY,2026-02-25T16:02:08Z,MSY_JFK_DL_2026_2_25_1154
BA117,51.53952,-59.88045,38000,401,0,2026-02-25T14:04:59Z,LHR,JFK,2026-02-25T16:27:44Z,LHR_JFK_BA_2026_2_25_903
BA195,57.67875,-52.07626,38000,570,0,2026-02-25T14:04:58Z,LHR,IAH,2026-02-25T19:54:40Z,LHR_IAH_BA_2026_2_25_1010
AF84,67.99498,-49.74747,34000,463,0,2026-02-25T14:04:59Z,CDG,SFO,2026-02-25T20:52:16Z,CDG_SFO_AF_2026_2_25_1105
UA1886,29.98327,-95.34998,0,14,0,2026-02-25T14:09:58Z,IAH,EWR,,IAH_EWR_UA_2026_2_25_814
DL8851,3.45569,-87.79853,39000,340,0,2026-02-25T14:09:59Z,ATL,DEN,2026-02-25T16:20:52Z,ATL_DEN_DL_2026_2_25_836
DL2301,44.63438,-93.26187,10525,317,2496,2026-02-25T14:09:59Z,MSP,TPA,2026-02-25T16:46:56Z,MSP_TPA_DL_2026_2_25_806
AA1349,37.36483,-84.65426,40000,332,0,2026-02-25T14:09:58Z,JFK,AUS,2026-02-25T16:14:56Z,JFK_AUS_AA_2026_2_25_726
UA1666,39.04625,-84.75867,3675,199,4416,2026-02-25T14:09:57Z,CVG,DEN,2026-02-25T16:49:04Z,CVG_DEN_UA_2026_2_25_908
AA3052,38.85452,-77.04088,0,0,0,2026-02-25T14:09:58Z,DCA,FLL,,DCA_FLL_AA_2026_2_25_1530
AA3052,38.85452,-77.04088,0,0,0,2026-02-25T14:09:58Z,DCA,FLL,,FLL_DCA_AA_2026_2_25_1901
UA905,55.44035,-58.64946,36925,416,576,2026-02-25T14:10:00Z,LHR,EWR,2026-02-25T16:57:36Z,LHR_EWR_UA_2026_2_25_921
KL661,56.84717,-63.70533,36000,455,0,2026-02-25T14:09:56Z,AMS,IAH,2026-02-25T18:59:12Z,AMS_IAH_KL_2026_2_25_1014
AF636,6.23442,-55.76554,37175,468,64,2026-02-25T14:09:59Z,CDG,IAH,2026-02-25T19:48:16Z,CDG_IAH_AF_2026_2_25_1048
BA53,73.06023,-55.58129,40000,508,64,2026-02-25T14:09:59Z,LHR,SEA,2026-02-25T19:26:56Z,LHR_SEA_BA_2026_2_25_1020
UA654,33.71788,-118.52377,10550,321,960,2026-02-25T14:09:59Z,LAX,IAH,,LAX_IAH_UA_2026_2_25_605
UA654,33.71788,-118.52377,10550,321,960,2026-02-25T14:09:59Z,LAX,IAH,,IAH_DCA_UA_2026_2_25_1213
UA4200,12.27965,-7.88056,40000,515,0,2026-02-25T14:09:59Z,MDE,EWR,2026-02-25T17:41:33Z,MDE_EWR_UA_2026_2_25_1248
KL601,68.25895,-86.92902,36000,523,0,2026-02-25T14:09:56Z,AMS,LAX,2026-02-25T19:16:16Z,AMS_LAX_KL_2026_2_25_1000
DL57,67.70062,-77.04906,38000,463,0,2026-02-25T14:09:56Z,AMS,SLC,2026-02-25T18:52:48Z,AMS_SLC_DL_2026_2_25_955
AA2111,40.77602,-73.87405,0,0,0,2026-02-25T14:09:57Z,CLT,LGA,2026-02-25T13:54:12Z,LGA_CLT_AA_2026_2_25_1014
AA2111,40.77602,-73.87405,0,0,0,2026-02-25T14:09:57Z,CLT,LGA,2026-02-25T13:54:12Z,CLT_LGA_AA_2026_2_25_743
DL33,53.50072,-60.20477,38000,411,0,2026-02-25T14:09:58Z,LHR,ATL,2026-02-25T18:08:00Z,LHR_ATL_DL_2026_2_25_908
AF158,6.27729,-52.15844,36000,457,0,2026-02-25T14:10:00Z,CDG,DFW,2026-02-25T19:39:44Z,CDG_DFW_AF_2026_2_25_956
DL1794,16.52623,-83.09279,36000,508,0,2026-02-25T14:09:59Z,SJO,ATL,2026-02-25T16:38:24Z,SJO_ATL_DL_2026_2_25_1317
AA3193,29.33717,-83.03122,36025,412,-64,2026-02-25T14:10:00Z,MIA,EGE,2026-02-25T17:44:32Z,MIA_EGE_AA_2026_2_25_829
AA1283,3.97167,-86.29743,0,0,0,2026-02-25T14:09:59Z,IND,MIA,,IND_MIA_AA_2026_2_25_925
UA6,55.69844,-165.59608,36975,487,64,2026-02-25T14:09:58Z,NRT,IAH,2026-02-25T20:52:16Z,NRT_IAH_UA_2026_2_25_1818
AA1293,41.97433,-87.90009,0,0,0,2026-02-25T14:09:47Z,ORD,MCO,,ORD_MCO_AA_2026_2_25_849
AA2731,39.68564,-76.81433,30725,363,1984,2026-02-25T14:09:59Z,PHL,DFW,2026-02-25T16:57:36Z,PHL_DFW_AA_2026_2_25_1354
AA3317,39.43158,-74.94037,34000,323,0,2026-02-25T14:09:59Z,LGA,PBI,2026-02-25T16:10:40Z,LGA_PBI_AA_2026_2_25_844
AA3317,39.43158,-74.94037,34000,323,0,2026-02-25T14:09:59Z,LGA,PBI,2026-02-25T16:10:40Z,PBI_LGA_AA_2026_2_25_1314
DL1930,3.98335,-72.19032,29025,525,384,2026-02-25T14:09:58Z,JFK,STT,2026-02-25T17:14:40Z,JFK_STT_DL_2026_2_25_1356
KL623,56.27975,-56.97449,36000,449,-64,2026-02-25T14:09:47Z,AMS,ATL,2026-02-25T18:27:12Z,AMS_ATL_KL_2026_2_25_1037
DL42,20.38439,-139.14606,41000,510,0,2026-02-25T14:09:56Z,SYD,LAX,2026-02-25T17:01:52Z,SYD_LAX_DL_2026_2_25_1433
DL830,33.64125,-84.42616,0,0,0,2026-02-25T14:09:24Z,ATL,SLC,,ATL_SLC_DL_2026_2_25_928
UA3929,38.82196,-116.44946,41000,489,0,2026-02-25T14:10:00Z,SFO,IAD,2026-02-25T17:57:20Z,SFO_IAD_UA_2026_2_25_529
UA2115,42.63643,-97.67963,36000,397,0,2026-02-25T14:09:58Z,EWR,SFO,2026-02-25T17:10:24Z,EWR_SFO_UA_2026_2_25_613
DL966,46.11617,-1.01042,38000,392,0,2026-02-25T14:09:58Z,CVG,SEA,2026-02-25T16:32:00Z,CVG_SEA_DL_2026_2_25_653
DL120,58.64442,-157.98827,39000,503,0,2026-02-25T14:09:58Z,HND,MSP,2026-02-25T19:09:52Z,HND_MSP_DL_2026_2_25_1742
DL274,58.38803,-142.65703,39000,526,0,2026-02-25T14:09:56Z,HND,DTW,2026-02-25T18:48:32Z,HND_DTW_DL_2026_2_25_1651
DL274,58.38803,-142.65703,39000,526,0,2026-02-25T14:09:56Z,HND,DTW,2026-02-25T18:48:32Z,HND_DTW_DL_2026_2_25_1642
DL713,40.08041,-7.59516,30050,326,576,2026-02-25T14:09:58Z,JFK,LAX,2026-02-25T19:26:56Z,JFK_LAX_DL_2026_2_25_845
DL274,42.21033,-83.35699,0,0,0,2026-02-25T14:09:54Z,HND,DTW,2026-01-19T18:59:44Z,HND_DTW_DL_2026_2_25_1651
DL274,42.21033,-83.35699,0,0,0,2026-02-25T14:09:54Z,HND,DTW,2026-01-19T18:59:44Z,HND_DTW_DL_2026_2_25_1642
UA297,42.61729,-79.91255,36000,372,0,2026-02-25T14:09:58Z,EWR,BZN,2026-02-25T17:38:08Z,EWR_BZN_UA_2026_2_25_819
AA1688,4.23614,-71.02084,0,0,0,2026-02-25T14:09:57Z,BOS,CLT,,BOS_CLT_AA_2026_2_25_954
AF338,72.68665,-67.30419,40000,513,0,2026-02-25T14:09:56Z,CDG,SEA,2026-02-25T18:48:32Z,CDG_SEA_AF_2026_2_25_1036
BA175,55.85833,-54.44024,38000,432,0,2026-02-25T14:09:56Z,LHR,JFK,2026-02-25T16:59:44Z,LHR_JFK_BA_2026_2_25_955
UA1256,37.49634,-86.46106,38000,347,-64,2026-02-25T14:09:59Z,CLT,DEN,2026-02-25T16:27:44Z,CLT_DEN_UA_2026_2_25_815
UA1116,45.02761,-97.88898,38000,392,0,2026-02-25T14:09:58Z,MSP,SFO,2026-02-25T17:14:40Z,MSP_SFO_UA_2026_2_25_736
DL188,52.54906,-177.85571,37000,491,0,2026-02-25T14:09:56Z,ICN,ATL,2026-02-25T22:09:04Z,ICN_ATL_DL_2026_2_25_1814
DL8800,4.17284,-92.20921,39000,495,0,2026-02-25T14:09:59Z,MSP,MIA,2026-02-25T16:34:52Z,MSP_MIA_DL_2026_2_25_743
UA1898,38.18289,-81.85262,38000,335,0,2026-02-25T14:09:58Z,BWI,IAH,2026-02-25T16:27:44Z,BWI_IAH_UA_2026_2_25_822
DL1368,38.05128,-78.85806,38000,298,0,2026-02-25T14:09:58Z,JFK,MSY,2026-02-25T16:02:08Z,JFK_MSY_DL_2026_2_25_813
DL1368,38.05128,-78.85806,38000,298,0,2026-02-25T14:09:58Z,JFK,MSY,2026-02-25T16:02:08Z,MSY_JFK_DL_2026_2_25_1154
BA117,51.19624,-60.57922,38000,398,0,2026-02-25T14:10:00Z,LHR,JFK,2026-02-25T16:27:44Z,LHR_JFK_BA_2026_2_25_903
BA195,57.58678,-52.51561,37975,445,0,2026-02-25T14:09:56Z,LHR,IAH,2026-02-25T19:54:40Z,LHR_IAH_BA_2026_2_25_1010
AF84,68.18207,-51.39879,34000,468,0,2026-02-25T14:09:59Z,CDG,SFO,2026-02-25T20:50:08Z,CDG_SFO_AF_2026_2_25_1105
UA1886,29.94892,-95.34705,1350,177,2816,2026-02-25T14:14:57Z,IAH,EWR,,IAH_EWR_UA_2026_2_25_814
DL8851,34.70581,-88.33423,39000,336,0,2026-02-25T14:14:58Z,ATL,DEN,2026-02-25T16:23:10Z,ATL_DEN_DL_2026_2_25_836
DL2301,44.17044,-93.03152,21350,391,1024,2026-02-25T14:14:57Z,MSP,TPA,2026-02-25T16:46:56Z,MSP_TPA_DL_2026_2_25_806
AA1349,37.15997,-85.17601,40000,337,0,2026-02-25T14:14:57Z,JFK,AUS,2026-02-25T16:14:56Z,JFK_AUS_AA_2026_2_25_726
UA1666,39.13536,-85.19921,18275,310,1600,2026-02-25T14:14:58Z,CVG,DEN,2026-02-25T16:49:04Z,CVG_DEN_UA_2026_2_25_908
AA3052,38.85452,-77.04088,0,0,0,2026-02-25T14:14:54Z,DCA,FLL,,DCA_FLL_AA_2026_2_25_1530
AA3052,38.85452,-77.04088,0,0,0,2026-02-25T14:14:54Z,DCA,FLL,,FLL_DCA_AA_2026_2_25_1901
KL661,56.51602,-64.67213,36000,455,0,2026-02-25T14:14:54Z,AMS,IAH,2026-02-25T18:59:12Z,AMS_IAH_KL_2026_2_25_1014
UA905,55.05272,-59.36527,38025,409,0,2026-02-25T14:14:57Z,LHR,EWR,2026-02-25T17:01:52Z,LHR_EWR_UA_2026_2_25_921
KL689,55.86595,-66.46452,38000,461,0,2026-02-25T14:14:54Z,AMS,CUN,2026-02-25T19:41:52Z,AMS_CUN_KL_2026_2_25_906
AF636,62.16074,-5.69989,38000,474,0,2026-02-25T14:14:35Z,CDG,IAH,2026-02-25T20:05:20Z,CDG_IAH_AF_2026_2_25_1048
BA53,73.03972,-57.95631,40000,507,0,2026-02-25T14:14:57Z,LHR,SEA,2026-02-25T19:26:56Z,LHR_SEA_BA_2026_2_25_1020
UA654,33.61629,-117.92562,24200,418,2496,2026-02-25T14:14:57Z,LAX,IAH,2026-02-25T16:55:28Z,LAX_IAH_UA_2026_2_25_605
UA654,33.61629,-117.92562,24200,418,2496,2026-02-25T14:14:57Z,LAX,IAH,2026-02-25T16:55:28Z,IAH_DCA_UA_2026_2_25_1213
UA4200,1.29762,-78.93831,40000,507,0,2026-02-25T14:14:58Z,MDE,EWR,2026-02-25T17:45:01Z,MDE_EWR_UA_2026_2_25_1248
DL57,6.73678,-78.50134,38000,468,0,2026-02-25T14:14:54Z,AMS,SLC,2026-02-25T18:52:48Z,AMS_SLC_DL_2026_2_25_955
AA2111,40.77591,-73.87408,0,0,0,2026-02-25T14:14:57Z,CLT,LGA,2026-02-25T13:54:12Z,LGA_CLT_AA_2026_2_25_1014
AA2111,40.77591,-73.87408,0,0,0,2026-02-25T14:14:57Z,CLT,LGA,2026-02-25T13:54:12Z,CLT_LGA_AA_2026_2_25_743
DL33,53.14696,-60.95749,38000,411,0,2026-02-25T14:14:59Z,LHR,ATL,2026-02-25T18:08:00Z,LHR_ATL_DL_2026_2_25_908
AF158,6.26149,-5.34843,36000,459,0,2026-02-25T14:14:57Z,CDG,DFW,2026-02-25T19:39:44Z,CDG_DFW_AF_2026_2_25_956
DL1794,17.20784,-82.96552,38000,505,0,2026-02-25T14:14:56Z,SJO,ATL,2026-02-25T16:38:24Z,SJO_ATL_DL_2026_2_25_1317
AA3193,29.77528,-83.44014,35975,410,0,2026-02-25T14:14:57Z,MIA,EGE,2026-02-25T17:44:32Z,MIA_EGE_AA_2026_2_25_829
UA6,55.78369,-164.41615,36975,485,64,2026-02-25T14:14:58Z,NRT,IAH,2026-02-25T20:54:24Z,NRT_IAH_UA_2026_2_25_1818
AA2731,39.51009,-77.42465,38000,361,128,2026-02-25T14:14:59Z,PHL,DFW,2026-02-25T16:57:36Z,PHL_DFW_AA_2026_2_25_1354
AA3317,39.10812,-0.75336,36000,324,-64,2026-02-25T14:14:59Z,LGA,PBI,2026-02-25T16:10:40Z,LGA_PBI_AA_2026_2_25_844
AA3317,39.10812,-0.75336,36000,324,-64,2026-02-25T14:14:59Z,LGA,PBI,2026-02-25T16:10:40Z,PBI_LGA_AA_2026_2_25_1314
DL1930,39.36476,-7.16167,35775,458,1152,2026-02-25T14:14:59Z,JFK,STT,2026-02-25T17:14:40Z,JFK_STT_DL_2026_2_25_1356
LH454,74.99133,-58.59302,34000,512,0,2026-02-25T14:14:54Z,FRA,SFO,2026-02-25T20:26:40Z,FRA_SFO_LH_2026_2_25_1054
KL623,55.84974,-57.82671,36000,445,-64,2026-02-25T14:14:59Z,AMS,ATL,2026-02-25T18:31:28Z,AMS_ATL_KL_2026_2_25_1037
DL42,20.82715,-138.55309,41000,510,0,2026-02-25T14:14:56Z,SYD,LAX,2026-02-25T17:01:52Z,SYD_LAX_DL_2026_2_25_1433
UA3929,38.95608,-115.61084,41000,483,0,2026-02-25T14:14:57Z,SFO,IAD,2026-02-25T17:53:04Z,SFO_IAD_UA_2026_2_25_529
UA2115,4.24482,-98.35598,36000,373,0,2026-02-25T14:14:58Z,EWR,SFO,2026-02-25T17:06:08Z,EWR_SFO_UA_2026_2_25_613
DL966,46.24779,-101.79691,38000,392,0,2026-02-25T14:14:58Z,CVG,SEA,2026-02-25T16:32:00Z,CVG_SEA_DL_2026_2_25_653
DL120,58.72417,-156.66309,39000,494,0,2026-02-25T14:14:58Z,HND,MSP,2026-02-25T19:09:52Z,HND_MSP_DL_2026_2_25_1742
DL274,57.82658,-141.29782,39000,520,0,2026-02-25T14:14:56Z,HND,DTW,2026-02-25T18:48:32Z,HND_DTW_DL_2026_2_25_1651
DL274,57.82658,-141.29782,39000,520,0,2026-02-25T14:14:56Z,HND,DTW,2026-02-25T18:48:32Z,HND_DTW_DL_2026_2_25_1642
KL605,71.14448,-89.41559,37975,525,0,2026-02-25T14:14:57Z,AMS,SFO,2026-02-25T19:05:36Z,AMS_SFO_KL_2026_2_25_1013
DL713,40.06686,-76.55442,31000,341,0,2026-02-25T14:14:57Z,JFK,LAX,2026-02-25T19:26:56Z,JFK_LAX_DL_2026_2_25_845
DL274,42.21032,-0.83357,0,0,0,2026-02-25T14:14:56Z,HND,DTW,2026-01-19T18:59:44Z,HND_DTW_DL_2026_2_25_1651
DL274,42.21032,-0.83357,0,0,0,2026-02-25T14:14:56Z,HND,DTW,2026-01-19T18:59:44Z,HND_DTW_DL_2026_2_25_1642
UA297,4.26459,-80.60838,36000,370,0,2026-02-25T14:14:58Z,EWR,BZN,2026-02-25T17:38:08Z,EWR_BZN_UA_2026_2_25_819
AA1688,4.23614,-71.02083,0,0,0,2026-02-25T14:14:55Z,BOS,CLT,,BOS_CLT_AA_2026_2_25_954
BA175,55.52646,-55.37134,38000,426,0,2026-02-25T14:14:57Z,LHR,JFK,2026-02-25T17:06:08Z,LHR_JFK_BA_2026_2_25_955
UA1256,37.68658,-87.02691,38000,359,0,2026-02-25T14:14:58Z,CLT,DEN,2026-02-25T16:27:44Z,CLT_DEN_UA_2026_2_25_815
UA1116,44.99547,-98.66422,38000,392,0,2026-02-25T14:14:59Z,MSP,SFO,2026-02-25T17:12:32Z,MSP_SFO_UA_2026_2_25_736
DL188,52.77013,-17.67209,37000,495,0,2026-02-25T14:14:57Z,ICN,ATL,2026-02-25T22:09:04Z,ICN_ATL_DL_2026_2_25_1814
DL8800,41.05991,-92.06025,39000,487,0,2026-02-25T14:14:58Z,MSP,MIA,2026-02-25T16:37:18Z,MSP_MIA_DL_2026_2_25_743
AA249,41.97361,-87.89989,0,0,0,2026-02-25T14:14:58Z,ORD,MEX,,ORD_MEX_AA_2026_2_25_851
UA1898,38.02634,-82.40511,38000,332,0,2026-02-25T14:14:57Z,BWI,IAH,2026-02-25T16:25:36Z,BWI_IAH_UA_2026_2_25_822
DL1368,37.81133,-79.28699,38050,300,0,2026-02-25T14:14:59Z,JFK,MSY,2026-02-25T16:02:08Z,JFK_MSY_DL_2026_2_25_813
DL1368,37.81133,-79.28699,38050,300,0,2026-02-25T14:14:59Z,JFK,MSY,2026-02-25T16:02:08Z,MSY_JFK_DL_2026_2_25_1154
BA117,50.85371,-61.25801,38000,394,0,2026-02-25T14:14:59Z,LHR,JFK,2026-02-25T16:27:44Z,LHR_JFK_BA_2026_2_25_903
AF84,68.37984,-53.06148,34000,469,0,2026-02-25T14:14:58Z,CDG,SFO,2026-02-25T20:48:00Z,CDG_SFO_AF_2026_2_25_1105
UA1886,3.02444,-95.16567,12750,380,2624,2026-02-25T14:19:58Z,IAH,EWR,2026-02-25T17:08:16Z,IAH_EWR_UA_2026_2_25_814
DL8851,34.85305,-8.88763,40000,341,0,2026-02-25T14:19:59Z,ATL,DEN,2026-02-25T16:24:12Z,ATL_DEN_DL_2026_2_25_836
DL2301,43.55925,-92.78758,28175,487,1344,2026-02-25T14:19:58Z,MSP,TPA,2026-02-25T16:44:48Z,MSP_TPA_DL_2026_2_25_806
AA1349,36.95279,-85.69868,40000,334,0,2026-02-25T14:19:57Z,JFK,AUS,2026-02-25T16:14:56Z,JFK_AUS_AA_2026_2_25_726
UA1666,39.30122,-85.75287,27675,355,1792,2026-02-25T14:19:57Z,CVG,DEN,2026-02-25T16:49:04Z,CVG_DEN_UA_2026_2_25_908
AA3052,38.85452,-77.04088,0,0,0,2026-02-25T14:19:58Z,DCA,FLL,,DCA_FLL_AA_2026_2_25_1530
AA3052,38.85452,-77.04088,0,0,0,2026-02-25T14:19:58Z,DCA,FLL,,FLL_DCA_AA_2026_2_25_1901
AA2896,40.77627,-73.87382,0,0,0,2026-02-25T14:19:58Z,LGA,FLL,,LGA_FLL_AA_2026_2_25_1441
AA2896,40.77627,-73.87382,0,0,0,2026-02-25T14:19:58Z,LGA,FLL,,FLL_LGA_AA_2026_2_25_1906
KL689,55.50846,-67.39678,38000,461,0,2026-02-25T14:19:53Z,AMS,CUN,2026-02-25T19:41:52Z,AMS_CUN_KL_2026_2_25_906
KL661,5.61657,-65.65681,36000,458,0,2026-02-25T14:19:53Z,AMS,IAH,2026-02-25T18:59:12Z,AMS_IAH_KL_2026_2_25_1014
UA905,5.46527,-60.08173,38000,417,0,2026-02-25T14:19:58Z,LHR,EWR,2026-02-25T16:57:36Z,LHR_EWR_UA_2026_2_25_921
BA53,72.99339,-60.22405,40000,508,0,2026-02-25T14:19:55Z,LHR,SEA,2026-02-25T19:26:56Z,LHR_SEA_BA_2026_2_25_1020
AF636,61.90078,-58.29439,38000,474,0,2026-02-25T14:19:55Z,CDG,IAH,2026-02-25T19:48:16Z,CDG_IAH_AF_2026_2_25_1048
UA654,33.50423,-117.17941,33775,471,2816,2026-02-25T14:19:57Z,LAX,IAH,2026-02-25T16:55:28Z,LAX_IAH_UA_2026_2_25_605
UA654,33.50423,-117.17941,33775,471,2816,2026-02-25T14:19:57Z,LAX,IAH,2026-02-25T16:55:28Z,IAH_DCA_UA_2026_2_25_1213
UA4200,13.62058,-79.06256,40000,506,0,2026-02-25T14:19:53Z,MDE,EWR,2026-02-25T17:45:52Z,MDE_EWR_UA_2026_2_25_1248
DL2947,45.59202,-12.25965,0,0,0,2026-02-25T14:19:37Z,PDX,LAX,,PDX_LAX_DL_2026_2_25_651
KL601,67.21255,-89.51522,36000,517,0,2026-02-25T14:19:53Z,AMS,LAX,2026-02-25T19:14:08Z,AMS_LAX_KL_2026_2_25_1000
DL57,67.02341,-79.90765,38000,468,0,2026-02-25T14:19:53Z,AMS,SLC,2026-02-25T18:52:48Z,AMS_SLC_DL_2026_2_25_955
AA2111,40.77585,-73.87408,0,0,0,2026-02-25T14:19:58Z,CLT,LGA,2026-02-25T13:54:12Z,LGA_CLT_AA_2026_2_25_1014
AA2111,40.77585,-73.87408,0,0,0,2026-02-25T14:19:58Z,CLT,LGA,2026-02-25T13:54:12Z,CLT_LGA_AA_2026_2_25_743
DL33,52.79173,-61.69189,38000,410,0,2026-02-25T14:19:59Z,LHR,ATL,2026-02-25T18:10:08Z,LHR_ATL_DL_2026_2_25_908
AF158,62.44257,-54.81016,36000,461,64,2026-02-25T14:19:57Z,CDG,DFW,2026-02-25T19:39:44Z,CDG_DFW_AF_2026_2_25_956
DL1794,1.79167,-82.83206,38000,519,-64,2026-02-25T14:19:58Z,SJO,ATL,2026-02-25T16:36:16Z,SJO_ATL_DL_2026_2_25_1317
AA3193,30.20188,-83.86348,36000,390,0,2026-02-25T14:19:57Z,MIA,EGE,2026-02-25T17:44:32Z,MIA_EGE_AA_2026_2_25_829
AA1283,39.71752,-86.29528,0,11,0,2026-02-25T14:19:58Z,IND,MIA,,IND_MIA_AA_2026_2_25_925
UA6,55.85691,-163.24173,36975,477,0,2026-02-25T14:19:59Z,NRT,IAH,2026-02-25T20:56:32Z,NRT_IAH_UA_2026_2_25_1818
AA1293,41.97299,-87.89848,0,0,0,2026-02-25T14:19:54Z,ORD,MCO,,ORD_MCO_AA_2026_2_25_849
AA3317,38.63072,-75.49426,36000,380,64,2026-02-25T14:19:58Z,LGA,PBI,2026-02-25T16:14:56Z,LGA_PBI_AA_2026_2_25_844
AA3317,38.63072,-75.49426,36000,380,64,2026-02-25T14:19:58Z,LGA,PBI,2026-02-25T16:14:56Z,PBI_LGA_AA_2026_2_25_1314
AA2731,39.31611,-78.02368,37975,367,0,2026-02-25T14:19:57Z,PHL,DFW,2026-02-25T16:57:36Z,PHL_DFW_AA_2026_2_25_1354
DL1930,38.83488,-71.20669,39000,438,0,2026-02-25T14:19:58Z,JFK,STT,2026-02-25T17:14:40Z,JFK_STT_DL_2026_2_25_1356
LH454,75.01057,-61.33305,34000,512,0,2026-02-25T14:19:55Z,FRA,SFO,2026-02-25T20:26:40Z,FRA_SFO_LH_2026_2_25_1054
KL623,55.43367,-58.62321,36000,443,0,2026-02-25T14:19:59Z,AMS,ATL,2026-02-25T18:31:28Z,AMS_ATL_KL_2026_2_25_1037
DL830,33.64354,-84.42734,0,10,0,2026-02-25T14:19:57Z,ATL,SLC,,ATL_SLC_DL_2026_2_25_928
UA3929,3.90841,-114.77441,41000,481,0,2026-02-25T14:19:57Z,SFO,IAD,2026-02-25T17:57:20Z,SFO_IAD_UA_2026_2_25_529
UA2115,42.33737,-99.03445,36000,370,0,2026-02-25T14:19:57Z,EWR,SFO,2026-02-25T17:06:08Z,EWR_SFO_UA_2026_2_25_613
DL966,46.37558,-1.02562,38000,389,0,2026-02-25T14:19:59Z,CVG,SEA,2026-02-25T16:32:00Z,CVG_SEA_DL_2026_2_25_653
DL120,58.70717,-155.34933,40325,491,576,2026-02-25T14:19:59Z,HND,MSP,2026-02-25T19:12:00Z,HND_MSP_DL_2026_2_25_1742
DL274,57.63046,-139.96919,39000,536,0,2026-02-25T14:19:58Z,HND,DTW,2026-02-25T18:48:32Z,HND_DTW_DL_2026_2_25_1651
DL274,57.63046,-139.96919,39000,536,0,2026-02-25T14:19:58Z,HND,DTW,2026-02-25T18:48:32Z,HND_DTW_DL_2026_2_25_1642
KL605,70.68399,-91.12976,38000,523,-64,2026-02-25T14:19:58Z,AMS,SFO,2026-02-25T19:07:44Z,AMS_SFO_KL_2026_2_25_1013
DL713,40.06942,-7.71862,33550,355,1856,2026-02-25T14:19:59Z,JFK,LAX,2026-02-25T19:24:48Z,JFK_LAX_DL_2026_2_25_845
DL274,42.21032,-83.35699,0,0,0,2026-02-25T14:19:55Z,HND,DTW,2026-01-19T18:59:44Z,HND_DTW_DL_2026_2_25_1651
DL274,42.21032,-83.35699,0,0,0,2026-02-25T14:19:55Z,HND,DTW,2026-01-19T18:59:44Z,HND_DTW_DL_2026_2_25_1642
UA297,42.67188,-81.30994,36000,377,0,2026-02-25T14:19:59Z,EWR,BZN,2026-02-25T17:38:08Z,EWR_BZN_UA_2026_2_25_819
AF338,72.51585,-72.08693,40000,522,0,2026-02-25T14:19:53Z,CDG,SEA,2026-02-25T18:48:32Z,CDG_SEA_AF_2026_2_25_1036
AA1688,42.36139,-71.02085,0,0,0,2026-02-25T14:19:57Z,BOS,CLT,,BOS_CLT_AA_2026_2_25_954
BA175,55.12596,-56.11469,38000,422,0,2026-02-25T14:19:57Z,LHR,JFK,2026-02-25T17:10:24Z,LHR_JFK_BA_2026_2_25_955
DL8800,40.40689,-91.76825,39000,506,0,2026-02-25T14:19:57Z,MSP,MIA,2026-02-25T16:32:39Z,MSP_MIA_DL_2026_2_25_743
UA1256,37.87569,-87.60089,38000,353,64,2026-02-25T14:19:57Z,CLT,DEN,2026-02-25T16:27:44Z,CLT_DEN_UA_2026_2_25_815
UA1116,44.95894,-99.42258,38000,392,0,2026-02-25T14:19:57Z,MSP,SFO,2026-02-25T17:14:40Z,MSP_SFO_UA_2026_2_25_736
DL188,52.98772,-1.75726,37000,495,0,2026-02-25T14:19:53Z,ICN,ATL,2026-02-25T22:09:04Z,ICN_ATL_DL_2026_2_25_1814
AA249,41.97362,-87.89992,0,0,0,2026-02-25T14:19:56Z,ORD,MEX,,ORD_MEX_AA_2026_2_25_851
UA1898,37.86708,-82.95215,38000,332,0,2026-02-25T14:19:59Z,BWI,IAH,2026-02-25T16:25:36Z,BWI_IAH_UA_2026_2_25_822
DL1368,37.59219,-79.72516,38000,294,0,2026-02-25T14:19:59Z,JFK,MSY,2026-02-25T16:02:08Z,JFK_MSY_DL_2026_2_25_813
DL1368,37.59219,-79.72516,38000,294,0,2026-02-25T14:19:59Z,JFK,MSY,2026-02-25T16:02:08Z,MSY_JFK_DL_2026_2_25_1154
BA117,50.50969,-6.19222,38000,392,0,2026-02-25T14:19:59Z,LHR,JFK,2026-02-25T16:29:52Z,LHR_JFK_BA_2026_2_25_903
AF84,68.56013,-54.74652,34000,465,0,2026-02-25T14:19:57Z,CDG,SFO,2026-02-25T20:52:16Z,CDG_SFO_AF_2026_2_25_1105
UA1886,30.67708,-9.46896,24025,481,2368,2026-02-25T14:24:59Z,IAH,EWR,2026-02-25T17:08:16Z,IAH_EWR_UA_2026_2_25_814
DL8851,34.99979,-89.42737,40000,340,0,2026-02-25T14:24:59Z,ATL,DEN,2026-02-25T16:25:10Z,ATL_DEN_DL_2026_2_25_836
DL2301,42.90757,-92.53346,35075,486,960,2026-02-25T14:24:59Z,MSP,TPA,2026-02-25T16:42:40Z,MSP_TPA_DL_2026_2_25_806
AA1349,36.74432,-86.21481,40000,336,0,2026-02-25T14:24:59Z,JFK,AUS,2026-02-25T16:14:56Z,JFK_AUS_AA_2026_2_25_726
UA1666,39.41093,-86.35212,34350,352,704,2026-02-25T14:24:58Z,CVG,DEN,2026-02-25T16:46:56Z,CVG_DEN_UA_2026_2_25_908
AA3052,38.85452,-77.04088,0,0,0,2026-02-25T14:24:58Z,DCA,FLL,,DCA_FLL_AA_2026_2_25_1530
AA3052,38.85452,-77.04088,0,0,0,2026-02-25T14:24:58Z,DCA,FLL,,FLL_DCA_AA_2026_2_25_1901
AA2896,40.77656,-7.38746,0,0,0,2026-02-25T14:24:58Z,LGA,FLL,,LGA_FLL_AA_2026_2_25_1441
AA2896,40.77656,-7.38746,0,0,0,2026-02-25T14:24:58Z,LGA,FLL,,FLL_LGA_AA_2026_2_25_1906
KL661,55.82224,-66.58043,36000,458,0,2026-02-25T14:24:54Z,AMS,IAH,2026-02-25T18:59:12Z,AMS_IAH_KL_2026_2_25_1014
UA905,54.25002,-60.78162,38025,411,0,2026-02-25T14:24:58Z,LHR,EWR,2026-02-25T16:59:44Z,LHR_EWR_UA_2026_2_25_921
BA53,72.92042,-62.56418,40000,508,0,2026-02-25T14:24:54Z,LHR,SEA,2026-02-25T19:26:56Z,LHR_SEA_BA_2026_2_25_1020
UA654,33.48734,-11.63885,39000,493,0,2026-02-25T14:24:58Z,LAX,IAH,2026-02-25T16:55:28Z,LAX_IAH_UA_2026_2_25_605
UA654,33.48734,-11.63885,39000,493,0,2026-02-25T14:24:58Z,LAX,IAH,2026-02-25T16:55:28Z,IAH_DCA_UA_2026_2_25_1213
UA4200,14.36252,-79.20456,40025,500,0,2026-02-25T14:24:58Z,MDE,EWR,2026-02-25T17:47:18Z,MDE_EWR_UA_2026_2_25_1248
DL166,55.74257,-14.67867,39000,519,0,2026-02-25T14:24:53Z,HND,SEA,2026-02-25T16:36:16Z,HND_SEA_DL_2026_2_25_1707
DL57,66.68082,-81.30609,38000,468,0,2026-02-25T14:24:54Z,AMS,SLC,2026-02-25T18:52:48Z,AMS_SLC_DL_2026_2_25_955
AA2111,40.77601,-73.87407,0,0,0,2026-02-25T14:24:59Z,CLT,LGA,2026-02-25T13:54:12Z,LGA_CLT_AA_2026_2_25_1014
AA2111,40.77601,-73.87407,0,0,0,2026-02-25T14:24:59Z,CLT,LGA,2026-02-25T13:54:12Z,CLT_LGA_AA_2026_2_25_743
DL33,52.43445,-62.40929,38000,409,0,2026-02-25T14:24:57Z,LHR,ATL,2026-02-25T18:10:08Z,LHR_ATL_DL_2026_2_25_908
AF158,62.25715,-5.61245,36000,461,64,2026-02-25T14:24:57Z,CDG,DFW,2026-02-25T19:41:52Z,CDG_DFW_AF_2026_2_25_956
DL1794,18.59692,-82.70302,38000,504,-64,2026-02-25T14:24:48Z,SJO,ATL,2026-02-25T16:38:24Z,SJO_ATL_DL_2026_2_25_1317
AA3193,30.50908,-84.37704,35975,381,64,2026-02-25T14:24:59Z,MIA,EGE,2026-02-25T17:48:48Z,MIA_EGE_AA_2026_2_25_829
UA6,55.90652,-162.15103,36975,482,0,2026-02-25T14:24:54Z,NRT,IAH,2026-02-25T20:56:32Z,NRT_IAH_UA_2026_2_25_1818
AA1293,41.97244,-87.91996,0,18,0,2026-02-25T14:24:59Z,ORD,MCO,,ORD_MCO_AA_2026_2_25_849
AA1283,39.71716,-86.28287,0,72,0,2026-02-25T14:24:59Z,IND,MIA,,IND_MIA_AA_2026_2_25_925
AA3317,38.17777,-75.67383,36000,321,0,2026-02-25T14:24:58Z,LGA,PBI,2026-02-25T16:12:48Z,LGA_PBI_AA_2026_2_25_844
AA3317,38.17777,-75.67383,36000,321,0,2026-02-25T14:24:58Z,LGA,PBI,2026-02-25T16:12:48Z,PBI_LGA_AA_2026_2_25_1314
DL1930,38.30416,-70.80879,39000,450,0,2026-02-25T14:24:58Z,JFK,STT,2026-02-25T17:14:40Z,JFK_STT_DL_2026_2_25_1356
AA2731,39.08061,-78.61016,38000,373,0,2026-02-25T14:24:57Z,PHL,DFW,2026-02-25T16:59:44Z,PHL_DFW_AA_2026_2_25_1354
KL623,55.01093,-5.94059,35975,447,0,2026-02-25T14:24:59Z,AMS,ATL,2026-02-25T18:29:20Z,AMS_ATL_KL_2026_2_25_1037
LH454,75.00813,-64.05421,34000,512,0,2026-02-25T14:24:54Z,FRA,SFO,2026-02-25T20:26:40Z,FRA_SFO_LH_2026_2_25_1054
DL42,21.75645,-13.72878,41000,529,0,2026-02-25T14:24:58Z,SYD,LAX,2026-02-25T17:01:52Z,SYD_LAX_DL_2026_2_25_1433
DL830,33.64542,-84.40853,0,4,0,2026-02-25T14:24:59Z,ATL,SLC,,ATL_SLC_DL_2026_2_25_928
UA3929,39.20783,-11.39198,41000,483,0,2026-02-25T14:24:59Z,SFO,IAD,2026-02-25T17:55:12Z,SFO_IAD_UA_2026_2_25_529
UA2115,42.22742,-9.97156,36000,370,0,2026-02-25T14:24:59Z,EWR,SFO,2026-02-25T17:06:08Z,EWR_SFO_UA_2026_2_25_613
DL966,46.49629,-103.32099,38000,390,0,2026-02-25T14:24:58Z,CVG,SEA,2026-02-25T16:32:00Z,CVG_SEA_DL_2026_2_25_653
DL120,58.67638,-15.40114,41000,510,0,2026-02-25T14:24:57Z,HND,MSP,2026-02-25T19:05:36Z,HND_MSP_DL_2026_2_25_1742
DL274,57.41862,-138.64351,39000,541,0,2026-02-25T14:24:58Z,HND,DTW,2026-02-25T18:44:16Z,HND_DTW_DL_2026_2_25_1651
DL274,57.41862,-138.64351,39000,541,0,2026-02-25T14:24:58Z,HND,DTW,2026-02-25T18:44:16Z,HND_DTW_DL_2026_2_25_1642
KL605,70.20085,-92.74892,37950,529,64,2026-02-25T14:24:58Z,AMS,SFO,2026-02-25T19:07:44Z,AMS_SFO_KL_2026_2_25_1013
DL713,40.06847,-77.81726,38000,345,-64,2026-02-25T14:24:59Z,JFK,LAX,2026-02-25T19:24:48Z,JFK_LAX_DL_2026_2_25_845
DL274,42.21033,-83.35699,0,0,0,2026-02-25T14:24:55Z,HND,DTW,2026-01-19T18:59:44Z,HND_DTW_DL_2026_2_25_1651
DL274,42.21033,-83.35699,0,0,0,2026-02-25T14:24:55Z,HND,DTW,2026-01-19T18:59:44Z,HND_DTW_DL_2026_2_25_1642
UA297,42.75092,-82.01082,36000,378,0,2026-02-25T14:24:57Z,EWR,BZN,2026-02-25T17:44:32Z,EWR_BZN_UA_2026_2_25_819
AF338,72.39771,-74.45074,40000,522,0,2026-02-25T14:24:54Z,CDG,SEA,2026-02-25T18:48:32Z,CDG_SEA_AF_2026_2_25_1036
AA1688,42.36139,-71.02088,0,0,0,2026-02-25T14:25:00Z,BOS,CLT,,BOS_CLT_AA_2026_2_25_954
BA175,54.71973,-56.84817,38000,421,0,2026-02-25T14:24:58Z,LHR,JFK,2026-02-25T17:10:24Z,LHR_JFK_BA_2026_2_25_955
AA1766,32.90185,-9.70374,0,0,0,2026-02-25T14:24:51Z,DFW,JFK,,DFW_JFK_AA_2026_2_25_1530
AA1766,32.90185,-9.70374,0,0,0,2026-02-25T14:24:51Z,DFW,JFK,,JFK_DFW_AA_2026_2_25_1938
DL8800,3.97674,-91.39765,39000,502,0,2026-02-25T14:24:58Z,MSP,MIA,2026-02-25T16:34:42Z,MSP_MIA_DL_2026_2_25_743
UA1256,3.80329,-88.19556,38000,356,64,2026-02-25T14:24:59Z,CLT,DEN,2026-02-25T16:27:44Z,CLT_DEN_UA_2026_2_25_815
UA1116,4.49163,-10.01982,38000,403,0,2026-02-25T14:24:59Z,MSP,SFO,2026-02-25T17:14:40Z,MSP_SFO_UA_2026_2_25_736
UA838,48.52678,-147.07509,37000,485,0,2026-02-25T14:24:53Z,NRT,SFO,2026-02-25T17:10:24Z,NRT_SFO_UA_2026_2_25_1655
DL188,53.25455,-174.66885,37000,495,0,2026-02-25T14:24:54Z,ICN,ATL,2026-02-25T22:09:04Z,ICN_ATL_DL_2026_2_25_1814
UA1898,3.77041,-8.35026,38000,336,0,2026-02-25T14:24:59Z,BWI,IAH,2026-02-25T16:27:44Z,BWI_IAH_UA_2026_2_25_822
DL1368,3.73743,-80.15543,38000,286,64,2026-02-25T14:24:58Z,JFK,MSY,2026-02-25T16:06:24Z,JFK_MSY_DL_2026_2_25_813
DL1368,3.73743,-80.15543,38000,286,64,2026-02-25T14:24:58Z,JFK,MSY,2026-02-25T16:06:24Z,MSY_JFK_DL_2026_2_25_1154
BA117,5.01627,-62.57523,38000,393,0,2026-02-25T14:24:57Z,LHR,JFK,2026-02-25T16:27:44Z,LHR_JFK_BA_2026_2_25_903
AF84,68.72415,-5.64675,34000,468,0,2026-02-25T14:24:59Z,CDG,SFO,2026-02-25T20:52:16Z,CDG_SFO_AF_2026_2_25_1105
UA1886,31.04919,-93.99709,31700,542,1152,2026-02-25T14:29:59Z,IAH,EWR,2026-02-25T17:08:16Z,IAH_EWR_UA_2026_2_25_814
DL8851,35.14149,-8.99707,40000,335,0,2026-02-25T14:29:59Z,ATL,DEN,2026-02-25T16:26:09Z,ATL_DEN_DL_2026_2_25_836
UA1666,39.52103,-86.97601,38000,355,0,2026-02-25T14:29:59Z,CVG,DEN,2026-02-25T16:46:56Z,CVG_DEN_UA_2026_2_25_908
DL2301,42.27474,-92.18264,37000,502,0,2026-02-25T14:29:59Z,MSP,TPA,2026-02-25T16:44:48Z,MSP_TPA_DL_2026_2_25_806
AA1349,36.53197,-86.73186,40000,337,64,2026-02-25T14:29:59Z,JFK,AUS,2026-02-25T16:19:12Z,JFK_AUS_AA_2026_2_25_726
AA3052,38.85452,-77.04088,0,0,0,2026-02-25T14:29:58Z,DCA,FLL,,DCA_FLL_AA_2026_2_25_1530
AA3052,38.85452,-77.04088,0,0,0,2026-02-25T14:29:58Z,DCA,FLL,,FLL_DCA_AA_2026_2_25_1901
UA905,53.84977,-6.14572,38000,400,0,2026-02-25T14:30:00Z,LHR,EWR,2026-02-25T17:01:52Z,LHR_EWR_UA_2026_2_25_921
KL661,55.45958,-67.52155,36000,458,0,2026-02-25T14:29:58Z,AMS,IAH,2026-02-25T18:59:12Z,AMS_IAH_KL_2026_2_25_1014
KL689,54.77859,-69.19709,37975,456,0,2026-02-25T14:29:58Z,AMS,CUN,2026-02-25T19:41:52Z,AMS_CUN_KL_2026_2_25_906
AF636,61.31766,-60.73285,38000,471,0,2026-02-25T14:29:58Z,CDG,IAH,2026-02-25T19:52:32Z,CDG_IAH_AF_2026_2_25_1048
BA53,72.81699,-64.94878,40000,506,0,2026-02-25T14:29:58Z,LHR,SEA,2026-02-25T19:26:56Z,LHR_SEA_BA_2026_2_25_1020
UA654,33.38516,-115.57227,39000,496,0,2026-02-25T14:29:59Z,LAX,IAH,2026-02-25T16:55:28Z,LAX_IAH_UA_2026_2_25_605
UA654,33.38516,-115.57227,39000,496,0,2026-02-25T14:29:59Z,LAX,IAH,2026-02-25T16:55:28Z,IAH_DCA_UA_2026_2_25_1213
AA3139,32.90773,-97.03889,0,0,0,2026-02-25T14:29:54Z,DFW,PNS,,DFW_PNS_AA_2026_2_25_1520
AA3139,32.90773,-97.03889,0,0,0,2026-02-25T14:29:54Z,DFW,PNS,,PNS_DFW_AA_2026_2_25_1740
UA4200,15.03699,-79.32626,40000,498,0,2026-02-25T14:29:57Z,MDE,EWR,2026-02-25T17:52:27Z,MDE_EWR_UA_2026_2_25_1248
DL166,55.51016,-145.55734,39000,519,0,2026-02-25T14:29:58Z,HND,SEA,2026-02-25T16:36:16Z,HND_SEA_DL_2026_2_25_1707
DL57,66.32008,-82.69624,38000,472,0,2026-02-25T14:29:58Z,AMS,SLC,2026-02-25T18:52:48Z,AMS_SLC_DL_2026_2_25_955
AA2111,40.77603,-73.87405,0,0,0,2026-02-25T14:29:50Z,CLT,LGA,2026-02-25T13:54:12Z,LGA_CLT_AA_2026_2_25_1014
AA2111,40.77603,-73.87405,0,0,0,2026-02-25T14:29:50Z,CLT,LGA,2026-02-25T13:54:12Z,CLT_LGA_AA_2026_2_25_743
DL33,52.07144,-6.31179,38000,408,0,2026-02-25T14:29:58Z,LHR,ATL,2026-02-25T18:10:08Z,LHR_ATL_DL_2026_2_25_908
AF158,62.06299,-57.39473,36000,463,0,2026-02-25T14:29:58Z,CDG,DFW,2026-02-25T19:39:44Z,CDG_DFW_AF_2026_2_25_956
AA3193,30.80729,-84.88235,36025,382,0,2026-02-25T14:29:59Z,MIA,EGE,2026-02-25T17:48:48Z,MIA_EGE_AA_2026_2_25_829
DL1794,1.93047,-82.56765,38000,498,0,2026-02-25T14:29:59Z,SJO,ATL,2026-02-25T16:36:16Z,SJO_ATL_DL_2026_2_25_1317
UA6,5.59677,-16.09314,36975,490,0,2026-02-25T14:29:50Z,NRT,IAH,2026-02-25T20:56:32Z,NRT_IAH_UA_2026_2_25_1818
AA1283,39.40892,-86.31003,10325,336,960,2026-02-25T14:29:58Z,IND,MIA,2026-02-25T16:40:32Z,IND_MIA_AA_2026_2_25_925
AA3317,37.81187,-75.99058,38000,320,0,2026-02-25T14:29:59Z,LGA,PBI,2026-02-25T16:14:56Z,LGA_PBI_AA_2026_2_25_844
AA3317,37.81187,-75.99058,38000,320,0,2026-02-25T14:29:59Z,LGA,PBI,2026-02-25T16:14:56Z,PBI_LGA_AA_2026_2_25_1314
DL1930,37.75507,-70.42989,39000,439,0,2026-02-25T14:29:59Z,JFK,STT,2026-02-25T17:16:48Z,JFK_STT_DL_2026_2_25_1356
AA2731,38.83914,-79.20587,38000,373,64,2026-02-25T14:29:58Z,PHL,DFW,2026-02-25T17:01:52Z,PHL_DFW_AA_2026_2_25_1354
KL623,54.58613,-60.16704,35750,444,-1152,2026-02-25T14:29:58Z,AMS,ATL,2026-02-25T18:31:28Z,AMS_ATL_KL_2026_2_25_1037
LH454,74.96717,-67.09463,34000,526,0,2026-02-25T14:29:58Z,FRA,SFO,2026-02-25T20:26:40Z,FRA_SFO_LH_2026_2_25_1054
DL42,22.21018,-136.65924,41000,529,0,2026-02-25T14:30:00Z,SYD,LAX,2026-02-25T17:01:52Z,SYD_LAX_DL_2026_2_25_1433
DL830,33.64604,-84.46328,2975,162,1792,2026-02-25T14:29:59Z,ATL,SLC,2026-02-25T17:55:12Z,ATL_SLC_DL_2026_2_25_928
UA3929,39.32977,-113.07254,41000,489,0,2026-02-25T14:29:58Z,SFO,IAD,2026-02-25T17:57:20Z,SFO_IAD_UA_2026_2_25_529
UA2115,42.11497,-100.38591,36000,372,0,2026-02-25T14:29:57Z,EWR,SFO,2026-02-25T17:06:08Z,EWR_SFO_UA_2026_2_25_613
DL966,46.61243,-104.08255,38000,386,0,2026-02-25T14:29:59Z,CVG,SEA,2026-02-25T16:34:08Z,CVG_SEA_DL_2026_2_25_653
DL120,58.63069,-152.65166,41000,516,0,2026-02-25T14:29:58Z,HND,MSP,2026-02-25T19:05:36Z,HND_MSP_DL_2026_2_25_1742
DL274,57.18924,-137.31279,39000,547,0,2026-02-25T14:29:59Z,HND,DTW,2026-02-25T18:44:16Z,HND_DTW_DL_2026_2_25_1651
DL274,57.18924,-137.31279,39000,547,0,2026-02-25T14:29:59Z,HND,DTW,2026-02-25T18:44:16Z,HND_DTW_DL_2026_2_25_1642
KL605,69.69461,-94.31965,38000,536,256,2026-02-25T14:29:57Z,AMS,SFO,2026-02-25T19:05:36Z,AMS_SFO_KL_2026_2_25_1013
DL713,4.00791,-78.44975,38000,355,-64,2026-02-25T14:29:58Z,JFK,LAX,2026-02-25T19:26:56Z,JFK_LAX_DL_2026_2_25_845
DL274,42.21032,-83.35699,0,0,0,2026-02-25T14:29:58Z,HND,DTW,2026-01-19T18:59:44Z,HND_DTW_DL_2026_2_25_1651
DL274,42.21032,-83.35699,0,0,0,2026-02-25T14:29:58Z,HND,DTW,2026-01-19T18:59:44Z,HND_DTW_DL_2026_2_25_1642
UA297,42.83102,-82.71082,36000,375,0,2026-02-25T14:29:58Z,EWR,BZN,2026-02-25T17:38:08Z,EWR_BZN_UA_2026_2_25_819
AA1688,42.36142,-71.02085,0,0,0,2026-02-25T14:29:56Z,BOS,CLT,,BOS_CLT_AA_2026_2_25_954
BA175,54.31166,-57.56878,38000,420,0,2026-02-25T14:29:59Z,LHR,JFK,2026-02-25T17:10:24Z,LHR_JFK_BA_2026_2_25_955
AA1766,32.90184,-9.70374,0,0,0,2026-02-25T14:29:56Z,DFW,JFK,,DFW_JFK_AA_2026_2_25_1530
AA1766,32.90184,-9.70374,0,0,0,2026-02-25T14:29:56Z,DFW,JFK,,JFK_DFW_AA_2026_2_25_1938
DL8800,39.12706,-91.03381,39000,503,64,2026-02-25T14:29:58Z,MSP,MIA,2026-02-25T16:34:01Z,MSP_MIA_DL_2026_2_25_743
UA1256,38.13419,-88.81161,38000,359,0,2026-02-25T14:29:57Z,CLT,DEN,2026-02-25T16:27:44Z,CLT_DEN_UA_2026_2_25_815
UA1116,44.86835,-100.97729,38000,400,0,2026-02-25T14:29:58Z,MSP,SFO,2026-02-25T17:14:40Z,MSP_SFO_UA_2026_2_25_736
DL188,53.51529,-173.58423,37000,495,0,2026-02-25T14:29:58Z,ICN,ATL,2026-02-25T22:09:04Z,ICN_ATL_DL_2026_2_25_1814
AA249,41.97362,-87.89993,0,0,0,2026-02-25T14:29:46Z,ORD,MEX,,ORD_MEX_AA_2026_2_25_851
UA1898,3.75441,-84.04833,38000,329,0,2026-02-25T14:29:59Z,BWI,IAH,2026-02-25T16:27:44Z,BWI_IAH_UA_2026_2_25_822
DL1368,37.16712,-80.55916,37975,272,0,2026-02-25T14:29:58Z,JFK,MSY,2026-02-25T16:06:24Z,JFK_MSY_DL_2026_2_25_813
DL1368,37.16712,-80.55916,37975,272,0,2026-02-25T14:29:58Z,JFK,MSY,2026-02-25T16:06:24Z,MSY_JFK_DL_2026_2_25_1154
BA117,49.81038,-63.22186,38000,392,0,2026-02-25T14:29:58Z,LHR,JFK,2026-02-25T16:29:52Z,LHR_JFK_BA_2026_2_25_903
AF84,68.86891,-58.19279,34000,462,0,2026-02-25T14:29:58Z,CDG,SFO,2026-02-25T20:52:16Z,CDG_SFO_AF_2026_2_25_1105
UA1886,31.37565,-93.17977,36975,567,832,2026-02-25T14:35:00Z,IAH,EWR,2026-02-25T17:06:08Z,IAH_EWR_UA_2026_2_25_814
DL8851,35.28045,-90.51449,40000,340,0,2026-02-25T14:34:59Z,ATL,DEN,2026-02-25T16:27:25Z,ATL_DEN_DL_2026_2_25_836
DL2301,41.67305,-91.72792,37000,496,0,2026-02-25T14:34:59Z,MSP,TPA,2026-02-25T16:44:48Z,MSP_TPA_DL_2026_2_25_806
AA1349,36.31787,-8.72457,40000,332,0,2026-02-25T14:35:00Z,JFK,AUS,2026-02-25T16:14:56Z,JFK_AUS_AA_2026_2_25_726
UA1666,39.61299,-87.60516,38000,356,0,2026-02-25T14:34:58Z,CVG,DEN,2026-02-25T16:49:04Z,CVG_DEN_UA_2026_2_25_908
AA3052,38.85452,-77.04088,0,0,0,2026-02-25T14:35:00Z,DCA,FLL,,DCA_FLL_AA_2026_2_25_1530
AA3052,38.85452,-77.04088,0,0,0,2026-02-25T14:35:00Z,DCA,FLL,,FLL_DCA_AA_2026_2_25_1901
UA905,53.45494,-62.10516,38000,399,0,2026-02-25T14:34:59Z,LHR,EWR,2026-02-25T17:04:00Z,LHR_EWR_UA_2026_2_25_921
KL661,55.09299,-68.43566,36000,455,0,2026-02-25T14:34:56Z,AMS,IAH,2026-02-25T18:59:12Z,AMS_IAH_KL_2026_2_25_1014
KL689,5.44064,-70.06708,37975,456,0,2026-02-25T14:34:56Z,AMS,CUN,2026-02-25T19:41:52Z,AMS_CUN_KL_2026_2_25_906
UA654,33.27768,-114.76154,39000,492,0,2026-02-25T14:35:00Z,LAX,IAH,2026-02-25T16:53:20Z,LAX_IAH_UA_2026_2_25_605
UA654,33.27768,-114.76154,39000,492,0,2026-02-25T14:35:00Z,LAX,IAH,2026-02-25T16:53:20Z,IAH_DCA_UA_2026_2_25_1213
AA3139,32.90775,-9.70389,0,0,0,2026-02-25T14:34:59Z,DFW,PNS,,DFW_PNS_AA_2026_2_25_1520
AA3139,32.90775,-9.70389,0,0,0,2026-02-25T14:34:59Z,DFW,PNS,,PNS_DFW_AA_2026_2_25_1740
UA4200,15.73315,-79.30375,40000,499,0,2026-02-25T14:34:58Z,MDE,EWR,2026-02-25T17:49:22Z,MDE_EWR_UA_2026_2_25_1248
DL166,55.27076,-14.43692,39000,519,0,2026-02-25T14:34:56Z,HND,SEA,2026-02-25T16:36:16Z,HND_SEA_DL_2026_2_25_1707
KL601,65.59736,-93.08498,36000,521,0,2026-02-25T14:34:56Z,AMS,LAX,2026-02-25T19:09:52Z,AMS_LAX_KL_2026_2_25_1000
DL57,65.95438,-84.01917,38000,472,0,2026-02-25T14:34:56Z,AMS,SLC,2026-02-25T18:52:48Z,AMS_SLC_DL_2026_2_25_955
AA2111,40.77599,-73.87402,0,0,0,2026-02-25T14:35:00Z,CLT,LGA,2026-02-25T13:54:12Z,LGA_CLT_AA_2026_2_25_1014
AA2111,40.77599,-73.87402,0,0,0,2026-02-25T14:35:00Z,CLT,LGA,2026-02-25T13:54:12Z,CLT_LGA_AA_2026_2_25_743
DL33,5.17051,-63.81317,38000,406,0,2026-02-25T14:34:59Z,LHR,ATL,2026-02-25T18:10:08Z,LHR_ATL_DL_2026_2_25_908
AF158,61.82962,-58.60291,36000,461,0,2026-02-25T14:34:56Z,CDG,DFW,2026-02-25T19:39:44Z,CDG_DFW_AF_2026_2_25_956
AA3193,31.10239,-85.38935,35975,374,0,2026-02-25T14:34:59Z,MIA,EGE,2026-02-25T17:46:40Z,MIA_EGE_AA_2026_2_25_829
DL1794,1.99906,-82.43521,38000,504,0,2026-02-25T14:34:59Z,SJO,ATL,2026-02-25T16:36:16Z,SJO_ATL_DL_2026_2_25_1317
UA6,56.01184,-159.69563,37000,489,0,2026-02-25T14:34:57Z,NRT,IAH,2026-02-25T20:52:16Z,NRT_IAH_UA_2026_2_25_1818
AA1293,41.97482,-87.93092,0,0,0,2026-02-25T14:34:57Z,ORD,MCO,,ORD_MCO_AA_2026_2_25_849
AA1283,3.88444,-86.25531,21500,445,2368,2026-02-25T14:34:59Z,IND,MIA,2026-02-25T16:40:32Z,IND_MIA_AA_2026_2_25_925
AA3317,37.42167,-0.76289,38000,332,0,2026-02-25T14:35:00Z,LGA,PBI,2026-02-25T16:10:40Z,LGA_PBI_AA_2026_2_25_844
AA3317,37.42167,-0.76289,38000,332,0,2026-02-25T14:35:00Z,LGA,PBI,2026-02-25T16:10:40Z,PBI_LGA_AA_2026_2_25_1314
AA2731,38.67593,-79.84589,37975,384,-64,2026-02-25T14:35:00Z,PHL,DFW,2026-02-25T17:01:52Z,PHL_DFW_AA_2026_2_25_1354
DL1930,37.24773,-70.11451,39000,432,0,2026-02-25T14:34:44Z,JFK,STT,2026-02-25T17:16:48Z,JFK_STT_DL_2026_2_25_1356
KL623,54.15079,-60.92249,34000,445,-64,2026-02-25T14:34:59Z,AMS,ATL,2026-02-25T18:27:12Z,AMS_ATL_KL_2026_2_25_1037
LH454,74.89433,-69.85622,34000,526,0,2026-02-25T14:34:56Z,FRA,SFO,2026-02-25T20:26:40Z,FRA_SFO_LH_2026_2_25_1054
DL830,33.69921,-84.86881,14300,295,1088,2026-02-25T14:34:59Z,ATL,SLC,2026-02-25T17:55:12Z,ATL_SLC_DL_2026_2_25_928
UA3929,39.47076,-112.20831,41000,491,64,2026-02-25T14:34:59Z,SFO,IAD,2026-02-25T17:55:12Z,SFO_IAD_UA_2026_2_25_529
UA2115,41.99626,-101.06655,36000,376,0,2026-02-25T14:34:59Z,EWR,SFO,2026-02-25T17:06:08Z,EWR_SFO_UA_2026_2_25_613
DL966,46.72325,-104.84822,38000,391,0,2026-02-25T14:34:58Z,CVG,SEA,2026-02-25T16:32:00Z,CVG_SEA_DL_2026_2_25_653
DL120,58.56999,-151.28192,41000,518,0,2026-02-25T14:34:58Z,HND,MSP,2026-02-25T19:05:36Z,HND_MSP_DL_2026_2_25_1742
DL274,56.94572,-13.59978,39000,549,0,2026-02-25T14:34:59Z,HND,DTW,2026-02-25T18:44:16Z,HND_DTW_DL_2026_2_25_1651
DL274,56.94572,-13.59978,39000,549,0,2026-02-25T14:34:59Z,HND,DTW,2026-02-25T18:44:16Z,HND_DTW_DL_2026_2_25_1642
KL605,69.17377,-95.82001,38000,533,-128,2026-02-25T14:35:00Z,AMS,SFO,2026-02-25T19:05:36Z,AMS_SFO_KL_2026_2_25_1013
DL713,40.09484,-79.10237,38000,367,0,2026-02-25T14:34:58Z,JFK,LAX,2026-02-25T19:24:48Z,JFK_LAX_DL_2026_2_25_845
DL274,42.21032,-83.35699,0,0,0,2026-02-25T14:34:58Z,HND,DTW,2026-01-19T18:59:44Z,HND_DTW_DL_2026_2_25_1651
DL274,42.21032,-83.35699,0,0,0,2026-02-25T14:34:58Z,HND,DTW,2026-01-19T18:59:44Z,HND_DTW_DL_2026_2_25_1642
UA297,42.94405,-8.34015,36475,374,1152,2026-02-25T14:34:58Z,EWR,BZN,2026-02-25T17:38:08Z,EWR_BZN_UA_2026_2_25_819
AF338,72.07642,-79.10798,40000,523,0,2026-02-25T14:34:56Z,CDG,SEA,2026-02-25T18:48:32Z,CDG_SEA_AF_2026_2_25_1036
AA1688,4.23614,-71.02084,0,0,0,2026-02-25T14:34:58Z,BOS,CLT,,BOS_CLT_AA_2026_2_25_954
BA175,53.90321,-58.26882,38000,420,0,2026-02-25T14:34:58Z,LHR,JFK,2026-02-25T17:10:24Z,LHR_JFK_BA_2026_2_25_955
DL8800,38.48497,-90.67644,39000,503,0,2026-02-25T14:34:59Z,MSP,MIA,2026-02-25T16:33:28Z,MSP_MIA_DL_2026_2_25_743
UA1256,3.82321,-8.94297,38000,351,64,2026-02-25T14:35:00Z,CLT,DEN,2026-02-25T16:27:44Z,CLT_DEN_UA_2026_2_25_815
UA1116,44.81511,-101.75001,38000,393,0,2026-02-25T14:34:59Z,MSP,SFO,2026-02-25T17:12:32Z,MSP_SFO_UA_2026_2_25_736
DL188,53.60744,-172.45528,37000,493,0,2026-02-25T14:34:56Z,ICN,ATL,2026-02-25T22:09:04Z,ICN_ATL_DL_2026_2_25_1814
AA249,41.97362,-87.89992,0,0,0,2026-02-25T14:34:58Z,ORD,MEX,,ORD_MEX_AA_2026_2_25_851
DL1368,36.87356,-80.89914,37975,298,0,2026-02-25T14:35:00Z,JFK,MSY,2026-02-25T16:06:24Z,JFK_MSY_DL_2026_2_25_813
DL1368,36.87356,-80.89914,37975,298,0,2026-02-25T14:35:00Z,JFK,MSY,2026-02-25T16:06:24Z,MSY_JFK_DL_2026_2_25_1154
UA1898,37.35027,-84.56691,38000,333,0,2026-02-25T14:34:58Z,BWI,IAH,2026-02-25T16:27:44Z,BWI_IAH_UA_2026_2_25_822
BA117,49.45174,-63.86412,38000,398,0,2026-02-25T14:35:00Z,LHR,JFK,2026-02-25T16:29:52Z,LHR_JFK_BA_2026_2_25_903
BA195,56.53461,-57.96444,37975,453,0,2026-02-25T14:35:00Z,LHR,IAH,2026-02-25T19:56:48Z,LHR_IAH_BA_2026_2_25_1010
AF84,68.99535,-59.94786,34000,463,0,2026-02-25T14:35:00Z,CDG,SFO,2026-02-25T20:52:16Z,CDG_SFO_AF_2026_2_25_1105
UA1886,31.69411,-92.34316,38950,570,0,2026-02-25T14:39:57Z,IAH,EWR,2026-02-25T17:04:00Z,IAH_EWR_UA_2026_2_25_814
DL8851,3.54185,-91.06688,40000,345,0,2026-02-25T14:39:58Z,ATL,DEN,2026-02-25T16:28:59Z,ATL_DEN_DL_2026_2_25_836
UA1666,39.68042,-88.23693,38000,358,0,2026-02-25T14:39:57Z,CVG,DEN,2026-02-25T16:46:56Z,CVG_DEN_UA_2026_2_25_908
DL2301,41.04401,-91.40411,37000,488,64,2026-02-25T14:39:58Z,MSP,TPA,2026-02-25T16:44:48Z,MSP_TPA_DL_2026_2_25_806
AA1349,36.10529,-87.74723,40000,333,0,2026-02-25T14:39:58Z,JFK,AUS,2026-02-25T16:17:04Z,JFK_AUS_AA_2026_2_25_726
AA3052,38.85452,-77.04088,0,0,0,2026-02-25T14:39:57Z,DCA,FLL,,DCA_FLL_AA_2026_2_25_1530
AA3052,38.85452,-77.04088,0,0,0,2026-02-25T14:39:57Z,DCA,FLL,,FLL_DCA_AA_2026_2_25_1901
UA905,53.05647,-62.74127,38025,399,0,2026-02-25T14:39:58Z,LHR,EWR,2026-02-25T17:04:00Z,LHR_EWR_UA_2026_2_25_921
KL661,54.73293,-69.30549,36000,455,0,2026-02-25T14:39:56Z,AMS,IAH,2026-02-25T18:59:12Z,AMS_IAH_KL_2026_2_25_1014
UA654,33.16695,-113.96722,39000,491,0,2026-02-25T14:39:57Z,LAX,IAH,2026-02-25T16:55:28Z,LAX_IAH_UA_2026_2_25_605
UA654,33.16695,-113.96722,39000,491,0,2026-02-25T14:39:57Z,LAX,IAH,2026-02-25T16:55:28Z,IAH_DCA_UA_2026_2_25_1213
AA3139,32.90777,-97.03887,0,0,0,2026-02-25T14:39:54Z,DFW,PNS,,DFW_PNS_AA_2026_2_25_1520
AA3139,32.90777,-97.03887,0,0,0,2026-02-25T14:39:54Z,DFW,PNS,,PNS_DFW_AA_2026_2_25_1740
UA4200,16.43147,-79.28043,40025,505,0,2026-02-25T14:39:58Z,MDE,EWR,2026-02-25T17:48:07Z,MDE_EWR_UA_2026_2_25_1248
DL166,55.36106,-143.00304,39000,529,0,2026-02-25T14:39:54Z,HND,SEA,2026-02-25T16:36:16Z,HND_SEA_DL_2026_2_25_1707
KL601,6.50235,-94.21996,36000,521,-64,2026-02-25T14:39:59Z,AMS,LAX,2026-02-25T19:09:52Z,AMS_LAX_KL_2026_2_25_1000
AA2523,3.98459,-75.40186,5275,238,2752,2026-02-25T14:39:58Z,PHL,TPA,2026-02-25T16:51:12Z,PHL_TPA_AA_2026_2_25_937
DL57,65.57416,-85.31576,38000,472,0,2026-02-25T14:39:56Z,AMS,SLC,2026-02-25T18:52:48Z,AMS_SLC_DL_2026_2_25_955
AA2111,40.77609,-73.87408,0,0,0,2026-02-25T14:39:58Z,CLT,LGA,2026-02-25T13:54:12Z,LGA_CLT_AA_2026_2_25_1014
AA2111,40.77609,-73.87408,0,0,0,2026-02-25T14:39:58Z,CLT,LGA,2026-02-25T13:54:12Z,CLT_LGA_AA_2026_2_25_743
DL33,51.39959,-64.48074,38000,405,0,2026-02-25T14:39:56Z,LHR,ATL,2026-02-25T18:10:08Z,LHR_ATL_DL_2026_2_25_908
AF158,61.54674,-59.81061,36000,461,0,2026-02-25T14:39:56Z,CDG,DFW,2026-02-25T19:39:44Z,CDG_DFW_AF_2026_2_25_956
AA3193,31.39199,-85.89281,36000,375,0,2026-02-25T14:39:59Z,MIA,EGE,2026-02-25T17:42:24Z,MIA_EGE_AA_2026_2_25_829
DL1794,20.66313,-82.24718,38000,498,0,2026-02-25T14:39:58Z,SJO,ATL,2026-02-25T16:36:16Z,SJO_ATL_DL_2026_2_25_1317
UA6,56.05215,-158.48422,36975,499,0,2026-02-25T14:39:54Z,NRT,IAH,2026-02-25T20:52:16Z,NRT_IAH_UA_2026_2_25_1818
AA1293,41.97038,-87.92864,0,14,0,2026-02-25T14:39:59Z,ORD,MCO,,ORD_MCO_AA_2026_2_25_849
AA1283,38.21324,-86.18398,30450,459,1728,2026-02-25T14:39:57Z,IND,MIA,2026-02-25T16:40:32Z,IND_MIA_AA_2026_2_25_925
AA3317,37.01747,-76.55577,38000,334,0,2026-02-25T14:39:57Z,LGA,PBI,2026-02-25T16:14:56Z,LGA_PBI_AA_2026_2_25_844
AA3317,37.01747,-76.55577,38000,334,0,2026-02-25T14:39:57Z,LGA,PBI,2026-02-25T16:14:56Z,PBI_LGA_AA_2026_2_25_1314
AA2731,38.51102,-80.47951,37975,375,0,2026-02-25T14:39:58Z,PHL,DFW,2026-02-25T17:01:52Z,PHL_DFW_AA_2026_2_25_1354
UA3895,40.64223,-74.23425,5400,207,3328,2026-02-25T14:39:58Z,EWR,AMA,2026-02-25T17:55:12Z,EWR_AMA_UA_2026_2_25_938
LH454,74.78481,-72.60361,34000,528,0,2026-02-25T14:39:56Z,FRA,SFO,2026-02-25T20:18:08Z,FRA_SFO_LH_2026_2_25_1054
DL1930,36.69825,-69.85509,39000,432,0,2026-02-25T14:39:56Z,JFK,STT,2026-02-25T17:16:48Z,JFK_STT_DL_2026_2_25_1356
KL623,53.71537,-61.65438,34000,445,-64,2026-02-25T14:39:57Z,AMS,ATL,2026-02-25T18:29:20Z,AMS_ATL_KL_2026_2_25_1037
DL42,23.12778,-135.36481,41000,539,0,2026-02-25T14:39:59Z,SYD,LAX,2026-02-25T17:01:52Z,SYD_LAX_DL_2026_2_25_1433
DL830,33.69684,-85.39896,23375,328,1216,2026-02-25T14:39:59Z,ATL,SLC,2026-02-25T18:14:24Z,ATL_SLC_DL_2026_2_25_928
UA3929,3.96039,-111.35193,41000,489,64,2026-02-25T14:39:57Z,SFO,IAD,2026-02-25T17:55:12Z,SFO_IAD_UA_2026_2_25_529
UA2115,41.87253,-101.75033,36000,383,0,2026-02-25T14:39:58Z,EWR,SFO,2026-02-25T17:18:56Z,EWR_SFO_UA_2026_2_25_613
DL966,46.83067,-105.62956,38000,391,0,2026-02-25T14:39:58Z,CVG,SEA,2026-02-25T16:32:00Z,CVG_SEA_DL_2026_2_25_653
DL274,56.74178,-134.67076,39000,545,0,2026-02-25T14:39:58Z,HND,DTW,2026-02-25T18:44:16Z,HND_DTW_DL_2026_2_25_1651
DL274,56.74178,-134.67076,39000,545,0,2026-02-25T14:39:58Z,HND,DTW,2026-02-25T18:44:16Z,HND_DTW_DL_2026_2_25_1642
DL120,58.49517,-149.91751,41000,523,0,2026-02-25T14:39:58Z,HND,MSP,2026-02-25T19:03:28Z,HND_MSP_DL_2026_2_25_1742
AA1172,41.97506,-87.89768,0,0,0,2026-02-25T14:39:23Z,ORD,STT,,ORD_STT_AA_2026_2_25_1504
KL605,68.64481,-9.72382,38000,532,-128,2026-02-25T14:39:58Z,AMS,SFO,2026-02-25T19:05:36Z,AMS_SFO_KL_2026_2_25_1013
DL713,40.10713,-7.97643,38000,369,0,2026-02-25T14:39:59Z,JFK,LAX,2026-02-25T19:24:48Z,JFK_LAX_DL_2026_2_25_845
DL274,42.21032,-83.35699,0,0,0,2026-02-25T14:39:56Z,HND,DTW,2026-01-19T18:59:44Z,HND_DTW_DL_2026_2_25_1651
DL274,42.21032,-83.35699,0,0,0,2026-02-25T14:39:56Z,HND,DTW,2026-01-19T18:59:44Z,HND_DTW_DL_2026_2_25_1642
UA297,43.16116,-84.05039,37000,378,0,2026-02-25T14:39:59Z,EWR,BZN,2026-02-25T17:44:32Z,EWR_BZN_UA_2026_2_25_819
AF338,71.84384,-81.32119,40000,523,0,2026-02-25T14:39:56Z,CDG,SEA,2026-02-25T18:48:32Z,CDG_SEA_AF_2026_2_25_1036
AA1688,42.36139,-71.02087,0,0,0,2026-02-25T14:39:58Z,BOS,CLT,,BOS_CLT_AA_2026_2_25_954
BA175,53.48917,-58.95789,38000,423,0,2026-02-25T14:39:57Z,LHR,JFK,2026-02-25T17:10:24Z,LHR_JFK_BA_2026_2_25_955
AA2097,25.80006,-80.29093,0,9,0,2026-02-25T14:39:56Z,MIA,DFW,,MIA_DFW_AA_2026_2_25_1458
DL8800,37.86145,-90.33555,39000,484,0,2026-02-25T14:39:57Z,MSP,MIA,2026-02-25T16:38:17Z,MSP_MIA_DL_2026_2_25_743
UA1256,38.32534,-90.03803,38000,359,0,2026-02-25T14:39:58Z,CLT,DEN,2026-02-25T16:27:44Z,CLT_DEN_UA_2026_2_25_815
UA1116,4.47529,-102.48958,38000,386,-64,2026-02-25T14:39:57Z,MSP,SFO,2026-02-25T17:16:48Z,MSP_SFO_UA_2026_2_25_736
AA249,41.97362,-87.89912,0,0,0,2026-02-25T14:39:55Z,ORD,MEX,,ORD_MEX_AA_2026_2_25_851
DL1368,36.53554,-81.19086,37975,301,0,2026-02-25T14:39:58Z,JFK,MSY,2026-02-25T16:10:40Z,JFK_MSY_DL_2026_2_25_813
DL1368,36.53554,-81.19086,37975,301,0,2026-02-25T14:39:58Z,JFK,MSY,2026-02-25T16:10:40Z,MSY_JFK_DL_2026_2_25_1154
UA1898,37.13626,-85.08064,38000,336,-64,2026-02-25T14:39:58Z,BWI,IAH,2026-02-25T16:27:44Z,BWI_IAH_UA_2026_2_25_822
BA117,49.08966,-64.49683,38000,394,-64,2026-02-25T14:39:58Z,LHR,JFK,2026-02-25T16:32:00Z,LHR_JFK_BA_2026_2_25_903
BA195,56.30626,-59.03154,37975,454,-64,2026-02-25T14:39:57Z,LHR,IAH,2026-02-25T19:56:48Z,LHR_IAH_BA_2026_2_25_1010
AF84,68.96688,-61.63335,34000,462,0,2026-02-25T14:39:56Z,CDG,SFO,2026-02-25T20:52:16Z,CDG_SFO_AF_2026_2_25_1105
UA1886,32.01178,-91.48722,38950,572,0,2026-02-25T14:44:58Z,IAH,EWR,2026-02-25T17:01:52Z,IAH_EWR_UA_2026_2_25_814
DL8851,35.55501,-91.62489,40000,341,0,2026-02-25T14:44:57Z,ATL,DEN,2026-02-25T16:29:58Z,ATL_DEN_DL_2026_2_25_836
AA1349,35.88785,-88.25255,40000,336,0,2026-02-25T14:44:58Z,JFK,AUS,2026-02-25T16:19:12Z,JFK_AUS_AA_2026_2_25_726
UA1666,39.74355,-88.88757,38000,365,0,2026-02-25T14:44:58Z,CVG,DEN,2026-02-25T16:46:56Z,CVG_DEN_UA_2026_2_25_908
DL853,61.17266,-149.98547,0,0,0,2026-02-25T14:44:56Z,ANC,SEA,,ANC_SEA_DL_2026_2_25_613
DL2301,40.40213,-91.12641,37000,480,0,2026-02-25T14:44:58Z,MSP,TPA,2026-02-25T16:44:48Z,MSP_TPA_DL_2026_2_25_806
AA3052,38.85452,-77.04088,0,0,0,2026-02-25T14:44:53Z,DCA,FLL,,DCA_FLL_AA_2026_2_25_1530
AA3052,38.85452,-77.04088,0,0,0,2026-02-25T14:44:53Z,DCA,FLL,,FLL_DCA_AA_2026_2_25_1901
AA2896,40.82089,-73.99677,9625,241,3520,2026-02-25T14:44:59Z,LGA,FLL,,LGA_FLL_AA_2026_2_25_1441
AA2896,40.82089,-73.99677,9625,241,3520,2026-02-25T14:44:59Z,LGA,FLL,,FLL_LGA_AA_2026_2_25_1906
UA905,52.65431,-63.36655,38025,401,-64,2026-02-25T14:44:58Z,LHR,EWR,2026-02-25T17:01:52Z,LHR_EWR_UA_2026_2_25_921
KL689,53.62747,-71.79499,37975,462,0,2026-02-25T14:44:58Z,AMS,CUN,2026-02-25T19:41:52Z,AMS_CUN_KL_2026_2_25_906
KL661,54.35649,-70.18147,36000,455,0,2026-02-25T14:44:57Z,AMS,IAH,2026-02-25T18:59:12Z,AMS_IAH_KL_2026_2_25_1014
AF636,60.35696,-64.18874,38000,466,0,2026-02-25T14:44:58Z,CDG,IAH,2026-02-25T19:52:32Z,CDG_IAH_AF_2026_2_25_1048
BA53,72.51924,-72.01141,40000,514,0,2026-02-25T14:44:58Z,LHR,SEA,2026-02-25T19:22:40Z,LHR_SEA_BA_2026_2_25_1020
UA654,33.05023,-113.16837,39000,487,0,2026-02-25T14:44:58Z,LAX,IAH,2026-02-25T16:55:28Z,LAX_IAH_UA_2026_2_25_605
UA654,33.05023,-113.16837,39000,487,0,2026-02-25T14:44:58Z,LAX,IAH,2026-02-25T16:55:28Z,IAH_DCA_UA_2026_2_25_1213
AA3139,32.90778,-97.03886,0,0,0,2026-02-25T14:44:59Z,DFW,PNS,,DFW_PNS_AA_2026_2_25_1520
AA3139,32.90778,-97.03886,0,0,0,2026-02-25T14:44:59Z,DFW,PNS,,PNS_DFW_AA_2026_2_25_1740
UA4200,17.12997,-79.25691,40025,502,0,2026-02-25T14:44:57Z,MDE,EWR,2026-02-25T17:47:17Z,MDE_EWR_UA_2026_2_25_1248
DL166,55.23668,-141.72154,39000,531,0,2026-02-25T14:44:57Z,HND,SEA,2026-02-25T16:27:44Z,HND_SEA_DL_2026_2_25_1707
KL601,64.46275,-95.26806,36000,517,-64,2026-02-25T14:44:59Z,AMS,LAX,2026-02-25T19:14:08Z,AMS_LAX_KL_2026_2_25_1000
DL57,65.16637,-86.62292,38000,482,0,2026-02-25T14:44:57Z,AMS,SLC,2026-02-25T18:52:48Z,AMS_SLC_DL_2026_2_25_955
AA2523,39.86247,-75.72082,14825,256,3072,2026-02-25T14:44:59Z,PHL,TPA,2026-02-25T16:53:20Z,PHL_TPA_AA_2026_2_25_937
AA2111,0.40776,-73.87404,0,0,0,2026-02-25T14:44:59Z,CLT,LGA,2026-02-25T13:54:12Z,LGA_CLT_AA_2026_2_25_1014
AA2111,0.40776,-73.87404,0,0,0,2026-02-25T14:44:59Z,CLT,LGA,2026-02-25T13:54:12Z,CLT_LGA_AA_2026_2_25_743
DL33,50.96357,-65.16518,38000,407,0,2026-02-25T14:44:59Z,LHR,ATL,2026-02-25T18:12:16Z,LHR_ATL_DL_2026_2_25_908
AF158,61.24181,-61.03638,36000,465,0,2026-02-25T14:44:58Z,CDG,DFW,2026-02-25T19:39:44Z,CDG_DFW_AF_2026_2_25_956
AA3193,31.67601,-86.39325,36000,369,0,2026-02-25T14:44:57Z,MIA,EGE,2026-02-25T17:42:24Z,MIA_EGE_AA_2026_2_25_829
DL1794,21.33705,-82.04639,38000,498,0,2026-02-25T14:44:58Z,SJO,ATL,2026-02-25T16:36:16Z,SJO_ATL_DL_2026_2_25_1317
UA6,5.60813,-157.22749,36975,502,0,2026-02-25T14:44:58Z,NRT,IAH,2026-02-25T20:48:00Z,NRT_IAH_UA_2026_2_25_1818
AA1283,37.59654,-8.60995,37500,500,576,2026-02-25T14:44:59Z,IND,MIA,2026-02-25T16:40:32Z,IND_MIA_AA_2026_2_25_925
AA2731,38.34298,-81.10919,37975,376,0,2026-02-25T14:44:59Z,PHL,DFW,2026-02-25T16:57:36Z,PHL_DFW_AA_2026_2_25_1354
AA3317,36.60156,-76.82652,38000,335,0,2026-02-25T14:44:58Z,LGA,PBI,2026-02-25T16:14:56Z,LGA_PBI_AA_2026_2_25_844
AA3317,36.60156,-76.82652,38000,335,0,2026-02-25T14:44:58Z,LGA,PBI,2026-02-25T16:14:56Z,PBI_LGA_AA_2026_2_25_1314
UA3895,40.91437,-74.44476,14900,269,2240,2026-02-25T14:44:59Z,EWR,AMA,2026-02-25T17:55:12Z,EWR_AMA_UA_2026_2_25_938
DL1930,36.11755,-69.66125,39000,432,0,2026-02-25T14:44:58Z,JFK,STT,2026-02-25T17:16:48Z,JFK_STT_DL_2026_2_25_1356
KL623,5.32684,-62.38288,33975,449,-64,2026-02-25T14:44:57Z,AMS,ATL,2026-02-25T18:27:12Z,AMS_ATL_KL_2026_2_25_1037
DL42,23.57747,-134.71843,41000,539,0,2026-02-25T14:44:57Z,SYD,LAX,2026-02-25T17:01:52Z,SYD_LAX_DL_2026_2_25_1433
DL830,3.36892,-85.95148,29400,344,896,2026-02-25T14:44:57Z,ATL,SLC,2026-02-25T18:14:24Z,ATL_SLC_DL_2026_2_25_928
UA3929,39.73036,-110.49147,41000,486,64,2026-02-25T14:44:58Z,SFO,IAD,2026-02-25T17:57:20Z,SFO_IAD_UA_2026_2_25_529
DL966,46.93248,-106.41196,38000,397,0,2026-02-25T14:44:57Z,CVG,SEA,2026-02-25T16:29:52Z,CVG_SEA_DL_2026_2_25_653
DL120,58.43175,-148.53737,41000,525,-64,2026-02-25T14:44:58Z,HND,MSP,2026-02-25T19:01:20Z,HND_MSP_DL_2026_2_25_1742
DL274,56.55315,-133.35385,39000,537,0,2026-02-25T14:44:58Z,HND,DTW,2026-02-25T18:46:24Z,HND_DTW_DL_2026_2_25_1651
DL274,56.55315,-133.35385,39000,537,0,2026-02-25T14:44:58Z,HND,DTW,2026-02-25T18:46:24Z,HND_DTW_DL_2026_2_25_1642
UA2115,41.74246,-102.44355,36000,390,0,2026-02-25T14:44:58Z,EWR,SFO,2026-02-25T17:18:56Z,EWR_SFO_UA_2026_2_25_613
KL605,68.10318,-98.59275,37975,531,0,2026-02-25T14:44:59Z,AMS,SFO,2026-02-25T19:05:36Z,AMS_SFO_KL_2026_2_25_1013
DL713,40.11566,-80.43066,38000,373,0,2026-02-25T14:44:57Z,JFK,LAX,2026-02-25T19:22:40Z,JFK_LAX_DL_2026_2_25_845
AA1172,41.97506,-87.89768,0,0,0,2026-02-25T14:44:39Z,ORD,STT,,ORD_STT_AA_2026_2_25_1504
DL274,42.21032,-83.35699,0,0,0,2026-02-25T14:44:57Z,HND,DTW,2026-01-19T18:59:44Z,HND_DTW_DL_2026_2_25_1651
DL274,42.21032,-83.35699,0,0,0,2026-02-25T14:44:57Z,HND,DTW,2026-01-19T18:59:44Z,HND_DTW_DL_2026_2_25_1642
UA297,43.37448,-84.70357,37000,376,0,2026-02-25T14:44:59Z,EWR,BZN,2026-02-25T17:38:08Z,EWR_BZN_UA_2026_2_25_819
AA1688,42.36018,-71.02049,0,0,0,2026-02-25T14:44:55Z,BOS,CLT,,BOS_CLT_AA_2026_2_25_954
BA175,53.06546,-59.64266,38000,420,0,2026-02-25T14:44:59Z,LHR,JFK,2026-02-25T17:10:24Z,LHR_JFK_BA_2026_2_25_955
AA1766,32.90186,-9.70374,0,0,0,2026-02-25T14:44:22Z,DFW,JFK,,DFW_JFK_AA_2026_2_25_1530
AA1766,32.90186,-9.70374,0,0,0,2026-02-25T14:44:22Z,DFW,JFK,,JFK_DFW_AA_2026_2_25_1938
UA1256,38.41784,-90.66705,38000,363,0,2026-02-25T14:44:57Z,CLT,DEN,2026-02-25T16:27:44Z,CLT_DEN_UA_2026_2_25_815
DL8800,37.27148,-89.87997,39000,498,0,2026-02-25T14:44:58Z,MSP,MIA,2026-02-25T16:34:03Z,MSP_MIA_DL_2026_2_25_743
UA1116,44.61729,-103.20985,38000,377,0,2026-02-25T14:44:57Z,MSP,SFO,2026-02-25T17:16:48Z,MSP_SFO_UA_2026_2_25_736
DL188,53.97401,-170.17168,37000,483,0,2026-02-25T14:44:59Z,ICN,ATL,2026-02-25T22:13:20Z,ICN_ATL_DL_2026_2_25_1814
DL1368,36.19254,-81.48337,38000,294,64,2026-02-25T14:44:58Z,JFK,MSY,2026-02-25T16:10:40Z,JFK_MSY_DL_2026_2_25_813
DL1368,36.19254,-81.48337,38000,294,64,2026-02-25T14:44:58Z,JFK,MSY,2026-02-25T16:10:40Z,MSY_JFK_DL_2026_2_25_1154
UA1898,36.91583,-85.60111,38000,338,0,2026-02-25T14:44:59Z,BWI,IAH,2026-02-25T16:27:44Z,BWI_IAH_UA_2026_2_25_822
BA117,48.72334,-65.12182,38000,397,0,2026-02-25T14:44:58Z,LHR,JFK,2026-02-25T16:29:52Z,LHR_JFK_BA_2026_2_25_903
BA195,56.06987,-6.00799,38000,454,-64,2026-02-25T14:44:58Z,LHR,IAH,2026-02-25T19:56:48Z,LHR_IAH_BA_2026_2_25_1010
AF84,68.99456,-63.37884,34000,462,0,2026-02-25T14:44:58Z,CDG,SFO,2026-02-25T20:52:16Z,CDG_SFO_AF_2026_2_25_1105
UA1886,3.23229,-90.62729,38950,578,0,2026-02-25T14:49:57Z,IAH,EWR,2026-02-25T17:01:52Z,IAH_EWR_UA_2026_2_25_814
DL8851,35.68895,-92.18491,40000,345,0,2026-02-25T14:49:57Z,ATL,DEN,2026-02-25T16:30:57Z,ATL_DEN_DL_2026_2_25_836
DL2301,39.77641,-90.86111,37000,472,0,2026-02-25T14:49:58Z,MSP,TPA,2026-02-25T16:46:56Z,MSP_TPA_DL_2026_2_25_806
UA1666,39.70793,-89.53661,38000,361,0,2026-02-25T14:49:57Z,CVG,DEN,2026-02-25T16:46:56Z,CVG_DEN_UA_2026_2_25_908
DL853,61.17355,-149.98631,0,0,0,2026-02-25T14:49:55Z,ANC,SEA,,ANC_SEA_DL_2026_2_25_613
AA1349,35.66954,-88.75323,40000,327,0,2026-02-25T14:49:57Z,JFK,AUS,2026-02-25T16:19:12Z,JFK_AUS_AA_2026_2_25_726
AA3052,38.85453,-77.04086,0,0,0,2026-02-25T14:49:58Z,DCA,FLL,,DCA_FLL_AA_2026_2_25_1530
AA3052,38.85453,-77.04086,0,0,0,2026-02-25T14:49:58Z,DCA,FLL,,FLL_DCA_AA_2026_2_25_1901
AA2896,40.59788,-74.29311,15075,230,4032,2026-02-25T14:49:57Z,LGA,FLL,2026-02-25T17:18:56Z,LGA_FLL_AA_2026_2_25_1441
AA2896,40.59788,-74.29311,15075,230,4032,2026-02-25T14:49:57Z,LGA,FLL,2026-02-25T17:18:56Z,FLL_LGA_AA_2026_2_25_1906
BA53,72.40484,-7.43252,40000,514,0,2026-02-25T14:49:56Z,LHR,SEA,2026-02-25T19:22:40Z,LHR_SEA_BA_2026_2_25_1020
KL689,53.23132,-72.62999,37975,462,0,2026-02-25T14:49:56Z,AMS,CUN,2026-02-25T19:41:52Z,AMS_CUN_KL_2026_2_25_906
UA905,5.22464,-63.98384,38000,404,0,2026-02-25T14:49:57Z,LHR,EWR,2026-02-25T17:01:52Z,LHR_EWR_UA_2026_2_25_921
KL661,53.96566,-71.05874,35975,455,0,2026-02-25T14:49:56Z,AMS,IAH,2026-02-25T18:59:12Z,AMS_IAH_KL_2026_2_25_1014
AF636,60.04299,-65.30313,38000,466,0,2026-02-25T14:49:56Z,CDG,IAH,2026-02-25T19:52:32Z,CDG_IAH_AF_2026_2_25_1048
UA595,30.19449,-97.65893,0,21,0,2026-02-25T14:49:56Z,AUS,DEN,,AUS_DEN_UA_2026_2_25_853
UA654,32.92989,-112.38145,39000,483,0,2026-02-25T14:49:58Z,LAX,IAH,2026-02-25T16:53:20Z,LAX_IAH_UA_2026_2_25_605
UA654,32.92989,-112.38145,39000,483,0,2026-02-25T14:49:58Z,LAX,IAH,2026-02-25T16:53:20Z,IAH_DCA_UA_2026_2_25_1213
AA3139,32.90775,-97.03889,0,0,0,2026-02-25T14:49:45Z,DFW,PNS,,DFW_PNS_AA_2026_2_25_1520
AA3139,32.90775,-97.03889,0,0,0,2026-02-25T14:49:45Z,DFW,PNS,,PNS_DFW_AA_2026_2_25_1740
UA4200,17.83008,-79.23306,40025,499,0,2026-02-25T14:49:58Z,MDE,EWR,2026-02-25T17:48:39Z,MDE_EWR_UA_2026_2_25_1248
DL166,55.05761,-140.40652,39000,528,0,2026-02-25T14:49:56Z,HND,SEA,2026-02-25T16:29:52Z,HND_SEA_DL_2026_2_25_1707
KL601,63.89406,-96.27495,36000,517,0,2026-02-25T14:49:59Z,AMS,LAX,2026-02-25T19:09:52Z,AMS_LAX_KL_2026_2_25_1000
DL57,64.75962,-87.85976,38000,482,0,2026-02-25T14:49:56Z,AMS,SLC,2026-02-25T18:52:48Z,AMS_SLC_DL_2026_2_25_955
AA2523,39.62978,-76.12939,24875,338,1728,2026-02-25T14:49:57Z,PHL,TPA,2026-02-25T16:53:20Z,PHL_TPA_AA_2026_2_25_937
AA2111,0.40776,-73.87402,0,0,0,2026-02-25T14:49:55Z,CLT,LGA,2026-02-25T13:54:12Z,LGA_CLT_AA_2026_2_25_1014
AA2111,0.40776,-73.87402,0,0,0,2026-02-25T14:49:55Z,CLT,LGA,2026-02-25T13:54:12Z,CLT_LGA_AA_2026_2_25_743
DL33,50.59027,-65.81931,38000,407,0,2026-02-25T14:49:57Z,LHR,ATL,2026-02-25T18:12:16Z,LHR_ATL_DL_2026_2_25_908
AA3193,31.95876,-86.89821,36025,371,0,2026-02-25T14:49:58Z,MIA,EGE,2026-02-25T17:40:16Z,MIA_EGE_AA_2026_2_25_829
DL1794,21.99938,-81.84713,38000,487,0,2026-02-25T14:49:58Z,SJO,ATL,2026-02-25T16:36:16Z,SJO_ATL_DL_2026_2_25_1317
UA6,56.09738,-155.99297,36975,501,0,2026-02-25T14:49:57Z,NRT,IAH,2026-02-25T20:48:00Z,NRT_IAH_UA_2026_2_25_1818
AA1283,37.06169,-85.48117,38375,530,768,2026-02-25T14:49:58Z,IND,MIA,2026-02-25T16:36:16Z,IND_MIA_AA_2026_2_25_925
AA2731,38.17325,-81.73016,37975,377,-64,2026-02-25T14:49:57Z,PHL,DFW,2026-02-25T16:59:44Z,PHL_DFW_AA_2026_2_25_1354
AA3317,36.06564,-76.53763,38000,459,0,2026-02-25T14:49:58Z,LGA,PBI,2026-02-25T16:12:48Z,LGA_PBI_AA_2026_2_25_844
AA3317,36.06564,-76.53763,38000,459,0,2026-02-25T14:49:58Z,LGA,PBI,2026-02-25T16:12:48Z,PBI_LGA_AA_2026_2_25_1314
AA1293,41.96906,-87.90673,250,117,64,2026-02-25T14:49:57Z,ORD,MCO,,ORD_MCO_AA_2026_2_25_849
UA3895,40.97803,-74.86714,16625,291,0,2026-02-25T14:49:58Z,EWR,AMA,2026-02-25T17:57:20Z,EWR_AMA_UA_2026_2_25_938
KL623,52.81756,-63.09527,34000,449,-64,2026-02-25T14:49:57Z,AMS,ATL,2026-02-25T18:27:12Z,AMS_ATL_KL_2026_2_25_1037
DL830,33.67854,-86.52978,34725,343,1216,2026-02-25T14:49:57Z,ATL,SLC,2026-02-25T18:12:16Z,ATL_SLC_DL_2026_2_25_928
UA3929,39.84984,-109.63358,41000,481,64,2026-02-25T14:49:57Z,SFO,IAD,2026-02-25T17:55:12Z,SFO_IAD_UA_2026_2_25_529
DL966,47.02987,-107.20445,40000,404,384,2026-02-25T14:49:57Z,CVG,SEA,2026-02-25T16:32:00Z,CVG_SEA_DL_2026_2_25_653
DL120,58.35246,-147.16559,41000,529,0,2026-02-25T14:49:55Z,HND,MSP,2026-02-25T19:01:20Z,HND_MSP_DL_2026_2_25_1742
DL274,56.35464,-132.07465,39000,529,-64,2026-02-25T14:49:58Z,HND,DTW,2026-02-25T18:48:32Z,HND_DTW_DL_2026_2_25_1651
DL274,56.35464,-132.07465,39000,529,-64,2026-02-25T14:49:58Z,HND,DTW,2026-02-25T18:48:32Z,HND_DTW_DL_2026_2_25_1642
UA2115,41.60676,-103.14112,36000,390,0,2026-02-25T14:49:57Z,EWR,SFO,2026-02-25T17:14:40Z,EWR_SFO_UA_2026_2_25_613
KL605,67.55214,-9.98822,37975,528,0,2026-02-25T14:49:59Z,AMS,SFO,2026-02-25T19:01:20Z,AMS_SFO_KL_2026_2_25_1013
DL274,42.21032,-83.35699,0,0,0,2026-02-25T14:49:58Z,HND,DTW,2026-01-19T18:59:44Z,HND_DTW_DL_2026_2_25_1651
DL274,42.21032,-83.35699,0,0,0,2026-02-25T14:49:58Z,HND,DTW,2026-01-19T18:59:44Z,HND_DTW_DL_2026_2_25_1642
UA297,43.58667,-85.36089,37000,377,0,2026-02-25T14:49:59Z,EWR,BZN,2026-02-25T17:46:40Z,EWR_BZN_UA_2026_2_25_819
AF338,71.26225,-85.54795,40000,525,0,2026-02-25T14:49:56Z,CDG,SEA,2026-02-25T18:48:32Z,CDG_SEA_AF_2026_2_25_1036
DL713,40.12053,-81.10894,38000,376,0,2026-02-25T14:49:58Z,JFK,LAX,2026-02-25T19:24:48Z,JFK_LAX_DL_2026_2_25_845
BA175,52.65097,-60.29381,38000,409,0,2026-02-25T14:49:57Z,LHR,JFK,2026-02-25T17:14:40Z,LHR_JFK_BA_2026_2_25_955
AA2581,32.90196,-97.04333,0,0,0,2026-02-25T14:49:16Z,DFW,MKE,,DFW_MKE_AA_2026_2_25_1532
AA2581,32.90196,-97.04333,0,0,0,2026-02-25T14:49:16Z,DFW,MKE,,MKE_DFW_AA_2026_2_25_1835
AA2097,25.79974,-80.29848,0,0,0,2026-02-25T14:49:59Z,MIA,DFW,,MIA_DFW_AA_2026_2_25_1458
DL8800,36.69681,-89.39919,39000,496,0,2026-02-25T14:49:58Z,MSP,MIA,2026-02-25T16:34:17Z,MSP_MIA_DL_2026_2_25_743
UA1256,38.50801,-91.30127,38000,366,0,2026-02-25T14:49:58Z,CLT,DEN,2026-02-25T16:27:44Z,CLT_DEN_UA_2026_2_25_815
DL188,54.13133,-169.06351,38000,493,64,2026-02-25T14:49:57Z,ICN,ATL,2026-02-25T22:13:20Z,ICN_ATL_DL_2026_2_25_1814
UA1116,44.47861,-103.91934,38000,379,0,2026-02-25T14:49:59Z,MSP,SFO,2026-02-25T17:14:40Z,MSP_SFO_UA_2026_2_25_736
DL1368,35.85342,-81.76935,38000,292,0,2026-02-25T14:49:58Z,JFK,MSY,2026-02-25T16:10:40Z,JFK_MSY_DL_2026_2_25_813
DL1368,35.85342,-81.76935,38000,292,0,2026-02-25T14:49:58Z,JFK,MSY,2026-02-25T16:10:40Z,MSY_JFK_DL_2026_2_25_1154
UA1898,36.69322,-86.11814,38000,343,0,2026-02-25T14:49:59Z,BWI,IAH,2026-02-25T16:27:44Z,BWI_IAH_UA_2026_2_25_822
AA249,41.97043,-87.89809,0,11,0,2026-02-25T14:49:58Z,ORD,MEX,,ORD_MEX_AA_2026_2_25_851
BA117,48.35156,-65.74106,38000,405,0,2026-02-25T14:49:57Z,LHR,JFK,2026-02-25T16:27:44Z,LHR_JFK_BA_2026_2_25_903
BA195,55.82675,-61.10638,37975,455,-64,2026-02-25T14:49:57Z,LHR,IAH,2026-02-25T19:56:48Z,LHR_IAH_BA_2026_2_25_1010
AF84,69.02024,-65.20255,34000,468,0,2026-02-25T14:49:56Z,CDG,SFO,2026-02-25T20:52:16Z,CDG_SFO_AF_2026_2_25_1105
UA1886,32.63333,-89.74632,38950,578,0,2026-02-25T14:54:59Z,IAH,EWR,2026-02-25T17:01:52Z,IAH_EWR_UA_2026_2_25_814
DL8851,35.82257,-92.75682,40000,350,0,2026-02-25T14:54:59Z,ATL,DEN,2026-02-25T16:31:15Z,ATL_DEN_DL_2026_2_25_836
DL2301,39.15551,-90.60303,37000,464,0,2026-02-25T14:54:59Z,MSP,TPA,2026-02-25T16:44:48Z,MSP_TPA_DL_2026_2_25_806
UA1666,39.66851,-90.17792,38000,357,0,2026-02-25T14:54:58Z,CVG,DEN,2026-02-25T16:44:48Z,CVG_DEN_UA_2026_2_25_908
DL853,61.17355,-14.99863,0,0,0,2026-02-25T14:54:51Z,ANC,SEA,,ANC_SEA_DL_2026_2_25_613
AA1349,35.45535,-8.92357,40000,322,0,2026-02-25T14:54:58Z,JFK,AUS,2026-02-25T16:19:12Z,JFK_AUS_AA_2026_2_25_726
AA3052,38.85452,-77.04088,0,0,0,2026-02-25T14:54:57Z,DCA,FLL,,DCA_FLL_AA_2026_2_25_1530
AA3052,38.85452,-77.04088,0,0,0,2026-02-25T14:54:57Z,DCA,FLL,,FLL_DCA_AA_2026_2_25_1901
BA53,72.26398,-76.60445,40000,514,0,2026-02-25T14:54:54Z,LHR,SEA,2026-02-25T19:22:40Z,LHR_SEA_BA_2026_2_25_1020
AA2896,40.36168,-74.20634,16675,416,0,2026-02-25T14:54:59Z,LGA,FLL,2026-02-25T17:21:04Z,LGA_FLL_AA_2026_2_25_1441
AA2896,40.36168,-74.20634,16675,416,0,2026-02-25T14:54:59Z,LGA,FLL,2026-02-25T17:21:04Z,FLL_LGA_AA_2026_2_25_1906
UA905,51.85347,-64.56372,38000,404,0,2026-02-25T14:54:54Z,LHR,EWR,2026-02-25T17:01:52Z,LHR_EWR_UA_2026_2_25_921
KL661,53.59106,-71.87291,35975,455,0,2026-02-25T14:54:54Z,AMS,IAH,2026-02-25T18:59:12Z,AMS_IAH_KL_2026_2_25_1014
AF636,59.71146,-66.39513,38000,466,0,2026-02-25T14:54:54Z,CDG,IAH,2026-02-25T19:52:32Z,CDG_IAH_AF_2026_2_25_1048
UA595,30.24057,-97.66099,1775,212,1024,2026-02-25T14:54:58Z,AUS,DEN,2026-02-25T16:49:04Z,AUS_DEN_UA_2026_2_25_853
UA654,32.80522,-111.60058,39000,481,0,2026-02-25T14:54:59Z,LAX,IAH,2026-02-25T16:53:20Z,LAX_IAH_UA_2026_2_25_605
UA654,32.80522,-111.60058,39000,481,0,2026-02-25T14:54:59Z,LAX,IAH,2026-02-25T16:53:20Z,IAH_DCA_UA_2026_2_25_1213
UA357,32.89343,-97.03801,0,2,0,2026-02-25T14:54:59Z,DFW,DEN,,DFW_DEN_UA_2026_2_25_1515
AA3139,32.90774,-97.03889,0,0,0,2026-02-25T14:54:35Z,DFW,PNS,,DFW_PNS_AA_2026_2_25_1520
AA3139,32.90774,-97.03889,0,0,0,2026-02-25T14:54:35Z,DFW,PNS,,PNS_DFW_AA_2026_2_25_1740
UA4200,18.52202,-79.20948,40025,495,0,2026-02-25T14:54:59Z,MDE,EWR,2026-02-25T17:50:44Z,MDE_EWR_UA_2026_2_25_1248
DL2947,45.50835,-122.31702,9050,295,3200,2026-02-25T14:54:57Z,PDX,LAX,2026-02-25T16:46:56Z,PDX_LAX_DL_2026_2_25_651
DL166,54.81107,-139.18724,39000,539,0,2026-02-25T14:54:59Z,HND,SEA,2026-02-25T16:29:52Z,HND_SEA_DL_2026_2_25_1707
KL601,63.32007,-97.23914,35975,522,-64,2026-02-25T14:54:59Z,AMS,LAX,2026-02-25T19:09:52Z,AMS_LAX_KL_2026_2_25_1000
DL57,64.31908,-89.12716,38000,485,64,2026-02-25T14:54:58Z,AMS,SLC,2026-02-25T18:48:32Z,AMS_SLC_DL_2026_2_25_955
AA2523,39.31332,-7.65827,32325,336,1024,2026-02-25T14:54:59Z,PHL,TPA,2026-02-25T16:53:20Z,PHL_TPA_AA_2026_2_25_937
AA2111,40.77596,-73.87402,0,0,0,2026-02-25T14:54:55Z,CLT,LGA,2026-02-25T13:54:12Z,LGA_CLT_AA_2026_2_25_1014
AA2111,40.77596,-73.87402,0,0,0,2026-02-25T14:54:55Z,CLT,LGA,2026-02-25T13:54:12Z,CLT_LGA_AA_2026_2_25_743
DL33,50.20633,-66.47495,38000,406,0,2026-02-25T14:54:58Z,LHR,ATL,2026-02-25T18:10:08Z,LHR_ATL_DL_2026_2_25_908
AA3193,32.23563,-87.39931,35975,362,0,2026-02-25T14:54:58Z,MIA,EGE,2026-02-25T17:40:16Z,MIA_EGE_AA_2026_2_25_829
DL1794,22.64598,-81.65079,38000,484,0,2026-02-25T14:54:58Z,SJO,ATL,2026-02-25T16:36:16Z,SJO_ATL_DL_2026_2_25_1317
UA6,56.10113,-154.74535,37000,496,64,2026-02-25T14:54:59Z,NRT,IAH,2026-02-25T20:48:00Z,NRT_IAH_UA_2026_2_25_1818
AA1283,36.52354,-84.86827,39000,523,64,2026-02-25T14:54:59Z,IND,MIA,2026-02-25T16:36:16Z,IND_MIA_AA_2026_2_25_925
AA2731,37.99814,-82.35538,37975,378,0,2026-02-25T14:54:58Z,PHL,DFW,2026-02-25T16:57:36Z,PHL_DFW_AA_2026_2_25_1354
AA3317,35.73669,-76.82419,38000,303,0,2026-02-25T14:54:58Z,LGA,PBI,2026-02-25T16:17:04Z,LGA_PBI_AA_2026_2_25_844
AA3317,35.73669,-76.82419,38000,303,0,2026-02-25T14:54:58Z,LGA,PBI,2026-02-25T16:17:04Z,PBI_LGA_AA_2026_2_25_1314
AA1293,41.64526,-87.82579,12350,361,2688,2026-02-25T14:54:58Z,ORD,MCO,2026-02-25T16:36:16Z,ORD_MCO_AA_2026_2_25_849
UA3895,40.86763,-75.40234,27350,322,2240,2026-02-25T14:54:57Z,EWR,AMA,2026-02-25T17:55:12Z,EWR_AMA_UA_2026_2_25_938
DL1930,35.02556,-6.91313,39000,422,0,2026-02-25T14:54:54Z,JFK,STT,2026-02-25T17:16:48Z,JFK_STT_DL_2026_2_25_1356
KL623,52.36093,-63.79555,34000,449,-64,2026-02-25T14:54:58Z,AMS,ATL,2026-02-25T18:27:12Z,AMS_ATL_KL_2026_2_25_1037
LH456,74.88689,-70.07143,33000,541,0,2026-02-25T14:54:54Z,FRA,LAX,2026-02-25T21:00:48Z,FRA_LAX_LH_2026_2_25_1113
DL42,24.46732,-133.41432,41000,541,0,2026-02-25T14:54:53Z,SYD,LAX,2026-02-25T17:01:52Z,SYD_LAX_DL_2026_2_25_1433
DL830,3.36498,-87.08851,38850,339,576,2026-02-25T14:54:59Z,ATL,SLC,2026-02-25T18:14:24Z,ATL_SLC_DL_2026_2_25_928
UA3929,39.94803,-108.76038,41000,500,-64,2026-02-25T14:54:59Z,SFO,IAD,2026-02-25T17:55:12Z,SFO_IAD_UA_2026_2_25_529
DL966,47.12311,-108.01258,40000,396,0,2026-02-25T14:54:59Z,CVG,SEA,2026-02-25T16:32:00Z,CVG_SEA_DL_2026_2_25_653
DL120,58.29213,-14.58748,41000,525,0,2026-02-25T14:54:54Z,HND,MSP,2026-02-25T19:01:20Z,HND_MSP_DL_2026_2_25_1742
DL274,56.14442,-130.81686,39000,527,0,2026-02-25T14:54:59Z,HND,DTW,2026-02-25T18:48:32Z,HND_DTW_DL_2026_2_25_1651
DL274,56.14442,-130.81686,39000,527,0,2026-02-25T14:54:59Z,HND,DTW,2026-02-25T18:48:32Z,HND_DTW_DL_2026_2_25_1642
UA2115,41.46442,-103.84764,36000,397,0,2026-02-25T14:54:59Z,EWR,SFO,2026-02-25T17:14:40Z,EWR_SFO_UA_2026_2_25_613
KL605,66.97348,-101.05774,38000,532,-64,2026-02-25T14:54:58Z,AMS,SFO,2026-02-25T19:01:20Z,AMS_SFO_KL_2026_2_25_1013
AA1172,41.97597,-8.78971,0,0,0,2026-02-25T14:54:47Z,ORD,STT,,ORD_STT_AA_2026_2_25_1504
DL274,42.21033,-0.83357,0,0,0,2026-02-25T14:54:57Z,HND,DTW,2026-01-19T18:59:44Z,HND_DTW_DL_2026_2_25_1651
DL274,42.21033,-0.83357,0,0,0,2026-02-25T14:54:57Z,HND,DTW,2026-01-19T18:59:44Z,HND_DTW_DL_2026_2_25_1642
AF338,70.91624,-87.69085,40000,528,128,2026-02-25T14:54:58Z,CDG,SEA,2026-02-25T18:40:00Z,CDG_SEA_AF_2026_2_25_1036
UA297,43.79823,-86.01905,37000,380,0,2026-02-25T14:54:58Z,EWR,BZN,2026-02-25T17:48:48Z,EWR_BZN_UA_2026_2_25_819
DL713,40.12146,-81.78866,38000,377,0,2026-02-25T14:54:58Z,JFK,LAX,2026-02-25T19:22:40Z,JFK_LAX_DL_2026_2_25_845
BA175,52.23329,-60.93214,38000,411,0,2026-02-25T14:54:59Z,LHR,JFK,2026-02-25T17:14:40Z,LHR_JFK_BA_2026_2_25_955
UA1256,38.59399,-9.19375,38000,365,0,2026-02-25T14:54:57Z,CLT,DEN,2026-02-25T16:29:52Z,CLT_DEN_UA_2026_2_25_815
UA838,47.34333,-141.36528,37425,487,0,2026-02-25T14:54:54Z,NRT,SFO,2026-02-25T17:10:24Z,NRT_SFO_UA_2026_2_25_1655
DL188,54.28307,-167.90289,38000,505,128,2026-02-25T14:54:59Z,ICN,ATL,2026-02-25T22:04:48Z,ICN_ATL_DL_2026_2_25_1814
UA1116,44.33537,-104.62769,38000,383,0,2026-02-25T14:54:59Z,MSP,SFO,2026-02-25T17:16:48Z,MSP_SFO_UA_2026_2_25_736
DL8800,36.11481,-88.95676,39000,494,0,2026-02-25T14:54:58Z,MSP,MIA,2026-02-25T16:37:56Z,MSP_MIA_DL_2026_2_25_743
DL1368,35.51321,-82.05373,38000,296,-64,2026-02-25T14:54:59Z,JFK,MSY,2026-02-25T16:12:48Z,JFK_MSY_DL_2026_2_25_813
DL1368,35.51321,-82.05373,38000,296,-64,2026-02-25T14:54:59Z,JFK,MSY,2026-02-25T16:12:48Z,MSY_JFK_DL_2026_2_25_1154
UA1898,36.46921,-86.63057,38000,336,0,2026-02-25T14:54:57Z,BWI,IAH,2026-02-25T16:27:44Z,BWI_IAH_UA_2026_2_25_822
AA249,41.79323,-87.94181,6125,253,2752,2026-02-25T14:54:58Z,ORD,MEX,2026-02-25T18:33:36Z,ORD_MEX_AA_2026_2_25_851
BA117,47.96878,-66.36374,38000,406,0,2026-02-25T14:54:58Z,LHR,JFK,2026-02-25T16:27:44Z,LHR_JFK_BA_2026_2_25_903
BA195,55.57164,-62.13418,38000,453,-64,2026-02-25T14:54:59Z,LHR,IAH,2026-02-25T19:54:40Z,LHR_IAH_BA_2026_2_25_1010
AF84,6.90284,-66.99776,34000,468,0,2026-02-25T14:54:54Z,CDG,SFO,2026-02-25T20:52:16Z,CDG_SFO_AF_2026_2_25_1105
UA1886,32.93536,-88.86621,38950,576,0,2026-02-25T14:59:59Z,IAH,EWR,2026-02-25T16:59:44Z,IAH_EWR_UA_2026_2_25_814
DL8851,3.59543,-93.33347,40000,354,0,2026-02-25T14:59:58Z,ATL,DEN,2026-02-25T16:32:22Z,ATL_DEN_DL_2026_2_25_836
DL2301,38.54832,-90.41614,37000,445,0,2026-02-25T14:59:58Z,MSP,TPA,2026-02-25T16:44:48Z,MSP_TPA_DL_2026_2_25_806
UA1666,39.62526,-90.82251,38000,361,64,2026-02-25T14:59:59Z,CVG,DEN,2026-02-25T16:44:48Z,CVG_DEN_UA_2026_2_25_908
DL853,61.17355,-149.98628,0,0,0,2026-02-25T14:59:54Z,ANC,SEA,,ANC_SEA_DL_2026_2_25_613
AA1349,3.52373,-89.72044,40000,321,0,2026-02-25T15:00:00Z,JFK,AUS,2026-02-25T16:21:20Z,JFK_AUS_AA_2026_2_25_726
AA3052,38.85452,-77.04088,0,0,0,2026-02-25T14:59:55Z,DCA,FLL,,DCA_FLL_AA_2026_2_25_1530
AA3052,38.85452,-77.04088,0,0,0,2026-02-25T14:59:55Z,DCA,FLL,,FLL_DCA_AA_2026_2_25_1901
AA2896,39.97398,-74.28284,23525,287,2112,2026-02-25T14:59:59Z,LGA,FLL,2026-02-25T17:21:04Z,LGA_FLL_AA_2026_2_25_1441
AA2896,39.97398,-74.28284,23525,287,2112,2026-02-25T14:59:59Z,LGA,FLL,2026-02-25T17:21:04Z,FLL_LGA_AA_2026_2_25_1906
UA905,51.41414,-65.19488,38000,400,0,2026-02-25T14:59:59Z,LHR,EWR,2026-02-25T17:01:52Z,LHR_EWR_UA_2026_2_25_921
KL689,52.40885,-74.27959,37975,461,0,2026-02-25T14:59:56Z,AMS,CUN,2026-02-25T19:41:52Z,AMS_CUN_KL_2026_2_25_906
KL661,53.19487,-72.70544,35975,455,0,2026-02-25T14:59:56Z,AMS,IAH,2026-02-25T18:59:12Z,AMS_IAH_KL_2026_2_25_1014
AF636,59.27706,-67.40747,38000,461,0,2026-02-25T14:59:55Z,CDG,IAH,2026-02-25T19:52:32Z,CDG_IAH_AF_2026_2_25_1048
UA595,30.63738,-97.81595,16350,350,2304,2026-02-25T14:59:59Z,AUS,DEN,2026-02-25T16:49:04Z,AUS_DEN_UA_2026_2_25_853
UA654,32.67613,-110.82442,39000,485,0,2026-02-25T14:59:58Z,LAX,IAH,2026-02-25T16:53:20Z,LAX_IAH_UA_2026_2_25_605
UA654,32.67613,-110.82442,39000,485,0,2026-02-25T14:59:58Z,LAX,IAH,2026-02-25T16:53:20Z,IAH_DCA_UA_2026_2_25_1213
UA357,32.89381,-97.03523,0,11,0,2026-02-25T14:59:58Z,DFW,DEN,,DFW_DEN_UA_2026_2_25_1515
AA3139,32.90776,-97.03889,0,0,0,2026-02-25T14:59:55Z,DFW,PNS,,DFW_PNS_AA_2026_2_25_1520
AA3139,32.90776,-97.03889,0,0,0,2026-02-25T14:59:55Z,DFW,PNS,,PNS_DFW_AA_2026_2_25_1740
UA4200,19.21399,-79.18558,40000,500,0,2026-02-25T14:59:59Z,MDE,EWR,2026-02-25T17:50:18Z,MDE_EWR_UA_2026_2_25_1248
DL2947,45.00154,-122.38167,22075,409,1792,2026-02-25T14:59:59Z,PDX,LAX,2026-02-25T16:46:56Z,PDX_LAX_DL_2026_2_25_651
DL166,54.52254,-138.00085,39000,541,0,2026-02-25T14:59:58Z,HND,SEA,2026-02-25T16:27:44Z,HND_SEA_DL_2026_2_25_1707
KL601,62.73065,-98.17983,36000,523,-64,2026-02-25T14:59:59Z,AMS,LAX,2026-02-25T19:09:52Z,AMS_LAX_KL_2026_2_25_1000
AA2523,38.98447,-77.00836,37225,328,896,2026-02-25T15:00:00Z,PHL,TPA,2026-02-25T16:53:20Z,PHL_TPA_AA_2026_2_25_937
DL57,63.87758,-90.31004,38000,492,0,2026-02-25T14:59:59Z,AMS,SLC,2026-02-25T18:48:32Z,AMS_SLC_DL_2026_2_25_955
AA2111,40.77605,-73.87407,0,0,0,2026-02-25T14:59:59Z,CLT,LGA,2026-02-25T13:54:12Z,LGA_CLT_AA_2026_2_25_1014
AA2111,40.77605,-73.87407,0,0,0,2026-02-25T14:59:59Z,CLT,LGA,2026-02-25T13:54:12Z,CLT_LGA_AA_2026_2_25_743
DL33,49.82165,-6.71154,38000,406,-64,2026-02-25T14:59:59Z,LHR,ATL,2026-02-25T18:14:24Z,LHR_ATL_DL_2026_2_25_908
AF158,60.27055,-64.41016,36000,457,0,2026-02-25T14:59:56Z,CDG,DFW,2026-02-25T19:39:44Z,CDG_DFW_AF_2026_2_25_956
AA3193,3.25078,-87.89813,36025,359,0,2026-02-25T14:59:59Z,MIA,EGE,2026-02-25T17:40:16Z,MIA_EGE_AA_2026_2_25_829
DL1794,23.29278,-81.45238,38000,483,0,2026-02-25T15:00:00Z,SJO,ATL,2026-02-25T16:36:16Z,SJO_ATL_DL_2026_2_25_1317
UA6,56.09284,-153.54509,37000,491,0,2026-02-25T14:59:54Z,NRT,IAH,2026-02-25T20:52:16Z,NRT_IAH_UA_2026_2_25_1818
AA1283,35.98439,-84.26691,39000,514,64,2026-02-25T15:00:00Z,IND,MIA,2026-02-25T16:36:16Z,IND_MIA_AA_2026_2_25_925
AA2731,37.81961,-82.97828,37975,375,0,2026-02-25T14:59:59Z,PHL,DFW,2026-02-25T16:57:36Z,PHL_DFW_AA_2026_2_25_1354
AA3317,3.54369,-77.17484,38000,417,0,2026-02-25T14:59:59Z,LGA,PBI,2026-02-25T16:19:12Z,LGA_PBI_AA_2026_2_25_844
AA3317,3.54369,-77.17484,38000,417,0,2026-02-25T14:59:59Z,LGA,PBI,2026-02-25T16:19:12Z,PBI_LGA_AA_2026_2_25_1314
AA1293,41.09404,-87.71112,23125,429,2304,2026-02-25T14:59:58Z,ORD,MCO,2026-02-25T17:01:52Z,ORD_MCO_AA_2026_2_25_849
UA3895,40.73116,-75.97389,33925,339,0,2026-02-25T14:59:58Z,EWR,AMA,2026-02-25T17:55:12Z,EWR_AMA_UA_2026_2_25_938
LH454,73.61709,-82.31188,34000,524,0,2026-02-25T14:59:56Z,FRA,SFO,2026-02-25T20:22:24Z,FRA_SFO_LH_2026_2_25_1054
DL1930,34.45347,-68.95727,39000,422,0,2026-02-25T14:59:56Z,JFK,STT,2026-02-25T17:16:48Z,JFK_STT_DL_2026_2_25_1356
KL623,51.93156,-64.43372,34000,448,0,2026-02-25T14:59:56Z,AMS,ATL,2026-02-25T18:27:12Z,AMS_ATL_KL_2026_2_25_1037
LH456,74.76135,-72.87747,33000,537,0,2026-02-25T14:59:56Z,FRA,LAX,2026-02-25T20:54:24Z,FRA_LAX_LH_2026_2_25_1113
DL42,24.91673,-132.74231,41000,541,0,2026-02-25T14:59:56Z,SYD,LAX,2026-02-25T17:01:52Z,SYD_LAX_DL_2026_2_25_1433
DL830,3.35863,-87.65784,40000,348,0,2026-02-25T15:00:00Z,ATL,SLC,2026-02-25T18:12:16Z,ATL_SLC_DL_2026_2_25_928
UA3929,40.00154,-107.86526,41000,503,64,2026-02-25T14:59:58Z,SFO,IAD,2026-02-25T17:55:12Z,SFO_IAD_UA_2026_2_25_529
DL966,47.21045,-108.82418,40000,405,64,2026-02-25T15:00:00Z,CVG,SEA,2026-02-25T16:32:00Z,CVG_SEA_DL_2026_2_25_653
DL120,58.29777,-144.47459,41000,525,0,2026-02-25T14:59:56Z,HND,MSP,2026-02-25T19:01:20Z,HND_MSP_DL_2026_2_25_1742
DL274,56.01761,-129.53387,39000,527,0,2026-02-25T15:00:00Z,HND,DTW,2026-02-25T18:48:32Z,HND_DTW_DL_2026_2_25_1651
DL274,56.01761,-129.53387,39000,527,0,2026-02-25T15:00:00Z,HND,DTW,2026-02-25T18:48:32Z,HND_DTW_DL_2026_2_25_1642
UA2115,41.31739,-104.55289,36000,395,0,2026-02-25T15:00:00Z,EWR,SFO,2026-02-25T17:14:40Z,EWR_SFO_UA_2026_2_25_613
KL605,0.66384,-102.17485,38000,530,-128,2026-02-25T15:00:00Z,AMS,SFO,2026-02-25T19:01:20Z,AMS_SFO_KL_2026_2_25_1013
AF338,70.56709,-89.64493,40000,530,64,2026-02-25T14:59:59Z,CDG,SEA,2026-02-25T18:40:00Z,CDG_SEA_AF_2026_2_25_1036
AA1172,41.97205,-87.90076,0,14,0,2026-02-25T14:59:58Z,ORD,STT,,ORD_STT_AA_2026_2_25_1504
UA297,44.01219,-86.68832,37000,384,192,2026-02-25T14:59:58Z,EWR,BZN,2026-02-25T17:44:32Z,EWR_BZN_UA_2026_2_25_819
DL713,40.11827,-82.46906,38000,374,0,2026-02-25T14:59:59Z,JFK,LAX,2026-02-25T19:24:48Z,JFK_LAX_DL_2026_2_25_845
DL274,42.21031,-83.35699,0,0,0,2026-02-25T14:59:51Z,HND,DTW,2026-01-19T18:59:44Z,HND_DTW_DL_2026_2_25_1651
DL274,42.21031,-83.35699,0,0,0,2026-02-25T14:59:51Z,HND,DTW,2026-01-19T18:59:44Z,HND_DTW_DL_2026_2_25_1642
AA1688,42.30505,-71.34515,11175,266,1344,2026-02-25T14:59:58Z,BOS,CLT,2026-02-25T16:51:12Z,BOS_CLT_AA_2026_2_25_954
BA175,51.81492,-61.55449,38000,410,64,2026-02-25T14:59:58Z,LHR,JFK,2026-02-25T17:10:24Z,LHR_JFK_BA_2026_2_25_955
AA2097,25.80521,-80.20129,3500,233,3008,2026-02-25T14:59:59Z,MIA,DFW,,MIA_DFW_AA_2026_2_25_1458
UA1256,38.66848,-9.25871,38000,373,0,2026-02-25T14:59:58Z,CLT,DEN,2026-02-25T16:32:00Z,CLT_DEN_UA_2026_2_25_815
UA838,4.71329,-140.40907,37425,487,0,2026-02-25T14:59:56Z,NRT,SFO,2026-02-25T17:10:24Z,NRT_SFO_UA_2026_2_25_1655
DL188,54.42467,-166.72408,38000,506,64,2026-02-25T14:59:59Z,ICN,ATL,2026-02-25T22:06:56Z,ICN_ATL_DL_2026_2_25_1814
UA1116,44.18692,-105.33607,38000,384,0,2026-02-25T14:59:58Z,MSP,SFO,2026-02-25T17:16:48Z,MSP_SFO_UA_2026_2_25_736
DL8800,35.54412,-88.46268,39000,499,0,2026-02-25T14:59:59Z,MSP,MIA,2026-02-25T16:34:25Z,MSP_MIA_DL_2026_2_25_743
UA1898,36.24385,-8.71376,38000,337,0,2026-02-25T15:00:00Z,BWI,IAH,2026-02-25T16:27:44Z,BWI_IAH_UA_2026_2_25_822
DL1368,35.17841,-82.33069,38025,289,64,2026-02-25T15:00:00Z,JFK,MSY,2026-02-25T16:14:56Z,JFK_MSY_DL_2026_2_25_813
DL1368,35.17841,-82.33069,38025,289,64,2026-02-25T15:00:00Z,JFK,MSY,2026-02-25T16:14:56Z,MSY_JFK_DL_2026_2_25_1154
AA249,41.39365,-88.18569,17600,373,2368,2026-02-25T14:59:59Z,ORD,MEX,2026-02-25T18:33:36Z,ORD_MEX_AA_2026_2_25_851
BA117,47.57867,-66.98357,38000,410,0,2026-02-25T15:00:00Z,LHR,JFK,2026-02-25T16:27:44Z,LHR_JFK_BA_2026_2_25_903
BA195,55.31264,-63.13124,37975,456,-64,2026-02-25T14:59:57Z,LHR,IAH,2026-02-25T19:56:48Z,LHR_IAH_BA_2026_2_25_1010
AF84,69.01746,-68.81908,34000,468,0,2026-02-25T14:59:56Z,CDG,SFO,2026-02-25T20:52:16Z,CDG_SFO_AF_2026_2_25_1105
UA1886,33.22936,-87.98558,38950,575,0,2026-02-25T15:04:58Z,IAH,EWR,2026-02-25T17:01:52Z,IAH_EWR_UA_2026_2_25_814
DL8851,36.08794,-93.93236,40000,369,64,2026-02-25T15:04:59Z,ATL,DEN,2026-02-25T16:33:20Z,ATL_DEN_DL_2026_2_25_836
UA1666,39.57787,-91.47882,38000,371,0,2026-02-25T15:04:59Z,CVG,DEN,2026-02-25T16:46:56Z,CVG_DEN_UA_2026_2_25_908
DL853,61.17355,-149.98628,0,0,0,2026-02-25T15:04:53Z,ANC,SEA,,ANC_SEA_DL_2026_2_25_613
AA1349,35.02167,-90.19226,40000,320,0,2026-02-25T15:04:58Z,JFK,AUS,2026-02-25T16:21:20Z,JFK_AUS_AA_2026_2_25_726
DL2301,37.93405,-90.28769,37000,447,0,2026-02-25T15:04:59Z,MSP,TPA,2026-02-25T16:49:04Z,MSP_TPA_DL_2026_2_25_806
AA2896,39.66467,-74.63419,28175,314,1664,2026-02-25T15:04:59Z,LGA,FLL,2026-02-25T17:21:04Z,LGA_FLL_AA_2026_2_25_1441
AA2896,39.66467,-74.63419,28175,314,1664,2026-02-25T15:04:59Z,LGA,FLL,2026-02-25T17:21:04Z,FLL_LGA_AA_2026_2_25_1906
UA905,50.99908,-65.77626,38025,399,0,2026-02-25T15:04:59Z,LHR,EWR,2026-02-25T17:01:52Z,LHR_EWR_UA_2026_2_25_921
KL689,51.99348,-7.50733,37975,461,0,2026-02-25T15:04:57Z,AMS,CUN,2026-02-25T19:41:52Z,AMS_CUN_KL_2026_2_25_906
KL661,52.79079,-73.52581,36000,455,0,2026-02-25T15:04:57Z,AMS,IAH,2026-02-25T18:59:12Z,AMS_IAH_KL_2026_2_25_1014
AF636,58.90245,-6.84291,38000,467,0,2026-02-25T15:04:57Z,CDG,IAH,2026-02-25T19:50:24Z,CDG_IAH_AF_2026_2_25_1048
UA595,31.14913,-98.01101,26700,415,1728,2026-02-25T15:04:59Z,AUS,DEN,2026-02-25T16:49:04Z,AUS_DEN_UA_2026_2_25_853
UA654,32.54118,-110.04388,39000,487,0,2026-02-25T15:04:58Z,LAX,IAH,2026-02-25T16:53:20Z,LAX_IAH_UA_2026_2_25_605
UA654,32.54118,-110.04388,39000,487,0,2026-02-25T15:04:58Z,LAX,IAH,2026-02-25T16:53:20Z,IAH_DCA_UA_2026_2_25_1213
UA357,32.88606,-97.04067,0,12,0,2026-02-25T15:04:59Z,DFW,DEN,,DFW_DEN_UA_2026_2_25_1515
AA3139,32.90839,-9.70377,0,0,0,2026-02-25T15:04:56Z,DFW,PNS,,DFW_PNS_AA_2026_2_25_1520
AA3139,32.90839,-9.70377,0,0,0,2026-02-25T15:04:56Z,DFW,PNS,,PNS_DFW_AA_2026_2_25_1740
UA4200,19.91053,-79.16134,40000,501,0,2026-02-25T15:04:59Z,MDE,EWR,2026-02-25T17:49:37Z,MDE_EWR_UA_2026_2_25_1248
DL2947,44.41079,-122.14117,29175,465,1152,2026-02-25T15:04:59Z,PDX,LAX,2026-02-25T16:46:56Z,PDX_LAX_DL_2026_2_25_651
DL166,5.42199,-13.68213,39000,542,0,2026-02-25T15:04:59Z,HND,SEA,2026-02-25T16:29:52Z,HND_SEA_DL_2026_2_25_1707
DL57,63.41588,-91.43963,38000,493,-64,2026-02-25T15:04:59Z,AMS,SLC,2026-02-25T18:35:44Z,AMS_SLC_DL_2026_2_25_955
AA2523,38.65434,-77.42215,38000,341,0,2026-02-25T15:04:59Z,PHL,TPA,2026-02-25T16:53:20Z,PHL_TPA_AA_2026_2_25_937
AA2111,4.07766,-73.87459,0,0,0,2026-02-25T15:04:59Z,CLT,LGA,2026-02-25T13:54:12Z,LGA_CLT_AA_2026_2_25_1014
AA2111,4.07766,-73.87459,0,0,0,2026-02-25T15:04:59Z,CLT,LGA,2026-02-25T13:54:12Z,CLT_LGA_AA_2026_2_25_743
DL33,49.42996,-67.75143,38000,412,0,2026-02-25T15:04:59Z,LHR,ATL,2026-02-25T18:10:08Z,LHR_ATL_DL_2026_2_25_908
AF158,59.98258,-0.65506,36000,457,0,2026-02-25T15:04:57Z,CDG,DFW,2026-02-25T19:39:44Z,CDG_DFW_AF_2026_2_25_956
AA3193,32.82358,-88.36067,35975,357,0,2026-02-25T15:04:59Z,MIA,EGE,2026-02-25T17:40:16Z,MIA_EGE_AA_2026_2_25_829
DL1794,0.23936,-81.26322,38000,477,0,2026-02-25T15:04:58Z,SJO,ATL,2026-02-25T16:36:16Z,SJO_ATL_DL_2026_2_25_1317
UA6,56.06536,-152.38837,37000,491,0,2026-02-25T15:04:57Z,NRT,IAH,2026-02-25T20:52:16Z,NRT_IAH_UA_2026_2_25_1818
AA1283,3.54566,-0.83689,39000,508,0,2026-02-25T15:04:58Z,IND,MIA,2026-02-25T16:36:16Z,IND_MIA_AA_2026_2_25_925
AA2731,37.64023,-83.58984,38000,375,0,2026-02-25T15:04:58Z,PHL,DFW,2026-02-25T16:57:36Z,PHL_DFW_AA_2026_2_25_1354
AA1616,35.21746,-80.94018,0,8,0,2026-02-25T15:04:59Z,CLT,MCI,,CLT_MCI_AA_2026_2_25_1010
AA1616,35.21746,-80.94018,0,8,0,2026-02-25T15:04:59Z,CLT,MCI,,MCI_CLT_AA_2026_2_25_1232
AA3317,34.99876,-77.11539,38000,305,0,2026-02-25T15:04:58Z,LGA,PBI,2026-02-25T16:19:12Z,LGA_PBI_AA_2026_2_25_844
AA3317,34.99876,-77.11539,38000,305,0,2026-02-25T15:04:58Z,LGA,PBI,2026-02-25T16:19:12Z,PBI_LGA_AA_2026_2_25_1314
AA1293,40.46176,-87.63095,30500,469,1536,2026-02-25T15:04:59Z,ORD,MCO,2026-02-25T17:01:52Z,ORD_MCO_AA_2026_2_25_849
UA3895,4.07198,-76.59711,34000,360,0,2026-02-25T15:04:58Z,EWR,AMA,2026-02-25T17:57:20Z,EWR_AMA_UA_2026_2_25_938
DL1930,33.88605,-6.88979,39000,417,0,2026-02-25T15:04:34Z,JFK,STT,2026-02-25T17:21:04Z,JFK_STT_DL_2026_2_25_1356
KL623,51.59252,-65.14462,34000,448,0,2026-02-25T15:04:57Z,AMS,ATL,2026-02-25T18:27:12Z,AMS_ATL_KL_2026_2_25_1037
LH456,74.51337,-75.52404,33000,537,0,2026-02-25T15:04:57Z,FRA,LAX,2026-02-25T20:54:24Z,FRA_LAX_LH_2026_2_25_1113
DL830,33.52031,-88.22487,40000,348,0,2026-02-25T15:04:57Z,ATL,SLC,2026-02-25T18:12:16Z,ATL_SLC_DL_2026_2_25_928
DL966,47.29279,-109.64271,40000,411,0,2026-02-25T15:04:57Z,CVG,SEA,2026-02-25T16:27:44Z,CVG_SEA_DL_2026_2_25_653
DL120,58.28873,-143.08421,41000,525,0,2026-02-25T15:04:57Z,HND,MSP,2026-02-25T19:01:20Z,HND_MSP_DL_2026_2_25_1742
DL274,55.92562,-12.82417,39000,530,0,2026-02-25T15:04:59Z,HND,DTW,2026-02-25T18:48:32Z,HND_DTW_DL_2026_2_25_1651
DL274,55.92562,-12.82417,39000,530,0,2026-02-25T15:04:59Z,HND,DTW,2026-02-25T18:48:32Z,HND_DTW_DL_2026_2_25_1642
UA3929,40.04838,-106.97113,40975,490,0,2026-02-25T15:04:59Z,SFO,IAD,2026-02-25T17:55:12Z,SFO_IAD_UA_2026_2_25_529
UA2115,41.16637,-105.25317,36000,400,0,2026-02-25T15:04:59Z,EWR,SFO,2026-02-25T17:14:40Z,EWR_SFO_UA_2026_2_25_613
KL605,65.79387,-103.22777,38000,531,0,2026-02-25T15:04:59Z,AMS,SFO,2026-02-25T19:01:20Z,AMS_SFO_KL_2026_2_25_1013
AF338,70.15137,-91.43275,40000,533,0,2026-02-25T15:04:59Z,CDG,SEA,2026-02-25T18:40:00Z,CDG_SEA_AF_2026_2_25_1036
AA1172,41.95874,-87.94805,2125,164,1600,2026-02-25T15:04:59Z,ORD,STT,,ORD_STT_AA_2026_2_25_1504
UA297,44.22295,-87.36496,38000,381,-64,2026-02-25T15:04:59Z,EWR,BZN,2026-02-25T17:46:40Z,EWR_BZN_UA_2026_2_25_819
DL713,40.11122,-83.14349,38000,374,0,2026-02-25T15:04:58Z,JFK,LAX,2026-02-25T19:24:48Z,JFK_LAX_DL_2026_2_25_845
DL274,42.21032,-83.35699,0,0,0,2026-02-25T15:04:57Z,HND,DTW,2026-01-19T18:59:44Z,HND_DTW_DL_2026_2_25_1651
DL274,42.21032,-83.35699,0,0,0,2026-02-25T15:04:57Z,HND,DTW,2026-01-19T18:59:44Z,HND_DTW_DL_2026_2_25_1642
AA1688,42.23927,-71.81015,24875,237,768,2026-02-25T15:04:59Z,BOS,CLT,2026-02-25T16:49:04Z,BOS_CLT_AA_2026_2_25_954
BA175,51.39386,-6.21648,38000,406,0,2026-02-25T15:04:59Z,LHR,JFK,2026-02-25T17:12:32Z,LHR_JFK_BA_2026_2_25_955
AA2581,32.90135,-97.04433,0,0,0,2026-02-25T15:04:43Z,DFW,MKE,,DFW_MKE_AA_2026_2_25_1532
AA2581,32.90135,-97.04433,0,0,0,2026-02-25T15:04:43Z,DFW,MKE,,MKE_DFW_AA_2026_2_25_1835
AA2097,25.95739,-80.39056,11625,362,128,2026-02-25T15:04:58Z,MIA,DFW,2026-02-25T17:40:16Z,MIA_DFW_AA_2026_2_25_1458
UA1256,38.74031,-93.24473,38000,377,0,2026-02-25T15:04:58Z,CLT,DEN,2026-02-25T16:32:00Z,CLT_DEN_UA_2026_2_25_815
UA838,46.92393,-139.46323,37425,487,0,2026-02-25T15:04:57Z,NRT,SFO,2026-02-25T17:10:24Z,NRT_SFO_UA_2026_2_25_1655
DL188,5.45511,-165.57156,38000,491,0,2026-02-25T15:04:57Z,ICN,ATL,2026-02-25T22:11:12Z,ICN_ATL_DL_2026_2_25_1814
UA1116,44.03284,-106.04553,38000,386,0,2026-02-25T15:04:59Z,MSP,SFO,2026-02-25T17:16:48Z,MSP_SFO_UA_2026_2_25_736
DL8800,34.97781,-87.98109,39000,495,0,2026-02-25T15:04:59Z,MSP,MIA,2026-02-25T16:35:56Z,MSP_MIA_DL_2026_2_25_743
UA1898,36.01868,-87.63695,38000,333,0,2026-02-25T15:04:58Z,BWI,IAH,2026-02-25T16:27:44Z,BWI_IAH_UA_2026_2_25_822
DL1368,34.83788,-82.60918,38025,302,0,2026-02-25T15:04:59Z,JFK,MSY,2026-02-25T16:14:56Z,JFK_MSY_DL_2026_2_25_813
DL1368,34.83788,-82.60918,38025,302,0,2026-02-25T15:04:59Z,JFK,MSY,2026-02-25T16:14:56Z,MSY_JFK_DL_2026_2_25_1154
AA249,40.90173,-88.46884,27150,380,1472,2026-02-25T15:04:59Z,ORD,MEX,2026-02-25T18:33:36Z,ORD_MEX_AA_2026_2_25_851
BA117,47.19553,-67.59105,38000,406,0,2026-02-25T15:04:58Z,LHR,JFK,2026-02-25T16:27:44Z,LHR_JFK_BA_2026_2_25_903
BA195,55.04618,-64.11192,38000,456,0,2026-02-25T15:04:57Z,LHR,IAH,2026-02-25T20:05:20Z,LHR_IAH_BA_2026_2_25_1010
UA1886,33.47306,-87.07013,38950,585,0,2026-02-25T15:09:59Z,IAH,EWR,2026-02-25T17:01:52Z,IAH_EWR_UA_2026_2_25_814
DL8851,36.21988,-94.54104,40000,368,0,2026-02-25T15:09:58Z,ATL,DEN,2026-02-25T16:34:35Z,ATL_DEN_DL_2026_2_25_836
DL853,61.17125,-149.99435,0,12,0,2026-02-25T15:09:59Z,ANC,SEA,,ANC_SEA_DL_2026_2_25_613
AA1349,34.80315,-90.66559,40000,334,0,2026-02-25T15:09:58Z,JFK,AUS,2026-02-25T16:23:28Z,JFK_AUS_AA_2026_2_25_726
DL2301,37.35402,-89.95168,37000,486,0,2026-02-25T15:09:59Z,MSP,TPA,2026-02-25T16:44:48Z,MSP_TPA_DL_2026_2_25_806
UA1666,39.52602,-92.13904,38000,369,0,2026-02-25T15:09:58Z,CVG,DEN,2026-02-25T16:49:04Z,CVG_DEN_UA_2026_2_25_908
AA3052,38.85442,-77.04006,0,0,0,2026-02-25T15:09:58Z,DCA,FLL,,DCA_FLL_AA_2026_2_25_1530
AA3052,38.85442,-77.04006,0,0,0,2026-02-25T15:09:58Z,DCA,FLL,,FLL_DCA_AA_2026_2_25_1901
AA2896,39.34903,-7.50481,36050,321,768,2026-02-25T15:09:59Z,LGA,FLL,2026-02-25T17:23:12Z,LGA_FLL_AA_2026_2_25_1441
AA2896,39.34903,-7.50481,36050,321,768,2026-02-25T15:09:59Z,LGA,FLL,2026-02-25T17:23:12Z,FLL_LGA_AA_2026_2_25_1906
UA905,50.58324,-66.34399,38000,400,0,2026-02-25T15:09:58Z,LHR,EWR,2026-02-25T17:01:52Z,LHR_EWR_UA_2026_2_25_921
KL661,52.40013,-74.29651,36000,455,0,2026-02-25T15:09:55Z,AMS,IAH,2026-02-25T18:59:12Z,AMS_IAH_KL_2026_2_25_1014
AF636,58.51849,-6.94324,38000,468,0,2026-02-25T15:09:58Z,CDG,IAH,2026-02-25T19:50:24Z,CDG_IAH_AF_2026_2_25_1048
UA595,31.74596,-9.81413,33850,444,1216,2026-02-25T15:09:59Z,AUS,DEN,2026-02-25T16:46:56Z,AUS_DEN_UA_2026_2_25_853
AA882,33.43806,-111.99784,0,9,0,2026-02-25T15:09:52Z,PHX,RNO,,PHX_RNO_AA_2026_2_25_819
AA882,33.43806,-111.99784,0,9,0,2026-02-25T15:09:52Z,PHX,RNO,,RNO_PHX_AA_2026_2_25_1002
UA654,32.34571,-109.28353,39000,486,0,2026-02-25T15:09:58Z,LAX,IAH,2026-02-25T16:53:20Z,LAX_IAH_UA_2026_2_25_605
UA654,32.34571,-109.28353,39000,486,0,2026-02-25T15:09:58Z,LAX,IAH,2026-02-25T16:53:20Z,IAH_DCA_UA_2026_2_25_1213
UA357,32.88003,-97.04818,0,0,0,2026-02-25T15:09:59Z,DFW,DEN,,DFW_DEN_UA_2026_2_25_1515
AA3139,32.90056,-97.03194,0,15,0,2026-02-25T15:09:59Z,DFW,PNS,,DFW_PNS_AA_2026_2_25_1520
AA3139,32.90056,-97.03194,0,15,0,2026-02-25T15:09:59Z,DFW,PNS,,PNS_DFW_AA_2026_2_25_1740
UA4200,20.60623,-79.10441,40025,499,0,2026-02-25T15:09:59Z,MDE,EWR,2026-02-25T17:49:29Z,MDE_EWR_UA_2026_2_25_1248
DL2947,43.77954,-121.87278,35500,475,1088,2026-02-25T15:09:58Z,PDX,LAX,2026-02-25T16:46:56Z,PDX_LAX_DL_2026_2_25_651
DL166,53.89481,-135.67613,39000,541,0,2026-02-25T15:09:57Z,HND,SEA,2026-02-25T16:27:44Z,HND_SEA_DL_2026_2_25_1707
KL601,61.59107,-99.87036,35975,518,0,2026-02-25T15:09:55Z,AMS,LAX,2026-02-25T19:39:44Z,AMS_LAX_KL_2026_2_25_1000
DL57,62.95245,-92.51714,38000,495,0,2026-02-25T15:09:58Z,AMS,SLC,2026-02-25T18:35:44Z,AMS_SLC_DL_2026_2_25_955
AA2523,38.30759,-77.82037,38000,337,-64,2026-02-25T15:09:59Z,PHL,TPA,2026-02-25T16:53:20Z,PHL_TPA_AA_2026_2_25_937
AA2111,40.77608,-73.86922,0,15,0,2026-02-25T15:09:59Z,CLT,LGA,2026-02-25T13:54:12Z,LGA_CLT_AA_2026_2_25_1014
AA2111,40.77608,-73.86922,0,15,0,2026-02-25T15:09:59Z,CLT,LGA,2026-02-25T13:54:12Z,CLT_LGA_AA_2026_2_25_743
DL33,49.03143,-68.36982,38000,411,0,2026-02-25T15:09:58Z,LHR,ATL,2026-02-25T18:10:08Z,LHR_ATL_DL_2026_2_25_908
AF158,59.65587,-66.57321,36000,457,0,2026-02-25T15:09:55Z,CDG,DFW,2026-02-25T19:39:44Z,CDG_DFW_AF_2026_2_25_956
AA3193,33.13937,-88.81477,37825,349,1280,2026-02-25T15:09:59Z,MIA,EGE,2026-02-25T17:40:16Z,MIA_EGE_AA_2026_2_25_829
DL1794,24.59015,-81.18454,38000,474,0,2026-02-25T15:09:58Z,SJO,ATL,2026-02-25T16:36:16Z,SJO_ATL_DL_2026_2_25_1317
UA6,55.96261,-151.18951,37000,491,0,2026-02-25T15:09:55Z,NRT,IAH,2026-02-25T20:52:16Z,NRT_IAH_UA_2026_2_25_1818
AA2731,37.45505,-84.20705,38000,369,0,2026-02-25T15:09:59Z,PHL,DFW,2026-02-25T16:59:44Z,PHL_DFW_AA_2026_2_25_1354
AA1283,34.93303,-83.12605,39000,503,-64,2026-02-25T15:09:59Z,IND,MIA,2026-02-25T16:36:16Z,IND_MIA_AA_2026_2_25_925
AA3317,34.70558,-77.50368,38000,318,0,2026-02-25T15:09:59Z,LGA,PBI,2026-02-25T16:23:28Z,LGA_PBI_AA_2026_2_25_844
AA3317,34.70558,-77.50368,38000,318,0,2026-02-25T15:09:59Z,LGA,PBI,2026-02-25T16:23:28Z,PBI_LGA_AA_2026_2_25_1314
AA1293,39.81343,-87.43396,36100,485,832,2026-02-25T15:09:59Z,ORD,MCO,2026-02-25T17:01:52Z,ORD_MCO_AA_2026_2_25_849
UA3895,40.81197,-77.23633,34000,354,0,2026-02-25T15:09:58Z,EWR,AMA,2026-02-25T17:57:20Z,EWR_AMA_UA_2026_2_25_938
LH456,74.25172,-77.93771,33000,524,0,2026-02-25T15:09:55Z,FRA,LAX,2026-02-25T20:54:24Z,FRA_LAX_LH_2026_2_25_1113
DL1930,33.33765,-68.75826,39000,390,0,2026-02-25T15:09:39Z,JFK,STT,2026-02-25T17:21:04Z,JFK_STT_DL_2026_2_25_1356
KL623,50.98145,-65.79163,33975,445,-64,2026-02-25T15:09:58Z,AMS,ATL,2026-02-25T18:29:20Z,AMS_ATL_KL_2026_2_25_1037
DL42,25.77884,-131.42665,41000,530,0,2026-02-25T15:09:55Z,SYD,LAX,2026-02-25T17:01:52Z,SYD_LAX_DL_2026_2_25_1433
DL830,33.48381,-88.80428,40000,353,0,2026-02-25T15:09:58Z,ATL,SLC,2026-02-25T18:14:24Z,ATL_SLC_DL_2026_2_25_928
DL966,47.37021,-110.47742,40000,406,0,2026-02-25T15:09:59Z,CVG,SEA,2026-02-25T16:27:44Z,CVG_SEA_DL_2026_2_25_653
DL274,5.58206,-126.96024,39000,526,0,2026-02-25T15:09:59Z,HND,DTW,2026-02-25T18:50:40Z,HND_DTW_DL_2026_2_25_1651
DL274,5.58206,-126.96024,39000,526,0,2026-02-25T15:09:59Z,HND,DTW,2026-02-25T18:50:40Z,HND_DTW_DL_2026_2_25_1642
DL120,57.92311,-141.74791,41000,539,0,2026-02-25T15:09:55Z,HND,MSP,2026-02-25T19:01:20Z,HND_MSP_DL_2026_2_25_1742
UA3929,40.08748,-106.09091,41000,493,64,2026-02-25T15:09:58Z,SFO,IAD,2026-02-25T17:55:12Z,SFO_IAD_UA_2026_2_25_529
UA2115,41.00628,-105.97157,36000,403,-128,2026-02-25T15:09:58Z,EWR,SFO,2026-02-25T17:14:40Z,EWR_SFO_UA_2026_2_25_613
KL605,65.18961,-104.24492,37975,536,-64,2026-02-25T15:09:59Z,AMS,SFO,2026-02-25T19:01:20Z,AMS_SFO_KL_2026_2_25_1013
AF338,69.70537,-9.31366,40025,539,192,2026-02-25T15:09:57Z,CDG,SEA,2026-02-25T18:37:52Z,CDG_SEA_AF_2026_2_25_1036
AA1172,41.60052,-87.71261,13575,369,1984,2026-02-25T15:09:58Z,ORD,STT,2026-02-25T19:18:24Z,ORD_STT_AA_2026_2_25_1504
UA297,44.42839,-88.04214,38000,377,0,2026-02-25T15:09:58Z,EWR,BZN,2026-02-25T17:44:32Z,EWR_BZN_UA_2026_2_25_819
DL713,40.10024,-83.82031,38000,371,0,2026-02-25T15:09:59Z,JFK,LAX,2026-02-25T19:24:48Z,JFK_LAX_DL_2026_2_25_845
DL274,42.21031,-83.35699,0,0,0,2026-02-25T15:09:56Z,HND,DTW,2026-01-19T18:59:44Z,HND_DTW_DL_2026_2_25_1651
DL274,42.21031,-83.35699,0,0,0,2026-02-25T15:09:56Z,HND,DTW,2026-01-19T18:59:44Z,HND_DTW_DL_2026_2_25_1642
AA1688,42.07941,-72.29208,30300,308,1280,2026-02-25T15:09:59Z,BOS,CLT,2026-02-25T16:49:04Z,BOS_CLT_AA_2026_2_25_954
BA175,50.97405,-62.75749,38000,403,0,2026-02-25T15:09:59Z,LHR,JFK,2026-02-25T17:14:40Z,LHR_JFK_BA_2026_2_25_955
DL1112,33.94663,-118.40483,0,0,0,2026-02-25T15:09:59Z,LAX,MSY,,LAX_MSY_DL_2026_2_25_732
AA2581,32.89967,-97.04765,0,3,0,2026-02-25T15:09:59Z,DFW,MKE,,DFW_MKE_AA_2026_2_25_1532
AA2581,32.89967,-97.04765,0,3,0,2026-02-25T15:09:59Z,DFW,MKE,,MKE_DFW_AA_2026_2_25_1835
AA1766,32.90113,-97.03753,0,1,0,2026-02-25T15:09:58Z,DFW,JFK,,DFW_JFK_AA_2026_2_25_1530
AA1766,32.90113,-97.03753,0,1,0,2026-02-25T15:09:58Z,DFW,JFK,,JFK_DFW_AA_2026_2_25_1938
AA2097,25.73007,-80.93027,24375,425,2560,2026-02-25T15:09:59Z,MIA,DFW,2026-02-25T17:42:24Z,MIA_DFW_AA_2026_2_25_1458
UA1256,38.80948,-93.91149,38000,378,0,2026-02-25T15:09:58Z,CLT,DEN,2026-02-25T16:36:16Z,CLT_DEN_UA_2026_2_25_815
UA838,46.45897,-138.70769,39000,495,0,2026-02-25T15:09:55Z,NRT,SFO,2026-02-25T17:10:24Z,NRT_SFO_UA_2026_2_25_1655
DL188,54.66632,-16.44142,38000,486,0,2026-02-25T15:09:58Z,ICN,ATL,2026-02-25T22:13:20Z,ICN_ATL_DL_2026_2_25_1814
UA1116,43.87302,-106.75938,38000,392,64,2026-02-25T15:09:59Z,MSP,SFO,2026-02-25T17:16:48Z,MSP_SFO_UA_2026_2_25_736
DL8800,34.41486,-87.51036,39000,491,0,2026-02-25T15:09:59Z,MSP,MIA,2026-02-25T16:36:39Z,MSP_MIA_DL_2026_2_25_743
UA1898,35.79136,-88.13332,38000,336,0,2026-02-25T15:09:58Z,BWI,IAH,2026-02-25T16:29:52Z,BWI_IAH_UA_2026_2_25_822
DL1368,34.49037,-82.89053,37975,299,-64,2026-02-25T15:09:59Z,JFK,MSY,2026-02-25T16:19:12Z,JFK_MSY_DL_2026_2_25_813
DL1368,34.49037,-82.89053,37975,299,-64,2026-02-25T15:09:59Z,JFK,MSY,2026-02-25T16:19:12Z,MSY_JFK_DL_2026_2_25_1154
AA249,40.48811,-88.94987,33400,399,1536,2026-02-25T15:09:58Z,ORD,MEX,2026-02-25T18:35:44Z,ORD_MEX_AA_2026_2_25_851
BA117,46.80748,-68.19328,38000,406,0,2026-02-25T15:09:58Z,LHR,JFK,2026-02-25T16:29:52Z,LHR_JFK_BA_2026_2_25_903
BA195,54.68647,-64.50521,38000,457,0,2026-02-25T15:09:55Z,LHR,IAH,2026-02-25T19:56:48Z,LHR_IAH_BA_2026_2_25_1010
DL2582,34.19667,-11.83502,0,1,0,2026-02-25T15:14:54Z,BUR,SLC,,BUR_SLC_DL_2026_2_25_729
UA1886,33.60741,-86.12177,38950,586,0,2026-02-25T15:14:57Z,IAH,EWR,2026-02-25T16:57:36Z,IAH_EWR_UA_2026_2_25_814
DL8851,36.34845,-95.15118,40000,364,0,2026-02-25T15:14:58Z,ATL,DEN,2026-02-25T16:35:43Z,ATL_DEN_DL_2026_2_25_836
UA1384,37.65128,-97.42946,0,0,0,2026-02-25T15:14:58Z,ICT,DEN,,ICT_DEN_UA_2026_2_25_927
DL853,61.24864,-15.00945,1950,237,2176,2026-02-25T15:14:58Z,ANC,SEA,,ANC_SEA_DL_2026_2_25_613
AA1349,34.57219,-91.15799,40000,338,0,2026-02-25T15:14:58Z,JFK,AUS,2026-02-25T16:23:28Z,JFK_AUS_AA_2026_2_25_726
DL2301,36.81001,-89.47913,37000,477,0,2026-02-25T15:14:57Z,MSP,TPA,2026-02-25T16:44:48Z,MSP_TPA_DL_2026_2_25_806
UA1666,39.47141,-92.78998,38000,369,0,2026-02-25T15:14:57Z,CVG,DEN,2026-02-25T16:44:48Z,CVG_DEN_UA_2026_2_25_908
AA3052,38.85272,-77.03928,0,12,0,2026-02-25T15:14:58Z,DCA,FLL,,DCA_FLL_AA_2026_2_25_1530
AA3052,38.85272,-77.03928,0,12,0,2026-02-25T15:14:58Z,DCA,FLL,,FLL_DCA_AA_2026_2_25_1901
AA2896,38.93065,-75.35529,38000,355,0,2026-02-25T15:14:58Z,LGA,FLL,2026-02-25T17:18:56Z,LGA_FLL_AA_2026_2_25_1441
AA2896,38.93065,-75.35529,38000,355,0,2026-02-25T15:14:58Z,LGA,FLL,2026-02-25T17:18:56Z,FLL_LGA_AA_2026_2_25_1906
KL689,51.13636,-76.59872,38000,461,0,2026-02-25T15:14:59Z,AMS,CUN,2026-02-25T19:41:52Z,AMS_CUN_KL_2026_2_25_906
UA905,50.16142,-66.90659,38000,399,0,2026-02-25T15:14:58Z,LHR,EWR,2026-02-25T17:04:00Z,LHR_EWR_UA_2026_2_25_921
KL661,51.98552,-75.08828,36000,455,0,2026-02-25T15:14:59Z,AMS,IAH,2026-02-25T18:59:12Z,AMS_IAH_KL_2026_2_25_1014
AF636,58.13475,-70.39428,38000,464,0,2026-02-25T15:14:54Z,CDG,IAH,2026-02-25T19:52:32Z,CDG_IAH_AF_2026_2_25_1048
AA882,33.43215,-112.01045,0,12,0,2026-02-25T15:14:59Z,PHX,RNO,,PHX_RNO_AA_2026_2_25_819
AA882,33.43215,-112.01045,0,12,0,2026-02-25T15:14:59Z,PHX,RNO,,RNO_PHX_AA_2026_2_25_1002
UA654,32.21471,-108.49918,39000,488,0,2026-02-25T15:14:58Z,LAX,IAH,2026-02-25T16:55:28Z,LAX_IAH_UA_2026_2_25_605
UA654,32.21471,-108.49918,39000,488,0,2026-02-25T15:14:58Z,LAX,IAH,2026-02-25T16:55:28Z,IAH_DCA_UA_2026_2_25_1213
UA595,32.34723,-98.26007,36000,436,-64,2026-02-25T15:14:57Z,AUS,DEN,2026-02-25T16:46:56Z,AUS_DEN_UA_2026_2_25_853
UA357,32.88321,-9.70509,0,63,0,2026-02-25T15:14:58Z,DFW,DEN,,DFW_DEN_UA_2026_2_25_1515
UA4200,21.29262,-79.04327,40000,500,0,2026-02-25T15:14:58Z,MDE,EWR,2026-02-25T17:49:34Z,MDE_EWR_UA_2026_2_25_1248
DL2947,43.12958,-121.73663,38000,475,512,2026-02-25T15:14:57Z,PDX,LAX,2026-02-25T16:42:40Z,PDX_LAX_DL_2026_2_25_651
DL166,53.52935,-134.57896,39000,536,0,2026-02-25T15:14:58Z,HND,SEA,2026-02-25T16:29:52Z,HND_SEA_DL_2026_2_25_1707
DL57,62.47469,-93.57457,38000,487,0,2026-02-25T15:14:58Z,AMS,SLC,2026-02-25T18:48:32Z,AMS_SLC_DL_2026_2_25_955
AA2523,37.95557,-7.82085,38000,334,0,2026-02-25T15:14:59Z,PHL,TPA,2026-02-25T16:57:36Z,PHL_TPA_AA_2026_2_25_937
DL33,48.61464,-68.96308,38000,410,0,2026-02-25T15:14:59Z,LHR,ATL,2026-02-25T18:10:08Z,LHR_ATL_DL_2026_2_25_908
AF158,59.17186,-67.55539,36000,460,0,2026-02-25T15:14:55Z,CDG,DFW,2026-02-25T19:41:52Z,CDG_DFW_AF_2026_2_25_956
AA3193,33.43437,-89.24431,38000,336,0,2026-02-25T15:14:57Z,MIA,EGE,2026-02-25T17:40:16Z,MIA_EGE_AA_2026_2_25_829
DL1794,25.24704,-81.10641,38400,470,896,2026-02-25T15:14:59Z,SJO,ATL,2026-02-25T16:36:16Z,SJO_ATL_DL_2026_2_25_1317
UA2609,35.39562,-97.59902,0,0,0,2026-02-25T15:14:57Z,OKC,DEN,,OKC_DEN_UA_2026_2_25_929
UA1119,39.85476,-104.68062,0,2,0,2026-02-25T15:14:59Z,DEN,CUN,,DEN_CUN_UA_2026_2_25_1532
AA1293,39.17147,-87.19867,37000,478,0,2026-02-25T15:14:59Z,ORD,MCO,2026-02-25T17:01:52Z,ORD_MCO_AA_2026_2_25_849
AA2731,3.72708,-84.80767,37975,373,0,2026-02-25T15:14:58Z,PHL,DFW,2026-02-25T16:57:36Z,PHL_DFW_AA_2026_2_25_1354
AA1283,34.40657,-82.56909,39025,523,64,2026-02-25T15:14:58Z,IND,MIA,2026-02-25T16:36:16Z,IND_MIA_AA_2026_2_25_925
AA1616,35.40703,-81.17202,10375,259,1152,2026-02-25T15:14:58Z,CLT,MCI,2026-02-25T17:16:48Z,CLT_MCI_AA_2026_2_25_1010
AA1616,35.40703,-81.17202,10375,259,1152,2026-02-25T15:14:58Z,CLT,MCI,2026-02-25T17:16:48Z,MCI_CLT_AA_2026_2_25_1232
AA3317,34.40511,-77.89671,38000,320,0,2026-02-25T15:14:57Z,LGA,PBI,2026-02-25T16:23:28Z,LGA_PBI_AA_2026_2_25_844
AA3317,34.40511,-77.89671,38000,320,0,2026-02-25T15:14:57Z,LGA,PBI,2026-02-25T16:23:28Z,PBI_LGA_AA_2026_2_25_1314
UA3895,40.90126,-77.88139,36325,357,2112,2026-02-25T15:14:59Z,EWR,AMA,2026-02-25T17:57:20Z,EWR_AMA_UA_2026_2_25_938
LH456,73.94254,-8.03649,33000,524,0,2026-02-25T15:14:59Z,FRA,LAX,2026-02-25T20:54:24Z,FRA_LAX_LH_2026_2_25_1113
DL1930,32.69378,-68.59673,39000,420,0,2026-02-25T15:14:58Z,JFK,STT,2026-02-25T17:21:04Z,JFK_STT_DL_2026_2_25_1356
KL623,50.51472,-66.42985,34000,443,-64,2026-02-25T15:14:59Z,AMS,ATL,2026-02-25T18:29:20Z,AMS_ATL_KL_2026_2_25_1037
DL42,26.21188,-130.75177,41000,530,0,2026-02-25T15:14:59Z,SYD,LAX,2026-02-25T17:01:52Z,SYD_LAX_DL_2026_2_25_1433
DL830,33.47791,-89.39223,40000,356,0,2026-02-25T15:14:58Z,ATL,SLC,2026-02-25T18:12:16Z,ATL_SLC_DL_2026_2_25_928
DL120,57.68408,-14.03215,41000,542,0,2026-02-25T15:14:58Z,HND,MSP,2026-02-25T18:59:12Z,HND_MSP_DL_2026_2_25_1742
DL274,55.70169,-12.56811,39025,533,-64,2026-02-25T15:14:58Z,HND,DTW,2026-02-25T18:48:32Z,HND_DTW_DL_2026_2_25_1651
DL274,55.70169,-12.56811,39025,533,-64,2026-02-25T15:14:58Z,HND,DTW,2026-02-25T18:48:32Z,HND_DTW_DL_2026_2_25_1642
DL966,47.44098,-111.30242,40000,402,64,2026-02-25T15:14:57Z,CVG,SEA,2026-02-25T16:29:52Z,CVG_SEA_DL_2026_2_25_653
UA3929,40.11928,-10.52092,40975,498,-64,2026-02-25T15:14:57Z,SFO,IAD,2026-02-25T17:55:12Z,SFO_IAD_UA_2026_2_25_529
UA2115,40.84191,-106.68598,36025,418,-64,2026-02-25T15:14:57Z,EWR,SFO,2026-02-25T17:12:32Z,EWR_SFO_UA_2026_2_25_613
KL605,6.45802,-105.21412,38000,536,-64,2026-02-25T15:14:59Z,AMS,SFO,2026-02-25T19:01:20Z,AMS_SFO_KL_2026_2_25_1013
AF338,69.23965,-94.78194,40000,531,64,2026-02-25T15:14:59Z,CDG,SEA,2026-02-25T18:40:00Z,CDG_SEA_AF_2026_2_25_1036
AA1172,41.05888,-87.49493,22600,439,1856,2026-02-25T15:14:59Z,ORD,STT,2026-02-25T19:18:24Z,ORD_STT_AA_2026_2_25_1504
UA297,44.63242,-88.72646,38000,384,0,2026-02-25T15:14:59Z,EWR,BZN,2026-02-25T17:46:40Z,EWR_BZN_UA_2026_2_25_819
DL713,40.08559,-84.48938,38000,372,0,2026-02-25T15:14:59Z,JFK,LAX,2026-02-25T19:24:48Z,JFK_LAX_DL_2026_2_25_845
DL274,42.21032,-83.35699,0,0,0,2026-02-25T15:14:55Z,HND,DTW,2026-01-19T18:59:44Z,HND_DTW_DL_2026_2_25_1651
DL274,42.21032,-83.35699,0,0,0,2026-02-25T15:14:55Z,HND,DTW,2026-01-19T18:59:44Z,HND_DTW_DL_2026_2_25_1642
AA142,40.64794,-73.79506,0,0,0,2026-02-25T15:14:53Z,JFK,LHR,,JFK_LHR_AA_2026_2_25_1024
AA1688,41.85873,-72.80103,35350,321,192,2026-02-25T15:14:58Z,BOS,CLT,2026-02-25T16:49:04Z,BOS_CLT_AA_2026_2_25_954
BA175,0.50554,-63.33611,38000,402,0,2026-02-25T15:14:59Z,LHR,JFK,2026-02-25T17:14:40Z,LHR_JFK_BA_2026_2_25_955
DL1112,33.94663,-118.40483,0,0,0,2026-02-25T15:14:58Z,LAX,MSY,,LAX_MSY_DL_2026_2_25_732
AA2581,32.89038,-97.04891,0,14,0,2026-02-25T15:14:59Z,DFW,MKE,,DFW_MKE_AA_2026_2_25_1532
AA2581,32.89038,-97.04891,0,14,0,2026-02-25T15:14:59Z,DFW,MKE,,MKE_DFW_AA_2026_2_25_1835
AA1766,32.89975,-97.03314,0,9,0,2026-02-25T15:14:59Z,DFW,JFK,,DFW_JFK_AA_2026_2_25_1530
AA1766,32.89975,-97.03314,0,9,0,2026-02-25T15:14:59Z,DFW,JFK,,JFK_DFW_AA_2026_2_25_1938
AA2097,25.79631,-81.58722,35375,464,3072,2026-02-25T15:14:57Z,MIA,DFW,2026-02-25T17:40:16Z,MIA_DFW_AA_2026_2_25_1458
DL8800,33.84934,-87.04565,39000,497,0,2026-02-25T15:14:59Z,MSP,MIA,2026-02-25T16:36:28Z,MSP_MIA_DL_2026_2_25_743
UA1256,38.87416,-94.57574,38000,378,0,2026-02-25T15:14:58Z,CLT,DEN,2026-02-25T16:36:16Z,CLT_DEN_UA_2026_2_25_815
UA838,46.10097,-137.84337,39000,495,0,2026-02-25T15:14:59Z,NRT,SFO,2026-02-25T17:10:24Z,NRT_SFO_UA_2026_2_25_1655
DL188,54.76881,-163.27025,38000,483,0,2026-02-25T15:14:59Z,ICN,ATL,2026-02-25T22:13:20Z,ICN_ATL_DL_2026_2_25_1814
UA1116,43.71268,-107.45631,38000,388,-64,2026-02-25T15:14:58Z,MSP,SFO,2026-02-25T17:18:56Z,MSP_SFO_UA_2026_2_25_736
UA1898,35.55954,-8.86326,38000,335,0,2026-02-25T15:14:59Z,BWI,IAH,2026-02-25T16:32:00Z,BWI_IAH_UA_2026_2_25_822
DL1368,34.20177,-83.22401,38025,279,-64,2026-02-25T15:14:58Z,JFK,MSY,2026-02-25T16:21:20Z,JFK_MSY_DL_2026_2_25_813
DL1368,34.20177,-83.22401,38025,279,-64,2026-02-25T15:14:58Z,JFK,MSY,2026-02-25T16:21:20Z,MSY_JFK_DL_2026_2_25_1154
AA249,40.06071,-89.43645,37350,411,512,2026-02-25T15:14:59Z,ORD,MEX,2026-02-25T18:33:36Z,ORD_MEX_AA_2026_2_25_851
BA117,46.41875,-68.78554,37975,402,0,2026-02-25T15:14:59Z,LHR,JFK,2026-02-25T16:29:52Z,LHR_JFK_BA_2026_2_25_903
BA195,54.24199,-64.71215,38000,457,0,2026-02-25T15:14:59Z,LHR,IAH,2026-02-25T19:56:48Z,LHR_IAH_BA_2026_2_25_1010
UA1886,33.73352,-85.15845,38950,587,0,2026-02-25T15:19:57Z,IAH,EWR,2026-02-25T16:57:36Z,IAH_EWR_UA_2026_2_25_814
DL2582,34.19715,-118.34993,0,1,0,2026-02-25T15:19:57Z,BUR,SLC,,BUR_SLC_DL_2026_2_25_729
DL8851,36.47227,-95.75598,40000,362,0,2026-02-25T15:19:58Z,ATL,DEN,2026-02-25T16:36:01Z,ATL_DEN_DL_2026_2_25_836
UA1384,37.65009,-97.43275,0,11,0,2026-02-25T15:19:56Z,ICT,DEN,,ICT_DEN_UA_2026_2_25_927
DL853,61.36037,-149.69279,14425,342,3904,2026-02-25T15:19:58Z,ANC,SEA,2026-02-25T18:25:10Z,ANC_SEA_DL_2026_2_25_613
AA1349,34.34129,-91.64363,40000,336,0,2026-02-25T15:19:57Z,JFK,AUS,2026-02-25T16:21:20Z,JFK_AUS_AA_2026_2_25_726
DL2301,36.25342,-89.00356,37000,491,0,2026-02-25T15:19:59Z,MSP,TPA,2026-02-25T16:44:48Z,MSP_TPA_DL_2026_2_25_806
UA1666,39.41196,-93.44952,38000,375,0,2026-02-25T15:19:57Z,CVG,DEN,2026-02-25T16:44:48Z,CVG_DEN_UA_2026_2_25_908
BA53,70.97168,-87.36169,40000,524,0,2026-02-25T15:19:57Z,LHR,SEA,2026-02-25T19:18:24Z,LHR_SEA_BA_2026_2_25_1020
AA2896,38.44526,-75.51947,38000,379,0,2026-02-25T15:19:57Z,LGA,FLL,2026-02-25T17:25:20Z,LGA_FLL_AA_2026_2_25_1441
AA2896,38.44526,-75.51947,38000,379,0,2026-02-25T15:19:57Z,LGA,FLL,2026-02-25T17:25:20Z,FLL_LGA_AA_2026_2_25_1906
UA905,49.74023,-67.45486,38000,402,0,2026-02-25T15:19:57Z,LHR,EWR,2026-02-25T17:06:08Z,LHR_EWR_UA_2026_2_25_921
KL689,50.67113,-77.36224,40000,457,-64,2026-02-25T15:19:57Z,AMS,CUN,2026-02-25T19:31:12Z,AMS_CUN_KL_2026_2_25_906
KL661,51.54697,-75.89845,35975,461,0,2026-02-25T15:19:57Z,AMS,IAH,2026-02-25T18:59:12Z,AMS_IAH_KL_2026_2_25_1014
AF636,57.73824,-71.34876,38000,468,0,2026-02-25T15:19:54Z,CDG,IAH,2026-02-25T19:44:00Z,CDG_IAH_AF_2026_2_25_1048
UA830,31.13943,-128.21129,39000,534,0,2026-02-25T15:19:54Z,SYD,SFO,2026-02-25T16:23:28Z,SYD_SFO_UA_2026_2_25_1423
AA882,33.43103,-112.00199,1225,149,2560,2026-02-25T15:19:56Z,PHX,RNO,,PHX_RNO_AA_2026_2_25_819
AA882,33.43103,-112.00199,1225,149,2560,2026-02-25T15:19:56Z,PHX,RNO,,RNO_PHX_AA_2026_2_25_1002
UA654,32.07971,-107.72172,39000,488,0,2026-02-25T15:19:58Z,LAX,IAH,2026-02-25T16:53:20Z,LAX_IAH_UA_2026_2_25_605
UA654,32.07971,-107.72172,39000,488,0,2026-02-25T15:19:58Z,LAX,IAH,2026-02-25T16:53:20Z,IAH_DCA_UA_2026_2_25_1213
UA595,32.94046,-9.83792,36000,426,-64,2026-02-25T15:19:58Z,AUS,DEN,2026-02-25T16:46:56Z,AUS_DEN_UA_2026_2_25_853
UA357,33.20837,-97.12469,12100,342,3200,2026-02-25T15:19:57Z,DFW,DEN,2026-02-25T16:51:12Z,DFW_DEN_UA_2026_2_25_1515
UA4200,2.19841,-78.98087,40000,499,0,2026-02-25T15:19:57Z,MDE,EWR,2026-02-25T17:49:23Z,MDE_EWR_UA_2026_2_25_1248
DL2947,42.47654,-121.60307,39050,478,0,2026-02-25T15:19:58Z,PDX,LAX,2026-02-25T16:44:48Z,PDX_LAX_DL_2026_2_25_651
DL166,0.05316,-13.35179,39000,527,0,2026-02-25T15:19:58Z,HND,SEA,2026-02-25T16:27:44Z,HND_SEA_DL_2026_2_25_1707
KL601,60.23957,-101.22391,35975,523,64,2026-02-25T15:19:58Z,AMS,LAX,2026-02-25T19:05:36Z,AMS_LAX_KL_2026_2_25_1000
DL57,61.99384,-94.58875,38000,488,-64,2026-02-25T15:19:58Z,AMS,SLC,2026-02-25T18:48:32Z,AMS_SLC_DL_2026_2_25_955
AA2523,37.58814,-78.55756,38000,330,0,2026-02-25T15:19:59Z,PHL,TPA,2026-02-25T16:53:20Z,PHL_TPA_AA_2026_2_25_937
AA2111,40.81511,-7.41649,14575,296,640,2026-02-25T15:19:57Z,LGA,CLT,2026-02-25T16:44:48Z,LGA_CLT_AA_2026_2_25_1014
AA2111,40.81511,-7.41649,14575,296,640,2026-02-25T15:19:57Z,LGA,CLT,2026-02-25T16:44:48Z,CLT_LGA_AA_2026_2_25_743
DL33,48.19986,-69.53984,38000,406,0,2026-02-25T15:19:58Z,LHR,ATL,2026-02-25T18:12:16Z,LHR_ATL_DL_2026_2_25_908
AF158,58.79475,-68.54299,36000,458,0,2026-02-25T15:19:54Z,CDG,DFW,2026-02-25T19:39:44Z,CDG_DFW_AF_2026_2_25_956
AA3193,33.73105,-89.68179,38000,335,0,2026-02-25T15:19:59Z,MIA,EGE,2026-02-25T17:40:16Z,MIA_EGE_AA_2026_2_25_829
DL1794,25.88704,-81.02951,39000,453,0,2026-02-25T15:19:57Z,SJO,ATL,2026-02-25T16:38:24Z,SJO_ATL_DL_2026_2_25_1317
AA1283,33.96584,-81.84237,39000,490,0,2026-02-25T15:19:58Z,IND,MIA,2026-02-25T16:34:08Z,IND_MIA_AA_2026_2_25_925
UA2609,35.39635,-97.59902,0,0,0,2026-02-25T15:19:47Z,OKC,DEN,,OKC_DEN_UA_2026_2_25_929
UA1119,39.85538,-104.68059,0,0,0,2026-02-25T15:19:56Z,DEN,CUN,,DEN_CUN_UA_2026_2_25_1532
AA2731,37.08243,-85.40906,38000,373,0,2026-02-25T15:19:58Z,PHL,DFW,2026-02-25T16:57:36Z,PHL_DFW_AA_2026_2_25_1354
AA1293,38.53505,-86.97004,37000,479,64,2026-02-25T15:19:57Z,ORD,MCO,2026-02-25T16:59:44Z,ORD_MCO_AA_2026_2_25_849
AA1616,35.65091,-81.66325,21500,366,1728,2026-02-25T15:19:58Z,CLT,MCI,2026-02-25T17:16:48Z,CLT_MCI_AA_2026_2_25_1010
AA1616,35.65091,-81.66325,21500,366,1728,2026-02-25T15:19:58Z,CLT,MCI,2026-02-25T17:16:48Z,MCI_CLT_AA_2026_2_25_1232
UA3895,40.96955,-78.49282,40000,343,0,2026-02-25T15:19:58Z,EWR,AMA,2026-02-25T17:59:28Z,EWR_AMA_UA_2026_2_25_938
LH456,73.57598,-82.55273,33000,524,0,2026-02-25T15:19:54Z,FRA,LAX,2026-02-25T20:54:24Z,FRA_LAX_LH_2026_2_25_1113
AA3317,34.09721,-78.29502,38000,331,0,2026-02-25T15:19:57Z,LGA,PBI,2026-02-25T16:25:36Z,LGA_PBI_AA_2026_2_25_844
AA3317,34.09721,-78.29502,38000,331,0,2026-02-25T15:19:57Z,LGA,PBI,2026-02-25T16:25:36Z,PBI_LGA_AA_2026_2_25_1314
DL1930,3.21226,-68.45543,39000,424,0,2026-02-25T15:19:58Z,JFK,STT,2026-02-25T17:21:04Z,JFK_STT_DL_2026_2_25_1356
KL623,50.05344,-67.04414,33975,437,-64,2026-02-25T15:19:58Z,AMS,ATL,2026-02-25T18:31:28Z,AMS_ATL_KL_2026_2_25_1037
DL830,33.46935,-8.99816,40000,356,0,2026-02-25T15:19:58Z,ATL,SLC,2026-02-25T18:14:24Z,ATL_SLC_DL_2026_2_25_928
DL120,57.47461,-138.98383,41000,542,0,2026-02-25T15:19:57Z,HND,MSP,2026-02-25T18:57:04Z,HND_MSP_DL_2026_2_25_1742
DL274,55.56825,-124.39761,39000,534,0,2026-02-25T15:19:58Z,HND,DTW,2026-02-25T18:48:32Z,HND_DTW_DL_2026_2_25_1651
DL274,55.56825,-124.39761,39000,534,0,2026-02-25T15:19:58Z,HND,DTW,2026-02-25T18:48:32Z,HND_DTW_DL_2026_2_25_1642
DL966,47.46187,-112.11456,40000,402,0,2026-02-25T15:19:57Z,CVG,SEA,2026-02-25T16:32:00Z,CVG_SEA_DL_2026_2_25_653
UA2115,40.66906,-107.41358,36000,419,0,2026-02-25T15:19:57Z,EWR,SFO,2026-02-25T17:10:24Z,EWR_SFO_UA_2026_2_25_613
UA3929,40.14595,-104.30932,41000,496,-128,2026-02-25T15:19:57Z,SFO,IAD,2026-02-25T17:57:20Z,SFO_IAD_UA_2026_2_25_529
KL605,63.96501,-10.61405,38000,529,0,2026-02-25T15:19:58Z,AMS,SFO,2026-02-25T19:01:20Z,AMS_SFO_KL_2026_2_25_1013
AF338,68.76498,-96.33794,40000,528,0,2026-02-25T15:19:58Z,CDG,SEA,2026-02-25T18:40:00Z,CDG_SEA_AF_2026_2_25_1036
AA1172,40.42607,-87.32129,29800,492,1792,2026-02-25T15:19:57Z,ORD,STT,2026-02-25T19:18:24Z,ORD_STT_AA_2026_2_25_1504
UA297,44.83379,-89.41628,38000,383,0,2026-02-25T15:19:58Z,EWR,BZN,2026-02-25T17:48:48Z,EWR_BZN_UA_2026_2_25_819
DL713,40.06686,-85.16174,38000,380,0,2026-02-25T15:19:58Z,JFK,LAX,2026-02-25T19:24:48Z,JFK_LAX_DL_2026_2_25_845
DL274,42.21032,-83.35699,0,0,0,2026-02-25T15:19:57Z,HND,DTW,2026-01-19T18:59:44Z,HND_DTW_DL_2026_2_25_1651
DL274,42.21032,-83.35699,0,0,0,2026-02-25T15:19:57Z,HND,DTW,2026-01-19T18:59:44Z,HND_DTW_DL_2026_2_25_1642
AA142,40.63409,-73.78241,0,18,0,2026-02-25T15:19:59Z,JFK,LHR,,JFK_LHR_AA_2026_2_25_1024
AA1688,41.53656,-73.23798,38000,334,0,2026-02-25T15:19:59Z,BOS,CLT,2026-02-25T16:49:04Z,BOS_CLT_AA_2026_2_25_954
BA175,50.13509,-63.89893,38000,403,0,2026-02-25T15:19:57Z,LHR,JFK,2026-02-25T17:14:40Z,LHR_JFK_BA_2026_2_25_955
DL1112,33.94662,-118.40482,0,0,0,2026-02-25T15:19:58Z,LAX,MSY,,LAX_MSY_DL_2026_2_25_732
AA1766,32.88103,-9.70329,0,0,0,2026-02-25T15:19:58Z,DFW,JFK,,DFW_JFK_AA_2026_2_25_1530
AA1766,32.88103,-9.70329,0,0,0,2026-02-25T15:19:58Z,DFW,JFK,,JFK_DFW_AA_2026_2_25_1938
AA2581,32.88288,-97.03289,0,11,0,2026-02-25T15:19:58Z,DFW,MKE,,DFW_MKE_AA_2026_2_25_1532
AA2581,32.88288,-97.03289,0,11,0,2026-02-25T15:19:58Z,DFW,MKE,,MKE_DFW_AA_2026_2_25_1835
AA2097,26.08005,-82.19474,38000,440,0,2026-02-25T15:19:57Z,MIA,DFW,2026-02-25T17:40:16Z,MIA_DFW_AA_2026_2_25_1458
DL8800,33.25648,-86.66829,39000,485,0,2026-02-25T15:19:57Z,MSP,MIA,2026-02-25T16:39:05Z,MSP_MIA_DL_2026_2_25_743
DL1368,33.96912,-83.59102,38025,281,0,2026-02-25T15:19:57Z,JFK,MSY,2026-02-25T16:23:28Z,JFK_MSY_DL_2026_2_25_813
DL1368,33.96912,-83.59102,38025,281,0,2026-02-25T15:19:57Z,JFK,MSY,2026-02-25T16:23:28Z,MSY_JFK_DL_2026_2_25_1154
UA1256,0.38936,-95.25051,38000,382,-64,2026-02-25T15:19:58Z,CLT,DEN,2026-02-25T16:36:16Z,CLT_DEN_UA_2026_2_25_815
UA838,45.75307,-137.00883,39000,495,0,2026-02-25T15:19:54Z,NRT,SFO,2026-02-25T17:10:24Z,NRT_SFO_UA_2026_2_25_1655
DL188,5.48556,-162.20413,38000,483,0,2026-02-25T15:19:54Z,ICN,ATL,2026-02-25T22:17:36Z,ICN_ATL_DL_2026_2_25_1814
UA1116,43.54794,-108.15438,38000,374,64,2026-02-25T15:19:58Z,MSP,SFO,2026-02-25T17:18:56Z,MSP_SFO_UA_2026_2_25_736
UA1898,35.32766,-89.12454,38000,335,0,2026-02-25T15:19:58Z,BWI,IAH,2026-02-25T16:32:00Z,BWI_IAH_UA_2026_2_25_822
AA249,39.63295,-89.91486,38000,402,-64,2026-02-25T15:19:57Z,ORD,MEX,2026-02-25T18:35:44Z,ORD_MEX_AA_2026_2_25_851
BA117,46.02983,-69.36486,38000,400,0,2026-02-25T15:19:59Z,LHR,JFK,2026-02-25T16:29:52Z,LHR_JFK_BA_2026_2_25_903
BA195,53.90409,-65.60402,38000,457,0,2026-02-25T15:19:54Z,LHR,IAH,2026-02-25T19:56:48Z,LHR_IAH_BA_2026_2_25_1010
AF84,68.48064,-7.59989,34000,480,0,2026-02-25T15:19:54Z,CDG,SFO,2026-02-25T20:45:52Z,CDG_SFO_AF_2026_2_25_1105
AA1349,34.15118,-92.15848,40000,337,0,2026-02-25T15:24:58Z,JFK,AUS,2026-02-25T16:23:28Z,JFK_AUS_AA_2026_2_25_726
UA1886,33.85364,-84.18016,38950,588,0,2026-02-25T15:25:00Z,IAH,EWR,2026-02-25T16:55:28Z,IAH_EWR_UA_2026_2_25_814
DL2582,34.19916,-118.35549,0,6,0,2026-02-25T15:24:59Z,BUR,SLC,,BUR_SLC_DL_2026_2_25_729
DL8851,36.59317,-96.36343,40000,366,0,2026-02-25T15:24:59Z,ATL,DEN,2026-02-25T16:36:50Z,ATL_DEN_DL_2026_2_25_836
UA1384,37.66047,-97.43288,0,4,0,2026-02-25T15:24:59Z,ICT,DEN,,ICT_DEN_UA_2026_2_25_927
UA1666,3.93474,-94.12621,38000,374,0,2026-02-25T15:24:59Z,CVG,DEN,2026-02-25T16:46:56Z,CVG_DEN_UA_2026_2_25_908
DL853,61.28518,-148.48286,23925,464,1600,2026-02-25T15:24:59Z,ANC,SEA,2026-02-25T18:16:32Z,ANC_SEA_DL_2026_2_25_613
DL2301,35.69165,-88.54308,39000,481,0,2026-02-25T15:24:59Z,MSP,TPA,2026-02-25T16:44:48Z,MSP_TPA_DL_2026_2_25_806
BA53,70.62859,-89.31351,40000,524,-64,2026-02-25T15:25:00Z,LHR,SEA,2026-02-25T19:14:08Z,LHR_SEA_BA_2026_2_25_1020
AA2896,37.98043,-75.69878,38000,343,0,2026-02-25T15:24:58Z,LGA,FLL,2026-02-25T17:21:04Z,LGA_FLL_AA_2026_2_25_1441
AA2896,37.98043,-75.69878,38000,343,0,2026-02-25T15:24:58Z,LGA,FLL,2026-02-25T17:21:04Z,FLL_LGA_AA_2026_2_25_1906
AA3052,3.88438,-7.70398,0,13,0,2026-02-25T15:24:59Z,DCA,FLL,,DCA_FLL_AA_2026_2_25_1530
AA3052,3.88438,-7.70398,0,13,0,2026-02-25T15:24:59Z,DCA,FLL,,FLL_DCA_AA_2026_2_25_1901
UA905,49.31023,-68.00154,38000,397,-64,2026-02-25T15:24:59Z,LHR,EWR,2026-02-25T17:06:08Z,LHR_EWR_UA_2026_2_25_921
KL689,50.21947,-78.08121,39975,465,64,2026-02-25T15:24:59Z,AMS,CUN,2026-02-25T19:29:04Z,AMS_CUN_KL_2026_2_25_906
KL661,51.09663,-76.66527,36000,462,0,2026-02-25T15:24:58Z,AMS,IAH,2026-02-25T18:59:12Z,AMS_IAH_KL_2026_2_25_1014
AF636,5.73295,-72.29433,38000,464,0,2026-02-25T15:24:58Z,CDG,IAH,2026-02-25T19:44:00Z,CDG_IAH_AF_2026_2_25_1048
UA830,3.17483,-12.77104,39000,534,0,2026-02-25T15:24:55Z,SYD,SFO,2026-02-25T16:23:28Z,SYD_SFO_UA_2026_2_25_1423
UA654,31.93835,-106.93806,39000,493,0,2026-02-25T15:24:58Z,LAX,IAH,2026-02-25T16:53:20Z,LAX_IAH_UA_2026_2_25_605
UA654,31.93835,-106.93806,39000,493,0,2026-02-25T15:24:58Z,LAX,IAH,2026-02-25T16:53:20Z,IAH_DCA_UA_2026_2_25_1213
AA882,33.65675,-111.96004,14900,344,3200,2026-02-25T15:25:00Z,PHX,RNO,2026-02-25T16:49:04Z,PHX_RNO_AA_2026_2_25_819
AA882,33.65675,-111.96004,14900,344,3200,2026-02-25T15:25:00Z,PHX,RNO,2026-02-25T16:49:04Z,RNO_PHX_AA_2026_2_25_1002
UA595,33.46976,-98.60555,36000,403,0,2026-02-25T15:24:58Z,AUS,DEN,2026-02-25T16:49:04Z,AUS_DEN_UA_2026_2_25_853
UA357,3.37149,-97.22162,23500,413,2368,2026-02-25T15:24:58Z,DFW,DEN,2026-02-25T16:57:36Z,DFW_DEN_UA_2026_2_25_1515
AA3139,33.01727,-96.86987,9350,302,1216,2026-02-25T15:24:58Z,DFW,PNS,,DFW_PNS_AA_2026_2_25_1520
AA3139,33.01727,-96.86987,9350,302,1216,2026-02-25T15:24:58Z,DFW,PNS,,PNS_DFW_AA_2026_2_25_1740
UA4200,22.68109,-78.91759,40000,501,0,2026-02-25T15:24:58Z,MDE,EWR,2026-02-25T17:49:04Z,MDE_EWR_UA_2026_2_25_1248
DL2947,41.82834,-121.47308,38950,470,0,2026-02-25T15:24:59Z,PDX,LAX,2026-02-25T16:44:48Z,PDX_LAX_DL_2026_2_25_651
DL166,52.78018,-132.47182,39000,533,0,2026-02-25T15:24:59Z,HND,SEA,2026-02-25T16:29:52Z,HND_SEA_DL_2026_2_25_1707
KL601,59.57799,-101.82523,36000,528,0,2026-02-25T15:24:58Z,AMS,LAX,2026-02-25T19:05:36Z,AMS_LAX_KL_2026_2_25_1000
DL57,61.50352,-95.57595,37975,487,0,2026-02-25T15:25:00Z,AMS,SLC,2026-02-25T18:48:32Z,AMS_SLC_DL_2026_2_25_955
AA2523,37.22028,-7.89025,38000,326,0,2026-02-25T15:24:58Z,PHL,TPA,2026-02-25T16:55:28Z,PHL_TPA_AA_2026_2_25_937
AA2111,40.63023,-74.62147,21125,312,2496,2026-02-25T15:24:58Z,LGA,CLT,2026-02-25T16:44:48Z,LGA_CLT_AA_2026_2_25_1014
AA2111,40.63023,-74.62147,21125,312,2496,2026-02-25T15:24:58Z,LGA,CLT,2026-02-25T16:44:48Z,CLT_LGA_AA_2026_2_25_743
DL33,47.78833,-70.09902,38000,400,64,2026-02-25T15:24:59Z,LHR,ATL,2026-02-25T18:16:32Z,LHR_ATL_DL_2026_2_25_908
AF158,58.40369,-69.52529,36000,458,0,2026-02-25T15:24:58Z,CDG,DFW,2026-02-25T19:41:52Z,CDG_DFW_AF_2026_2_25_956
AA3193,34.02141,-90.11423,38000,330,0,2026-02-25T15:24:59Z,MIA,EGE,2026-02-25T17:44:32Z,MIA_EGE_AA_2026_2_25_829
DL1794,26.52551,-80.95191,39000,465,0,2026-02-25T15:24:58Z,SJO,ATL,2026-02-25T16:38:24Z,SJO_ATL_DL_2026_2_25_1317
AA1283,3.33834,-81.47697,38000,471,0,2026-02-25T15:24:58Z,IND,MIA,2026-02-25T16:36:16Z,IND_MIA_AA_2026_2_25_925
UA2609,35.40558,-0.97604,0,0,0,2026-02-25T15:24:53Z,OKC,DEN,,OKC_DEN_UA_2026_2_25_929
UA1119,39.85822,-104.66233,0,15,0,2026-02-25T15:25:00Z,DEN,CUN,,DEN_CUN_UA_2026_2_25_1532
AA2731,36.89027,-86.00964,38000,372,0,2026-02-25T15:24:59Z,PHL,DFW,2026-02-25T17:01:52Z,PHL_DFW_AA_2026_2_25_1354
AA1293,37.90055,-86.74661,37000,468,0,2026-02-25T15:24:59Z,ORD,MCO,2026-02-25T16:59:44Z,ORD_MCO_AA_2026_2_25_849
AA1616,35.91161,-82.19252,31400,358,1600,2026-02-25T15:24:58Z,CLT,MCI,2026-02-25T17:14:40Z,CLT_MCI_AA_2026_2_25_1010
AA1616,35.91161,-82.19252,31400,358,1600,2026-02-25T15:24:58Z,CLT,MCI,2026-02-25T17:14:40Z,MCI_CLT_AA_2026_2_25_1232
LH454,7.13745,-9.21907,36000,529,0,2026-02-25T15:24:59Z,FRA,SFO,2026-02-25T20:16:00Z,FRA_SFO_LH_2026_2_25_1054
UA3895,41.02029,-79.13746,40000,357,0,2026-02-25T15:25:00Z,EWR,AMA,2026-02-25T17:57:20Z,EWR_AMA_UA_2026_2_25_938
AA3317,33.78172,-78.69882,38000,332,0,2026-02-25T15:24:58Z,LGA,PBI,2026-02-25T16:27:44Z,LGA_PBI_AA_2026_2_25_844
AA3317,33.78172,-78.69882,38000,332,0,2026-02-25T15:24:58Z,LGA,PBI,2026-02-25T16:27:44Z,PBI_LGA_AA_2026_2_25_1314
DL1930,31.53877,-68.31277,39000,427,0,2026-02-25T15:24:59Z,JFK,STT,2026-02-25T17:23:12Z,JFK_STT_DL_2026_2_25_1356
KL623,49.58833,-67.64742,33975,436,-64,2026-02-25T15:24:58Z,AMS,ATL,2026-02-25T18:31:28Z,AMS_ATL_KL_2026_2_25_1037
DL42,2.70447,-129.42517,41000,526,0,2026-02-25T15:24:55Z,SYD,LAX,2026-02-25T17:01:52Z,SYD_LAX_DL_2026_2_25_1433
DL830,33.47208,-90.57578,40000,355,0,2026-02-25T15:25:00Z,ATL,SLC,2026-02-25T18:14:24Z,ATL_SLC_DL_2026_2_25_928
DL274,5.54203,-123.11425,39000,539,0,2026-02-25T15:24:58Z,HND,DTW,2026-02-25T18:46:24Z,HND_DTW_DL_2026_2_25_1651
DL274,5.54203,-123.11425,39000,539,0,2026-02-25T15:24:58Z,HND,DTW,2026-02-25T18:46:24Z,HND_DTW_DL_2026_2_25_1642
DL120,57.24792,-137.64384,41000,547,0,2026-02-25T15:25:00Z,HND,MSP,2026-02-25T18:57:04Z,HND_MSP_DL_2026_2_25_1742
DL966,47.47055,-112.94247,40000,406,0,2026-02-25T15:24:58Z,CVG,SEA,2026-02-25T16:32:00Z,CVG_SEA_DL_2026_2_25_653
UA2115,40.49374,-108.12862,36000,401,0,2026-02-25T15:24:58Z,EWR,SFO,2026-02-25T17:14:40Z,EWR_SFO_UA_2026_2_25_613
UA3929,40.17677,-103.39583,41000,510,0,2026-02-25T15:24:59Z,SFO,IAD,2026-02-25T17:55:12Z,SFO_IAD_UA_2026_2_25_529
KL605,63.34982,-107.01903,38000,528,0,2026-02-25T15:24:58Z,AMS,SFO,2026-02-25T19:03:28Z,AMS_SFO_KL_2026_2_25_1013
AF338,68.27719,-97.82658,40000,530,0,2026-02-25T15:24:58Z,CDG,SEA,2026-02-25T18:35:44Z,CDG_SEA_AF_2026_2_25_1036
AA1172,39.85762,-86.82931,37000,511,-64,2026-02-25T15:24:59Z,ORD,STT,2026-02-25T19:16:16Z,ORD_STT_AA_2026_2_25_1504
UA297,45.03026,-90.11395,38000,383,0,2026-02-25T15:25:00Z,EWR,BZN,2026-02-25T17:48:48Z,EWR_BZN_UA_2026_2_25_819
DL713,40.04367,-85.84785,38000,381,0,2026-02-25T15:24:58Z,JFK,LAX,2026-02-25T19:31:12Z,JFK_LAX_DL_2026_2_25_845
DL274,42.21032,-83.35699,0,0,0,2026-02-25T15:25:00Z,HND,DTW,2026-01-19T18:59:44Z,HND_DTW_DL_2026_2_25_1651
DL274,42.21032,-83.35699,0,0,0,2026-02-25T15:25:00Z,HND,DTW,2026-01-19T18:59:44Z,HND_DTW_DL_2026_2_25_1642
AA142,40.64479,-7.38363,1550,159,1536,2026-02-25T15:24:58Z,JFK,LHR,,JFK_LHR_AA_2026_2_25_1024
AA1688,41.20902,-73.70347,38000,347,0,2026-02-25T15:24:59Z,BOS,CLT,2026-02-25T16:49:04Z,BOS_CLT_AA_2026_2_25_954
BA175,49.70462,-64.46365,38000,404,0,2026-02-25T15:24:59Z,LHR,JFK,2026-02-25T17:14:40Z,LHR_JFK_BA_2026_2_25_955
AA2581,32.88002,-97.03284,0,0,0,2026-02-25T15:24:59Z,DFW,MKE,,DFW_MKE_AA_2026_2_25_1532
AA2581,32.88002,-97.03284,0,0,0,2026-02-25T15:24:59Z,DFW,MKE,,MKE_DFW_AA_2026_2_25_1835
AA1766,3.28798,-97.03216,0,0,0,2026-02-25T15:24:58Z,DFW,JFK,,DFW_JFK_AA_2026_2_25_1530
AA1766,3.28798,-97.03216,0,0,0,2026-02-25T15:24:58Z,DFW,JFK,,JFK_DFW_AA_2026_2_25_1938
AA2097,26.34114,-82.80659,38000,434,0,2026-02-25T15:24:58Z,MIA,DFW,2026-02-25T17:40:16Z,MIA_DFW_AA_2026_2_25_1458
DL8800,32.64136,-86.32877,39000,482,0,2026-02-25T15:25:00Z,MSP,MIA,2026-02-25T16:38:56Z,MSP_MIA_DL_2026_2_25_743
DL1368,33.70419,-83.94779,38000,295,-64,2026-02-25T15:24:59Z,JFK,MSY,2026-02-25T16:25:36Z,JFK_MSY_DL_2026_2_25_813
DL1368,33.70419,-83.94779,38000,295,-64,2026-02-25T15:24:59Z,JFK,MSY,2026-02-25T16:25:36Z,MSY_JFK_DL_2026_2_25_1154
UA1256,38.99397,-95.92493,38000,380,0,2026-02-25T15:24:59Z,CLT,DEN,2026-02-25T16:36:16Z,CLT_DEN_UA_2026_2_25_815
UA838,45.31245,-136.20212,39000,506,0,2026-02-25T15:24:55Z,NRT,SFO,2026-02-25T17:10:24Z,NRT_SFO_UA_2026_2_25_1655
DL188,54.98042,-161.05246,38000,483,0,2026-02-25T15:24:55Z,ICN,ATL,2026-02-25T22:17:36Z,ICN_ATL_DL_2026_2_25_1814
UA1116,43.38343,-108.82932,37975,374,-64,2026-02-25T15:24:58Z,MSP,SFO,2026-02-25T17:14:40Z,MSP_SFO_UA_2026_2_25_736
UA1898,3.50853,-89.61492,38000,337,0,2026-02-25T15:24:59Z,BWI,IAH,2026-02-25T16:32:00Z,BWI_IAH_UA_2026_2_25_822
AA249,39.20518,-90.38556,38000,401,0,2026-02-25T15:24:59Z,ORD,MEX,2026-02-25T18:35:44Z,ORD_MEX_AA_2026_2_25_851
BA117,45.63963,-69.93394,38000,398,64,2026-02-25T15:25:00Z,LHR,JFK,2026-02-25T16:29:52Z,LHR_JFK_BA_2026_2_25_903
BA195,53.80984,-6.73962,38000,450,0,2026-02-25T15:24:55Z,LHR,IAH,2026-02-25T19:56:48Z,LHR_IAH_BA_2026_2_25_1010
AF84,68.28705,-77.72916,34000,480,0,2026-02-25T15:24:55Z,CDG,SFO,2026-02-25T20:45:52Z,CDG_SFO_AF_2026_2_25_1105
AA1349,33.97023,-92.67612,40000,336,0,2026-02-25T15:29:57Z,JFK,AUS,2026-02-25T16:25:36Z,JFK_AUS_AA_2026_2_25_726
DL2582,34.18969,-118.35519,1650,138,3264,2026-02-25T15:29:58Z,BUR,SLC,,BUR_SLC_DL_2026_2_25_729
DL8851,3.67126,-96.98119,40000,373,0,2026-02-25T15:29:58Z,ATL,DEN,2026-02-25T16:38:32Z,ATL_DEN_DL_2026_2_25_836
UA1384,37.58684,-97.57677,7650,255,4032,2026-02-25T15:29:59Z,ICT,DEN,2026-02-25T16:40:32Z,ICT_DEN_UA_2026_2_25_927
UA1666,39.28033,-94.78294,38000,374,0,2026-02-25T15:29:57Z,CVG,DEN,2026-02-25T16:46:56Z,CVG_DEN_UA_2026_2_25_908
DL853,61.11769,-147.17224,31700,481,1280,2026-02-25T15:29:58Z,ANC,SEA,2026-02-25T18:12:16Z,ANC_SEA_DL_2026_2_25_613
DL2301,35.12241,-88.13255,39000,469,0,2026-02-25T15:29:59Z,MSP,TPA,2026-02-25T16:44:48Z,MSP_TPA_DL_2026_2_25_806
UA1886,34.18849,-8.33419,38950,567,0,2026-02-25T15:29:59Z,IAH,EWR,2026-02-25T16:57:36Z,IAH_EWR_UA_2026_2_25_814
BA53,70.23683,-91.09012,40000,522,0,2026-02-25T15:29:57Z,LHR,SEA,2026-02-25T19:14:08Z,LHR_SEA_BA_2026_2_25_1020
AA2896,37.52669,-75.88584,38000,345,0,2026-02-25T15:29:57Z,LGA,FLL,2026-02-25T17:21:04Z,LGA_FLL_AA_2026_2_25_1441
AA2896,37.52669,-75.88584,38000,345,0,2026-02-25T15:29:57Z,LGA,FLL,2026-02-25T17:21:04Z,FLL_LGA_AA_2026_2_25_1906
KL689,49.76729,-78.78079,39975,461,0,2026-02-25T15:29:57Z,AMS,CUN,2026-02-25T19:31:12Z,AMS_CUN_KL_2026_2_25_906
UA905,48.90503,-68.56343,38000,394,64,2026-02-25T15:29:58Z,LHR,EWR,2026-02-25T17:04:00Z,LHR_EWR_UA_2026_2_25_921
KL661,50.64908,-77.39781,35975,468,0,2026-02-25T15:29:58Z,AMS,IAH,2026-02-25T18:52:48Z,AMS_IAH_KL_2026_2_25_1014
AF636,56.93947,-73.16222,38000,472,0,2026-02-25T15:29:54Z,CDG,IAH,2026-02-25T19:44:00Z,CDG_IAH_AF_2026_2_25_1048
UA654,31.79984,-106.14677,39000,501,0,2026-02-25T15:29:58Z,LAX,IAH,2026-02-25T16:53:20Z,LAX_IAH_UA_2026_2_25_605
UA654,31.79984,-106.14677,39000,501,0,2026-02-25T15:29:58Z,LAX,IAH,2026-02-25T16:53:20Z,IAH_DCA_UA_2026_2_25_1213
AA882,34.04696,-112.35345,26325,394,1664,2026-02-25T15:29:57Z,PHX,RNO,2026-02-25T16:49:04Z,PHX_RNO_AA_2026_2_25_819
AA882,34.04696,-112.35345,26325,394,1664,2026-02-25T15:29:57Z,PHX,RNO,2026-02-25T16:49:04Z,RNO_PHX_AA_2026_2_25_1002
AA3139,32.69875,-96.32071,19175,465,1728,2026-02-25T15:29:58Z,DFW,PNS,2026-02-25T16:40:32Z,DFW_PNS_AA_2026_2_25_1520
AA3139,32.69875,-96.32071,19175,465,1728,2026-02-25T15:29:58Z,DFW,PNS,2026-02-25T16:40:32Z,PNS_DFW_AA_2026_2_25_1740
UA595,33.96628,-98.92101,38000,402,-64,2026-02-25T15:29:58Z,AUS,DEN,2026-02-25T16:49:04Z,AUS_DEN_UA_2026_2_25_853
UA357,34.27821,-97.26667,31950,381,1728,2026-02-25T15:29:58Z,DFW,DEN,2026-02-25T16:57:36Z,DFW_DEN_UA_2026_2_25_1515
DL2947,41.18211,-121.34637,39025,475,-64,2026-02-25T15:29:58Z,PDX,LAX,2026-02-25T16:42:40Z,PDX_LAX_DL_2026_2_25_651
DL166,52.39301,-131.44875,39000,534,0,2026-02-25T15:29:57Z,HND,SEA,2026-02-25T16:27:44Z,HND_SEA_DL_2026_2_25_1707
KL601,58.90865,-102.40759,36000,527,0,2026-02-25T15:29:57Z,AMS,LAX,2026-02-25T19:05:36Z,AMS_LAX_KL_2026_2_25_1000
DL57,61.01253,-96.52029,38000,493,64,2026-02-25T15:29:57Z,AMS,SLC,2026-02-25T18:48:32Z,AMS_SLC_DL_2026_2_25_955
UA4200,23.37541,-78.85371,40000,498,64,2026-02-25T15:29:58Z,MDE,EWR,2026-02-25T17:49:18Z,MDE_EWR_UA_2026_2_25_1248
AA2523,36.85643,-79.23971,38000,331,0,2026-02-25T15:29:58Z,PHL,TPA,2026-02-25T16:55:28Z,PHL_TPA_AA_2026_2_25_937
AA2111,40.37573,-75.03359,30350,290,1856,2026-02-25T15:29:58Z,LGA,CLT,2026-02-25T16:42:40Z,LGA_CLT_AA_2026_2_25_1014
AA2111,40.37573,-75.03359,30350,290,1856,2026-02-25T15:29:58Z,LGA,CLT,2026-02-25T16:42:40Z,CLT_LGA_AA_2026_2_25_743
DL33,47.38747,-70.65074,37975,399,64,2026-02-25T15:29:58Z,LHR,ATL,2026-02-25T18:12:16Z,LHR_ATL_DL_2026_2_25_908
AF158,5.80145,-70.46374,36000,458,0,2026-02-25T15:29:57Z,CDG,DFW,2026-02-25T19:41:52Z,CDG_DFW_AF_2026_2_25_956
DL1794,27.16654,-80.88473,39000,456,0,2026-02-25T15:29:58Z,SJO,ATL,2026-02-25T16:38:24Z,SJO_ATL_DL_2026_2_25_1317
AA1283,32.80797,-81.29284,38000,414,0,2026-02-25T15:29:57Z,IND,MIA,2026-02-25T16:40:32Z,IND_MIA_AA_2026_2_25_925
UA2609,35.37286,-97.60558,1700,157,2688,2026-02-25T15:29:57Z,OKC,DEN,,OKC_DEN_UA_2026_2_25_929
UA1119,3.98654,-10.46491,0,13,0,2026-02-25T15:29:59Z,DEN,CUN,,DEN_CUN_UA_2026_2_25_1532
AA3193,34.31216,-90.54234,37950,336,64,2026-02-25T15:29:57Z,MIA,EGE,2026-02-25T17:42:24Z,MIA_EGE_AA_2026_2_25_829
AA2731,3.66953,-86.60643,38000,373,-64,2026-02-25T15:29:58Z,PHL,DFW,2026-02-25T16:59:44Z,PHL_DFW_AA_2026_2_25_1354
AA1293,37.27863,-86.53072,37000,463,-64,2026-02-25T15:29:57Z,ORD,MCO,2026-02-25T16:59:44Z,ORD_MCO_AA_2026_2_25_849
AA1616,3.61507,-8.26851,37200,346,768,2026-02-25T15:29:59Z,CLT,MCI,2026-02-25T17:14:40Z,CLT_MCI_AA_2026_2_25_1010
AA1616,3.61507,-8.26851,37200,346,768,2026-02-25T15:29:59Z,CLT,MCI,2026-02-25T17:14:40Z,MCI_CLT_AA_2026_2_25_1232
LH454,70.87148,-93.79736,36000,526,0,2026-02-25T15:29:57Z,FRA,SFO,2026-02-25T20:13:52Z,FRA_SFO_LH_2026_2_25_1054
UA3895,41.06759,-79.78977,40000,363,0,2026-02-25T15:29:58Z,EWR,AMA,2026-02-25T17:59:28Z,EWR_AMA_UA_2026_2_25_938
DL1930,30.95533,-68.17209,39000,439,0,2026-02-25T15:29:58Z,JFK,STT,2026-02-25T17:18:56Z,JFK_STT_DL_2026_2_25_1356
AA3317,33.46193,-79.10324,38000,338,0,2026-02-25T15:29:57Z,LGA,PBI,2026-02-25T16:29:52Z,LGA_PBI_AA_2026_2_25_844
AA3317,33.46193,-79.10324,38000,338,0,2026-02-25T15:29:57Z,LGA,PBI,2026-02-25T16:29:52Z,PBI_LGA_AA_2026_2_25_1314
KL623,49.12877,-68.24252,34000,432,-64,2026-02-25T15:29:58Z,AMS,ATL,2026-02-25T18:33:36Z,AMS_ATL_KL_2026_2_25_1037
DL42,27.45762,-128.75255,41000,526,0,2026-02-25T15:29:54Z,SYD,LAX,2026-02-25T17:01:52Z,SYD_LAX_DL_2026_2_25_1433
DL830,33.48601,-91.15961,40000,357,0,2026-02-25T15:29:57Z,ATL,SLC,2026-02-25T18:12:16Z,ATL_SLC_DL_2026_2_25_928
DL120,57.01089,-136.34076,41000,543,0,2026-02-25T15:29:57Z,HND,MSP,2026-02-25T18:59:12Z,HND_MSP_DL_2026_2_25_1742
DL966,47.47302,-113.76521,40000,404,0,2026-02-25T15:29:57Z,CVG,SEA,2026-02-25T16:29:52Z,CVG_SEA_DL_2026_2_25_653
DL274,55.25743,-121.82917,39000,539,0,2026-02-25T15:29:59Z,HND,DTW,2026-02-25T18:44:16Z,HND_DTW_DL_2026_2_25_1651
DL274,55.25743,-121.82917,39000,539,0,2026-02-25T15:29:59Z,HND,DTW,2026-02-25T18:44:16Z,HND_DTW_DL_2026_2_25_1642
UA2115,40.32057,-108.81471,36000,401,0,2026-02-25T15:29:59Z,EWR,SFO,2026-02-25T17:14:40Z,EWR_SFO_UA_2026_2_25_613
UA3929,40.19995,-10.24653,41000,516,64,2026-02-25T15:29:58Z,SFO,IAD,2026-02-25T17:53:04Z,SFO_IAD_UA_2026_2_25_529
KL605,62.72466,-107.86662,38000,531,64,2026-02-25T15:29:57Z,AMS,SFO,2026-02-25T19:01:20Z,AMS_SFO_KL_2026_2_25_1013
AF338,67.77187,-99.26514,40000,537,-64,2026-02-25T15:29:59Z,CDG,SEA,2026-02-25T18:35:44Z,CDG_SEA_AF_2026_2_25_1036
AA1172,39.31783,-86.29315,36975,488,0,2026-02-25T15:29:57Z,ORD,STT,2026-02-25T19:16:16Z,ORD_STT_AA_2026_2_25_1504
DL713,40.01633,-86.53833,38000,384,0,2026-02-25T15:29:57Z,JFK,LAX,2026-02-25T19:29:04Z,JFK_LAX_DL_2026_2_25_845
UA297,45.21281,-90.81482,38000,387,0,2026-02-25T15:29:57Z,EWR,BZN,2026-02-25T17:48:48Z,EWR_BZN_UA_2026_2_25_819
DL274,42.21032,-0.83357,0,0,0,2026-02-25T15:29:51Z,HND,DTW,2026-01-19T18:59:44Z,HND_DTW_DL_2026_2_25_1651
DL274,42.21032,-0.83357,0,0,0,2026-02-25T15:29:51Z,HND,DTW,2026-01-19T18:59:44Z,HND_DTW_DL_2026_2_25_1642
AA142,40.72879,-73.59541,11425,349,1088,2026-02-25T15:29:58Z,JFK,LHR,2026-02-25T21:41:20Z,JFK_LHR_AA_2026_2_25_1024
AA1688,40.90857,-74.20484,38000,351,0,2026-02-25T15:29:58Z,BOS,CLT,2026-02-25T16:49:04Z,BOS_CLT_AA_2026_2_25_954
BA175,49.27263,-65.01688,38000,405,0,2026-02-25T15:29:59Z,LHR,JFK,2026-02-25T17:14:40Z,LHR_JFK_BA_2026_2_25_955
DL1112,33.94908,-118.40172,0,11,0,2026-02-25T15:29:58Z,LAX,MSY,,LAX_MSY_DL_2026_2_25_732
AA2581,32.87981,-97.03139,0,2,0,2026-02-25T15:29:58Z,DFW,MKE,,DFW_MKE_AA_2026_2_25_1532
AA2581,32.87981,-97.03139,0,2,0,2026-02-25T15:29:58Z,DFW,MKE,,MKE_DFW_AA_2026_2_25_1835
AA1766,0.03288,-97.03008,0,1,0,2026-02-25T15:29:57Z,DFW,JFK,,DFW_JFK_AA_2026_2_25_1530
AA1766,0.03288,-97.03008,0,1,0,2026-02-25T15:29:57Z,DFW,JFK,,JFK_DFW_AA_2026_2_25_1938
AA2097,26.59362,-83.40461,38000,422,64,2026-02-25T15:29:58Z,MIA,DFW,2026-02-25T17:42:24Z,MIA_DFW_AA_2026_2_25_1458
DL8800,32.03469,-85.99913,39000,487,0,2026-02-25T15:29:58Z,MSP,MIA,2026-02-25T16:38:35Z,MSP_MIA_DL_2026_2_25_743
DL1368,3.34124,-84.28217,38000,287,0,2026-02-25T15:29:59Z,JFK,MSY,2026-02-25T16:25:36Z,JFK_MSY_DL_2026_2_25_813
DL1368,3.34124,-84.28217,38000,287,0,2026-02-25T15:29:59Z,JFK,MSY,2026-02-25T16:25:36Z,MSY_JFK_DL_2026_2_25_1154
UA1256,38.97871,-96.60762,38000,385,0,2026-02-25T15:29:58Z,CLT,DEN,2026-02-25T16:36:16Z,CLT_DEN_UA_2026_2_25_815
UA838,44.93205,-135.36984,39000,506,0,2026-02-25T15:29:54Z,NRT,SFO,2026-02-25T17:10:24Z,NRT_SFO_UA_2026_2_25_1655
UA1116,43.21001,-109.52072,38000,403,-64,2026-02-25T15:29:57Z,MSP,SFO,2026-02-25T17:18:56Z,MSP_SFO_UA_2026_2_25_736
UA1898,34.81609,-90.07742,38000,339,0,2026-02-25T15:29:57Z,BWI,IAH,2026-02-25T16:32:00Z,BWI_IAH_UA_2026_2_25_822
AA249,38.78568,-9.08395,38000,396,64,2026-02-25T15:29:59Z,ORD,MEX,2026-02-25T18:35:44Z,ORD_MEX_AA_2026_2_25_851
BA117,45.25342,-70.48553,38000,397,-64,2026-02-25T15:29:59Z,LHR,JFK,2026-02-25T16:32:00Z,LHR_JFK_BA_2026_2_25_903
BA195,53.29057,-67.14636,38000,450,0,2026-02-25T15:29:54Z,LHR,IAH,2026-02-25T19:56:48Z,LHR_IAH_BA_2026_2_25_1010
AF84,68.07756,-79.41552,34000,480,0,2026-02-25T15:29:54Z,CDG,SFO,2026-02-25T20:45:52Z,CDG_SFO_AF_2026_2_25_1105
AA1349,33.78701,-93.19215,40000,340,0,2026-02-25T15:34:57Z,JFK,AUS,2026-02-25T16:27:44Z,JFK_AUS_AA_2026_2_25_726
DL2582,34.43739,-118.34461,12225,339,2304,2026-02-25T15:34:58Z,BUR,SLC,2026-02-25T16:59:44Z,BUR_SLC_DL_2026_2_25_729
UA1384,37.71071,-98.07227,22575,324,1984,2026-02-25T15:34:58Z,ICT,DEN,2026-02-25T16:40:32Z,ICT_DEN_UA_2026_2_25_927
DL8851,36.89614,-97.59167,40000,383,0,2026-02-25T15:34:57Z,ATL,DEN,2026-02-25T16:46:33Z,ATL_DEN_DL_2026_2_25_836
UA1666,3.93798,-95.37903,38000,379,0,2026-02-25T15:34:57Z,CVG,DEN,2026-02-25T16:51:12Z,CVG_DEN_UA_2026_2_25_908
DL853,60.85909,-145.92522,36775,488,1152,2026-02-25T15:34:58Z,ANC,SEA,2026-02-25T18:14:24Z,ANC_SEA_DL_2026_2_25_613
DL2301,34.56453,-87.73904,39000,465,0,2026-02-25T15:34:58Z,MSP,TPA,2026-02-25T16:46:56Z,MSP_TPA_DL_2026_2_25_806
UA1886,34.65302,-82.57072,38950,579,0,2026-02-25T15:34:57Z,IAH,EWR,2026-02-25T16:57:36Z,IAH_EWR_UA_2026_2_25_814
BA53,69.79842,-92.79226,40000,528,0,2026-02-25T15:34:58Z,LHR,SEA,2026-02-25T19:14:08Z,LHR_SEA_BA_2026_2_25_1020
AA2896,37.06233,-76.07494,38000,356,0,2026-02-25T15:34:58Z,LGA,FLL,2026-02-25T17:21:04Z,LGA_FLL_AA_2026_2_25_1441
AA2896,37.06233,-76.07494,38000,356,0,2026-02-25T15:34:58Z,LGA,FLL,2026-02-25T17:21:04Z,FLL_LGA_AA_2026_2_25_1906
AA3052,39.03848,-77.03998,12575,379,1728,2026-02-25T15:34:57Z,DCA,FLL,,DCA_FLL_AA_2026_2_25_1530
AA3052,39.03848,-77.03998,12575,379,1728,2026-02-25T15:34:57Z,DCA,FLL,,FLL_DCA_AA_2026_2_25_1901
KL689,49.30554,-79.47559,39975,463,64,2026-02-25T15:34:58Z,AMS,CUN,2026-02-25T19:29:04Z,AMS_CUN_KL_2026_2_25_906
UA905,48.49174,-69.11911,38025,405,64,2026-02-25T15:34:58Z,LHR,EWR,2026-02-25T17:04:00Z,LHR_EWR_UA_2026_2_25_921
KL661,50.19452,-78.12031,36000,461,64,2026-02-25T15:34:58Z,AMS,IAH,2026-02-25T18:52:48Z,AMS_IAH_KL_2026_2_25_1014
AF636,5.64906,-74.12442,38000,475,0,2026-02-25T15:34:57Z,CDG,IAH,2026-02-25T19:44:00Z,CDG_IAH_AF_2026_2_25_1048
UA654,31.70175,-105.33681,39000,504,0,2026-02-25T15:34:57Z,LAX,IAH,2026-02-25T16:53:20Z,LAX_IAH_UA_2026_2_25_605
UA654,31.70175,-105.33681,39000,504,0,2026-02-25T15:34:57Z,LAX,IAH,2026-02-25T16:53:20Z,IAH_DCA_UA_2026_2_25_1213
AA3139,3.26395,-9.54981,26500,537,1088,2026-02-25T15:34:58Z,DFW,PNS,2026-02-25T16:36:16Z,DFW_PNS_AA_2026_2_25_1520
AA3139,3.26395,-9.54981,26500,537,1088,2026-02-25T15:34:58Z,DFW,PNS,2026-02-25T16:36:16Z,PNS_DFW_AA_2026_2_25_1740
AA882,34.48194,-112.79245,34250,405,1536,2026-02-25T15:34:58Z,PHX,RNO,2026-02-25T16:49:04Z,PHX_RNO_AA_2026_2_25_819
AA882,34.48194,-112.79245,34250,405,1536,2026-02-25T15:34:58Z,PHX,RNO,2026-02-25T16:49:04Z,RNO_PHX_AA_2026_2_25_1002
UA595,34.46197,-99.23933,38000,408,0,2026-02-25T15:34:58Z,AUS,DEN,2026-02-25T16:49:04Z,AUS_DEN_UA_2026_2_25_853
UA357,34.60684,-97.75595,38025,377,256,2026-02-25T15:34:57Z,DFW,DEN,2026-02-25T16:57:36Z,DFW_DEN_UA_2026_2_25_1515
DL2947,40.53638,-121.22202,38950,470,0,2026-02-25T15:34:57Z,PDX,LAX,2026-02-25T16:44:48Z,PDX_LAX_DL_2026_2_25_651
DL166,51.99692,-130.44304,39000,528,0,2026-02-25T15:34:57Z,HND,SEA,2026-02-25T16:29:52Z,HND_SEA_DL_2026_2_25_1707
KL601,58.23973,-102.96579,36000,531,-64,2026-02-25T15:34:57Z,AMS,LAX,2026-02-25T19:05:36Z,AMS_LAX_KL_2026_2_25_1000
DL57,60.50785,-97.44903,38000,492,0,2026-02-25T15:34:59Z,AMS,SLC,2026-02-25T18:44:16Z,AMS_SLC_DL_2026_2_25_955
AA2523,36.47992,-79.58388,38000,339,0,2026-02-25T15:34:58Z,PHL,TPA,2026-02-25T16:57:36Z,PHL_TPA_AA_2026_2_25_937
UA4200,24.06175,-78.78754,40025,493,-64,2026-02-25T15:34:58Z,MDE,EWR,2026-02-25T17:50:53Z,MDE_EWR_UA_2026_2_25_1248
AA2111,4.00766,-75.45132,36450,324,384,2026-02-25T15:34:58Z,LGA,CLT,2026-02-25T16:44:48Z,LGA_CLT_AA_2026_2_25_1014
AA2111,4.00766,-75.45132,36450,324,384,2026-02-25T15:34:58Z,LGA,CLT,2026-02-25T16:44:48Z,CLT_LGA_AA_2026_2_25_743
DL33,4.69916,-71.22908,38000,404,64,2026-02-25T15:34:57Z,LHR,ATL,2026-02-25T18:14:24Z,LHR_ATL_DL_2026_2_25_908
AF158,57.61816,-7.13829,36000,459,0,2026-02-25T15:34:55Z,CDG,DFW,2026-02-25T19:39:44Z,CDG_DFW_AF_2026_2_25_956
DL1794,27.75072,-81.03014,39000,434,0,2026-02-25T15:34:58Z,SJO,ATL,2026-02-25T16:40:32Z,SJO_ATL_DL_2026_2_25_1317
AA1283,32.25162,-81.22338,38000,391,-64,2026-02-25T15:34:58Z,IND,MIA,2026-02-25T16:44:48Z,IND_MIA_AA_2026_2_25_925
UA2609,35.41252,-9.80462,16375,366,2880,2026-02-25T15:34:57Z,OKC,DEN,2026-02-25T16:51:12Z,OKC_DEN_UA_2026_2_25_929
UA6,56.04725,-144.88028,37975,510,0,2026-02-25T15:34:58Z,NRT,IAH,2026-02-25T20:48:00Z,NRT_IAH_UA_2026_2_25_1818
UA1119,39.71599,-104.64317,9300,264,1920,2026-02-25T15:34:57Z,DEN,CUN,2026-02-25T18:48:32Z,DEN_CUN_UA_2026_2_25_1532
LH454,70.34715,-9.53465,36000,531,-64,2026-02-25T15:34:58Z,FRA,SFO,2026-02-25T20:13:52Z,FRA_SFO_LH_2026_2_25_1054
AA3193,34.61998,-90.99359,38000,353,64,2026-02-25T15:34:58Z,MIA,EGE,2026-02-25T17:42:24Z,MIA_EGE_AA_2026_2_25_829
AA2731,36.49777,-87.19917,37975,375,-64,2026-02-25T15:34:57Z,PHL,DFW,2026-02-25T16:59:44Z,PHL_DFW_AA_2026_2_25_1354
AA1293,36.66032,-86.22328,37000,493,64,2026-02-25T15:34:58Z,ORD,MCO,2026-02-25T16:57:36Z,ORD_MCO_AA_2026_2_25_849
AA1616,36.39478,-83.19614,38000,346,0,2026-02-25T15:34:58Z,CLT,MCI,2026-02-25T17:14:40Z,CLT_MCI_AA_2026_2_25_1010
AA1616,36.39478,-83.19614,38000,346,0,2026-02-25T15:34:58Z,CLT,MCI,2026-02-25T17:14:40Z,MCI_CLT_AA_2026_2_25_1232
UA3895,41.11219,-80.46006,40000,365,0,2026-02-25T15:34:59Z,EWR,AMA,2026-02-25T18:01:36Z,EWR_AMA_UA_2026_2_25_938
AA3317,33.13829,-79.50784,38000,338,0,2026-02-25T15:34:58Z,LGA,PBI,2026-02-25T16:32:00Z,LGA_PBI_AA_2026_2_25_844
AA3317,33.13829,-79.50784,38000,338,0,2026-02-25T15:34:58Z,LGA,PBI,2026-02-25T16:32:00Z,PBI_LGA_AA_2026_2_25_1314
DL1930,30.36128,-67.99087,39000,439,0,2026-02-25T15:34:58Z,JFK,STT,2026-02-25T17:18:56Z,JFK_STT_DL_2026_2_25_1356
KL623,48.83308,-69.02597,33975,428,64,2026-02-25T15:34:57Z,AMS,ATL,2026-02-25T18:22:56Z,AMS_ATL_KL_2026_2_25_1037
DL830,33.49722,-91.75243,40000,359,0,2026-02-25T15:34:57Z,ATL,SLC,2026-02-25T18:12:16Z,ATL_SLC_DL_2026_2_25_928
DL120,56.79131,-135.03589,41000,540,0,2026-02-25T15:34:57Z,HND,MSP,2026-02-25T18:59:12Z,HND_MSP_DL_2026_2_25_1742
DL966,47.46977,-114.59557,40000,411,0,2026-02-25T15:34:57Z,CVG,SEA,2026-02-25T16:32:00Z,CVG_SEA_DL_2026_2_25_653
DL274,55.08331,-120.56946,39000,537,0,2026-02-25T15:34:58Z,HND,DTW,2026-02-25T18:46:24Z,HND_DTW_DL_2026_2_25_1651
DL274,55.08331,-120.56946,39000,537,0,2026-02-25T15:34:58Z,HND,DTW,2026-02-25T18:46:24Z,HND_DTW_DL_2026_2_25_1642
UA2115,40.13823,-109.51666,36000,416,0,2026-02-25T15:34:57Z,EWR,SFO,2026-02-25T17:12:32Z,EWR_SFO_UA_2026_2_25_613
UA3929,40.21669,-101.52893,41000,516,0,2026-02-25T15:34:58Z,SFO,IAD,2026-02-25T17:53:04Z,SFO_IAD_UA_2026_2_25_529
KL605,62.08956,-10.86854,37975,533,-64,2026-02-25T15:34:58Z,AMS,SFO,2026-02-25T19:01:20Z,AMS_SFO_KL_2026_2_25_1013
AF338,67.24667,-100.59583,40000,533,0,2026-02-25T15:34:58Z,CDG,SEA,2026-02-25T18:35:44Z,CDG_SEA_AF_2026_2_25_1036
AA1172,38.73024,-85.82872,37050,504,0,2026-02-25T15:34:57Z,ORD,STT,2026-02-25T19:14:08Z,ORD_STT_AA_2026_2_25_1504
DL713,39.98456,-87.23456,38000,385,0,2026-02-25T15:34:57Z,JFK,LAX,2026-02-25T19:31:12Z,JFK_LAX_DL_2026_2_25_845
UA297,45.39374,-91.53085,38000,380,0,2026-02-25T15:34:59Z,EWR,BZN,2026-02-25T17:48:48Z,EWR_BZN_UA_2026_2_25_819
DL274,42.21032,-83.35699,0,0,0,2026-02-25T15:34:58Z,HND,DTW,2026-01-19T18:59:44Z,HND_DTW_DL_2026_2_25_1651
DL274,42.21032,-83.35699,0,0,0,2026-02-25T15:34:58Z,HND,DTW,2026-01-19T18:59:44Z,HND_DTW_DL_2026_2_25_1642
AA1688,40.60458,-74.70597,38025,352,0,2026-02-25T15:34:58Z,BOS,CLT,2026-02-25T16:49:04Z,BOS_CLT_AA_2026_2_25_954
AA142,41.24463,-73.23412,19700,462,2560,2026-02-25T15:34:57Z,JFK,LHR,2026-02-25T21:43:28Z,JFK_LHR_AA_2026_2_25_1024
BA175,48.83775,-65.56091,38000,410,-64,2026-02-25T15:34:58Z,LHR,JFK,2026-02-25T17:12:32Z,LHR_JFK_BA_2026_2_25_955
DL1112,33.86726,-118.49654,4250,262,2752,2026-02-25T15:34:58Z,LAX,MSY,,LAX_MSY_DL_2026_2_25_732
AA2581,3.30472,-96.98949,4525,275,2304,2026-02-25T15:34:57Z,DFW,MKE,2026-02-25T17:25:20Z,DFW_MKE_AA_2026_2_25_1532
AA2581,3.30472,-96.98949,4525,275,2304,2026-02-25T15:34:57Z,DFW,MKE,2026-02-25T17:25:20Z,MKE_DFW_AA_2026_2_25_1835
AA1766,33.05795,-96.87145,9200,300,2752,2026-02-25T15:34:58Z,DFW,JFK,2026-02-25T18:29:20Z,DFW_JFK_AA_2026_2_25_1530
AA1766,33.05795,-96.87145,9200,300,2752,2026-02-25T15:34:58Z,DFW,JFK,2026-02-25T18:29:20Z,JFK_DFW_AA_2026_2_25_1938
AA2097,26.83909,-83.99465,38000,421,0,2026-02-25T15:34:57Z,MIA,DFW,2026-02-25T17:40:16Z,MIA_DFW_AA_2026_2_25_1458
DL8800,31.48989,-85.49044,39000,527,0,2026-02-25T15:34:57Z,MSP,MIA,2026-02-25T16:33:54Z,MSP_MIA_DL_2026_2_25_743
DL1368,33.17182,-84.66569,38000,292,64,2026-02-25T15:34:58Z,JFK,MSY,2026-02-25T16:27:44Z,JFK_MSY_DL_2026_2_25_813
DL1368,33.17182,-84.66569,38000,292,64,2026-02-25T15:34:58Z,JFK,MSY,2026-02-25T16:27:44Z,MSY_JFK_DL_2026_2_25_1154
UA1256,38.95107,-97.28996,38000,384,0,2026-02-25T15:34:57Z,CLT,DEN,2026-02-25T16:36:16Z,CLT_DEN_UA_2026_2_25_815
UA838,44.54501,-134.52859,39000,506,0,2026-02-25T15:34:58Z,NRT,SFO,2026-02-25T17:10:24Z,NRT_SFO_UA_2026_2_25_1655
DL188,5.51884,-158.63474,39000,500,0,2026-02-25T15:34:57Z,ICN,ATL,2026-02-25T22:09:04Z,ICN_ATL_DL_2026_2_25_1814
UA1116,4.30199,-110.25579,38000,407,0,2026-02-25T15:34:57Z,MSP,SFO,2026-02-25T17:14:40Z,MSP_SFO_UA_2026_2_25_736
UA1898,34.54199,-90.54199,38000,336,0,2026-02-25T15:34:57Z,BWI,IAH,2026-02-25T16:34:08Z,BWI_IAH_UA_2026_2_25_822
AA249,38.36526,-91.28709,38000,395,64,2026-02-25T15:34:57Z,ORD,MEX,2026-02-25T18:35:44Z,ORD_MEX_AA_2026_2_25_851
BA117,44.86519,-71.02844,38000,393,64,2026-02-25T15:34:58Z,LHR,JFK,2026-02-25T16:32:00Z,LHR_JFK_BA_2026_2_25_903
BA195,52.93015,-68.01031,38000,450,0,2026-02-25T15:34:58Z,LHR,IAH,2026-02-25T19:56:48Z,LHR_IAH_BA_2026_2_25_1010
AA1349,33.60022,-93.71063,40000,335,0,2026-02-25T15:39:58Z,JFK,AUS,2026-02-25T16:29:52Z,JFK_AUS_AA_2026_2_25_726
DL2301,34.00161,-8.73484,39000,470,0,2026-02-25T15:39:59Z,MSP,TPA,2026-02-25T16:46:56Z,MSP_TPA_DL_2026_2_25_806
DL2582,34.69926,-117.84255,20900,414,1216,2026-02-25T15:39:58Z,BUR,SLC,2026-02-25T16:59:44Z,BUR_SLC_DL_2026_2_25_729
UA1384,3.78344,-98.68045,30850,388,1280,2026-02-25T15:39:58Z,ICT,DEN,2026-02-25T16:40:32Z,ICT_DEN_UA_2026_2_25_927
DL8851,37.10413,-98.20211,40000,368,0,2026-02-25T15:39:57Z,ATL,DEN,2026-02-25T16:45:04Z,ATL_DEN_DL_2026_2_25_836
DL853,60.50693,-144.78911,39000,476,64,2026-02-25T15:39:58Z,ANC,SEA,2026-02-25T18:12:16Z,ANC_SEA_DL_2026_2_25_613
UA1666,39.75515,-95.85718,38000,368,-64,2026-02-25T15:39:59Z,CVG,DEN,2026-02-25T16:49:04Z,CVG_DEN_UA_2026_2_25_908
UA1886,3.51299,-81.77003,38950,583,0,2026-02-25T15:39:59Z,IAH,EWR,2026-02-25T16:55:28Z,IAH_EWR_UA_2026_2_25_814
BA53,69.34451,-0.94422,39975,520,64,2026-02-25T15:39:59Z,LHR,SEA,2026-02-25T19:14:08Z,LHR_SEA_BA_2026_2_25_1020
KL689,48.84315,-80.15209,40000,462,-64,2026-02-25T15:39:58Z,AMS,CUN,2026-02-25T19:31:12Z,AMS_CUN_KL_2026_2_25_906
AA2896,36.59496,-76.26286,38000,345,0,2026-02-25T15:39:59Z,LGA,FLL,2026-02-25T17:18:56Z,LGA_FLL_AA_2026_2_25_1441
AA2896,36.59496,-76.26286,38000,345,0,2026-02-25T15:39:59Z,LGA,FLL,2026-02-25T17:18:56Z,FLL_LGA_AA_2026_2_25_1906
AA3052,38.55382,-76.76831,24000,424,2176,2026-02-25T15:39:58Z,DCA,FLL,2026-02-25T17:42:24Z,DCA_FLL_AA_2026_2_25_1530
AA3052,38.55382,-76.76831,24000,424,2176,2026-02-25T15:39:58Z,DCA,FLL,2026-02-25T17:42:24Z,FLL_DCA_AA_2026_2_25_1901
KL661,49.74088,-78.82119,35975,463,-64,2026-02-25T15:39:58Z,AMS,IAH,2026-02-25T18:54:56Z,AMS_IAH_KL_2026_2_25_1014
UA905,4.80218,-69.55909,38000,389,-192,2026-02-25T15:39:58Z,LHR,EWR,2026-02-25T17:04:00Z,LHR_EWR_UA_2026_2_25_921
AF636,56.05714,-75.01756,38000,473,0,2026-02-25T15:39:58Z,CDG,IAH,2026-02-25T19:48:16Z,CDG_IAH_AF_2026_2_25_1048
UA654,31.59775,-104.52415,39000,501,0,2026-02-25T15:39:59Z,LAX,IAH,2026-02-25T16:51:12Z,LAX_IAH_UA_2026_2_25_605
UA654,31.59775,-104.52415,39000,501,0,2026-02-25T15:39:59Z,LAX,IAH,2026-02-25T16:51:12Z,IAH_DCA_UA_2026_2_25_1213
AA3139,32.53409,-94.59371,31000,556,0,2026-02-25T15:39:58Z,DFW,PNS,2026-02-25T16:36:16Z,DFW_PNS_AA_2026_2_25_1520
AA3139,32.53409,-94.59371,31000,556,0,2026-02-25T15:39:58Z,DFW,PNS,2026-02-25T16:36:16Z,PNS_DFW_AA_2026_2_25_1740
AA882,34.85222,-113.28255,38025,404,-64,2026-02-25T15:39:57Z,PHX,RNO,2026-02-25T16:49:04Z,PHX_RNO_AA_2026_2_25_819
AA882,34.85222,-113.28255,38025,404,-64,2026-02-25T15:39:57Z,PHX,RNO,2026-02-25T16:49:04Z,RNO_PHX_AA_2026_2_25_1002
UA595,34.96348,-9.95656,38000,407,64,2026-02-25T15:39:59Z,AUS,DEN,2026-02-25T16:49:04Z,AUS_DEN_UA_2026_2_25_853
UA357,34.93727,-98.25502,38000,376,-64,2026-02-25T15:39:59Z,DFW,DEN,2026-02-25T16:55:28Z,DFW_DEN_UA_2026_2_25_1515
DL2947,39.88126,-121.09839,39000,474,0,2026-02-25T15:39:59Z,PDX,LAX,2026-02-25T16:44:48Z,PDX_LAX_DL_2026_2_25_651
DL166,51.59468,-129.46066,39000,521,0,2026-02-25T15:39:59Z,HND,SEA,2026-02-25T16:32:00Z,HND_SEA_DL_2026_2_25_1707
KL601,57.56152,-103.50822,36000,531,0,2026-02-25T15:39:58Z,AMS,LAX,2026-02-25T19:05:36Z,AMS_LAX_KL_2026_2_25_1000
DL57,60.02145,-9.83046,38000,491,0,2026-02-25T15:40:00Z,AMS,SLC,2026-02-25T18:44:16Z,AMS_SLC_DL_2026_2_25_955
AA2523,36.10263,-79.92525,38000,333,0,2026-02-25T15:39:59Z,PHL,TPA,2026-02-25T16:57:36Z,PHL_TPA_AA_2026_2_25_937
UA4200,24.74158,-78.71221,40000,492,0,2026-02-25T15:39:58Z,MDE,EWR,2026-02-25T17:51:34Z,MDE_EWR_UA_2026_2_25_1248
AA2111,39.80918,-75.92208,37975,335,0,2026-02-25T15:39:58Z,LGA,CLT,2026-02-25T16:44:48Z,LGA_CLT_AA_2026_2_25_1014
AA2111,39.80918,-75.92208,37975,335,0,2026-02-25T15:39:58Z,LGA,CLT,2026-02-25T16:44:48Z,CLT_LGA_AA_2026_2_25_743
DL33,46.59074,-71.79627,38000,398,0,2026-02-25T15:39:58Z,LHR,ATL,2026-02-25T18:14:24Z,LHR_ATL_DL_2026_2_25_908
AF158,57.24738,-72.21214,36000,360,0,2026-02-25T15:39:53Z,CDG,DFW,2026-02-25T19:39:44Z,CDG_DFW_AF_2026_2_25_956
DL1794,28.29706,-81.28547,39000,420,0,2026-02-25T15:39:59Z,SJO,ATL,2026-02-25T16:42:40Z,SJO_ATL_DL_2026_2_25_1317
AA1283,31.69514,-8.12039,38000,418,0,2026-02-25T15:39:58Z,IND,MIA,2026-02-25T16:40:32Z,IND_MIA_AA_2026_2_25_925
AA3317,32.80893,-79.91483,38975,345,960,2026-02-25T15:39:59Z,LGA,PBI,2026-02-25T16:34:08Z,LGA_PBI_AA_2026_2_25_844
AA3317,32.80893,-79.91483,38975,345,960,2026-02-25T15:39:59Z,LGA,PBI,2026-02-25T16:34:08Z,PBI_LGA_AA_2026_2_25_1314
UA2609,35.47029,-98.72507,27350,429,1536,2026-02-25T15:39:58Z,OKC,DEN,2026-02-25T16:49:04Z,OKC_DEN_UA_2026_2_25_929
UA1119,39.22018,-104.40845,19400,438,2304,2026-02-25T15:39:58Z,DEN,CUN,2026-02-25T18:52:48Z,DEN_CUN_UA_2026_2_25_1532
LH454,69.81169,-96.81355,36000,532,-128,2026-02-25T15:39:58Z,FRA,SFO,2026-02-25T20:13:52Z,FRA_SFO_LH_2026_2_25_1054
AA3193,3.49334,-91.45844,38000,358,-64,2026-02-25T15:39:57Z,MIA,EGE,2026-02-25T17:44:32Z,MIA_EGE_AA_2026_2_25_829
AA2731,36.29427,-87.79777,38000,374,0,2026-02-25T15:39:59Z,PHL,DFW,2026-02-25T17:01:52Z,PHL_DFW_AA_2026_2_25_1354
AA1293,36.05894,-85.83267,37000,488,-64,2026-02-25T15:39:59Z,ORD,MCO,2026-02-25T16:57:36Z,ORD_MCO_AA_2026_2_25_849
AA1616,36.63452,-83.70618,38000,339,0,2026-02-25T15:39:57Z,CLT,MCI,2026-02-25T17:14:40Z,CLT_MCI_AA_2026_2_25_1010
AA1616,36.63452,-83.70618,38000,339,0,2026-02-25T15:39:57Z,CLT,MCI,2026-02-25T17:14:40Z,MCI_CLT_AA_2026_2_25_1232
LH456,71.84285,-90.50774,33000,529,0,2026-02-25T15:39:53Z,FRA,LAX,2026-02-25T20:56:32Z,FRA_LAX_LH_2026_2_25_1113
UA3895,41.15263,-8.11261,40000,364,0,2026-02-25T15:39:58Z,EWR,AMA,2026-02-25T18:01:36Z,EWR_AMA_UA_2026_2_25_938
DL1930,29.80208,-67.85398,39000,443,0,2026-02-25T15:39:53Z,JFK,STT,2026-02-25T17:18:56Z,JFK_STT_DL_2026_2_25_1356
KL623,48.53018,-69.81044,33975,424,384,2026-02-25T15:39:58Z,AMS,ATL,2026-02-25T18:31:28Z,AMS_ATL_KL_2026_2_25_1037
DL42,28.29105,-127.36256,41000,530,0,2026-02-25T15:40:00Z,SYD,LAX,2026-02-25T17:01:52Z,SYD_LAX_DL_2026_2_25_1433
DL830,33.50579,-92.35477,40000,361,0,2026-02-25T15:39:59Z,ATL,SLC,2026-02-25T18:14:24Z,ATL_SLC_DL_2026_2_25_928
DL120,5.66058,-133.71017,41000,539,0,2026-02-25T15:39:59Z,HND,MSP,2026-02-25T18:59:12Z,HND_MSP_DL_2026_2_25_1742
DL966,47.46662,-115.45173,40000,413,0,2026-02-25T15:39:59Z,CVG,SEA,2026-02-25T16:29:52Z,CVG_SEA_DL_2026_2_25_653
DL274,54.79097,-119.36573,39850,548,384,2026-02-25T15:39:59Z,HND,DTW,2026-02-25T18:44:16Z,HND_DTW_DL_2026_2_25_1651
DL274,54.79097,-119.36573,39850,548,384,2026-02-25T15:39:59Z,HND,DTW,2026-02-25T18:44:16Z,HND_DTW_DL_2026_2_25_1642
UA2115,39.94876,-110.22533,36000,409,0,2026-02-25T15:39:59Z,EWR,SFO,2026-02-25T17:12:32Z,EWR_SFO_UA_2026_2_25_613
UA3929,40.22537,-100.58795,41000,522,0,2026-02-25T15:39:59Z,SFO,IAD,2026-02-25T17:53:04Z,SFO_IAD_UA_2026_2_25_529
KL605,61.45226,-109.46737,38000,531,64,2026-02-25T15:39:57Z,AMS,SFO,2026-02-25T19:01:20Z,AMS_SFO_KL_2026_2_25_1013
AF338,66.69846,-101.82678,40000,530,0,2026-02-25T15:39:57Z,CDG,SEA,2026-02-25T18:35:44Z,CDG_SEA_AF_2026_2_25_1036
AA1172,38.14071,-85.37177,37000,488,64,2026-02-25T15:39:58Z,ORD,STT,2026-02-25T19:16:16Z,ORD_STT_AA_2026_2_25_1504
DL713,39.94885,-87.92719,40000,380,0,2026-02-25T15:39:59Z,JFK,LAX,2026-02-25T19:33:20Z,JFK_LAX_DL_2026_2_25_845
UA297,45.51743,-92.26299,38000,384,0,2026-02-25T15:39:59Z,EWR,BZN,2026-02-25T17:48:48Z,EWR_BZN_UA_2026_2_25_819
DL274,42.21032,-83.35699,0,0,0,2026-02-25T15:39:55Z,HND,DTW,2026-01-19T18:59:44Z,HND_DTW_DL_2026_2_25_1651
DL274,42.21032,-83.35699,0,0,0,2026-02-25T15:39:55Z,HND,DTW,2026-01-19T18:59:44Z,HND_DTW_DL_2026_2_25_1642
AA1688,40.27638,-75.17365,37975,350,64,2026-02-25T15:39:59Z,BOS,CLT,2026-02-25T16:49:04Z,BOS_CLT_AA_2026_2_25_954
AA142,41.70634,-72.45427,28850,596,1536,2026-02-25T15:39:57Z,JFK,LHR,2026-02-25T21:39:12Z,JFK_LHR_AA_2026_2_25_1024
BA175,48.39835,-66.09763,38000,403,64,2026-02-25T15:39:58Z,LHR,JFK,2026-02-25T17:14:40Z,LHR_JFK_BA_2026_2_25_955
DL1112,33.64499,-118.17494,16200,404,3392,2026-02-25T15:39:59Z,LAX,MSY,2026-02-25T18:42:08Z,LAX_MSY_DL_2026_2_25_732
AA1766,33.04026,-96.21523,21200,468,2304,2026-02-25T15:39:59Z,DFW,JFK,2026-02-25T18:29:20Z,DFW_JFK_AA_2026_2_25_1530
AA1766,33.04026,-96.21523,21200,468,2304,2026-02-25T15:39:59Z,DFW,JFK,2026-02-25T18:29:20Z,JFK_DFW_AA_2026_2_25_1938
AA2581,33.48454,-96.80136,16375,395,2240,2026-02-25T15:39:58Z,DFW,MKE,2026-02-25T17:25:20Z,DFW_MKE_AA_2026_2_25_1532
AA2581,33.48454,-96.80136,16375,395,2240,2026-02-25T15:39:58Z,DFW,MKE,2026-02-25T17:25:20Z,MKE_DFW_AA_2026_2_25_1835
AA2097,2.70853,-84.59509,38000,425,0,2026-02-25T15:39:58Z,MIA,DFW,2026-02-25T17:40:16Z,MIA_DFW_AA_2026_2_25_1458
DL8800,30.99829,-84.86125,39000,515,0,2026-02-25T15:39:59Z,MSP,MIA,2026-02-25T16:33:50Z,MSP_MIA_DL_2026_2_25_743
DL1368,32.92493,-85.05533,38000,296,0,2026-02-25T15:39:59Z,JFK,MSY,2026-02-25T16:29:52Z,JFK_MSY_DL_2026_2_25_813
DL1368,32.92493,-85.05533,38000,296,0,2026-02-25T15:39:59Z,JFK,MSY,2026-02-25T16:29:52Z,MSY_JFK_DL_2026_2_25_1154
UA1256,38.91916,-97.97174,38000,389,0,2026-02-25T15:39:58Z,CLT,DEN,2026-02-25T16:38:24Z,CLT_DEN_UA_2026_2_25_815
UA838,44.09777,-133.76918,39000,508,0,2026-02-25T15:40:00Z,NRT,SFO,2026-02-25T17:10:24Z,NRT_SFO_UA_2026_2_25_1655
DL188,55.33539,-15.74727,39000,495,0,2026-02-25T15:39:54Z,ICN,ATL,2026-02-25T22:13:20Z,ICN_ATL_DL_2026_2_25_1814
UA1116,42.82322,-110.98899,38000,419,64,2026-02-25T15:39:57Z,MSP,SFO,2026-02-25T17:14:40Z,MSP_SFO_UA_2026_2_25_736
UA1898,34.26962,-90.99781,38000,332,64,2026-02-25T15:39:57Z,BWI,IAH,2026-02-25T16:36:16Z,BWI_IAH_UA_2026_2_25_822
AA249,37.94422,-91.72838,38000,392,-64,2026-02-25T15:39:59Z,ORD,MEX,2026-02-25T18:35:44Z,ORD_MEX_AA_2026_2_25_851
BA117,44.43594,-7.15002,38000,395,0,2026-02-25T15:39:59Z,LHR,JFK,2026-02-25T16:29:52Z,LHR_JFK_BA_2026_2_25_903
BA195,5.28668,-7.01869,38000,462,0,2026-02-25T15:39:53Z,LHR,IAH,2026-02-25T19:56:48Z,LHR_IAH_BA_2026_2_25_1010
AA1349,33.41075,-94.22759,40000,348,0,2026-02-25T15:44:59Z,JFK,AUS,2026-02-25T16:29:52Z,JFK_AUS_AA_2026_2_25_726
DL2301,33.42613,-86.95497,39000,481,0,2026-02-25T15:44:59Z,MSP,TPA,2026-02-25T16:44:48Z,MSP_TPA_DL_2026_2_25_806
DL2582,34.81229,-117.13914,26100,442,832,2026-02-25T15:44:59Z,BUR,SLC,2026-02-25T16:59:44Z,BUR_SLC_DL_2026_2_25_729
DL8851,37.30074,-98.79157,40000,364,0,2026-02-25T15:44:59Z,ATL,DEN,2026-02-25T16:40:21Z,ATL_DEN_DL_2026_2_25_836
UA1384,3.79283,-99.35492,37750,383,1344,2026-02-25T15:44:58Z,ICT,DEN,2026-02-25T16:40:32Z,ICT_DEN_UA_2026_2_25_927
UA1666,39.51901,-96.44503,38000,382,64,2026-02-25T15:44:59Z,CVG,DEN,2026-02-25T16:53:20Z,CVG_DEN_UA_2026_2_25_908
DL853,60.14067,-143.66679,39000,485,0,2026-02-25T15:44:58Z,ANC,SEA,2026-02-25T18:14:24Z,ANC_SEA_DL_2026_2_25_613
BA53,6.88826,-9.59631,40000,521,-64,2026-02-25T15:44:58Z,LHR,SEA,2026-02-25T19:14:08Z,LHR_SEA_BA_2026_2_25_1020
UA1886,35.61653,-80.97645,38950,591,0,2026-02-25T15:44:58Z,IAH,EWR,2026-02-25T16:53:20Z,IAH_EWR_UA_2026_2_25_814
KL689,48.37914,-80.81312,39975,460,64,2026-02-25T15:44:59Z,AMS,CUN,2026-02-25T19:44:00Z,AMS_CUN_KL_2026_2_25_906
AA2896,36.15363,-76.43835,38000,339,0,2026-02-25T15:44:58Z,LGA,FLL,2026-02-25T17:23:12Z,LGA_FLL_AA_2026_2_25_1441
AA2896,36.15363,-76.43835,38000,339,0,2026-02-25T15:44:58Z,LGA,FLL,2026-02-25T17:23:12Z,FLL_LGA_AA_2026_2_25_1906
AA3052,37.97974,-76.65543,33075,388,640,2026-02-25T15:44:57Z,DCA,FLL,2026-02-25T17:44:32Z,DCA_FLL_AA_2026_2_25_1530
AA3052,37.97974,-76.65543,33075,388,640,2026-02-25T15:44:57Z,DCA,FLL,2026-02-25T17:44:32Z,FLL_DCA_AA_2026_2_25_1901
KL661,49.28304,-79.50885,36000,462,64,2026-02-25T15:44:57Z,AMS,IAH,2026-02-25T18:54:56Z,AMS_IAH_KL_2026_2_25_1014
UA905,47.56866,-69.97509,38025,388,0,2026-02-25T15:44:57Z,LHR,EWR,2026-02-25T17:08:16Z,LHR_EWR_UA_2026_2_25_921
AF636,55.61875,-75.88798,38000,475,0,2026-02-25T15:44:58Z,CDG,IAH,2026-02-25T19:48:16Z,CDG_IAH_AF_2026_2_25_1048
UA654,31.48956,-103.72052,39000,505,0,2026-02-25T15:44:59Z,LAX,IAH,2026-02-25T16:53:20Z,LAX_IAH_UA_2026_2_25_605
UA654,31.48956,-103.72052,39000,505,0,2026-02-25T15:44:59Z,LAX,IAH,2026-02-25T16:53:20Z,IAH_DCA_UA_2026_2_25_1213
AA3139,32.28882,-93.73738,35100,538,1088,2026-02-25T15:44:59Z,DFW,PNS,2026-02-25T16:38:24Z,DFW_PNS_AA_2026_2_25_1520
AA3139,32.28882,-93.73738,35100,538,1088,2026-02-25T15:44:59Z,DFW,PNS,2026-02-25T16:38:24Z,PNS_DFW_AA_2026_2_25_1740
UA830,34.35252,-126.08952,39000,519,0,2026-02-25T15:44:40Z,SYD,SFO,2026-02-25T16:27:44Z,SYD_SFO_UA_2026_2_25_1423
AA882,35.15732,-113.85217,38025,404,0,2026-02-25T15:44:59Z,PHX,RNO,2026-02-25T16:49:04Z,PHX_RNO_AA_2026_2_25_819
AA882,35.15732,-113.85217,38025,404,0,2026-02-25T15:44:59Z,PHX,RNO,2026-02-25T16:49:04Z,RNO_PHX_AA_2026_2_25_1002
DL2947,39.23507,-120.97876,39000,466,0,2026-02-25T15:44:58Z,PDX,LAX,2026-02-25T16:42:40Z,PDX_LAX_DL_2026_2_25_651
UA595,35.45516,-99.89033,37975,400,0,2026-02-25T15:44:58Z,AUS,DEN,2026-02-25T16:49:04Z,AUS_DEN_UA_2026_2_25_853
UA357,35.26305,-9.87541,38000,384,-64,2026-02-25T15:44:58Z,DFW,DEN,2026-02-25T16:57:36Z,DFW_DEN_UA_2026_2_25_1515
DL166,51.19061,-128.51012,39000,524,0,2026-02-25T15:44:57Z,HND,SEA,2026-02-25T16:32:00Z,HND_SEA_DL_2026_2_25_1707
KL601,56.88094,-104.03117,36000,531,64,2026-02-25T15:44:59Z,AMS,LAX,2026-02-25T19:05:36Z,AMS_LAX_KL_2026_2_25_1000
DL57,59.51154,-99.16675,38000,486,0,2026-02-25T15:44:59Z,AMS,SLC,2026-02-25T18:44:16Z,AMS_SLC_DL_2026_2_25_955
AA2523,35.66176,-80.14667,38000,342,0,2026-02-25T15:44:59Z,PHL,TPA,2026-02-25T16:59:44Z,PHL_TPA_AA_2026_2_25_937
UA4200,2.54263,-78.63566,41000,487,0,2026-02-25T15:44:59Z,MDE,EWR,2026-02-25T17:51:32Z,MDE_EWR_UA_2026_2_25_1248
AA2111,39.49412,-76.34151,37975,323,0,2026-02-25T15:44:57Z,LGA,CLT,2026-02-25T16:44:48Z,LGA_CLT_AA_2026_2_25_1014
AA2111,39.49412,-76.34151,37975,323,0,2026-02-25T15:44:57Z,LGA,CLT,2026-02-25T16:44:48Z,CLT_LGA_AA_2026_2_25_743
DL33,46.19164,-72.34902,39525,400,320,2026-02-25T15:44:59Z,LHR,ATL,2026-02-25T18:16:32Z,LHR_ATL_DL_2026_2_25_908
AF158,5.68043,-7.31641,36000,462,0,2026-02-25T15:44:59Z,CDG,DFW,2026-02-25T19:39:44Z,CDG_DFW_AF_2026_2_25_956
DL1794,0.28815,-81.55125,39000,398,0,2026-02-25T15:44:58Z,SJO,ATL,2026-02-25T16:44:48Z,SJO_ATL_DL_2026_2_25_1317
AA1283,31.11715,-81.13293,38000,411,0,2026-02-25T15:44:58Z,IND,MIA,2026-02-25T16:40:32Z,IND_MIA_AA_2026_2_25_925
AA3317,32.45282,-80.31113,40000,377,0,2026-02-25T15:44:58Z,LGA,PBI,2026-02-25T16:36:16Z,LGA_PBI_AA_2026_2_25_844
AA3317,32.45282,-80.31113,40000,377,0,2026-02-25T15:44:58Z,LGA,PBI,2026-02-25T16:36:16Z,PBI_LGA_AA_2026_2_25_1314
UA2609,35.65701,-99.35117,36700,396,896,2026-02-25T15:44:58Z,OKC,DEN,2026-02-25T16:49:04Z,OKC_DEN_UA_2026_2_25_929
UA1119,38.59644,-104.18836,28100,491,1856,2026-02-25T15:44:59Z,DEN,CUN,2026-02-25T18:50:40Z,DEN_CUN_UA_2026_2_25_1532
LH454,69.29503,-9.81321,36000,545,64,2026-02-25T15:44:46Z,FRA,SFO,2026-02-25T20:09:36Z,FRA_SFO_LH_2026_2_25_1054
AA3193,3.52408,-91.92094,38000,353,0,2026-02-25T15:44:58Z,MIA,EGE,2026-02-25T17:42:24Z,MIA_EGE_AA_2026_2_25_829
AA2731,0.03609,-88.38659,37975,372,0,2026-02-25T15:44:59Z,PHL,DFW,2026-02-25T17:01:52Z,PHL_DFW_AA_2026_2_25_1354
AA1293,35.46245,-85.45206,37000,479,0,2026-02-25T15:44:59Z,ORD,MCO,2026-02-25T16:57:36Z,ORD_MCO_AA_2026_2_25_849
AA1616,36.87209,-8.42188,38000,346,0,2026-02-25T15:44:58Z,CLT,MCI,2026-02-25T17:14:40Z,CLT_MCI_AA_2026_2_25_1010
AA1616,36.87209,-8.42188,38000,346,0,2026-02-25T15:44:58Z,CLT,MCI,2026-02-25T17:14:40Z,MCI_CLT_AA_2026_2_25_1232
LH456,71.28214,-92.22076,32000,522,0,2026-02-25T15:44:59Z,FRA,LAX,2026-02-25T20:56:32Z,FRA_LAX_LH_2026_2_25_1113
UA3895,4.11893,-81.79462,40000,364,0,2026-02-25T15:44:59Z,EWR,AMA,2026-02-25T18:01:36Z,EWR_AMA_UA_2026_2_25_938
DL1930,29.19489,-67.67961,39000,443,0,2026-02-25T15:44:59Z,JFK,STT,2026-02-25T17:18:56Z,JFK_STT_DL_2026_2_25_1356
KL623,48.22247,-70.58427,34000,427,-128,2026-02-25T15:44:59Z,AMS,ATL,2026-02-25T18:31:28Z,AMS_ATL_KL_2026_2_25_1037
DL42,28.69614,-126.67033,41000,530,0,2026-02-25T15:44:58Z,SYD,LAX,2026-02-25T17:01:52Z,SYD_LAX_DL_2026_2_25_1433
DL830,33.51137,-92.95082,40000,363,64,2026-02-25T15:44:58Z,ATL,SLC,2026-02-25T18:14:24Z,ATL_SLC_DL_2026_2_25_928
DL120,5.64082,-132.41064,41000,541,0,2026-02-25T15:44:59Z,HND,MSP,2026-02-25T18:57:04Z,HND_MSP_DL_2026_2_25_1742
DL966,47.53267,-116.27847,40000,403,0,2026-02-25T15:44:58Z,CVG,SEA,2026-02-25T16:32:00Z,CVG_SEA_DL_2026_2_25_653
DL274,5.44097,-118.24876,41000,547,0,2026-02-25T15:44:57Z,HND,DTW,2026-02-25T18:44:16Z,HND_DTW_DL_2026_2_25_1651
DL274,5.44097,-118.24876,41000,547,0,2026-02-25T15:44:57Z,HND,DTW,2026-02-25T18:44:16Z,HND_DTW_DL_2026_2_25_1642
UA2115,39.78392,-110.93259,38000,418,-64,2026-02-25T15:44:59Z,EWR,SFO,2026-02-25T17:14:40Z,EWR_SFO_UA_2026_2_25_613
UA3929,40.22612,-9.96468,41000,523,0,2026-02-25T15:44:57Z,SFO,IAD,2026-02-25T17:53:04Z,SFO_IAD_UA_2026_2_25_529
KL605,60.80466,-110.19486,38000,535,0,2026-02-25T15:44:58Z,AMS,SFO,2026-02-25T18:59:12Z,AMS_SFO_KL_2026_2_25_1013
AF338,66.13417,-103.01788,40000,534,0,2026-02-25T15:44:59Z,CDG,SEA,2026-02-25T18:35:44Z,CDG_SEA_AF_2026_2_25_1036
AA1172,3.75563,-84.92724,37475,485,896,2026-02-25T15:44:58Z,ORD,STT,2026-02-25T19:16:16Z,ORD_STT_AA_2026_2_25_1504
DL713,39.90942,-88.61096,40000,381,0,2026-02-25T15:44:58Z,JFK,LAX,2026-02-25T19:33:20Z,JFK_LAX_DL_2026_2_25_845
UA297,45.62497,-93.01328,38000,393,0,2026-02-25T15:44:58Z,EWR,BZN,2026-02-25T17:48:48Z,EWR_BZN_UA_2026_2_25_819
DL274,42.21032,-83.35699,0,0,0,2026-02-25T15:44:58Z,HND,DTW,2026-01-19T18:59:44Z,HND_DTW_DL_2026_2_25_1651
DL274,42.21032,-83.35699,0,0,0,2026-02-25T15:44:58Z,HND,DTW,2026-01-19T18:59:44Z,HND_DTW_DL_2026_2_25_1642
AA1688,39.94295,-75.63629,38000,351,0,2026-02-25T15:44:58Z,BOS,CLT,2026-02-25T16:49:04Z,BOS_CLT_AA_2026_2_25_954
AA142,42.26775,-71.58523,36675,617,1408,2026-02-25T15:44:59Z,JFK,LHR,2026-02-25T21:37:04Z,JFK_LHR_AA_2026_2_25_1024
BA175,47.95592,-66.62611,38000,413,0,2026-02-25T15:44:58Z,LHR,JFK,2026-02-25T17:12:32Z,LHR_JFK_BA_2026_2_25_955
DL1112,33.55965,-117.45032,27175,484,1472,2026-02-25T15:44:59Z,LAX,MSY,2026-02-25T18:44:16Z,LAX_MSY_DL_2026_2_25_732
AA1766,33.31204,-95.43745,30450,547,1728,2026-02-25T15:44:58Z,DFW,JFK,2026-02-25T18:27:12Z,DFW_JFK_AA_2026_2_25_1530
AA1766,33.31204,-95.43745,30450,547,1728,2026-02-25T15:44:58Z,DFW,JFK,2026-02-25T18:27:12Z,JFK_DFW_AA_2026_2_25_1938
AA2581,34.01834,-96.45766,26300,473,1664,2026-02-25T15:44:59Z,DFW,MKE,2026-02-25T17:25:20Z,DFW_MKE_AA_2026_2_25_1532
AA2581,34.01834,-96.45766,26300,473,1664,2026-02-25T15:44:59Z,DFW,MKE,2026-02-25T17:25:20Z,MKE_DFW_AA_2026_2_25_1835
UA1898,33.99669,-91.44874,38000,334,0,2026-02-25T15:44:58Z,BWI,IAH,2026-02-25T16:36:16Z,BWI_IAH_UA_2026_2_25_822
AA2097,27.32758,-85.19504,38000,420,0,2026-02-25T15:44:59Z,MIA,DFW,2026-02-25T17:40:16Z,MIA_DFW_AA_2026_2_25_1458
DL8800,30.51553,-84.25318,39000,510,0,2026-02-25T15:44:59Z,MSP,MIA,2026-02-25T16:35:01Z,MSP_MIA_DL_2026_2_25_743
DL1368,32.67674,-85.44269,38000,296,-64,2026-02-25T15:44:58Z,JFK,MSY,2026-02-25T16:32:00Z,JFK_MSY_DL_2026_2_25_813
DL1368,32.67674,-85.44269,38000,296,-64,2026-02-25T15:44:58Z,JFK,MSY,2026-02-25T16:32:00Z,MSY_JFK_DL_2026_2_25_1154
UA1256,38.88317,-98.66907,38000,391,0,2026-02-25T15:44:59Z,CLT,DEN,2026-02-25T16:36:16Z,CLT_DEN_UA_2026_2_25_815
UA838,43.69595,-132.97075,39000,508,0,2026-02-25T15:44:59Z,NRT,SFO,2026-02-25T17:10:24Z,NRT_SFO_UA_2026_2_25_1655
UA1116,42.61588,-111.72384,38000,416,64,2026-02-25T15:44:58Z,MSP,SFO,2026-02-25T17:14:40Z,MSP_SFO_UA_2026_2_25_736
DL188,55.47383,-156.27957,39000,494,0,2026-02-25T15:44:58Z,ICN,ATL,2026-02-25T22:13:20Z,ICN_ATL_DL_2026_2_25_1814
AA249,37.52203,-92.16413,38000,390,64,2026-02-25T15:44:59Z,ORD,MEX,2026-02-25T18:40:00Z,ORD_MEX_AA_2026_2_25_851
BA117,43.99075,-71.93514,38000,390,64,2026-02-25T15:44:59Z,LHR,JFK,2026-02-25T16:32:00Z,LHR_JFK_BA_2026_2_25_903
AA1349,33.21069,-9.47656,40000,353,64,2026-02-25T15:49:59Z,JFK,AUS,2026-02-25T16:29:52Z,JFK_AUS_AA_2026_2_25_726
DL2301,32.84488,-86.56391,39000,483,0,2026-02-25T15:49:58Z,MSP,TPA,2026-02-25T16:44:48Z,MSP_TPA_DL_2026_2_25_806
DL2582,35.18628,-116.55328,32450,431,1856,2026-02-25T15:49:59Z,BUR,SLC,2026-02-25T16:59:44Z,BUR_SLC_DL_2026_2_25_729
DL8851,37.49108,-99.37325,40000,362,0,2026-02-25T15:49:58Z,ATL,DEN,2026-02-25T16:41:07Z,ATL_DEN_DL_2026_2_25_836
UA1384,38.01586,-100.01141,38000,384,128,2026-02-25T15:49:58Z,ICT,DEN,2026-02-25T16:40:32Z,ICT_DEN_UA_2026_2_25_927
UA1666,39.23213,-97.01865,38000,377,0,2026-02-25T15:49:58Z,CVG,DEN,2026-02-25T16:55:28Z,CVG_DEN_UA_2026_2_25_908
DL853,59.76663,-142.57205,39000,473,0,2026-02-25T15:49:59Z,ANC,SEA,2026-02-25T18:12:16Z,ANC_SEA_DL_2026_2_25_613
BA53,68.40623,-97.44274,40000,519,64,2026-02-25T15:49:59Z,LHR,SEA,2026-02-25T19:12:00Z,LHR_SEA_BA_2026_2_25_1020
UA1886,36.10533,-80.15974,38950,596,0,2026-02-25T15:49:58Z,IAH,EWR,2026-02-25T16:53:20Z,IAH_EWR_UA_2026_2_25_814
KL689,47.91049,-81.46334,39975,463,0,2026-02-25T15:49:59Z,AMS,CUN,2026-02-25T19:46:08Z,AMS_CUN_KL_2026_2_25_906
KL661,48.81779,-80.18864,36000,463,64,2026-02-25T15:49:58Z,AMS,IAH,2026-02-25T18:57:04Z,AMS_IAH_KL_2026_2_25_1014
AA2896,35.71898,-76.64898,38000,330,0,2026-02-25T15:49:59Z,LGA,FLL,2026-02-25T17:23:12Z,LGA_FLL_AA_2026_2_25_1441
AA2896,35.71898,-76.64898,38000,330,0,2026-02-25T15:49:59Z,LGA,FLL,2026-02-25T17:23:12Z,FLL_LGA_AA_2026_2_25_1906
AA3052,37.44508,-76.68684,36450,357,1408,2026-02-25T15:49:58Z,DCA,FLL,2026-02-25T17:40:16Z,DCA_FLL_AA_2026_2_25_1530
AA3052,37.44508,-76.68684,36450,357,1408,2026-02-25T15:49:58Z,DCA,FLL,2026-02-25T17:40:16Z,FLL_DCA_AA_2026_2_25_1901
UA905,47.10471,-70.39222,38000,389,0,2026-02-25T15:49:58Z,LHR,EWR,2026-02-25T17:08:16Z,LHR_EWR_UA_2026_2_25_921
AF636,55.20755,-7.66765,38000,477,0,2026-02-25T15:49:38Z,CDG,IAH,2026-02-25T19:48:16Z,CDG_IAH_AF_2026_2_25_1048
UA654,31.38606,-102.90145,39000,514,0,2026-02-25T15:49:59Z,LAX,IAH,2026-02-25T16:49:04Z,LAX_IAH_UA_2026_2_25_605
UA654,31.38606,-102.90145,39000,514,0,2026-02-25T15:49:59Z,LAX,IAH,2026-02-25T16:49:04Z,IAH_DCA_UA_2026_2_25_1213
AA3139,32.05467,-92.89061,38450,553,384,2026-02-25T15:49:59Z,DFW,PNS,2026-02-25T16:36:16Z,DFW_PNS_AA_2026_2_25_1520
AA3139,32.05467,-92.89061,38450,553,384,2026-02-25T15:49:59Z,DFW,PNS,2026-02-25T16:36:16Z,PNS_DFW_AA_2026_2_25_1740
UA830,35.01436,-125.61659,39000,513,0,2026-02-25T15:49:58Z,SYD,SFO,2026-02-25T16:25:36Z,SYD_SFO_UA_2026_2_25_1423
AA882,35.48126,-114.40436,38000,399,0,2026-02-25T15:49:58Z,PHX,RNO,2026-02-25T16:53:20Z,PHX_RNO_AA_2026_2_25_819
AA882,35.48126,-114.40436,38000,399,0,2026-02-25T15:49:58Z,PHX,RNO,2026-02-25T16:53:20Z,RNO_PHX_AA_2026_2_25_1002
DL2947,38.59593,-12.08625,39000,467,0,2026-02-25T15:49:58Z,PDX,LAX,2026-02-25T16:42:40Z,PDX_LAX_DL_2026_2_25_651
UA357,35.59435,-99.26878,38000,371,0,2026-02-25T15:49:59Z,DFW,DEN,2026-02-25T16:57:36Z,DFW_DEN_UA_2026_2_25_1515
UA595,35.93285,-10.02099,38000,388,-64,2026-02-25T15:49:58Z,AUS,DEN,2026-02-25T16:49:04Z,AUS_DEN_UA_2026_2_25_853
DL166,5.07724,-127.56174,39000,531,0,2026-02-25T15:49:58Z,HND,SEA,2026-02-25T16:29:52Z,HND_SEA_DL_2026_2_25_1707
KL601,56.19563,-104.53706,35975,535,64,2026-02-25T15:50:00Z,AMS,LAX,2026-02-25T19:03:28Z,AMS_LAX_KL_2026_2_25_1000
DL57,58.93712,-10.00274,40000,513,0,2026-02-25T15:49:59Z,AMS,SLC,2026-02-25T18:44:16Z,AMS_SLC_DL_2026_2_25_955
AA2523,35.21109,-80.34164,38000,352,0,2026-02-25T15:49:58Z,PHL,TPA,2026-02-25T16:59:44Z,PHL_TPA_AA_2026_2_25_937
UA4200,26.09551,-78.55996,41000,484,0,2026-02-25T15:49:58Z,MDE,EWR,2026-02-25T17:53:13Z,MDE_EWR_UA_2026_2_25_1248
AA2111,39.16102,-76.77888,38025,347,0,2026-02-25T15:50:00Z,LGA,CLT,2026-02-25T16:44:48Z,LGA_CLT_AA_2026_2_25_1014
AA2111,39.16102,-76.77888,38025,347,0,2026-02-25T15:50:00Z,LGA,CLT,2026-02-25T16:44:48Z,CLT_LGA_AA_2026_2_25_743
DL33,45.78599,-72.89923,40000,402,0,2026-02-25T15:49:58Z,LHR,ATL,2026-02-25T18:14:24Z,LHR_ATL_DL_2026_2_25_908
AF158,56.37299,-74.05798,36000,458,0,2026-02-25T15:49:58Z,CDG,DFW,2026-02-25T19:44:00Z,CDG_DFW_AF_2026_2_25_956
DL1794,29.39122,-81.65152,39000,426,0,2026-02-25T15:49:59Z,SJO,ATL,2026-02-25T16:42:40Z,SJO_ATL_DL_2026_2_25_1317
AA1283,30.54955,-81.07883,38000,406,-64,2026-02-25T15:49:58Z,IND,MIA,2026-02-25T16:40:32Z,IND_MIA_AA_2026_2_25_925
AA3317,3.19995,-80.59666,40000,363,0,2026-02-25T15:49:58Z,LGA,PBI,2026-02-25T16:40:32Z,LGA_PBI_AA_2026_2_25_844
AA3317,3.19995,-80.59666,40000,363,0,2026-02-25T15:49:58Z,LGA,PBI,2026-02-25T16:40:32Z,PBI_LGA_AA_2026_2_25_1314
UA2609,36.05918,-9.98119,40000,396,0,2026-02-25T15:49:59Z,OKC,DEN,2026-02-25T16:49:04Z,OKC_DEN_UA_2026_2_25_929
UA1119,38.02592,-103.64619,35000,525,512,2026-02-25T15:49:59Z,DEN,CUN,2026-02-25T18:48:32Z,DEN_CUN_UA_2026_2_25_1532
UA6,56.03339,-140.90498,38975,531,0,2026-02-25T15:49:58Z,NRT,IAH,2026-02-25T20:39:28Z,NRT_IAH_UA_2026_2_25_1818
LH454,6.86795,-99.59395,36000,543,-64,2026-02-25T15:49:59Z,FRA,SFO,2026-02-25T20:09:36Z,FRA_SFO_LH_2026_2_25_1054
AA3193,35.55529,-9.24008,37975,365,-64,2026-02-25T15:49:59Z,MIA,EGE,2026-02-25T17:44:32Z,MIA_EGE_AA_2026_2_25_829
AA2731,35.88332,-88.97118,37975,374,0,2026-02-25T15:49:59Z,PHL,DFW,2026-02-25T17:01:52Z,PHL_DFW_AA_2026_2_25_1354
AA1293,34.87698,-85.09174,37000,463,0,2026-02-25T15:49:58Z,ORD,MCO,2026-02-25T16:57:36Z,ORD_MCO_AA_2026_2_25_849
AA1616,37.11247,-84.74519,38000,349,0,2026-02-25T15:49:59Z,CLT,MCI,2026-02-25T17:14:40Z,CLT_MCI_AA_2026_2_25_1010
AA1616,37.11247,-84.74519,38000,349,0,2026-02-25T15:49:59Z,CLT,MCI,2026-02-25T17:14:40Z,MCI_CLT_AA_2026_2_25_1232
LH456,70.75102,-93.71674,32000,519,0,2026-02-25T15:49:59Z,FRA,LAX,2026-02-25T20:54:24Z,FRA_LAX_LH_2026_2_25_1113
UA3895,41.22215,-82.46426,40000,365,0,2026-02-25T15:49:58Z,EWR,AMA,2026-02-25T18:03:44Z,EWR_AMA_UA_2026_2_25_938
KL623,47.91385,-71.33909,34000,434,-64,2026-02-25T15:49:57Z,AMS,ATL,2026-02-25T18:33:36Z,AMS_ATL_KL_2026_2_25_1037
DL830,33.51403,-93.55935,40000,365,0,2026-02-25T15:49:59Z,ATL,SLC,2026-02-25T18:16:32Z,ATL_SLC_DL_2026_2_25_928
UA2115,39.61871,-111.65596,38000,421,0,2026-02-25T15:49:57Z,EWR,SFO,2026-02-25T17:12:32Z,EWR_SFO_UA_2026_2_25_613
DL120,56.19511,-131.11192,41000,543,0,2026-02-25T15:49:59Z,HND,MSP,2026-02-25T18:57:04Z,HND_MSP_DL_2026_2_25_1742
DL966,47.59133,-117.09566,40000,398,0,2026-02-25T15:49:59Z,CVG,SEA,2026-02-25T16:32:00Z,CVG_SEA_DL_2026_2_25_653
DL274,54.01231,-117.13623,41000,550,0,2026-02-25T15:49:59Z,HND,DTW,2026-02-25T18:44:16Z,HND_DTW_DL_2026_2_25_1651
DL274,54.01231,-117.13623,41000,550,0,2026-02-25T15:49:59Z,HND,DTW,2026-02-25T18:44:16Z,HND_DTW_DL_2026_2_25_1642
UA3929,40.21922,-98.69468,41000,521,0,2026-02-25T15:49:59Z,SFO,IAD,2026-02-25T17:53:04Z,SFO_IAD_UA_2026_2_25_529
KL605,6.01305,-110.84803,37975,539,64,2026-02-25T15:49:58Z,AMS,SFO,2026-02-25T18:57:04Z,AMS_SFO_KL_2026_2_25_1013
AF338,65.56612,-104.14705,40000,525,0,2026-02-25T15:49:59Z,CDG,SEA,2026-02-25T18:35:44Z,CDG_SEA_AF_2026_2_25_1036
AA1172,36.99986,-84.38372,39000,521,0,2026-02-25T15:49:59Z,ORD,STT,2026-02-25T19:14:08Z,ORD_STT_AA_2026_2_25_1504
DL713,39.86491,-89.30145,40000,389,0,2026-02-25T15:49:58Z,JFK,LAX,2026-02-25T19:33:20Z,JFK_LAX_DL_2026_2_25_845
UA297,4.57284,-93.77339,38000,387,0,2026-02-25T15:49:59Z,EWR,BZN,2026-02-25T17:48:48Z,EWR_BZN_UA_2026_2_25_819
DL274,42.21032,-83.35699,0,0,0,2026-02-25T15:49:58Z,HND,DTW,2026-01-19T18:59:44Z,HND_DTW_DL_2026_2_25_1651
DL274,42.21032,-83.35699,0,0,0,2026-02-25T15:49:58Z,HND,DTW,2026-01-19T18:59:44Z,HND_DTW_DL_2026_2_25_1642
AA1688,0.39639,-76.11475,37975,335,0,2026-02-25T15:49:59Z,BOS,CLT,2026-02-25T16:49:04Z,BOS_CLT_AA_2026_2_25_954
AA142,42.82019,-70.71101,39000,608,0,2026-02-25T15:49:59Z,JFK,LHR,2026-02-25T21:37:04Z,JFK_LHR_AA_2026_2_25_1024
BA175,47.50768,-67.14947,38000,410,0,2026-02-25T15:49:58Z,LHR,JFK,2026-02-25T17:14:40Z,LHR_JFK_BA_2026_2_25_955
DL1112,33.49608,-116.65063,35550,476,1408,2026-02-25T15:49:59Z,LAX,MSY,2026-02-25T18:44:16Z,LAX_MSY_DL_2026_2_25_732
AA1766,33.60681,-94.57087,37200,576,1216,2026-02-25T15:49:59Z,DFW,JFK,2026-02-25T18:25:04Z,DFW_JFK_AA_2026_2_25_1530
AA1766,33.60681,-94.57087,37200,576,1216,2026-02-25T15:49:59Z,DFW,JFK,2026-02-25T18:25:04Z,JFK_DFW_AA_2026_2_25_1938
UA1898,33.72363,-91.89503,38000,331,0,2026-02-25T15:49:59Z,BWI,IAH,2026-02-25T16:36:16Z,BWI_IAH_UA_2026_2_25_822
AA2097,2.75633,-85.78732,38000,418,0,2026-02-25T15:49:56Z,MIA,DFW,2026-02-25T17:40:16Z,MIA_DFW_AA_2026_2_25_1458
DL1368,32.42715,-85.82871,38000,296,-64,2026-02-25T15:49:58Z,JFK,MSY,2026-02-25T16:36:16Z,JFK_MSY_DL_2026_2_25_813
DL1368,32.42715,-85.82871,38000,296,-64,2026-02-25T15:49:58Z,JFK,MSY,2026-02-25T16:36:16Z,MSY_JFK_DL_2026_2_25_1154
DL8800,29.96782,-83.80761,39000,479,0,2026-02-25T15:49:59Z,MSP,MIA,2026-02-25T16:38:13Z,MSP_MIA_DL_2026_2_25_743
UA1256,38.84862,-99.36907,38000,394,0,2026-02-25T15:50:00Z,CLT,DEN,2026-02-25T16:36:16Z,CLT_DEN_UA_2026_2_25_815
UA838,43.29903,-132.18732,39000,508,0,2026-02-25T15:49:53Z,NRT,SFO,2026-02-25T17:10:24Z,NRT_SFO_UA_2026_2_25_1655
UA1116,42.40695,-112.44357,38000,410,-64,2026-02-25T15:49:58Z,MSP,SFO,2026-02-25T17:14:40Z,MSP_SFO_UA_2026_2_25_736
DL188,55.59953,-155.08833,39000,502,0,2026-02-25T15:49:56Z,ICN,ATL,2026-02-25T22:09:04Z,ICN_ATL_DL_2026_2_25_1814
AA2581,34.55735,-95.92827,31300,506,1600,2026-02-25T15:49:59Z,DFW,MKE,2026-02-25T17:25:20Z,DFW_MKE_AA_2026_2_25_1532
AA2581,34.55735,-95.92827,31300,506,1600,2026-02-25T15:49:59Z,DFW,MKE,2026-02-25T17:25:20Z,MKE_DFW_AA_2026_2_25_1835
AA249,37.10371,-9.25895,38000,392,-64,2026-02-25T15:50:00Z,ORD,MEX,2026-02-25T18:37:52Z,ORD_MEX_AA_2026_2_25_851
AF84,66.95267,-85.82755,34000,491,0,2026-02-25T15:49:54Z,CDG,SFO,2026-02-25T20:43:44Z,CDG_SFO_AF_2026_2_25_1105
BA117,43.54692,-72.36043,38000,387,0,2026-02-25T15:49:59Z,LHR,JFK,2026-02-25T16:32:00Z,LHR_JFK_BA_2026_2_25_903
AA1349,33.01345,-9.52865,40000,345,0,2026-02-25T15:54:59Z,JFK,AUS,2026-02-25T16:32:00Z,JFK_AUS_AA_2026_2_25_726
DL2301,32.26326,-86.17844,39000,479,0,2026-02-25T15:54:58Z,MSP,TPA,2026-02-25T16:44:48Z,MSP_TPA_DL_2026_2_25_806
DL2582,35.55976,-115.97758,37325,440,512,2026-02-25T15:54:57Z,BUR,SLC,2026-02-25T16:57:36Z,BUR_SLC_DL_2026_2_25_729
DL8851,37.67905,-9.99597,40000,361,0,2026-02-25T15:54:58Z,ATL,DEN,2026-02-25T16:40:32Z,ATL_DEN_DL_2026_2_25_836
UA1384,38.09921,-100.66603,37950,376,64,2026-02-25T15:54:57Z,ICT,DEN,2026-02-25T16:36:16Z,ICT_DEN_UA_2026_2_25_927
UA1666,38.93889,-97.59615,38025,386,64,2026-02-25T15:54:58Z,CVG,DEN,2026-02-25T16:53:20Z,CVG_DEN_UA_2026_2_25_908
DL853,59.39182,-141.52423,39000,485,0,2026-02-25T15:54:55Z,ANC,SEA,2026-02-25T18:16:32Z,ANC_SEA_DL_2026_2_25_613
BA53,67.91571,-98.86544,40000,523,0,2026-02-25T15:54:59Z,LHR,SEA,2026-02-25T19:09:52Z,LHR_SEA_BA_2026_2_25_1020
KL689,47.43608,-82.10477,40000,462,0,2026-02-25T15:54:58Z,AMS,CUN,2026-02-25T19:46:08Z,AMS_CUN_KL_2026_2_25_906
KL661,48.35153,-80.85186,35975,464,0,2026-02-25T15:54:58Z,AMS,IAH,2026-02-25T19:01:20Z,AMS_IAH_KL_2026_2_25_1014
AA2896,35.30484,-76.90247,38000,337,0,2026-02-25T15:54:58Z,LGA,FLL,2026-02-25T17:25:20Z,LGA_FLL_AA_2026_2_25_1441
AA2896,35.30484,-76.90247,38000,337,0,2026-02-25T15:54:58Z,LGA,FLL,2026-02-25T17:25:20Z,FLL_LGA_AA_2026_2_25_1906
UA1886,36.59155,-79.32994,38950,595,64,2026-02-25T15:54:58Z,IAH,EWR,2026-02-25T16:53:20Z,IAH_EWR_UA_2026_2_25_814
AA3052,36.95183,-76.83534,38050,363,0,2026-02-25T15:54:58Z,DCA,FLL,2026-02-25T17:44:32Z,DCA_FLL_AA_2026_2_25_1530
AA3052,36.95183,-76.83534,38050,363,0,2026-02-25T15:54:58Z,DCA,FLL,2026-02-25T17:44:32Z,FLL_DCA_AA_2026_2_25_1901
UA905,46.63934,-70.80186,38000,394,0,2026-02-25T15:54:58Z,LHR,EWR,2026-02-25T17:08:16Z,LHR_EWR_UA_2026_2_25_921
AF636,54.71832,-77.58165,38000,472,0,2026-02-25T15:54:58Z,CDG,IAH,2026-02-25T19:46:08Z,CDG_IAH_AF_2026_2_25_1048
UA654,31.29642,-102.06837,39000,525,0,2026-02-25T15:54:58Z,LAX,IAH,2026-02-25T16:49:04Z,LAX_IAH_UA_2026_2_25_605
UA654,31.29642,-102.06837,39000,525,0,2026-02-25T15:54:58Z,LAX,IAH,2026-02-25T16:49:04Z,IAH_DCA_UA_2026_2_25_1213
AA3139,31.81873,-9.20369,39000,553,0,2026-02-25T15:54:57Z,DFW,PNS,2026-02-25T16:36:16Z,DFW_PNS_AA_2026_2_25_1520
AA3139,31.81873,-9.20369,39000,553,0,2026-02-25T15:54:57Z,DFW,PNS,2026-02-25T16:36:16Z,PNS_DFW_AA_2026_2_25_1740
UA830,35.62243,-125.17407,39000,513,0,2026-02-25T15:54:56Z,SYD,SFO,2026-02-25T16:25:36Z,SYD_SFO_UA_2026_2_25_1423
AA882,35.80025,-114.95656,38000,396,0,2026-02-25T15:54:58Z,PHX,RNO,2026-02-25T16:51:12Z,PHX_RNO_AA_2026_2_25_819
AA882,35.80025,-114.95656,38000,396,0,2026-02-25T15:54:58Z,PHX,RNO,2026-02-25T16:51:12Z,RNO_PHX_AA_2026_2_25_1002
DL2947,3.79539,-120.74786,38975,468,128,2026-02-25T15:54:57Z,PDX,LAX,2026-02-25T16:44:48Z,PDX_LAX_DL_2026_2_25_651
UA357,35.94382,-99.71664,38000,368,0,2026-02-25T15:54:57Z,DFW,DEN,2026-02-25T16:57:36Z,DFW_DEN_UA_2026_2_25_1515
UA595,36.49407,-10.02589,38000,422,0,2026-02-25T15:54:57Z,AUS,DEN,2026-02-25T16:46:56Z,AUS_DEN_UA_2026_2_25_853
DL166,50.34178,-126.64367,39000,523,-64,2026-02-25T15:54:57Z,HND,SEA,2026-02-25T16:29:52Z,HND_SEA_DL_2026_2_25_1707
KL601,55.50966,-10.50243,36000,536,512,2026-02-25T15:54:58Z,AMS,LAX,2026-02-25T19:03:28Z,AMS_LAX_KL_2026_2_25_1000
DL57,58.26264,-100.41376,40000,516,0,2026-02-25T15:54:57Z,AMS,SLC,2026-02-25T18:31:28Z,AMS_SLC_DL_2026_2_25_955
AA2523,34.74194,-80.54208,38000,363,0,2026-02-25T15:54:58Z,PHL,TPA,2026-02-25T17:01:52Z,PHL_TPA_AA_2026_2_25_937
UA4200,26.76898,-0.78483,41025,489,0,2026-02-25T15:54:58Z,MDE,EWR,2026-02-25T17:53:25Z,MDE_EWR_UA_2026_2_25_1248
AA2111,38.82415,-77.21423,38000,347,64,2026-02-25T15:54:58Z,LGA,CLT,2026-02-25T16:44:48Z,LGA_CLT_AA_2026_2_25_1014
AA2111,38.82415,-77.21423,38000,347,64,2026-02-25T15:54:58Z,LGA,CLT,2026-02-25T16:44:48Z,CLT_LGA_AA_2026_2_25_743
DL33,45.38099,-73.43717,40000,395,0,2026-02-25T15:54:57Z,LHR,ATL,2026-02-25T18:18:40Z,LHR_ATL_DL_2026_2_25_908
AF158,55.94769,-74.90645,36000,460,0,2026-02-25T15:54:59Z,CDG,DFW,2026-02-25T19:41:52Z,CDG_DFW_AF_2026_2_25_956
AA1293,34.28165,-84.77572,38200,473,448,2026-02-25T15:54:57Z,ORD,MCO,2026-02-25T16:57:36Z,ORD_MCO_AA_2026_2_25_849
DL1794,29.98178,-81.70624,39000,440,0,2026-02-25T15:54:57Z,SJO,ATL,2026-02-25T16:40:32Z,SJO_ATL_DL_2026_2_25_1317
AA1283,29.98476,-81.11243,38000,406,0,2026-02-25T15:54:57Z,IND,MIA,2026-02-25T16:40:32Z,IND_MIA_AA_2026_2_25_925
AA3317,31.55329,-80.87459,40000,365,0,2026-02-25T15:54:58Z,LGA,PBI,2026-02-25T16:44:48Z,LGA_PBI_AA_2026_2_25_844
AA3317,31.55329,-80.87459,40000,365,0,2026-02-25T15:54:58Z,LGA,PBI,2026-02-25T16:44:48Z,PBI_LGA_AA_2026_2_25_1314
UA2609,36.44528,-100.26117,40000,383,0,2026-02-25T15:54:57Z,OKC,DEN,2026-02-25T16:51:12Z,OKC_DEN_UA_2026_2_25_929
UA1119,37.48004,-103.04743,37000,519,64,2026-02-25T15:54:59Z,DEN,CUN,2026-02-25T18:48:32Z,DEN_CUN_UA_2026_2_25_1532
UA6,55.93824,-139.59572,39000,537,0,2026-02-25T15:54:58Z,NRT,IAH,2026-02-25T20:39:28Z,NRT_IAH_UA_2026_2_25_1818
LH454,68.10873,-100.87696,36000,539,0,2026-02-25T15:54:57Z,FRA,SFO,2026-02-25T20:09:36Z,FRA_SFO_LH_2026_2_25_1054
AA3193,3.59062,-92.84431,38000,376,0,2026-02-25T15:54:57Z,MIA,EGE,2026-02-25T17:50:56Z,MIA_EGE_AA_2026_2_25_829
AA2731,35.67442,-89.55119,38000,372,0,2026-02-25T15:54:59Z,PHL,DFW,2026-02-25T17:01:52Z,PHL_DFW_AA_2026_2_25_1354
AA1616,3.73483,-85.27091,38000,351,-64,2026-02-25T15:54:57Z,CLT,MCI,2026-02-25T17:14:40Z,CLT_MCI_AA_2026_2_25_1010
AA1616,3.73483,-85.27091,38000,351,-64,2026-02-25T15:54:57Z,CLT,MCI,2026-02-25T17:14:40Z,MCI_CLT_AA_2026_2_25_1232
LH456,70.20895,-95.13322,32000,524,128,2026-02-25T15:54:58Z,FRA,LAX,2026-02-25T20:52:16Z,FRA_LAX_LH_2026_2_25_1113
UA3895,41.23489,-83.13959,40000,369,0,2026-02-25T15:54:58Z,EWR,AMA,2026-02-25T18:03:44Z,EWR_AMA_UA_2026_2_25_938
DL1930,28.02052,-6.74249,39000,440,0,2026-02-25T15:54:57Z,JFK,STT,2026-02-25T17:18:56Z,JFK_STT_DL_2026_2_25_1356
KL623,47.59213,-72.10382,34000,440,-192,2026-02-25T15:54:58Z,AMS,ATL,2026-02-25T18:31:28Z,AMS_ATL_KL_2026_2_25_1037
DL42,29.49559,-125.26972,41000,525,0,2026-02-25T15:54:57Z,SYD,LAX,2026-02-25T17:01:52Z,SYD_LAX_DL_2026_2_25_1433
DL830,33.51989,-94.16068,40000,363,0,2026-02-25T15:54:59Z,ATL,SLC,2026-02-25T18:18:40Z,ATL_SLC_DL_2026_2_25_928
UA2115,39.45007,-112.37163,38000,415,0,2026-02-25T15:54:57Z,EWR,SFO,2026-02-25T17:12:32Z,EWR_SFO_UA_2026_2_25_613
DL120,5.60517,-129.79456,41000,545,0,2026-02-25T15:54:58Z,HND,MSP,2026-02-25T18:57:04Z,HND_MSP_DL_2026_2_25_1742
DL966,47.64409,-117.90617,40000,402,0,2026-02-25T15:54:57Z,CVG,SEA,2026-02-25T16:32:00Z,CVG_SEA_DL_2026_2_25_653
DL274,53.60677,-116.04996,41000,554,-64,2026-02-25T15:54:57Z,HND,DTW,2026-02-25T18:42:08Z,HND_DTW_DL_2026_2_25_1651
DL274,53.60677,-116.04996,41000,554,-64,2026-02-25T15:54:57Z,HND,DTW,2026-02-25T18:42:08Z,HND_DTW_DL_2026_2_25_1642
UA3929,40.20506,-9.77547,41000,526,0,2026-02-25T15:54:58Z,SFO,IAD,2026-02-25T17:53:04Z,SFO_IAD_UA_2026_2_25_529
KL605,59.45393,-111.47406,38000,542,-64,2026-02-25T15:54:58Z,AMS,SFO,2026-02-25T18:57:04Z,AMS_SFO_KL_2026_2_25_1013
AF338,64.99255,-105.22298,40000,532,0,2026-02-25T15:54:59Z,CDG,SEA,2026-02-25T18:35:44Z,CDG_SEA_AF_2026_2_25_1036
AA1172,36.47136,-83.79147,39000,514,0,2026-02-25T15:54:57Z,ORD,STT,2026-02-25T19:14:08Z,ORD_STT_AA_2026_2_25_1504
DL713,39.81361,-89.99817,40000,390,0,2026-02-25T15:54:58Z,JFK,LAX,2026-02-25T19:31:12Z,JFK_LAX_DL_2026_2_25_845
UA297,45.82453,-94.52122,38000,386,0,2026-02-25T15:54:58Z,EWR,BZN,2026-02-25T17:48:48Z,EWR_BZN_UA_2026_2_25_819
DL274,42.21032,-83.35699,0,0,0,2026-02-25T15:54:58Z,HND,DTW,2026-01-19T18:59:44Z,HND_DTW_DL_2026_2_25_1651
DL274,42.21032,-83.35699,0,0,0,2026-02-25T15:54:58Z,HND,DTW,2026-01-19T18:59:44Z,HND_DTW_DL_2026_2_25_1642
AA1688,39.32742,-76.56384,37975,338,-64,2026-02-25T15:54:58Z,BOS,CLT,2026-02-25T16:49:04Z,BOS_CLT_AA_2026_2_25_954
AA142,43.35745,-69.83498,39000,610,0,2026-02-25T15:54:57Z,JFK,LHR,2026-02-25T21:37:04Z,JFK_LHR_AA_2026_2_25_1024
BA175,47.02842,-67.61557,38000,415,0,2026-02-25T15:54:58Z,LHR,JFK,2026-02-25T17:14:40Z,LHR_JFK_BA_2026_2_25_955
DL1112,33.43721,-115.84853,38975,500,64,2026-02-25T15:54:58Z,LAX,MSY,2026-02-25T18:42:08Z,LAX_MSY_DL_2026_2_25_732
UA1898,33.44875,-92.33784,38000,335,0,2026-02-25T15:54:58Z,BWI,IAH,2026-02-25T16:38:24Z,BWI_IAH_UA_2026_2_25_822
AA1766,33.95059,-93.75357,39000,545,0,2026-02-25T15:54:57Z,DFW,JFK,2026-02-25T18:25:04Z,DFW_JFK_AA_2026_2_25_1530
AA1766,33.95059,-93.75357,39000,545,0,2026-02-25T15:54:57Z,DFW,JFK,2026-02-25T18:25:04Z,JFK_DFW_AA_2026_2_25_1938
AA2097,27.79453,-86.37704,38000,415,0,2026-02-25T15:54:55Z,MIA,DFW,2026-02-25T17:40:16Z,MIA_DFW_AA_2026_2_25_1458
DL1368,32.17621,-86.21246,38025,298,-64,2026-02-25T15:54:57Z,JFK,MSY,2026-02-25T16:38:24Z,JFK_MSY_DL_2026_2_25_813
DL1368,32.17621,-86.21246,38025,298,-64,2026-02-25T15:54:57Z,JFK,MSY,2026-02-25T16:38:24Z,MSY_JFK_DL_2026_2_25_1154
DL8800,29.39305,-83.43139,39000,477,0,2026-02-25T15:54:57Z,MSP,MIA,2026-02-25T16:38:09Z,MSP_MIA_DL_2026_2_25_743
UA1256,38.85411,-100.06676,38000,396,0,2026-02-25T15:54:57Z,CLT,DEN,2026-02-25T16:36:16Z,CLT_DEN_UA_2026_2_25_815
UA838,42.84093,-131.45204,39000,507,0,2026-02-25T15:54:57Z,NRT,SFO,2026-02-25T17:10:24Z,NRT_SFO_UA_2026_2_25_1655
UA1116,42.19533,-1.13152,38000,414,-64,2026-02-25T15:54:58Z,MSP,SFO,2026-02-25T17:16:48Z,MSP_SFO_UA_2026_2_25_736
DL188,5.57146,-153.87967,39000,495,0,2026-02-25T15:54:56Z,ICN,ATL,2026-02-25T22:11:12Z,ICN_ATL_DL_2026_2_25_1814
AA2581,35.08368,-95.37586,37650,491,640,2026-02-25T15:54:58Z,DFW,MKE,2026-02-25T17:23:12Z,DFW_MKE_AA_2026_2_25_1532
AA2581,35.08368,-95.37586,37650,491,640,2026-02-25T15:54:58Z,DFW,MKE,2026-02-25T17:23:12Z,MKE_DFW_AA_2026_2_25_1835
AA249,36.67859,-93.01586,38025,397,64,2026-02-25T15:54:58Z,ORD,MEX,2026-02-25T18:40:00Z,ORD_MEX_AA_2026_2_25_851
AF84,66.62448,-87.35789,34000,491,0,2026-02-25T15:54:57Z,CDG,SFO,2026-02-25T20:43:44Z,CDG_SFO_AF_2026_2_25_1105
BA117,43.10695,-72.77455,38000,389,0,2026-02-25T15:54:58Z,LHR,JFK,2026-02-25T16:34:08Z,LHR_JFK_BA_2026_2_25_903
BA195,51.92236,-73.34975,38000,452,0,2026-02-25T15:54:53Z,LHR,IAH,2026-02-25T20:01:04Z,LHR_IAH_BA_2026_2_25_1010
AA1593,29.43782,-91.46857,37000,538,0,2026-02-25T11:59:59Z,AUS,MIA,2026-02-25T13:28:32Z,AUS_MIA_AA_2026_2_25_518
AA246,32.78513,-122.39484,37000,500,0,2026-02-25T11:59:59Z,KOA,LAX,2026-02-25T12:33:04Z,KOA_LAX_AA_2026_2_25_748
AA102,32.64964,-110.03307,37000,534,0,2026-02-25T11:59:59Z,HNL,DFW,2026-02-25T13:24:16Z,HNL_DFW_AA_2026_2_25_637
AA1868,34.77974,-91.19465,37000,589,0,2026-02-25T11:59:58Z,DFW,DCA,2026-02-25T13:32:48Z,DFW_DCA_AA_2026_2_25_1121
WN1167,35.60888,-83.29133,40000,407,0,2026-02-25T12:00:00Z,SAV,MDW,2026-02-25T13:15:44Z,SAV_MDW_WN_2026_2_25_622
DL1183,35.60646,-82.05276,37925,321,-768,2026-02-25T11:59:59Z,PHL,ATL,2026-02-25T12:33:04Z,PHL_ATL_DL_2026_2_25_540
WN2715,37.00931,-85.39864,39000,477,64,2026-02-25T11:59:59Z,MDW,MCO,2026-02-25T13:24:16Z,MDW_MCO_WN_2026_2_25_518
WN1585,37.93657,-82.71677,40000,336,0,2026-02-25T11:59:58Z,DCA,DAL,2026-02-25T14:04:48Z,DCA_DAL_WN_2026_2_25_606
WN1350,38.25993,-81.52853,40025,334,64,2026-02-25T11:59:58Z,DCA,BNA,2026-02-25T12:50:08Z,DCA_BNA_WN_2026_2_25_617
WN1549,3.86765,-82.17391,40000,371,-64,2026-02-25T11:59:59Z,RDU,MDW,2026-02-25T12:58:40Z,RDU_MDW_WN_2026_2_25_617
UA1959,47.45622,-113.42992,37000,532,0,2026-02-25T11:59:58Z,ANC,DEN,2026-02-25T13:20:00Z,
DL68,51.58658,-13.39843,39000,511,0,2026-02-25T11:59:59Z,TPE,SEA,2026-02-25T13:09:20Z,TPE_SEA_DL_2026_2_25_1103
UA2416,41.88677,-81.48221,35000,530,0,2026-02-25T11:59:59Z,SFO,EWR,2026-02-25T12:48:00Z,SFO_EWR_UA_2026_2_25_3
DL2286,38.82312,-77.60474,38000,329,0,2026-02-25T11:59:58Z,JFK,ATL,2026-02-25T13:15:44Z,JFK_ATL_DL_2026_2_25_618
DL1330,43.27496,-75.40695,36025,359,-128,2026-02-25T11:59:58Z,BDL,MSP,2026-02-25T14:11:12Z,BDL_MSP_DL_2026_2_25_1131
UA870,21.11782,-13.52197,35000,572,0,2026-02-25T11:59:59Z,SYD,SFO,2026-02-25T14:24:00Z,SYD_SFO_UA_2026_2_25_1230
AA1604,28.82761,-90.86533,39000,528,0,2026-02-25T11:59:59Z,SAT,MIA,2026-02-25T13:24:16Z,SAT_MIA_AA_2026_2_25_510
DL2497,32.16951,-94.31493,37000,543,0,2026-02-25T11:59:58Z,SAT,DTW,2026-02-25T13:54:08Z,SAT_DTW_DL_2026_2_25_525
UA1309,29.77951,-8.26908,35000,476,0,2026-02-25T12:00:00Z,SRQ,EWR,2026-02-25T13:56:16Z,SRQ_EWR_UA_2026_2_25_637
WN2272,33.97801,-84.29356,39000,470,0,2026-02-25T11:59:59Z,IND,MCO,2026-02-25T12:58:40Z,IND_MCO_WN_2026_2_25_609
AA1232,33.34332,-77.81487,38000,377,0,2026-02-25T11:59:59Z,DCA,MIA,2026-02-25T13:09:20Z,DCA_MIA_AA_2026_2_25_559
DL1389,34.45844,-91.43988,37000,540,0,2026-02-25T12:00:00Z,IAH,DTW,2026-02-25T13:28:32Z,IAH_DTW_DL_2026_2_25_519
UA1488,35.59868,-91.91881,35000,466,64,2026-02-25T11:59:58Z,IAH,ORD,2026-02-25T13:13:36Z,IAH_ORD_UA_2026_2_25_510
AA2617,3.79064,-82.82032,38000,322,0,2026-02-25T11:59:58Z,IAD,DFW,2026-02-25T14:02:40Z,IAD_DFW_AA_2026_2_25_1110
DL2538,38.66619,-82.78729,36050,394,0,2026-02-25T12:00:00Z,RDU,MSP,2026-02-25T13:41:20Z,RDU_MSP_DL_2026_2_25_610
DL915,40.74449,-83.72546,37000,559,64,2026-02-25T11:59:58Z,LAX,JFK,2026-02-25T13:05:04Z,LAX_JFK_DL_2026_2_25_31
DL158,48.34273,-97.81241,39000,548,0,2026-02-25T12:00:00Z,ICN,DTW,2026-02-25T13:24:16Z,ICN_DTW_DL_2026_2_25_1020
DL2752,41.99743,-87.33684,38000,388,0,2026-02-25T11:59:59Z,CVG,MSP,2026-02-25T12:56:32Z,CVG_MSP_DL_2026_2_25_622
AA949,36.32718,-79.69441,38000,335,0,2026-02-25T11:59:58Z,DCA,RSW,2026-02-25T13:37:04Z,DCA_RSW_AA_2026_2_25_1120
UA1289,3.72443,-77.88966,39000,533,-64,2026-02-25T11:59:58Z,CHS,EWR,2026-02-25T12:50:08Z,CHS_EWR_UA_2026_2_25_623
AA2144,29.10669,-89.92062,37000,530,0,2026-02-25T11:59:58Z,IAH,MIA,2026-02-25T13:17:52Z,IAH_MIA_AA_2026_2_25_524
DL1073,30.41532,-91.95139,37000,553,0,2026-02-25T11:59:59Z,SAT,ATL,2026-02-25T13:02:56Z,SAT_ATL_DL_2026_2_25_517
UA252,32.82012,-111.79351,37000,529,0,2026-02-25T11:59:58Z,HNL,IAH,2026-02-25T13:45:36Z,
UA1525,32.76202,-80.60013,35000,516,0,2026-02-25T12:00:00Z,PBI,EWR,2026-02-25T13:26:24Z,PBI_EWR_UA_2026_2_25_606
UA1105,33.04459,-80.25586,35000,508,0,2026-02-25T11:59:59Z,MCO,EWR,2026-02-25T13:24:16Z,MCO_EWR_UA_2026_2_25_620
WN2977,39.45484,-81.52032,40000,366,0,2026-02-25T12:00:00Z,DCA,MDW,2026-02-25T12:58:40Z,DCA_MDW_WN_2026_2_25_618
UA805,54.39404,-162.93887,37000,513,-64,2026-02-25T11:59:58Z,SFO,ICN,2026-02-25T19:18:24Z,SFO_ICN_UA_2026_2_25_2
WN724,42.02945,-8.19062,40000,368,0,2026-02-25T11:59:58Z,BUF,MDW,2026-02-25T12:54:24Z,BUF_MDW_WN_2026_2_25_631
AA74,42.60633,-9.41368,41000,552,0,2026-02-25T11:59:59Z,HNL,ORD,2026-02-25T12:41:36Z,
EK221,50.91362,-95.95652,36000,519,0,2026-02-25T11:59:59Z,DXB,DFW,2026-02-25T14:21:52Z,DXB_DFW_EK_2026_2_25_2301
DL2127,36.89498,-80.28796,38025,321,0,2026-02-25T11:59:58Z,IAD,ATL,2026-02-25T12:54:24Z,IAD_ATL_DL_2026_2_25_624
AA1017,34.49809,-76.95105,38000,354,0,2026-02-25T12:00:00Z,JFK,MIA,2026-02-25T13:20:00Z,JFK_MIA_AA_2026_2_25_543
WN4958,39.87888,-77.31464,40000,321,0,2026-02-25T11:59:59Z,LGA,BNA,2026-02-25T13:28:32Z,LGA_BNA_WN_2026_2_25_625
WN2296,40.38974,-76.63013,40000,322,0,2026-02-25T12:00:00Z,LGA,STL,2026-02-25T13:49:52Z,LGA_STL_WN_2026_2_25_1131
UA163,49.75365,-67.81839,36000,420,0,2026-02-25T11:59:59Z,DXB,EWR,2026-02-25T13:32:48Z,
AA8,26.70661,-118.02223,40000,515,0,2026-02-25T11:59:57Z,BNE,DFW,2026-02-25T14:19:44Z,BNE_DFW_AA_2026_2_25_2353
UA2312,23.53732,-93.48418,37000,472,0,2026-02-25T11:59:55Z,SFO,SJO,2026-02-25T14:11:12Z,SFO_SJO_UA_2026_2_25_818
AA9606,32.52237,-103.12009,39000,569,-64,2026-02-25T12:00:00Z,OGG,DFW,2026-02-25T12:40:59Z,OGG_DFW_AA_2026_2_25_622
DL1201,33.18352,-82.00102,37000,461,0,2026-02-25T12:00:00Z,MCO,DTW,2026-02-25T13:30:40Z,MCO_DTW_DL_2026_2_25_619
UA887,33.81253,-77.97754,37000,468,0,2026-02-25T11:59:58Z,LIM,EWR,2026-02-25T13:15:44Z,LIM_EWR_UA_2026_2_25_113
AA1942,37.16922,-8.89878,38000,340,0,2026-02-25T12:00:00Z,CVG,DFW,2026-02-25T13:15:44Z,CVG_DFW_AA_2026_2_25_1113
UA1645,40.06641,-84.87415,36000,382,0,2026-02-25T11:59:58Z,CLE,IAH,2026-02-25T14:13:20Z,CLE_IAH_UA_2026_2_25_631
DL2555,37.84447,-83.89195,37000,419,0,2026-02-25T12:00:00Z,DTW,MCO,2026-02-25T13:30:40Z,DTW_MCO_DL_2026_2_25_618
WN1309,36.86938,-7.84965,39000,583,-64,2026-02-25T12:00:00Z,ATL,LGA,2026-02-25T12:50:08Z,ATL_LGA_WN_2026_2_25_615
AA716,3.47937,-77.04792,38000,355,-64,2026-02-25T12:00:00Z,BWI,MIA,2026-02-25T13:32:48Z,BWI_MIA_AA_2026_2_25_610
WN879,40.87463,-77.62421,40000,340,0,2026-02-25T11:59:58Z,LGA,MDW,2026-02-25T13:20:00Z,LGA_MDW_WN_2026_2_25_624
AA28,38.08266,-75.41738,37000,586,-64,2026-02-25T11:59:59Z,LAX,JFK,2026-02-25T12:28:48Z,
UA2434,42.50345,-79.33614,36000,421,-128,2026-02-25T12:00:00Z,EWR,LAX,2026-02-25T16:38:24Z,EWR_LAX_UA_2026_2_25_616
AA865,4.30806,-76.22413,38000,352,-64,2026-02-25T11:59:59Z,PVD,ORD,2026-02-25T13:32:48Z,PVD_ORD_AA_2026_2_25_619
EK203,48.81063,-74.01494,40000,423,-64,2026-02-25T11:59:58Z,DXB,JFK,2026-02-25T13:26:24Z,
AA34,3.05473,-106.32806,38975,554,0,2026-02-25T12:00:00Z,AKL,DFW,2026-02-25T13:05:04Z,AKL_DFW_AA_2026_2_25_21
UA2266,33.80315,-80.00082,35025,513,1216,2026-02-25T11:59:58Z,SAV,EWR,2026-02-25T13:17:52Z,SAV_EWR_UA_2026_2_25_642
AA9604,26.63552,-77.54647,38650,487,192,2026-02-25T11:59:58Z,EZE,JFK,2026-02-25T13:57:13Z,EZE_JFK_AA_2026_2_25_100
WN4424,40.54439,-87.93925,40000,361,0,2026-02-25T12:00:00Z,CMH,DEN,2026-02-25T14:02:40Z,CMH_DEN_WN_2026_2_25_617
WN2747,3.75556,-85.41631,39975,424,0,2026-02-25T11:59:58Z,ATL,MDW,2026-02-25T12:50:08Z,ATL_MDW_WN_2026_2_25_621
DL650,37.69373,-81.75809,39000,604,-64,2026-02-25T12:00:00Z,HNL,JFK,2026-02-25T12:50:08Z,
WN1671,36.82901,-81.34701,40000,319,0,2026-02-25T11:59:59Z,DCA,HOU,2026-02-25T14:17:36Z,DCA_HOU_WN_2026_2_25_611
WN933,39.16914,-8.11898,40000,360,0,2026-02-25T11:59:58Z,DCA,MCI,2026-02-25T13:45:36Z,DCA_MCI_WN_2026_2_25_622
UA844,40.47531,-84.11308,35300,386,-704,2026-02-25T11:59:58Z,GRU,ORD,2026-02-25T12:39:28Z,GRU_ORD_UA_2026_2_25_157
DL925,54.44728,-13.15524,37000,494,0,2026-02-25T11:59:59Z,ANC,SEA,2026-02-25T13:15:44Z,ANC_SEA_DL_2026_2_25_122
DL2408,6.27648,-141.69048,37000,489,0,2026-02-25T11:59:59Z,FAI,SEA,2026-02-25T14:36:48Z,FAI_SEA_DL_2026_2_25_230
WN4904,41.41166,-83.97208,40000,364,0,2026-02-25T11:59:58Z,PHL,MDW,2026-02-25T12:33:04Z,PHL_MDW_WN_2026_2_25_544
WN702,41.70904,-73.50856,40000,331,64,2026-02-25T11:59:58Z,BOS,STL,2026-02-25T14:17:36Z,BOS_STL_WN_2026_2_25_1135
EK231,46.06763,-75.05798,40000,445,-64,2026-02-25T11:59:59Z,DXB,IAD,2026-02-25T13:15:44Z,
EK243,48.12705,-70.14243,40000,427,64,2026-02-25T11:59:59Z,DXB,YUL,2026-02-25T12:48:00Z,
AA1593,29.27833,-90.63042,37000,538,0,2026-02-25T12:04:59Z,AUS,MIA,2026-02-25T13:24:16Z,AUS_MIA_AA_2026_2_25_518
AA246,33.03147,-121.63031,37000,498,0,2026-02-25T12:04:58Z,KOA,LAX,2026-02-25T12:35:12Z,KOA_LAX_AA_2026_2_25_748
AA102,32.60458,-109.15685,37000,538,0,2026-02-25T12:04:58Z,HNL,DFW,2026-02-25T13:22:08Z,HNL_DFW_AA_2026_2_25_637
AA1868,3.50766,-90.26586,37000,589,0,2026-02-25T12:04:58Z,DFW,DCA,2026-02-25T13:32:48Z,DFW_DCA_AA_2026_2_25_1121
WN2715,36.40759,-85.12871,39000,447,0,2026-02-25T12:04:59Z,MDW,MCO,2026-02-25T13:24:16Z,MDW_MCO_WN_2026_2_25_518
DL1183,3.53074,-82.43311,33275,325,-960,2026-02-25T12:04:58Z,PHL,ATL,2026-02-25T12:37:20Z,PHL_ATL_DL_2026_2_25_540
WN1167,3.61324,-83.55862,40000,419,0,2026-02-25T12:04:58Z,SAV,MDW,2026-02-25T13:15:44Z,SAV_MDW_WN_2026_2_25_622
WN1585,37.77286,-83.26389,40000,333,0,2026-02-25T12:04:58Z,DCA,DAL,2026-02-25T14:04:48Z,DCA_DAL_WN_2026_2_25_606
WN1350,38.10612,-82.08871,39600,338,-1024,2026-02-25T12:04:58Z,DCA,BNA,2026-02-25T12:52:16Z,DCA_BNA_WN_2026_2_25_617
WN1549,39.03778,-82.62732,40000,358,0,2026-02-25T12:04:58Z,RDU,MDW,2026-02-25T12:58:40Z,RDU_MDW_WN_2026_2_25_617
UA1959,46.88109,-11.27737,37000,517,64,2026-02-25T12:04:58Z,ANC,DEN,2026-02-25T13:22:08Z,
DL68,51.28235,-132.95566,39000,518,0,2026-02-25T12:04:59Z,TPE,SEA,2026-02-25T13:07:12Z,TPE_SEA_DL_2026_2_25_1103
DL2286,38.53235,-78.05177,38000,324,0,2026-02-25T12:04:59Z,JFK,ATL,2026-02-25T13:15:44Z,JFK_ATL_DL_2026_2_25_618
UA2416,41.79437,-80.51087,35000,528,0,2026-02-25T12:04:58Z,SFO,EWR,2026-02-25T12:48:00Z,SFO_EWR_UA_2026_2_25_3
DL1330,43.28545,-76.10063,36050,378,0,2026-02-25T12:04:59Z,BDL,MSP,2026-02-25T14:11:12Z,BDL_MSP_DL_2026_2_25_1131
DL2497,32.65379,-93.62307,37000,549,0,2026-02-25T12:04:58Z,SAT,DTW,2026-02-25T13:52:00Z,SAT_DTW_DL_2026_2_25_525
AA1604,2.87049,-90.04411,39000,531,0,2026-02-25T12:04:58Z,SAT,MIA,2026-02-25T13:24:16Z,SAT_MIA_AA_2026_2_25_510
UA1309,30.43112,-82.68693,35000,469,0,2026-02-25T12:04:58Z,SRQ,EWR,2026-02-25T13:56:16Z,SRQ_EWR_UA_2026_2_25_637
WN2272,33.38717,-84.01021,39000,455,0,2026-02-25T12:04:57Z,IND,MCO,2026-02-25T12:58:40Z,IND_MCO_WN_2026_2_25_609
AA1232,32.83097,-77.94604,38000,383,0,2026-02-25T12:04:57Z,DCA,MIA,2026-02-25T13:15:44Z,DCA_MIA_AA_2026_2_25_559
DL1389,35.03512,-90.85888,36975,550,64,2026-02-25T12:04:59Z,IAH,DTW,2026-02-25T13:28:32Z,IAH_DTW_DL_2026_2_25_519
UA1488,3.62249,-91.73046,35000,464,0,2026-02-25T12:04:58Z,IAH,ORD,2026-02-25T13:11:28Z,IAH_ORD_UA_2026_2_25_510
AA2617,37.74619,-83.35763,38000,328,0,2026-02-25T12:04:59Z,IAD,DFW,2026-02-25T13:58:24Z,IAD_DFW_AA_2026_2_25_1110
DL2538,39.09201,-83.21373,35975,389,0,2026-02-25T12:04:57Z,RDU,MSP,2026-02-25T13:41:20Z,RDU_MSP_DL_2026_2_25_610
DL915,40.96284,-82.73627,37000,562,64,2026-02-25T12:04:59Z,LAX,JFK,2026-02-25T13:02:56Z,LAX_JFK_DL_2026_2_25_31
DL158,48.00613,-96.78818,39000,550,64,2026-02-25T12:04:59Z,ICN,DTW,2026-02-25T13:26:24Z,ICN_DTW_DL_2026_2_25_1020
DL2752,42.45131,-87.71616,38000,385,0,2026-02-25T12:04:58Z,CVG,MSP,2026-02-25T12:56:32Z,CVG_MSP_DL_2026_2_25_622
AA949,35.94908,-80.02377,38025,354,-64,2026-02-25T12:04:58Z,DCA,RSW,2026-02-25T13:37:04Z,DCA_RSW_AA_2026_2_25_1120
UA1289,37.90078,-77.40919,39025,549,-64,2026-02-25T12:04:59Z,CHS,EWR,2026-02-25T12:50:08Z,CHS_EWR_UA_2026_2_25_623
DL1073,30.53938,-9.10787,37025,554,64,2026-02-25T12:04:57Z,SAT,ATL,2026-02-25T13:05:04Z,SAT_ATL_DL_2026_2_25_517
UA252,3.26813,-110.93758,37000,534,0,2026-02-25T12:04:57Z,HNL,IAH,2026-02-25T13:43:28Z,
AA2144,28.81569,-89.15104,37000,527,0,2026-02-25T12:04:59Z,IAH,MIA,2026-02-25T13:17:52Z,IAH_MIA_AA_2026_2_25_524
UA1525,33.41501,-80.25562,35000,513,0,2026-02-25T12:04:58Z,PBI,EWR,2026-02-25T13:26:24Z,PBI_EWR_UA_2026_2_25_606
UA1105,3.36967,-79.94424,35000,509,0,2026-02-25T12:04:58Z,MCO,EWR,2026-02-25T13:24:16Z,MCO_EWR_UA_2026_2_25_620
AA1017,34.03965,-77.15973,38000,357,0,2026-02-25T12:04:59Z,JFK,MIA,2026-02-25T13:20:00Z,JFK_MIA_AA_2026_2_25_543
WN2977,39.70239,-82.08644,40000,363,0,2026-02-25T12:04:57Z,DCA,MDW,2026-02-25T12:58:40Z,DCA_MDW_WN_2026_2_25_618
UA805,54.52747,-16.41256,37000,509,0,2026-02-25T12:04:57Z,SFO,ICN,2026-02-25T19:18:24Z,SFO_ICN_UA_2026_2_25_2
WN724,41.90373,-82.56787,40000,367,0,2026-02-25T12:04:57Z,BUF,MDW,2026-02-25T12:50:08Z,BUF_MDW_WN_2026_2_25_631
AA74,42.57141,-93.11462,41000,551,-64,2026-02-25T12:04:57Z,HNL,ORD,2026-02-25T12:41:36Z,
EK221,50.20303,-9.61204,36000,520,0,2026-02-25T12:04:58Z,DXB,DFW,2026-02-25T14:21:52Z,DXB_DFW_EK_2026_2_25_2301
DL2127,36.60283,-8.07098,37000,323,-64,2026-02-25T12:04:58Z,IAD,ATL,2026-02-25T12:54:24Z,IAD_ATL_DL_2026_2_25_624
WN4958,39.70692,-77.85181,40000,326,0,2026-02-25T12:04:58Z,LGA,BNA,2026-02-25T13:28:32Z,LGA_BNA_WN_2026_2_25_625
WN2296,40.37851,-77.21741,40000,328,0,2026-02-25T12:04:59Z,LGA,STL,2026-02-25T13:49:52Z,LGA_STL_WN_2026_2_25_1131
UA163,49.28057,-68.33192,36000,421,0,2026-02-25T12:04:58Z,DXB,EWR,2026-02-25T13:34:56Z,
AA8,26.96612,-117.27028,40000,512,0,2026-02-25T12:04:58Z,BNE,DFW,2026-02-25T14:21:52Z,BNE_DFW_AA_2026_2_25_2353
UA2312,23.16537,-92.85345,37000,466,0,2026-02-25T12:04:57Z,SFO,SJO,2026-02-25T14:15:28Z,SFO_SJO_UA_2026_2_25_818
AA9606,32.46135,-102.19147,39000,575,-64,2026-02-25T12:04:57Z,OGG,DFW,2026-02-25T12:40:40Z,OGG_DFW_AA_2026_2_25_622
DL1201,33.82425,-82.00848,37000,465,0,2026-02-25T12:04:58Z,MCO,DTW,2026-02-25T13:28:32Z,MCO_DTW_DL_2026_2_25_619
AA1942,36.99921,-8.95353,38000,340,0,2026-02-25T12:04:58Z,CVG,DFW,2026-02-25T13:15:44Z,CVG_DFW_AA_2026_2_25_1113
DL2555,37.26901,-83.89277,36975,413,64,2026-02-25T12:04:58Z,DTW,MCO,2026-02-25T13:32:48Z,DTW_MCO_DL_2026_2_25_618
UA1645,39.67932,-85.35845,36000,389,0,2026-02-25T12:04:59Z,CLE,IAH,2026-02-25T14:11:12Z,CLE_IAH_UA_2026_2_25_631
UA887,3.44794,-77.94026,37000,483,0,2026-02-25T12:04:58Z,LIM,EWR,2026-02-25T13:15:44Z,LIM_EWR_UA_2026_2_25_113
AA716,34.33032,-77.22696,38000,350,0,2026-02-25T12:04:58Z,BWI,MIA,2026-02-25T13:32:48Z,BWI_MIA_AA_2026_2_25_610
WN1309,37.40514,-77.72713,39000,602,0,2026-02-25T12:04:57Z,ATL,LGA,2026-02-25T12:50:08Z,ATL_LGA_WN_2026_2_25_615
AA28,38.78365,-75.10175,33925,573,-3648,2026-02-25T12:04:57Z,LAX,JFK,2026-02-25T12:30:56Z,
WN879,40.94646,-78.24811,40000,345,0,2026-02-25T12:04:58Z,LGA,MDW,2026-02-25T13:20:00Z,LGA_MDW_WN_2026_2_25_624
UA2434,42.62514,-80.09276,36000,416,-64,2026-02-25T12:04:58Z,EWR,LAX,2026-02-25T16:40:32Z,EWR_LAX_UA_2026_2_25_616
AA865,43.06063,-76.89168,38000,354,0,2026-02-25T12:04:58Z,PVD,ORD,2026-02-25T13:28:32Z,PVD_ORD_AA_2026_2_25_619
EK203,48.20821,-74.29193,40000,461,0,2026-02-25T12:04:59Z,DXB,JFK,2026-02-25T13:24:16Z,
AA34,30.81715,-10.54953,38975,561,-64,2026-02-25T12:04:58Z,AKL,DFW,2026-02-25T13:05:04Z,AKL_DFW_AA_2026_2_25_21
AA9604,27.31215,-77.58677,39000,482,0,2026-02-25T12:04:57Z,EZE,JFK,2026-02-25T13:55:51Z,EZE_JFK_AA_2026_2_25_100
WN2747,38.12256,-85.58104,38625,425,-1088,2026-02-25T12:04:57Z,ATL,MDW,2026-02-25T12:50:08Z,ATL_MDW_WN_2026_2_25_621
WN1671,36.59206,-81.82185,40000,323,0,2026-02-25T12:04:57Z,DCA,HOU,2026-02-25T14:15:28Z,DCA_HOU_WN_2026_2_25_611
WN4424,40.59091,-88.59149,40000,362,0,2026-02-25T12:04:58Z,CMH,DEN,2026-02-25T14:00:32Z,CMH_DEN_WN_2026_2_25_617
UA844,40.75259,-84.70013,33975,378,-128,2026-02-25T12:04:58Z,GRU,ORD,2026-02-25T12:37:14Z,GRU_ORD_UA_2026_2_25_157
WN933,39.33096,-81.76947,40000,345,-64,2026-02-25T12:04:58Z,DCA,MCI,2026-02-25T13:45:36Z,DCA_MCI_WN_2026_2_25_622
DL925,5.39344,-130.78651,37000,499,0,2026-02-25T12:04:57Z,ANC,SEA,2026-02-25T13:15:44Z,ANC_SEA_DL_2026_2_25_122
DL2408,62.28969,-140.66281,37000,487,64,2026-02-25T12:04:58Z,FAI,SEA,2026-02-25T14:36:48Z,FAI_SEA_DL_2026_2_25_230
WN4904,41.47944,-84.63203,30700,363,-2752,2026-02-25T12:04:57Z,PHL,MDW,2026-02-25T12:37:24Z,PHL_MDW_WN_2026_2_25_544
UA2266,34.45143,-79.65951,36975,510,0,2026-02-25T12:04:58Z,SAV,EWR,2026-02-25T13:17:52Z,SAV_EWR_UA_2026_2_25_642
DL650,37.80759,-80.71805,39025,603,0,2026-02-25T12:04:59Z,HNL,JFK,2026-02-25T12:50:08Z,
WN702,41.45491,-74.01598,40000,327,-64,2026-02-25T12:04:58Z,BOS,STL,2026-02-25T14:15:28Z,BOS_STL_WN_2026_2_25_1135
EK231,45.48184,-75.29892,40000,442,0,2026-02-25T12:04:59Z,DXB,IAD,2026-02-25T13:17:52Z,
EK243,47.61845,-70.59499,40000,430,64,2026-02-25T12:04:58Z,DXB,YUL,2026-02-25T12:45:52Z,
AA102,32.57666,-108.27323,37000,539,0,2026-02-25T12:09:58Z,HNL,DFW,2026-02-25T13:22:08Z,HNL_DFW_AA_2026_2_25_637
AA246,33.27292,-12.08618,37000,502,0,2026-02-25T12:09:59Z,KOA,LAX,2026-02-25T12:35:12Z,KOA_LAX_AA_2026_2_25_748
AA1593,29.07187,-89.82734,37000,522,0,2026-02-25T12:09:58Z,AUS,MIA,2026-02-25T13:28:32Z,AUS_MIA_AA_2026_2_25_518
AA1868,35.36531,-89.33322,37000,587,0,2026-02-25T12:09:59Z,DFW,DCA,2026-02-25T13:28:32Z,DFW_DCA_AA_2026_2_25_1121
WN2715,35.80733,-84.97456,39000,434,0,2026-02-25T12:09:58Z,MDW,MCO,2026-02-25T13:26:24Z,MDW_MCO_WN_2026_2_25_518
DL1183,34.96701,-8.28483,28400,368,-1024,2026-02-25T12:09:59Z,PHL,ATL,2026-02-25T12:37:20Z,PHL_ATL_DL_2026_2_25_540
WN1167,3.66833,-8.37719,40000,412,0,2026-02-25T12:09:58Z,SAV,MDW,2026-02-25T13:15:44Z,SAV_MDW_WN_2026_2_25_622
WN1585,37.61421,-83.81049,40000,336,0,2026-02-25T12:09:58Z,DCA,DAL,2026-02-25T14:04:48Z,DCA_DAL_WN_2026_2_25_606
WN1350,37.95589,-8.26256,36000,317,-64,2026-02-25T12:09:58Z,DCA,BNA,2026-02-25T12:54:24Z,DCA_BNA_WN_2026_2_25_617
WN1549,39.39376,-83.08087,40000,361,128,2026-02-25T12:09:59Z,RDU,MDW,2026-02-25T12:56:32Z,RDU_MDW_WN_2026_2_25_617
DL68,50.96791,-131.93652,39000,517,0,2026-02-25T12:09:58Z,TPE,SEA,2026-02-25T13:07:12Z,TPE_SEA_DL_2026_2_25_1103
UA1959,46.31323,-112.14227,37000,510,0,2026-02-25T12:09:59Z,ANC,DEN,2026-02-25T13:22:08Z,
DL2286,38.26671,-78.49901,38000,314,0,2026-02-25T12:09:58Z,JFK,ATL,2026-02-25T13:15:44Z,JFK_ATL_DL_2026_2_25_618
UA2416,4.16933,-79.53693,35000,531,0,2026-02-25T12:09:58Z,SFO,EWR,2026-02-25T12:48:00Z,SFO_EWR_UA_2026_2_25_3
DL1330,43.29344,-76.81575,35950,374,-128,2026-02-25T12:09:59Z,BDL,MSP,2026-02-25T14:09:04Z,BDL_MSP_DL_2026_2_25_1131
AA1604,28.57672,-8.92225,39000,529,0,2026-02-25T12:09:57Z,SAT,MIA,2026-02-25T13:24:16Z,SAT_MIA_AA_2026_2_25_510
DL2497,33.14035,-92.91445,37000,557,0,2026-02-25T12:09:59Z,SAT,DTW,2026-02-25T13:52:00Z,SAT_DTW_DL_2026_2_25_525
UA1309,31.09703,-82.55259,35000,509,0,2026-02-25T12:09:57Z,SRQ,EWR,2026-02-25T13:56:16Z,SRQ_EWR_UA_2026_2_25_637
WN2272,32.79763,-83.73146,39000,454,-64,2026-02-25T12:09:58Z,IND,MCO,2026-02-25T12:58:40Z,IND_MCO_WN_2026_2_25_609
AA1232,32.30379,-78.07956,38000,395,0,2026-02-25T12:09:58Z,DCA,MIA,2026-02-25T13:15:44Z,DCA_MIA_AA_2026_2_25_559
DL1389,35.62028,-90.25765,36975,547,0,2026-02-25T12:09:59Z,IAH,DTW,2026-02-25T13:28:32Z,IAH_DTW_DL_2026_2_25_519
UA1488,36.85033,-91.54286,35000,463,64,2026-02-25T12:09:58Z,IAH,ORD,2026-02-25T13:11:28Z,IAH_ORD_UA_2026_2_25_510
AA2617,3.75893,-83.89458,38000,328,64,2026-02-25T12:09:59Z,IAD,DFW,2026-02-25T14:00:32Z,IAD_DFW_AA_2026_2_25_1110
DL2538,39.51093,-83.63959,36000,385,0,2026-02-25T12:09:58Z,RDU,MSP,2026-02-25T13:41:20Z,RDU_MSP_DL_2026_2_25_610
DL915,41.16475,-81.74933,37025,558,-64,2026-02-25T12:09:57Z,LAX,JFK,2026-02-25T13:02:56Z,LAX_JFK_DL_2026_2_25_31
DL158,4.76606,-95.77761,39000,548,0,2026-02-25T12:09:59Z,ICN,DTW,2026-02-25T13:24:16Z,ICN_DTW_DL_2026_2_25_1020
DL2752,42.84896,-88.17817,38000,376,0,2026-02-25T12:09:58Z,CVG,MSP,2026-02-25T12:56:32Z,CVG_MSP_DL_2026_2_25_622
AA949,35.49757,-80.24577,38000,343,64,2026-02-25T12:09:58Z,DCA,RSW,2026-02-25T13:37:04Z,DCA_RSW_AA_2026_2_25_1120
UA1289,38.52608,-76.86262,39000,551,0,2026-02-25T12:09:58Z,CHS,EWR,2026-02-25T12:45:52Z,CHS_EWR_UA_2026_2_25_623
AA2144,28.52246,-0.88394,37000,525,0,2026-02-25T12:09:57Z,IAH,MIA,2026-02-25T13:17:52Z,IAH_MIA_AA_2026_2_25_524
UA252,32.54828,-110.07015,37000,534,0,2026-02-25T12:09:59Z,HNL,IAH,2026-02-25T13:43:28Z,
DL1073,30.80122,-9.02383,38525,559,448,2026-02-25T12:09:57Z,SAT,ATL,2026-02-25T13:02:56Z,SAT_ATL_DL_2026_2_25_517
UA1525,34.06837,-79.90402,35000,517,0,2026-02-25T12:09:58Z,PBI,EWR,2026-02-25T13:24:16Z,PBI_EWR_UA_2026_2_25_606
UA1105,34.35558,-79.62397,35000,514,0,2026-02-25T12:09:59Z,MCO,EWR,2026-02-25T13:24:16Z,MCO_EWR_UA_2026_2_25_620
AA1017,33.57152,-7.73707,38000,363,0,2026-02-25T12:09:58Z,JFK,MIA,2026-02-25T13:20:00Z,JFK_MIA_AA_2026_2_25_543
WN2977,39.94973,-0.82663,38000,369,0,2026-02-25T12:09:58Z,DCA,MDW,2026-02-25T12:58:40Z,DCA_MDW_WN_2026_2_25_618
UA805,54.65135,-16.53405,36975,522,64,2026-02-25T12:09:57Z,SFO,ICN,2026-02-25T19:14:08Z,SFO_ICN_UA_2026_2_25_2
WN724,41.77295,-8.32336,40000,366,0,2026-02-25T12:09:59Z,BUF,MDW,2026-02-25T12:50:08Z,BUF_MDW_WN_2026_2_25_631
AA74,42.54246,-92.07482,39825,549,-1344,2026-02-25T12:09:58Z,HNL,ORD,2026-02-25T12:41:36Z,
EK221,49.49409,-96.27898,36000,516,0,2026-02-25T12:09:58Z,DXB,DFW,2026-02-25T14:19:44Z,DXB_DFW_EK_2026_2_25_2301
DL2127,36.30698,-8.11314,37000,318,0,2026-02-25T12:09:59Z,IAD,ATL,2026-02-25T12:54:24Z,IAD_ATL_DL_2026_2_25_624
WN4958,39.53067,-78.39172,40000,327,0,2026-02-25T12:09:59Z,LGA,BNA,2026-02-25T13:28:32Z,LGA_BNA_WN_2026_2_25_625
WN2296,40.36423,-77.81017,40000,332,0,2026-02-25T12:09:57Z,LGA,STL,2026-02-25T13:49:52Z,LGA_STL_WN_2026_2_25_1131
UA163,48.78586,-68.81351,36000,424,0,2026-02-25T12:09:58Z,DXB,EWR,2026-02-25T13:34:56Z,
AA8,27.21833,-116.52686,40000,514,0,2026-02-25T12:09:59Z,BNE,DFW,2026-02-25T14:24:00Z,BNE_DFW_AA_2026_2_25_2353
UA2312,22.81767,-92.26206,37000,466,0,2026-02-25T12:09:57Z,SFO,SJO,2026-02-25T14:15:28Z,SFO_SJO_UA_2026_2_25_818
AA9606,32.39198,-101.24524,38975,585,-64,2026-02-25T12:09:57Z,OGG,DFW,2026-02-25T12:40:08Z,OGG_DFW_AA_2026_2_25_622
DL1201,34.46819,-82.01053,37000,462,0,2026-02-25T12:09:57Z,MCO,DTW,2026-02-25T13:28:32Z,MCO_DTW_DL_2026_2_25_619
AA716,33.85935,-77.40658,38000,362,-64,2026-02-25T12:09:58Z,BWI,MIA,2026-02-25T13:32:48Z,BWI_MIA_AA_2026_2_25_610
AA1942,36.82489,-90.08606,38000,342,0,2026-02-25T12:09:59Z,CVG,DFW,2026-02-25T13:15:44Z,CVG_DFW_AA_2026_2_25_1113
DL2555,36.69746,-83.89371,37000,411,0,2026-02-25T12:09:59Z,DTW,MCO,2026-02-25T13:32:48Z,DTW_MCO_DL_2026_2_25_618
UA1645,39.28862,-85.83905,36000,385,-64,2026-02-25T12:09:58Z,CLE,IAH,2026-02-25T14:11:12Z,CLE_IAH_UA_2026_2_25_631
UA887,35.15462,-77.89175,37000,485,0,2026-02-25T12:09:59Z,LIM,EWR,2026-02-25T13:13:36Z,LIM_EWR_UA_2026_2_25_113
WN1309,37.97834,-76.96526,39000,592,0,2026-02-25T12:09:58Z,ATL,LGA,2026-02-25T12:50:08Z,ATL_LGA_WN_2026_2_25_615
AA28,39.40503,-74.46539,20150,518,-2752,2026-02-25T12:09:59Z,LAX,JFK,2026-02-25T12:32:53Z,
WN879,41.01569,-78.88203,40000,352,0,2026-02-25T12:09:58Z,LGA,MDW,2026-02-25T13:20:00Z,LGA_MDW_WN_2026_2_25_624
UA2434,42.65433,-8.08664,35975,410,-64,2026-02-25T12:09:58Z,EWR,LAX,2026-02-25T16:40:32Z,EWR_LAX_UA_2026_2_25_616
AA865,43.05615,-77.57708,38025,370,-64,2026-02-25T12:09:59Z,PVD,ORD,2026-02-25T13:32:48Z,PVD_ORD_AA_2026_2_25_619
EK203,47.60917,-74.55816,40000,450,0,2026-02-25T12:09:57Z,DXB,JFK,2026-02-25T13:24:16Z,
AA34,31.18925,-104.69427,38975,562,-64,2026-02-25T12:09:59Z,AKL,DFW,2026-02-25T13:02:56Z,AKL_DFW_AA_2026_2_25_21
AA9604,27.98598,-7.75977,39000,484,0,2026-02-25T12:09:58Z,EZE,JFK,2026-02-25T13:55:55Z,EZE_JFK_AA_2026_2_25_100
WN2747,3.87117,-85.69467,34300,400,-1152,2026-02-25T12:09:59Z,ATL,MDW,2026-02-25T12:50:08Z,ATL_MDW_WN_2026_2_25_621
WN1671,36.35385,-82.29285,40000,323,0,2026-02-25T12:09:58Z,DCA,HOU,2026-02-25T14:17:36Z,DCA_HOU_WN_2026_2_25_611
WN4424,40.63458,-89.25562,40000,368,0,2026-02-25T12:09:58Z,CMH,DEN,2026-02-25T14:02:40Z,CMH_DEN_WN_2026_2_25_617
UA844,4.09311,-85.31414,29125,351,-832,2026-02-25T12:09:59Z,GRU,ORD,2026-02-25T12:39:33Z,GRU_ORD_UA_2026_2_25_157
WN933,39.38915,-82.37384,40000,333,0,2026-02-25T12:09:58Z,DCA,MCI,2026-02-25T13:45:36Z,DCA_MCI_WN_2026_2_25_622
DL925,53.40742,-130.02626,37000,500,-64,2026-02-25T12:09:59Z,ANC,SEA,2026-02-25T13:15:44Z,ANC_SEA_DL_2026_2_25_122
DL2408,61.77212,-139.73317,37000,489,0,2026-02-25T12:09:58Z,FAI,SEA,2026-02-25T14:36:48Z,FAI_SEA_DL_2026_2_25_230
WN4904,41.50504,-85.28635,30000,356,0,2026-02-25T12:09:57Z,PHL,MDW,2026-02-25T12:38:35Z,PHL_MDW_WN_2026_2_25_544
UA2266,35.10099,-79.31161,37000,512,0,2026-02-25T12:09:58Z,SAV,EWR,2026-02-25T13:17:52Z,SAV_EWR_UA_2026_2_25_642
DL650,37.87029,-79.66473,39000,606,0,2026-02-25T12:09:58Z,HNL,JFK,2026-02-25T12:50:08Z,
WN702,41.20454,-74.50787,40000,327,0,2026-02-25T12:09:58Z,BOS,STL,2026-02-25T14:15:28Z,BOS_STL_WN_2026_2_25_1135
EK231,44.88963,-7.55371,40000,438,0,2026-02-25T12:09:59Z,DXB,IAD,2026-02-25T13:17:52Z,
EK243,47.11077,-71.03647,40000,421,-192,2026-02-25T12:09:58Z,DXB,YUL,2026-02-25T12:45:52Z,
AA1593,28.81598,-89.04887,37000,527,0,2026-02-25T12:14:59Z,AUS,MIA,2026-02-25T13:28:32Z,AUS_MIA_AA_2026_2_25_518
AA102,32.55165,-107.39394,37000,534,0,2026-02-25T12:14:57Z,HNL,DFW,2026-02-25T13:22:08Z,HNL_DFW_AA_2026_2_25_637
AA246,33.50098,-120.11781,28675,484,-4032,2026-02-25T12:14:57Z,KOA,LAX,2026-02-25T12:47:00Z,KOA_LAX_AA_2026_2_25_748
DL1183,34.58835,-83.28578,23550,386,-1088,2026-02-25T12:14:57Z,PHL,ATL,2026-02-25T12:33:04Z,PHL_ATL_DL_2026_2_25_540
AA1868,3.56457,-88.39956,37000,586,0,2026-02-25T12:14:58Z,DFW,DCA,2026-02-25T13:32:48Z,DFW_DCA_AA_2026_2_25_1121
WN2715,35.21901,-84.82617,39000,426,0,2026-02-25T12:14:58Z,MDW,MCO,2026-02-25T13:28:32Z,MDW_MCO_WN_2026_2_25_518
WN1585,37.45221,-84.35209,40000,330,64,2026-02-25T12:14:58Z,DCA,DAL,2026-02-25T14:04:48Z,DCA_DAL_WN_2026_2_25_606
WN1167,37.23271,-83.98797,40000,413,64,2026-02-25T12:14:58Z,SAV,MDW,2026-02-25T13:15:44Z,SAV_MDW_WN_2026_2_25_622
WN1350,37.80796,-83.14333,35775,318,-1024,2026-02-25T12:14:57Z,DCA,BNA,2026-02-25T12:54:24Z,DCA_BNA_WN_2026_2_25_617
WN1549,3.97478,-83.53867,40000,372,0,2026-02-25T12:14:58Z,RDU,MDW,2026-02-25T12:58:40Z,RDU_MDW_WN_2026_2_25_617
DL68,50.64348,-130.92757,39000,518,0,2026-02-25T12:14:58Z,TPE,SEA,2026-02-25T13:09:20Z,TPE_SEA_DL_2026_2_25_1103
UA1959,45.75154,-111.53478,37000,512,64,2026-02-25T12:14:58Z,ANC,DEN,2026-02-25T13:22:08Z,
DL2286,37.99775,-78.94644,38000,330,64,2026-02-25T12:14:57Z,JFK,ATL,2026-02-25T13:15:44Z,JFK_ATL_DL_2026_2_25_618
UA2416,41.58432,-78.56783,34925,523,-640,2026-02-25T12:14:58Z,SFO,EWR,2026-02-25T12:48:00Z,SFO_EWR_UA_2026_2_25_3
DL1330,43.35686,-77.52643,36000,386,0,2026-02-25T12:14:58Z,BDL,MSP,2026-02-25T14:13:20Z,BDL_MSP_DL_2026_2_25_1131
UA870,23.13717,-133.77379,35000,580,0,2026-02-25T12:14:57Z,SYD,SFO,2026-02-25T14:24:00Z,SYD_SFO_UA_2026_2_25_1230
AA1604,28.39766,-88.42438,39000,522,0,2026-02-25T12:14:57Z,SAT,MIA,2026-02-25T13:22:08Z,SAT_MIA_AA_2026_2_25_510
DL2497,33.62315,-92.18542,37000,567,0,2026-02-25T12:14:58Z,SAT,DTW,2026-02-25T13:49:52Z,SAT_DTW_DL_2026_2_25_525
UA1309,31.73808,-82.16541,35000,519,0,2026-02-25T12:14:57Z,SRQ,EWR,2026-02-25T13:54:08Z,SRQ_EWR_UA_2026_2_25_637
WN2272,3.22108,-83.45786,39000,454,0,2026-02-25T12:14:57Z,IND,MCO,2026-02-25T12:58:40Z,IND_MCO_WN_2026_2_25_609
AA949,35.04337,-80.45529,38000,357,0,2026-02-25T12:14:57Z,DCA,RSW,2026-02-25T13:37:04Z,DCA_RSW_AA_2026_2_25_1120
AA1232,31.75961,-78.21552,38000,398,-64,2026-02-25T12:14:58Z,DCA,MIA,2026-02-25T13:15:44Z,DCA_MIA_AA_2026_2_25_559
UA1488,37.47363,-91.35301,35000,460,0,2026-02-25T12:14:59Z,IAH,ORD,2026-02-25T13:11:28Z,IAH_ORD_UA_2026_2_25_510
DL1389,36.19311,-89.65755,36975,545,64,2026-02-25T12:14:57Z,IAH,DTW,2026-02-25T13:28:32Z,IAH_DTW_DL_2026_2_25_519
AA2617,37.42516,-84.42796,38000,329,0,2026-02-25T12:14:59Z,IAD,DFW,2026-02-25T14:02:40Z,IAD_DFW_AA_2026_2_25_1110
DL2538,39.92609,-84.06857,36000,380,0,2026-02-25T12:14:58Z,RDU,MSP,2026-02-25T13:41:20Z,RDU_MSP_DL_2026_2_25_610
DL2752,4.32049,-8.86836,38000,368,0,2026-02-25T12:14:57Z,CVG,MSP,2026-02-25T12:54:24Z,CVG_MSP_DL_2026_2_25_622
DL158,47.30871,-94.78722,39000,549,0,2026-02-25T12:14:57Z,ICN,DTW,2026-02-25T13:26:24Z,ICN_DTW_DL_2026_2_25_1020
UA1289,39.12337,-76.26046,33950,551,-3840,2026-02-25T12:14:57Z,CHS,EWR,2026-02-25T12:45:52Z,CHS_EWR_UA_2026_2_25_623
DL915,41.35836,-80.74976,37000,559,0,2026-02-25T12:14:59Z,LAX,JFK,2026-02-25T13:02:56Z,LAX_JFK_DL_2026_2_25_31
AA2144,28.26354,-87.62318,37000,528,64,2026-02-25T12:14:57Z,IAH,MIA,2026-02-25T13:17:52Z,IAH_MIA_AA_2026_2_25_524
UA252,32.46395,-10.92009,37000,537,0,2026-02-25T12:14:57Z,HNL,IAH,2026-02-25T13:47:44Z,
DL1073,31.06073,-89.38471,39000,560,0,2026-02-25T12:14:58Z,SAT,ATL,2026-02-25T13:02:56Z,SAT_ATL_DL_2026_2_25_517
UA1525,34.72904,-79.54222,35000,522,0,2026-02-25T12:14:58Z,PBI,EWR,2026-02-25T13:22:08Z,PBI_EWR_UA_2026_2_25_606
UA1105,35.01407,-79.29876,35000,514,0,2026-02-25T12:14:57Z,MCO,EWR,2026-02-25T13:24:16Z,MCO_EWR_UA_2026_2_25_620
AA1017,33.09943,-77.58091,38000,363,0,2026-02-25T12:14:58Z,JFK,MIA,2026-02-25T13:22:08Z,JFK_MIA_AA_2026_2_25_543
WN2977,40.19762,-8.32519,38000,370,0,2026-02-25T12:14:57Z,DCA,MDW,2026-02-25T12:58:40Z,DCA_MDW_WN_2026_2_25_618
UA805,54.76391,-166.56996,36975,519,-64,2026-02-25T12:14:57Z,SFO,ICN,2026-02-25T19:14:08Z,SFO_ICN_UA_2026_2_25_2
WN724,41.64205,-83.87825,40000,361,0,2026-02-25T12:14:58Z,BUF,MDW,2026-02-25T12:50:08Z,BUF_MDW_WN_2026_2_25_631
AA74,42.50378,-91.03776,32675,554,-1856,2026-02-25T12:14:57Z,HNL,ORD,2026-02-25T12:48:36Z,
EK221,48.78521,-96.43307,36000,515,-64,2026-02-25T12:14:58Z,DXB,DFW,2026-02-25T14:19:44Z,DXB_DFW_EK_2026_2_25_2301
DL2127,36.02252,-81.53223,36000,311,0,2026-02-25T12:14:57Z,IAD,ATL,2026-02-25T12:54:24Z,IAD_ATL_DL_2026_2_25_624
WN4958,3.93494,-78.93671,40000,334,0,2026-02-25T12:14:59Z,LGA,BNA,2026-02-25T13:28:32Z,LGA_BNA_WN_2026_2_25_625
WN2296,40.34615,-78.41772,40000,332,0,2026-02-25T12:14:59Z,LGA,STL,2026-02-25T13:49:52Z,LGA_STL_WN_2026_2_25_1131
UA163,48.29296,-6.92834,36000,418,-64,2026-02-25T12:14:58Z,DXB,EWR,2026-02-25T13:34:56Z,
AA8,27.47304,-115.75528,40000,511,-64,2026-02-25T12:14:58Z,BNE,DFW,2026-02-25T14:24:00Z,BNE_DFW_AA_2026_2_25_2353
UA2312,22.34537,-91.81534,37000,456,0,2026-02-25T12:14:58Z,SFO,SJO,2026-02-25T14:15:28Z,SFO_SJO_UA_2026_2_25_818
AA9606,32.31451,-100.28898,38975,587,-64,2026-02-25T12:14:58Z,OGG,DFW,2026-02-25T12:41:03Z,OGG_DFW_AA_2026_2_25_622
DL1201,35.10471,-82.02319,37000,453,0,2026-02-25T12:14:59Z,MCO,DTW,2026-02-25T13:28:32Z,MCO_DTW_DL_2026_2_25_619
AA716,33.37823,-77.58797,38000,359,0,2026-02-25T12:14:58Z,BWI,MIA,2026-02-25T13:32:48Z,BWI_MIA_AA_2026_2_25_610
AA1942,36.64788,-90.63487,38000,342,0,2026-02-25T12:14:58Z,CVG,DFW,2026-02-25T13:17:52Z,CVG_DFW_AA_2026_2_25_1113
UA1645,3.88987,-86.31164,36000,382,0,2026-02-25T12:14:59Z,CLE,IAH,2026-02-25T14:11:12Z,CLE_IAH_UA_2026_2_25_631
DL2555,36.12598,-83.86322,37025,466,64,2026-02-25T12:14:57Z,DTW,MCO,2026-02-25T13:32:48Z,DTW_MCO_DL_2026_2_25_618
UA2434,42.70844,-8.16296,36000,412,-64,2026-02-25T12:14:57Z,EWR,LAX,2026-02-25T16:40:32Z,EWR_LAX_UA_2026_2_25_616
UA887,35.82558,-77.84264,37000,487,-64,2026-02-25T12:14:58Z,LIM,EWR,2026-02-25T13:15:44Z,LIM_EWR_UA_2026_2_25_113
WN1309,38.56834,-76.25146,36625,576,-2624,2026-02-25T12:14:59Z,ATL,LGA,2026-02-25T12:48:00Z,ATL_LGA_WN_2026_2_25_615
AA28,39.88922,-73.95245,13100,341,-1920,2026-02-25T12:14:58Z,LAX,JFK,2026-02-25T12:28:55Z,
WN879,41.12611,-79.52004,38000,358,0,2026-02-25T12:14:58Z,LGA,MDW,2026-02-25T13:20:00Z,LGA_MDW_WN_2026_2_25_624
AA865,43.05835,-78.28288,38025,377,0,2026-02-25T12:14:57Z,PVD,ORD,2026-02-25T13:28:32Z,PVD_ORD_AA_2026_2_25_619
EK203,47.01452,-74.81874,40000,444,0,2026-02-25T12:14:59Z,DXB,JFK,2026-02-25T13:26:24Z,
AA34,31.56516,-103.90589,39000,563,-64,2026-02-25T12:14:58Z,AKL,DFW,2026-02-25T13:02:56Z,AKL_DFW_AA_2026_2_25_21
AA9604,28.66063,-77.60941,39000,486,0,2026-02-25T12:14:59Z,EZE,JFK,2026-02-25T13:55:48Z,EZE_JFK_AA_2026_2_25_100
WN1671,36.11467,-8.27588,40000,322,0,2026-02-25T12:14:57Z,DCA,HOU,2026-02-25T14:15:28Z,DCA_HOU_WN_2026_2_25_611
WN2747,39.25941,-85.80237,29525,398,-960,2026-02-25T12:14:58Z,ATL,MDW,2026-02-25T12:52:16Z,ATL_MDW_WN_2026_2_25_621
WN4424,40.67477,-89.92273,40000,365,0,2026-02-25T12:14:58Z,CMH,DEN,2026-02-25T14:02:40Z,CMH_DEN_WN_2026_2_25_617
WN4904,41.52213,-85.91871,21150,329,-2560,2026-02-25T12:14:57Z,PHL,MDW,2026-02-25T12:37:08Z,PHL_MDW_WN_2026_2_25_544
UA844,4.10681,-85.89429,23100,326,-1024,2026-02-25T12:14:58Z,GRU,ORD,2026-02-25T12:38:27Z,GRU_ORD_UA_2026_2_25_157
WN933,3.94439,-82.97296,40000,341,-64,2026-02-25T12:14:58Z,DCA,MCI,2026-02-25T13:45:36Z,DCA_MCI_WN_2026_2_25_622
DL925,52.88763,-129.26976,37000,500,0,2026-02-25T12:14:57Z,ANC,SEA,2026-02-25T13:15:44Z,ANC_SEA_DL_2026_2_25_122
DL2408,6.12465,-138.87665,37000,481,0,2026-02-25T12:14:58Z,FAI,SEA,2026-02-25T14:36:48Z,FAI_SEA_DL_2026_2_25_230
UA2266,35.75491,-78.95491,37000,516,64,2026-02-25T12:14:59Z,SAV,EWR,2026-02-25T13:15:44Z,SAV_EWR_UA_2026_2_25_642
DL650,37.73194,-78.64432,39000,592,0,2026-02-25T12:14:58Z,HNL,JFK,2026-02-25T12:52:16Z,
WN702,40.94751,-75.00763,40000,329,0,2026-02-25T12:14:57Z,BOS,STL,2026-02-25T14:17:36Z,BOS_STL_WN_2026_2_25_1135
EK231,44.30809,-75.76627,40000,435,64,2026-02-25T12:14:59Z,DXB,IAD,2026-02-25T13:17:52Z,
EK243,46.67418,-7.15636,35050,408,-960,2026-02-25T12:14:59Z,DXB,YUL,2026-02-25T12:50:42Z,
AA1593,28.56853,-8.82677,37000,523,0,2026-02-25T12:19:59Z,AUS,MIA,2026-02-25T13:28:32Z,AUS_MIA_AA_2026_2_25_518
AA102,32.52081,-106.51295,37000,535,0,2026-02-25T12:19:59Z,HNL,DFW,2026-02-25T13:24:16Z,HNL_DFW_AA_2026_2_25_637
AA246,33.69456,-119.47076,19250,373,-1984,2026-02-25T12:19:58Z,KOA,LAX,2026-02-25T12:41:12Z,KOA_LAX_AA_2026_2_25_748
WN2715,34.63799,-84.68073,39000,429,0,2026-02-25T12:19:58Z,MDW,MCO,2026-02-25T13:28:32Z,MDW_MCO_WN_2026_2_25_518
DL1183,34.20617,-83.71713,13300,354,-1280,2026-02-25T12:19:58Z,PHL,ATL,2026-02-25T12:35:03Z,PHL_ATL_DL_2026_2_25_540
AA1868,35.91878,-87.45935,37000,582,0,2026-02-25T12:19:59Z,DFW,DCA,2026-02-25T13:32:48Z,DFW_DCA_AA_2026_2_25_1121
WN1585,37.28327,-84.88652,40000,326,0,2026-02-25T12:19:59Z,DCA,DAL,2026-02-25T14:06:56Z,DCA_DAL_WN_2026_2_25_606
WN1350,37.59992,-83.63127,34025,312,0,2026-02-25T12:19:58Z,DCA,BNA,2026-02-25T12:54:24Z,DCA_BNA_WN_2026_2_25_617
WN1167,37.76299,-84.22119,40000,391,-64,2026-02-25T12:19:59Z,SAV,MDW,2026-02-25T13:15:44Z,SAV_MDW_WN_2026_2_25_622
WN1549,40.11589,-84.02216,39775,381,-1024,2026-02-25T12:19:58Z,RDU,MDW,2026-02-25T12:58:40Z,RDU_MDW_WN_2026_2_25_617
DL68,50.30686,-129.92216,39000,525,0,2026-02-25T12:19:58Z,TPE,SEA,2026-02-25T13:07:12Z,TPE_SEA_DL_2026_2_25_1103
UA1959,45.17839,-110.93063,37000,518,-64,2026-02-25T12:19:58Z,ANC,DEN,2026-02-25T13:22:08Z,
DL2286,37.69498,-7.93924,38000,329,0,2026-02-25T12:19:59Z,JFK,ATL,2026-02-25T13:15:44Z,JFK_ATL_DL_2026_2_25_618
UA2416,41.46492,-77.63371,33000,511,0,2026-02-25T12:19:58Z,SFO,EWR,2026-02-25T12:50:08Z,SFO_EWR_UA_2026_2_25_3
DL1330,43.43761,-78.24987,35975,385,0,2026-02-25T12:19:59Z,BDL,MSP,2026-02-25T14:11:12Z,BDL_MSP_DL_2026_2_25_1131
AA1604,28.19771,-87.63088,39000,523,0,2026-02-25T12:19:58Z,SAT,MIA,2026-02-25T13:22:08Z,SAT_MIA_AA_2026_2_25_510
WN2272,31.60849,-83.18105,39000,468,0,2026-02-25T12:19:59Z,IND,MCO,2026-02-25T12:58:40Z,IND_MCO_WN_2026_2_25_609
UA1309,32.37508,-81.76659,35000,523,0,2026-02-25T12:19:58Z,SRQ,EWR,2026-02-25T13:54:08Z,SRQ_EWR_UA_2026_2_25_637
DL2497,34.10664,-91.43589,37000,567,0,2026-02-25T12:19:59Z,SAT,DTW,2026-02-25T13:49:52Z,SAT_DTW_DL_2026_2_25_525
AA949,34.56839,-80.64411,38000,360,-64,2026-02-25T12:19:58Z,DCA,RSW,2026-02-25T13:37:04Z,DCA_RSW_AA_2026_2_25_1120
AA1232,31.22745,-78.36844,38000,392,0,2026-02-25T12:19:58Z,DCA,MIA,2026-02-25T13:15:44Z,DCA_MIA_AA_2026_2_25_559
UA1488,3.80825,-91.16438,35000,444,64,2026-02-25T12:19:59Z,IAH,ORD,2026-02-25T13:11:28Z,IAH_ORD_UA_2026_2_25_510
DL1389,36.76831,-8.90425,36975,535,0,2026-02-25T12:19:58Z,IAH,DTW,2026-02-25T13:28:32Z,IAH_DTW_DL_2026_2_25_519
AA2617,37.26128,-84.95132,38000,323,0,2026-02-25T12:19:59Z,IAD,DFW,2026-02-25T14:02:40Z,IAD_DFW_AA_2026_2_25_1110
DL2538,40.33407,-84.49691,36000,373,-64,2026-02-25T12:19:58Z,RDU,MSP,2026-02-25T13:41:20Z,RDU_MSP_DL_2026_2_25_610
DL158,46.94458,-93.79996,39000,551,0,2026-02-25T12:19:58Z,ICN,DTW,2026-02-25T13:24:16Z,ICN_DTW_DL_2026_2_25_1020
DL2752,4.35618,-89.20004,38000,378,0,2026-02-25T12:19:57Z,CVG,MSP,2026-02-25T12:56:32Z,CVG_MSP_DL_2026_2_25_622
UA1289,39.65268,-7.56391,20500,466,-1792,2026-02-25T12:19:59Z,CHS,EWR,2026-02-25T12:40:53Z,CHS_EWR_UA_2026_2_25_623
DL915,41.54352,-79.74414,37000,563,0,2026-02-25T12:19:59Z,LAX,JFK,2026-02-25T13:02:56Z,LAX_JFK_DL_2026_2_25_31
AA2144,28.03271,-86.83958,37000,519,0,2026-02-25T12:19:58Z,IAH,MIA,2026-02-25T13:17:52Z,IAH_MIA_AA_2026_2_25_524
UA252,32.37094,-108.31813,37000,539,0,2026-02-25T12:19:59Z,HNL,IAH,2026-02-25T13:45:36Z,
DL1073,31.31543,-88.52299,39000,562,0,2026-02-25T12:19:58Z,SAT,ATL,2026-02-25T13:02:56Z,SAT_ATL_DL_2026_2_25_517
AA1017,32.61891,-77.79194,38000,372,0,2026-02-25T12:19:59Z,JFK,MIA,2026-02-25T13:24:16Z,JFK_MIA_AA_2026_2_25_543
DL2127,35.72617,-81.93214,34000,323,0,2026-02-25T12:19:58Z,IAD,ATL,2026-02-25T12:54:24Z,IAD_ATL_DL_2026_2_25_624
WN2977,40.44131,-83.84247,38000,367,0,2026-02-25T12:19:58Z,DCA,MDW,2026-02-25T12:58:40Z,DCA_MDW_WN_2026_2_25_618
WN724,41.50653,-84.52663,32875,371,-3968,2026-02-25T12:19:58Z,BUF,MDW,2026-02-25T12:56:00Z,BUF_MDW_WN_2026_2_25_631
UA805,54.86293,-167.79836,37000,509,-128,2026-02-25T12:19:59Z,SFO,ICN,2026-02-25T19:14:08Z,SFO_ICN_UA_2026_2_25_2
AA74,42.45703,-90.01161,24025,527,-1088,2026-02-25T12:19:58Z,HNL,ORD,2026-02-25T12:43:38Z,
EK221,48.07748,-96.58257,36000,514,0,2026-02-25T12:19:58Z,DXB,DFW,2026-02-25T14:19:44Z,DXB_DFW_EK_2026_2_25_2301
UA1525,35.39017,-7.91736,35000,526,0,2026-02-25T12:19:58Z,PBI,EWR,2026-02-25T13:24:16Z,PBI_EWR_UA_2026_2_25_606
UA1105,35.68428,-78.96183,35000,520,0,2026-02-25T12:19:59Z,MCO,EWR,2026-02-25T13:24:16Z,MCO_EWR_UA_2026_2_25_620
WN4958,3.91636,-79.48537,38100,335,-960,2026-02-25T12:19:58Z,LGA,BNA,2026-02-25T13:30:40Z,LGA_BNA_WN_2026_2_25_625
WN2296,4.03249,-79.02953,40000,342,-64,2026-02-25T12:19:59Z,LGA,STL,2026-02-25T13:49:52Z,LGA_STL_WN_2026_2_25_1131
UA163,47.80184,-69.74382,36000,410,0,2026-02-25T12:19:59Z,DXB,EWR,2026-02-25T13:34:56Z,
AA8,27.72066,-115.00405,40000,513,-64,2026-02-25T12:19:59Z,BNE,DFW,2026-02-25T14:24:00Z,BNE_DFW_AA_2026_2_25_2353
UA2312,21.82315,-91.43597,37000,449,0,2026-02-25T12:19:59Z,SFO,SJO,2026-02-25T14:19:44Z,SFO_SJO_UA_2026_2_25_818
AA9606,32.30777,-99.35036,28550,537,-1856,2026-02-25T12:19:58Z,OGG,DFW,2026-02-25T12:48:48Z,OGG_DFW_AA_2026_2_25_622
AA716,32.89723,-0.77767,38000,367,0,2026-02-25T12:19:59Z,BWI,MIA,2026-02-25T13:32:48Z,BWI_MIA_AA_2026_2_25_610
AA1942,36.46957,-91.17685,38000,336,64,2026-02-25T12:19:59Z,CVG,DFW,2026-02-25T13:20:00Z,CVG_DFW_AA_2026_2_25_1113
UA1645,3.85139,-86.77014,36000,377,64,2026-02-25T12:19:59Z,CLE,IAH,2026-02-25T14:09:04Z,CLE_IAH_UA_2026_2_25_631
DL2555,35.52299,-83.58942,36975,451,0,2026-02-25T12:19:59Z,DTW,MCO,2026-02-25T13:28:32Z,DTW_MCO_DL_2026_2_25_618
DL1201,35.72594,-82.04263,37000,442,0,2026-02-25T12:19:58Z,MCO,DTW,2026-02-25T13:28:32Z,MCO_DTW_DL_2026_2_25_619
UA2434,42.79291,-82.39657,36000,409,-64,2026-02-25T12:19:58Z,EWR,LAX,2026-02-25T16:40:32Z,EWR_LAX_UA_2026_2_25_616
UA887,36.49818,-77.79202,37000,498,-192,2026-02-25T12:19:58Z,LIM,EWR,2026-02-25T13:15:44Z,LIM_EWR_UA_2026_2_25_113
WN1309,39.16198,-7.55824,27000,556,0,2026-02-25T12:19:58Z,ATL,LGA,2026-02-25T12:46:36Z,ATL_LGA_WN_2026_2_25_615
AA28,0.40261,-73.64423,6975,290,-1216,2026-02-25T12:19:59Z,LAX,JFK,2026-02-25T12:28:04Z,
WN879,41.18458,-80.17947,38000,366,0,2026-02-25T12:19:57Z,LGA,MDW,2026-02-25T13:20:00Z,LGA_MDW_WN_2026_2_25_624
AA865,43.05593,-79.00681,38050,383,-64,2026-02-25T12:19:59Z,PVD,ORD,2026-02-25T13:34:56Z,PVD_ORD_AA_2026_2_25_619
EK203,46.42391,-75.07156,39975,442,64,2026-02-25T12:19:58Z,DXB,JFK,2026-02-25T13:26:24Z,
AA34,3.17909,-10.30258,39000,570,-64,2026-02-25T12:19:59Z,AKL,DFW,2026-02-25T13:02:56Z,AKL_DFW_AA_2026_2_25_21
AA9604,29.33862,-77.62132,39000,487,0,2026-02-25T12:19:59Z,EZE,JFK,2026-02-25T13:55:43Z,EZE_JFK_AA_2026_2_25_100
WN1671,35.86878,-83.23148,40000,329,0,2026-02-25T12:19:59Z,DCA,HOU,2026-02-25T14:15:28Z,DCA_HOU_WN_2026_2_25_611
WN4424,40.71058,-90.58708,40000,364,0,2026-02-25T12:19:59Z,CMH,DEN,2026-02-25T14:02:40Z,CMH_DEN_WN_2026_2_25_617
WN2747,39.80887,-85.91205,27975,402,0,2026-02-25T12:19:59Z,ATL,MDW,2026-02-25T12:50:08Z,ATL_MDW_WN_2026_2_25_621
UA844,41.19878,-86.45874,17825,309,-1024,2026-02-25T12:19:58Z,GRU,ORD,2026-02-25T12:37:15Z,GRU_ORD_UA_2026_2_25_157
WN933,3.94958,-83.57903,40000,340,0,2026-02-25T12:19:58Z,DCA,MCI,2026-02-25T13:45:36Z,DCA_MCI_WN_2026_2_25_622
DL925,52.37997,-128.48323,37000,500,0,2026-02-25T12:19:59Z,ANC,SEA,2026-02-25T13:15:44Z,ANC_SEA_DL_2026_2_25_122
DL2408,60.73627,-137.96129,37000,487,0,2026-02-25T12:19:59Z,FAI,SEA,2026-02-25T14:36:48Z,FAI_SEA_DL_2026_2_25_230
WN4904,41.52274,-86.48281,9600,283,-64,2026-02-25T12:19:59Z,PHL,MDW,2026-02-25T12:29:11Z,PHL_MDW_WN_2026_2_25_544
UA2266,36.40795,-78.59233,37000,517,0,2026-02-25T12:19:59Z,SAV,EWR,2026-02-25T13:15:44Z,SAV_EWR_UA_2026_2_25_642
DL650,37.51799,-77.63588,39000,611,64,2026-02-25T12:19:59Z,HNL,JFK,2026-02-25T12:54:24Z,
WN702,40.71301,-75.52302,40000,318,0,2026-02-25T12:19:59Z,BOS,STL,2026-02-25T14:17:36Z,BOS_STL_WN_2026_2_25_1135
EK231,43.72897,-75.98962,37175,427,-1792,2026-02-25T12:19:58Z,DXB,IAD,2026-02-25T13:17:52Z,
EK243,46.29826,-72.14608,27350,370,-2304,2026-02-25T12:19:59Z,DXB,YUL,2026-02-25T12:48:03Z,
AA1593,28.32014,-87.50103,37000,521,-128,2026-02-25T12:24:57Z,AUS,MIA,2026-02-25T13:24:16Z,AUS_MIA_AA_2026_2_25_518
AA102,32.49724,-105.64195,37000,534,0,2026-02-25T12:24:58Z,HNL,DFW,2026-02-25T13:22:08Z,HNL_DFW_AA_2026_2_25_637
AA246,33.84962,-118.94199,9875,260,-448,2026-02-25T12:24:58Z,KOA,LAX,2026-02-25T12:34:57Z,KOA_LAX_AA_2026_2_25_748
WN2715,34.04421,-84.52698,39000,443,0,2026-02-25T12:24:58Z,MDW,MCO,2026-02-25T13:28:32Z,MDW_MCO_WN_2026_2_25_518
DL1183,33.93565,-84.04008,8550,257,-128,2026-02-25T12:24:57Z,PHL,ATL,2026-02-25T12:31:45Z,PHL_ATL_DL_2026_2_25_540
AA1868,36.19144,-86.51676,37000,593,0,2026-02-25T12:24:57Z,DFW,DCA,2026-02-25T13:30:40Z,DFW_DCA_AA_2026_2_25_1121
WN1585,37.14496,-85.42741,40000,336,0,2026-02-25T12:24:58Z,DCA,DAL,2026-02-25T14:06:56Z,DCA_DAL_WN_2026_2_25_606
WN1350,37.37778,-84.10373,34025,314,64,2026-02-25T12:24:59Z,DCA,BNA,2026-02-25T12:54:24Z,DCA_BNA_WN_2026_2_25_617
WN1167,38.25293,-84.51537,36000,394,0,2026-02-25T12:24:59Z,SAV,MDW,2026-02-25T13:15:44Z,SAV_MDW_WN_2026_2_25_622
WN1549,40.47782,-84.50515,36000,367,-64,2026-02-25T12:24:59Z,RDU,MDW,2026-02-25T12:58:40Z,RDU_MDW_WN_2026_2_25_617
DL68,49.96042,-128.92783,39000,527,0,2026-02-25T12:24:58Z,TPE,SEA,2026-02-25T13:07:12Z,TPE_SEA_DL_2026_2_25_1103
UA1959,44.60042,-1.10337,37000,509,0,2026-02-25T12:24:59Z,ANC,DEN,2026-02-25T13:20:00Z,
DL2286,37.38908,-79.81293,38000,328,0,2026-02-25T12:24:58Z,JFK,ATL,2026-02-25T13:17:52Z,JFK_ATL_DL_2026_2_25_618
UA2416,41.31995,-7.67052,26000,489,-64,2026-02-25T12:24:58Z,SFO,EWR,2026-02-25T12:52:47Z,SFO_EWR_UA_2026_2_25_3
DL1330,43.51466,-78.98235,36000,389,0,2026-02-25T12:24:59Z,BDL,MSP,2026-02-25T14:13:20Z,BDL_MSP_DL_2026_2_25_1131
AA1604,27.99447,-86.84418,39000,521,0,2026-02-25T12:24:58Z,SAT,MIA,2026-02-25T13:24:16Z,SAT_MIA_AA_2026_2_25_510
WN2272,3.10318,-82.92028,32250,439,-2944,2026-02-25T12:24:58Z,IND,MCO,2026-02-25T13:02:56Z,IND_MCO_WN_2026_2_25_609
DL2497,3.45845,-90.67924,37050,566,0,2026-02-25T12:24:59Z,SAT,DTW,2026-02-25T13:49:52Z,SAT_DTW_DL_2026_2_25_525
UA1309,32.99854,-81.32459,35000,524,0,2026-02-25T12:24:57Z,SRQ,EWR,2026-02-25T13:54:08Z,SRQ_EWR_UA_2026_2_25_637
AA949,34.08723,-80.83253,38025,362,-64,2026-02-25T12:24:58Z,DCA,RSW,2026-02-25T13:37:04Z,DCA_RSW_AA_2026_2_25_1120
AA1232,30.69814,-78.54411,38000,399,0,2026-02-25T12:24:57Z,DCA,MIA,2026-02-25T13:15:44Z,DCA_MIA_AA_2026_2_25_559
DL1389,3.73287,-88.43117,36700,528,-576,2026-02-25T12:24:59Z,IAH,DTW,2026-02-25T13:26:24Z,IAH_DTW_DL_2026_2_25_519
UA1488,38.67979,-90.97571,35000,449,0,2026-02-25T12:24:57Z,IAH,ORD,2026-02-25T13:11:28Z,IAH_ORD_UA_2026_2_25_510
AA2617,37.09378,-85.47667,38000,330,0,2026-02-25T12:24:57Z,IAD,DFW,2026-02-25T14:02:40Z,IAD_DFW_AA_2026_2_25_1110
DL2538,40.73941,-84.92926,36000,379,0,2026-02-25T12:24:58Z,RDU,MSP,2026-02-25T13:41:20Z,RDU_MSP_DL_2026_2_25_610
DL158,46.57104,-92.82349,39000,557,0,2026-02-25T12:24:58Z,ICN,DTW,2026-02-25T13:26:24Z,ICN_DTW_DL_2026_2_25_1020
DL2752,43.92101,-89.72917,37550,375,-1024,2026-02-25T12:24:58Z,CVG,MSP,2026-02-25T12:58:40Z,CVG_MSP_DL_2026_2_25_622
UA1289,40.07831,-75.12214,11700,369,-1600,2026-02-25T12:24:57Z,CHS,EWR,2026-02-25T12:38:48Z,CHS_EWR_UA_2026_2_25_623
DL915,41.63699,-78.70955,37000,567,0,2026-02-25T12:24:58Z,LAX,JFK,2026-02-25T13:05:04Z,LAX_JFK_DL_2026_2_25_31
AA2144,27.80756,-86.06927,37000,518,0,2026-02-25T12:24:58Z,IAH,MIA,2026-02-25T13:15:44Z,IAH_MIA_AA_2026_2_25_524
UA252,32.27289,-10.74464,37000,542,0,2026-02-25T12:24:57Z,HNL,IAH,2026-02-25T13:45:36Z,
DL1073,3.15867,-87.67224,38950,550,-512,2026-02-25T12:24:57Z,SAT,ATL,2026-02-25T13:02:56Z,SAT_ATL_DL_2026_2_25_517
AA1017,32.12612,-78.00601,38000,384,0,2026-02-25T12:24:58Z,JFK,MIA,2026-02-25T13:28:32Z,JFK_MIA_AA_2026_2_25_543
WN724,41.50154,-85.19866,30000,370,0,2026-02-25T12:24:58Z,BUF,MDW,2026-02-25T12:52:35Z,BUF_MDW_WN_2026_2_25_631
WN2977,40.67865,-84.42905,34425,373,-3840,2026-02-25T12:24:58Z,DCA,MDW,2026-02-25T12:58:40Z,DCA_MDW_WN_2026_2_25_618
UA805,54.94803,-169.01004,36975,510,128,2026-02-25T12:24:59Z,SFO,ICN,2026-02-25T19:16:16Z,SFO_ICN_UA_2026_2_25_2
AA74,42.40942,-89.15898,15800,407,-1472,2026-02-25T12:24:58Z,HNL,ORD,2026-02-25T12:42:11Z,
EK221,47.37122,-96.72768,36000,516,0,2026-02-25T12:24:58Z,DXB,DFW,2026-02-25T14:21:52Z,DXB_DFW_EK_2026_2_25_2301
DL2127,35.40423,-82.31588,33925,320,-768,2026-02-25T12:24:58Z,IAD,ATL,2026-02-25T13:02:56Z,IAD_ATL_DL_2026_2_25_624
UA1525,36.05373,-78.79733,35000,526,0,2026-02-25T12:24:59Z,PBI,EWR,2026-02-25T13:24:16Z,PBI_EWR_UA_2026_2_25_606
UA1105,36.34748,-78.62202,35000,521,0,2026-02-25T12:24:58Z,MCO,EWR,2026-02-25T13:24:16Z,MCO_EWR_UA_2026_2_25_620
WN4958,38.97442,-80.03186,38000,330,0,2026-02-25T12:24:59Z,LGA,BNA,2026-02-25T13:28:32Z,LGA_BNA_WN_2026_2_25_625
WN2296,40.29991,-79.64996,40000,345,0,2026-02-25T12:24:58Z,LGA,STL,2026-02-25T13:49:52Z,LGA_STL_WN_2026_2_25_1131
UA163,47.32119,-70.18433,36000,406,0,2026-02-25T12:24:58Z,DXB,EWR,2026-02-25T13:37:04Z,
AA8,27.98101,-114.25991,39975,511,0,2026-02-25T12:24:59Z,BNE,DFW,2026-02-25T14:24:00Z,BNE_DFW_AA_2026_2_25_2353
UA2312,21.30208,-91.06053,37000,459,0,2026-02-25T12:24:57Z,SFO,SJO,2026-02-25T14:15:28Z,SFO_SJO_UA_2026_2_25_818
AA9606,32.34692,-98.50835,19475,474,-1920,2026-02-25T12:24:59Z,OGG,DFW,2026-02-25T12:46:55Z,OGG_DFW_AA_2026_2_25_622
DL2555,34.94146,-83.32981,37000,446,0,2026-02-25T12:24:59Z,DTW,MCO,2026-02-25T13:28:32Z,DTW_MCO_DL_2026_2_25_618
AA716,32.40399,-77.94893,38000,377,0,2026-02-25T12:24:59Z,BWI,MIA,2026-02-25T13:32:48Z,BWI_MIA_AA_2026_2_25_610
AA1942,36.29105,-91.71009,38000,337,0,2026-02-25T12:24:58Z,CVG,DFW,2026-02-25T13:20:00Z,CVG_DFW_AA_2026_2_25_1113
UA1645,38.13171,-87.21865,36000,370,-64,2026-02-25T12:24:58Z,CLE,IAH,2026-02-25T14:06:56Z,CLE_IAH_UA_2026_2_25_631
UA2434,42.89039,-8.31546,36000,408,-64,2026-02-25T12:24:58Z,EWR,LAX,2026-02-25T16:42:40Z,EWR_LAX_UA_2026_2_25_616
DL1201,36.36227,-82.06295,37000,467,0,2026-02-25T12:24:59Z,MCO,DTW,2026-02-25T13:26:24Z,MCO_DTW_DL_2026_2_25_619
UA887,37.19733,-77.58176,37000,519,0,2026-02-25T12:24:57Z,LIM,EWR,2026-02-25T13:11:28Z,LIM_EWR_UA_2026_2_25_113
WN1309,39.74071,-75.05644,18075,448,-1792,2026-02-25T12:24:57Z,ATL,LGA,2026-02-25T12:45:33Z,ATL_LGA_WN_2026_2_25_615
AA28,4.05037,-73.47394,2700,148,-64,2026-02-25T12:24:58Z,LAX,JFK,2026-02-25T12:27:17Z,
WN879,4.12396,-8.08517,38000,367,-64,2026-02-25T12:24:58Z,LGA,MDW,2026-02-25T13:20:00Z,LGA_MDW_WN_2026_2_25_624
AA865,4.30489,-7.97287,38000,381,64,2026-02-25T12:24:59Z,PVD,ORD,2026-02-25T13:32:48Z,PVD_ORD_AA_2026_2_25_619
EK203,45.83635,-7.53158,40000,444,0,2026-02-25T12:24:58Z,DXB,JFK,2026-02-25T13:26:24Z,
AA34,31.94156,-102.11215,38975,574,-64,2026-02-25T12:24:58Z,AKL,DFW,2026-02-25T13:00:48Z,AKL_DFW_AA_2026_2_25_21
AA9604,30.02151,-77.58604,39000,509,0,2026-02-25T12:24:58Z,EZE,JFK,2026-02-25T13:55:58Z,EZE_JFK_AA_2026_2_25_100
WN1671,35.61786,-83.70718,40000,333,0,2026-02-25T12:24:58Z,DCA,HOU,2026-02-25T14:15:28Z,DCA_HOU_WN_2026_2_25_611
WN4424,40.74312,-91.25401,40000,367,0,2026-02-25T12:24:58Z,CMH,DEN,2026-02-25T14:00:32Z,CMH_DEN_WN_2026_2_25_617
UA844,41.32036,-86.99664,12425,309,-960,2026-02-25T12:24:58Z,GRU,ORD,2026-02-25T12:37:23Z,GRU_ORD_UA_2026_2_25_157
WN4904,41.51843,-86.97707,8650,235,-960,2026-02-25T12:24:59Z,PHL,MDW,2026-02-25T12:32:11Z,PHL_MDW_WN_2026_2_25_544
WN933,39.54548,-84.19867,40000,349,0,2026-02-25T12:24:59Z,DCA,MCI,2026-02-25T13:45:36Z,DCA_MCI_WN_2026_2_25_622
WN2747,40.30074,-86.07776,22975,340,0,2026-02-25T12:24:58Z,ATL,MDW,2026-02-25T12:54:24Z,ATL_MDW_WN_2026_2_25_621
DL925,51.87255,-127.72171,37000,501,0,2026-02-25T12:24:58Z,ANC,SEA,2026-02-25T13:15:44Z,ANC_SEA_DL_2026_2_25_122
DL2408,60.22151,-137.06543,37000,493,0,2026-02-25T12:24:59Z,FAI,SEA,2026-02-25T14:36:48Z,FAI_SEA_DL_2026_2_25_230
UA2266,37.03575,-78.10605,37025,536,0,2026-02-25T12:24:58Z,SAV,EWR,2026-02-25T13:13:36Z,SAV_EWR_UA_2026_2_25_642
DL650,37.48735,-76.57393,39000,619,0,2026-02-25T12:24:58Z,HNL,JFK,2026-02-25T12:54:24Z,
WN702,40.51865,-76.03806,40000,316,0,2026-02-25T12:24:58Z,BOS,STL,2026-02-25T14:15:28Z,BOS_STL_WN_2026_2_25_1135
EK231,43.14926,-76.21906,30000,429,0,2026-02-25T12:24:59Z,DXB,IAD,2026-02-25T13:17:52Z,
EK243,45.97378,-72.63879,16775,316,-1920,2026-02-25T12:24:59Z,DXB,YUL,2026-02-25T12:44:47Z,
AA1593,28.06709,-86.73711,37000,514,0,2026-02-25T12:29:59Z,AUS,MIA,2026-02-25T13:28:32Z,AUS_MIA_AA_2026_2_25_518
AA102,32.48465,-104.75414,37000,549,0,2026-02-25T12:29:59Z,HNL,DFW,2026-02-25T13:22:08Z,HNL_DFW_AA_2026_2_25_637
AA246,33.92509,-118.64517,3525,151,-1216,2026-02-25T12:29:58Z,KOA,LAX,2026-02-25T12:33:49Z,KOA_LAX_AA_2026_2_25_748
WN2715,33.44746,-84.32683,39000,476,0,2026-02-25T12:29:57Z,MDW,MCO,2026-02-25T13:24:16Z,MDW_MCO_WN_2026_2_25_518
DL1183,33.64935,-0.84188,3550,201,0,2026-02-25T12:29:58Z,PHL,ATL,2026-02-25T12:31:43Z,PHL_ATL_DL_2026_2_25_540
WN1585,3.70258,-8.59935,40000,335,0,2026-02-25T12:29:58Z,DCA,DAL,2026-02-25T14:06:56Z,DCA_DAL_WN_2026_2_25_606
AA1868,36.49246,-85.57171,37000,589,0,2026-02-25T12:29:57Z,DFW,DCA,2026-02-25T13:28:32Z,DFW_DCA_AA_2026_2_25_1121
WN1350,37.15215,-84.57644,31525,331,-960,2026-02-25T12:29:59Z,DCA,BNA,2026-02-25T13:02:56Z,DCA_BNA_WN_2026_2_25_617
WN1167,38.75022,-84.81775,34875,383,-960,2026-02-25T12:29:58Z,SAV,MDW,2026-02-25T13:15:44Z,SAV_MDW_WN_2026_2_25_622
WN1549,40.79708,-8.49383,30000,304,0,2026-02-25T12:29:58Z,RDU,MDW,2026-02-25T12:58:35Z,RDU_MDW_WN_2026_2_25_617
DL68,49.60231,-127.93875,39000,530,0,2026-02-25T12:29:59Z,TPE,SEA,2026-02-25T13:07:12Z,TPE_SEA_DL_2026_2_25_1103
UA1959,44.03437,-109.76977,37000,501,64,2026-02-25T12:29:58Z,ANC,DEN,2026-02-25T13:24:16Z,
DL2286,37.08325,-80.22795,38000,322,0,2026-02-25T12:29:59Z,JFK,ATL,2026-02-25T13:17:52Z,JFK_ATL_DL_2026_2_25_618
UA2416,41.09092,-75.86016,16350,443,-3072,2026-02-25T12:29:57Z,SFO,EWR,2026-02-25T12:49:08Z,SFO_EWR_UA_2026_2_25_3
DL1330,43.58647,-79.71246,36000,387,-64,2026-02-25T12:29:58Z,BDL,MSP,2026-02-25T14:11:12Z,BDL_MSP_DL_2026_2_25_1131
UA870,2.51396,-132.28348,35000,580,0,2026-02-25T12:29:53Z,SYD,SFO,2026-02-25T14:24:00Z,SYD_SFO_UA_2026_2_25_1230
AA1604,27.78726,-86.06342,39000,521,0,2026-02-25T12:29:58Z,SAT,MIA,2026-02-25T13:22:08Z,SAT_MIA_AA_2026_2_25_510
DL2497,35.07232,-89.95148,37000,537,0,2026-02-25T12:29:57Z,SAT,DTW,2026-02-25T13:49:52Z,SAT_DTW_DL_2026_2_25_525
WN2272,30.50633,-82.51007,26475,448,-1152,2026-02-25T12:29:57Z,IND,MCO,2026-02-25T12:56:06Z,IND_MCO_WN_2026_2_25_609
AA949,33.61427,-81.01588,38000,366,0,2026-02-25T12:29:58Z,DCA,RSW,2026-02-25T13:39:12Z,DCA_RSW_AA_2026_2_25_1120
UA1309,33.62547,-80.87357,35000,531,0,2026-02-25T12:29:57Z,SRQ,EWR,2026-02-25T13:54:08Z,SRQ_EWR_UA_2026_2_25_637
AA1232,30.15971,-7.87206,38000,409,64,2026-02-25T12:29:58Z,DCA,MIA,2026-02-25T13:17:52Z,DCA_MIA_AA_2026_2_25_559
AA2617,36.92216,-86.00478,38000,329,-64,2026-02-25T12:29:57Z,IAD,DFW,2026-02-25T14:02:40Z,IAD_DFW_AA_2026_2_25_1110
DL1389,37.88031,-87.81763,35000,532,0,2026-02-25T12:29:59Z,IAH,DTW,2026-02-25T13:26:24Z,IAH_DTW_DL_2026_2_25_519
UA1488,39.26751,-90.65942,35000,455,0,2026-02-25T12:29:58Z,IAH,ORD,2026-02-25T13:11:28Z,IAH_ORD_UA_2026_2_25_510
DL2538,41.12563,-85.39471,36000,377,0,2026-02-25T12:29:58Z,RDU,MSP,2026-02-25T13:39:12Z,RDU_MSP_DL_2026_2_25_610
DL2752,44.26611,-90.28649,34000,382,0,2026-02-25T12:29:59Z,CVG,MSP,2026-02-25T13:02:22Z,CVG_MSP_DL_2026_2_25_622
DL158,46.19067,-91.86404,39000,551,0,2026-02-25T12:29:57Z,ICN,DTW,2026-02-25T13:26:24Z,ICN_DTW_DL_2026_2_25_1020
UA1289,40.39105,-74.71402,7650,297,0,2026-02-25T12:29:57Z,CHS,EWR,2026-02-25T12:36:50Z,CHS_EWR_UA_2026_2_25_623
DL915,41.66807,-77.65923,37000,572,64,2026-02-25T12:29:58Z,LAX,JFK,2026-02-25T13:05:04Z,LAX_JFK_DL_2026_2_25_31
AA2144,27.58456,-85.30158,37000,517,0,2026-02-25T12:29:58Z,IAH,MIA,2026-02-25T13:17:52Z,IAH_MIA_AA_2026_2_25_524
UA252,3.21671,-106.56239,37000,546,0,2026-02-25T12:29:58Z,HNL,IAH,2026-02-25T13:45:36Z,
DL1073,32.03241,-86.94148,32625,554,-1408,2026-02-25T12:29:59Z,SAT,ATL,2026-02-25T13:03:15Z,SAT_ATL_DL_2026_2_25_517
DL2127,3.50685,-82.72791,28450,370,-1024,2026-02-25T12:29:57Z,IAD,ATL,2026-02-25T12:57:25Z,IAD_ATL_DL_2026_2_25_624
AA1017,31.62261,-78.22227,36225,381,-960,2026-02-25T12:29:59Z,JFK,MIA,2026-02-25T13:32:48Z,JFK_MIA_AA_2026_2_25_543
WN724,41.52086,-85.85335,22100,347,-1088,2026-02-25T12:29:59Z,BUF,MDW,2026-02-25T12:51:35Z,BUF_MDW_WN_2026_2_25_631
WN2977,40.96262,-84.94747,28000,347,0,2026-02-25T12:29:59Z,DCA,MDW,2026-02-25T12:56:50Z,DCA_MDW_WN_2026_2_25_618
UA805,55.01793,-170.23453,37000,508,64,2026-02-25T12:29:59Z,SFO,ICN,2026-02-25T19:14:08Z,SFO_ICN_UA_2026_2_25_2
AA74,42.35124,-88.45236,9600,365,-128,2026-02-25T12:29:59Z,HNL,ORD,2026-02-25T12:39:09Z,
EK221,46.66117,-96.84915,36000,524,0,2026-02-25T12:29:57Z,DXB,DFW,2026-02-25T14:19:44Z,DXB_DFW_EK_2026_2_25_2301
UA1525,36.70917,-7.83645,35000,548,-64,2026-02-25T12:29:58Z,PBI,EWR,2026-02-25T13:20:00Z,PBI_EWR_UA_2026_2_25_606
UA1105,36.98841,-78.14384,35000,538,0,2026-02-25T12:29:57Z,MCO,EWR,2026-02-25T13:20:00Z,MCO_EWR_UA_2026_2_25_620
WN4958,38.78644,-80.56592,38000,332,0,2026-02-25T12:29:59Z,LGA,BNA,2026-02-25T13:30:40Z,LGA_BNA_WN_2026_2_25_625
WN2296,40.27136,-80.27492,40000,344,0,2026-02-25T12:29:58Z,LGA,STL,2026-02-25T13:49:52Z,LGA_STL_WN_2026_2_25_1131
UA163,46.84012,-70.61572,36000,406,0,2026-02-25T12:29:59Z,DXB,EWR,2026-02-25T13:39:12Z,
AA8,28.23624,-113.51492,40000,511,-64,2026-02-25T12:29:58Z,BNE,DFW,2026-02-25T14:24:00Z,BNE_DFW_AA_2026_2_25_2353
UA2312,20.76956,-90.68045,37000,461,0,2026-02-25T12:29:57Z,SFO,SJO,2026-02-25T14:15:28Z,SFO_SJO_UA_2026_2_25_818
AA9606,32.37531,-97.81156,10575,377,-1600,2026-02-25T12:29:58Z,OGG,DFW,2026-02-25T12:41:06Z,OGG_DFW_AA_2026_2_25_622
DL2555,34.36207,-83.07484,37000,440,0,2026-02-25T12:29:58Z,DTW,MCO,2026-02-25T13:30:40Z,DTW_MCO_DL_2026_2_25_618
AA716,31.89775,-78.13322,38000,388,0,2026-02-25T12:29:58Z,BWI,MIA,2026-02-25T13:37:04Z,BWI_MIA_AA_2026_2_25_610
AA1942,36.11082,-92.23898,38000,339,0,2026-02-25T12:29:57Z,CVG,DFW,2026-02-25T13:20:00Z,CVG_DFW_AA_2026_2_25_1113
UA1645,37.75864,-87.65635,36000,359,0,2026-02-25T12:29:59Z,CLE,IAH,2026-02-25T14:11:12Z,CLE_IAH_UA_2026_2_25_631
UA2434,42.96336,-83.91901,36000,407,-64,2026-02-25T12:29:58Z,EWR,LAX,2026-02-25T16:42:40Z,EWR_LAX_UA_2026_2_25_616
DL1201,37.00845,-82.08418,37000,467,-64,2026-02-25T12:29:58Z,MCO,DTW,2026-02-25T13:28:32Z,MCO_DTW_DL_2026_2_25_619
UA887,37.90423,-77.36399,37000,532,0,2026-02-25T12:29:57Z,LIM,EWR,2026-02-25T13:09:20Z,LIM_EWR_UA_2026_2_25_113
WN1309,40.15494,-74.56364,9700,372,64,2026-02-25T12:29:59Z,ATL,LGA,2026-02-25T12:39:32Z,ATL_LGA_WN_2026_2_25_615
AA28,40.61082,-73.68683,1150,126,-704,2026-02-25T12:29:59Z,LAX,JFK,2026-02-25T12:31:53Z,
WN879,41.29016,-81.51581,38000,360,-64,2026-02-25T12:29:59Z,LGA,MDW,2026-02-25T13:20:00Z,LGA_MDW_WN_2026_2_25_624
AA865,43.03759,-80.45171,38000,381,-64,2026-02-25T12:29:59Z,PVD,ORD,2026-02-25T13:32:48Z,PVD_ORD_AA_2026_2_25_619
EK203,45.24555,-75.55638,40000,446,0,2026-02-25T12:29:58Z,DXB,JFK,2026-02-25T13:28:32Z,
AA34,32.08622,-101.19159,38975,580,-64,2026-02-25T12:29:57Z,AKL,DFW,2026-02-25T13:00:48Z,AKL_DFW_AA_2026_2_25_21
WN1671,35.36378,-84.18256,40000,335,0,2026-02-25T12:29:58Z,DCA,HOU,2026-02-25T14:17:36Z,DCA_HOU_WN_2026_2_25_611
AA9604,30.71841,-77.43875,39000,513,0,2026-02-25T12:29:57Z,EZE,JFK,2026-02-25T13:52:05Z,EZE_JFK_AA_2026_2_25_100
WN4424,4.07715,-91.92493,40000,369,0,2026-02-25T12:29:57Z,CMH,DEN,2026-02-25T14:02:40Z,CMH_DEN_WN_2026_2_25_617
WN2747,40.74838,-86.28918,20050,342,-2752,2026-02-25T12:29:57Z,ATL,MDW,2026-02-25T12:56:32Z,ATL_MDW_WN_2026_2_25_621
UA844,41.53752,-87.38963,8250,240,-1088,2026-02-25T12:29:59Z,GRU,ORD,2026-02-25T12:38:06Z,GRU_ORD_UA_2026_2_25_157
WN4904,0.41698,-87.31422,3525,224,-960,2026-02-25T12:29:59Z,PHL,MDW,2026-02-25T12:33:32Z,PHL_MDW_WN_2026_2_25_544
WN933,39.59189,-84.81732,40000,346,0,2026-02-25T12:29:58Z,DCA,MCI,2026-02-25T13:45:36Z,DCA_MCI_WN_2026_2_25_622
DL925,51.35953,-126.97612,37000,500,0,2026-02-25T12:29:58Z,ANC,SEA,2026-02-25T13:15:44Z,ANC_SEA_DL_2026_2_25_122
DL2408,59.70163,-136.19952,37000,493,0,2026-02-25T12:29:57Z,FAI,SEA,2026-02-25T14:32:32Z,FAI_SEA_DL_2026_2_25_230
UA2266,37.66649,-77.59895,35975,530,64,2026-02-25T12:29:59Z,SAV,EWR,2026-02-25T13:15:44Z,SAV_EWR_UA_2026_2_25_642
DL650,37.78148,-75.67114,39000,580,0,2026-02-25T12:29:57Z,HNL,JFK,2026-02-25T12:56:32Z,
WN702,40.39018,-76.58252,40000,324,-64,2026-02-25T12:29:59Z,BOS,STL,2026-02-25T14:19:44Z,BOS_STL_WN_2026_2_25_1135
EK231,42.65012,-76.62452,28475,405,-1024,2026-02-25T12:29:57Z,DXB,IAD,2026-02-25T13:17:52Z,
EK243,45.71551,-73.05469,9475,216,-960,2026-02-25T12:29:59Z,DXB,YUL,2026-02-25T12:39:26Z,
AA1593,27.81366,-85.98766,37000,511,0,2026-02-25T12:34:58Z,AUS,MIA,2026-02-25T13:26:24Z,AUS_MIA_AA_2026_2_25_518
AA102,32.46576,-103.84753,37000,563,0,2026-02-25T12:34:57Z,HNL,DFW,2026-02-25T13:20:00Z,HNL_DFW_AA_2026_2_25_637
AA246,33.94873,-118.41595,0,38,0,2026-02-25T12:34:59Z,KOA,LAX,2026-02-25T12:34:37Z,KOA_LAX_AA_2026_2_25_748
WN2715,32.86323,-83.98112,39000,467,0,2026-02-25T12:34:58Z,MDW,MCO,2026-02-25T13:24:16Z,MDW_MCO_WN_2026_2_25_518
DL1183,33.64954,-84.42621,0,67,0,2026-02-25T12:34:58Z,PHL,ATL,2026-02-25T12:33:56Z,PHL_ATL_DL_2026_2_25_540
WN1585,36.89125,-8.65482,40000,341,-64,2026-02-25T12:34:57Z,DCA,DAL,2026-02-25T14:06:56Z,DCA_DAL_WN_2026_2_25_606
WN1350,36.91177,-85.07316,26575,332,-960,2026-02-25T12:34:57Z,DCA,BNA,2026-02-25T13:01:27Z,DCA_BNA_WN_2026_2_25_617
AA1868,36.78703,-84.61458,37000,591,0,2026-02-25T12:34:59Z,DFW,DCA,2026-02-25T13:28:32Z,DFW_DCA_AA_2026_2_25_1121
WN1167,39.24486,-85.07854,30050,379,-960,2026-02-25T12:34:58Z,SAV,MDW,2026-02-25T13:15:44Z,SAV_MDW_WN_2026_2_25_622
WN1549,41.10178,-85.40308,30000,350,0,2026-02-25T12:34:59Z,RDU,MDW,2026-02-25T13:03:35Z,RDU_MDW_WN_2026_2_25_617
DL68,49.23569,-1.26964,39000,532,0,2026-02-25T12:34:57Z,TPE,SEA,2026-02-25T13:07:12Z,TPE_SEA_DL_2026_2_25_1103
UA1959,43.47189,-109.21956,37025,493,-128,2026-02-25T12:34:58Z,ANC,DEN,2026-02-25T13:22:08Z,
DL2286,36.77282,-80.62907,38000,318,0,2026-02-25T12:34:58Z,JFK,ATL,2026-02-25T13:17:52Z,JFK_ATL_DL_2026_2_25_618
UA2416,40.90838,-7.52076,8475,317,-1408,2026-02-25T12:34:57Z,SFO,EWR,2026-02-25T12:43:59Z,SFO_EWR_UA_2026_2_25_3
DL1330,43.67321,-80.43078,36000,382,0,2026-02-25T12:34:58Z,BDL,MSP,2026-02-25T14:13:20Z,BDL_MSP_DL_2026_2_25_1131
AA1604,27.58187,-85.28613,39000,518,-64,2026-02-25T12:34:58Z,SAT,MIA,2026-02-25T13:22:08Z,SAT_MIA_AA_2026_2_25_510
WN2272,2.99889,-82.19493,26000,411,0,2026-02-25T12:34:58Z,IND,MCO,2026-02-25T13:00:06Z,IND_MCO_WN_2026_2_25_609
AA949,33.12457,-81.20343,37975,374,0,2026-02-25T12:34:57Z,DCA,RSW,2026-02-25T13:39:12Z,DCA_RSW_AA_2026_2_25_1120
AA1232,29.59749,-78.86805,38000,421,0,2026-02-25T12:34:58Z,DCA,MIA,2026-02-25T13:15:44Z,DCA_MIA_AA_2026_2_25_559
UA1309,34.26133,-80.40796,35000,537,0,2026-02-25T12:34:58Z,SRQ,EWR,2026-02-25T13:49:52Z,SRQ_EWR_UA_2026_2_25_637
DL2497,35.69067,-89.48528,37000,518,0,2026-02-25T12:34:59Z,SAT,DTW,2026-02-25T13:49:52Z,SAT_DTW_DL_2026_2_25_525
DL1389,38.47609,-87.37373,35025,494,64,2026-02-25T12:34:58Z,IAH,DTW,2026-02-25T13:28:32Z,IAH_DTW_DL_2026_2_25_519
AA2617,36.75005,-86.52518,38000,324,0,2026-02-25T12:34:57Z,IAD,DFW,2026-02-25T14:02:40Z,IAD_DFW_AA_2026_2_25_1110
UA1488,39.84676,-9.03255,35000,453,0,2026-02-25T12:34:59Z,IAH,ORD,2026-02-25T13:11:28Z,IAH_ORD_UA_2026_2_25_510
DL2538,41.48163,-85.90267,36000,372,0,2026-02-25T12:34:59Z,RDU,MSP,2026-02-25T13:39:12Z,RDU_MSP_DL_2026_2_25_610
DL2752,44.54228,-90.91683,34000,380,0,2026-02-25T12:34:59Z,CVG,MSP,2026-02-25T13:07:22Z,CVG_MSP_DL_2026_2_25_622
DL158,45.80154,-90.91605,39000,549,0,2026-02-25T12:34:58Z,ICN,DTW,2026-02-25T13:26:24Z,ICN_DTW_DL_2026_2_25_1020
UA1289,40.73428,-74.54754,4875,274,-1280,2026-02-25T12:34:57Z,CHS,EWR,2026-02-25T12:38:50Z,CHS_EWR_UA_2026_2_25_623
DL915,41.54448,-76.65798,37000,546,0,2026-02-25T12:34:58Z,LAX,JFK,2026-02-25T13:02:56Z,LAX_JFK_DL_2026_2_25_31
AA2144,27.44641,-84.51999,34000,511,-960,2026-02-25T12:34:57Z,IAH,MIA,2026-02-25T13:17:52Z,IAH_MIA_AA_2026_2_25_524
UA252,32.05494,-105.68057,37000,548,0,2026-02-25T12:34:58Z,HNL,IAH,2026-02-25T13:45:36Z,
DL1073,32.47014,-86.19268,29000,570,0,2026-02-25T12:34:57Z,SAT,ATL,2026-02-25T13:02:10Z,SAT_ATL_DL_2026_2_25_517
DL2127,34.70938,-83.14632,23500,350,-1024,2026-02-25T12:34:57Z,IAD,ATL,2026-02-25T12:58:22Z,IAD_ATL_DL_2026_2_25_624
AA1017,31.11099,-78.40738,36000,391,0,2026-02-25T12:34:59Z,JFK,MIA,2026-02-25T13:30:40Z,JFK_MIA_AA_2026_2_25_543
WN724,41.52306,-86.44436,10200,293,-960,2026-02-25T12:34:59Z,BUF,MDW,2026-02-25T12:46:35Z,BUF_MDW_WN_2026_2_25_631
WN2977,41.24482,-85.47863,24325,360,-1024,2026-02-25T12:34:57Z,DCA,MDW,2026-02-25T12:58:42Z,DCA_MDW_WN_2026_2_25_618
UA805,55.07283,-171.36508,36975,507,0,2026-02-25T12:34:54Z,SFO,ICN,2026-02-25T19:14:08Z,SFO_ICN_UA_2026_2_25_2
AA74,4.21149,-87.92165,7250,297,-1152,2026-02-25T12:34:57Z,HNL,ORD,2026-02-25T12:42:08Z,
EK221,45.93571,-96.83222,37000,522,0,2026-02-25T12:34:57Z,DXB,DFW,2026-02-25T14:19:44Z,DXB_DFW_EK_2026_2_25_2301
UA1525,37.34285,-77.86081,35000,544,-64,2026-02-25T12:34:58Z,PBI,EWR,2026-02-25T13:22:08Z,PBI_EWR_UA_2026_2_25_606
UA1105,37.62273,-7.76353,35000,542,0,2026-02-25T12:34:59Z,MCO,EWR,2026-02-25T13:20:00Z,MCO_EWR_UA_2026_2_25_620
WN4958,38.59381,-81.10291,38000,333,0,2026-02-25T12:34:58Z,LGA,BNA,2026-02-25T13:28:32Z,LGA_BNA_WN_2026_2_25_625
WN2296,40.23989,-80.89558,40000,345,64,2026-02-25T12:34:57Z,LGA,STL,2026-02-25T13:49:52Z,LGA_STL_WN_2026_2_25_1131
UA163,46.36063,-71.03691,36000,401,0,2026-02-25T12:34:58Z,DXB,EWR,2026-02-25T13:39:12Z,
AA8,28.48923,-112.76125,39975,514,0,2026-02-25T12:34:59Z,BNE,DFW,2026-02-25T14:21:52Z,BNE_DFW_AA_2026_2_25_2353
UA2312,20.23466,-90.30193,37000,460,0,2026-02-25T12:34:58Z,SFO,SJO,2026-02-25T14:17:36Z,SFO_SJO_UA_2026_2_25_818
AA9606,32.48808,-97.33974,5425,280,-1216,2026-02-25T12:34:57Z,OGG,DFW,2026-02-25T12:40:57Z,OGG_DFW_AA_2026_2_25_622
DL2555,33.78748,-82.82581,36000,439,0,2026-02-25T12:34:59Z,DTW,MCO,2026-02-25T13:30:40Z,DTW_MCO_DL_2026_2_25_618
AA716,31.38342,-78.31631,36025,382,-832,2026-02-25T12:34:59Z,BWI,MIA,2026-02-25T13:37:04Z,BWI_MIA_AA_2026_2_25_610
AA1942,35.92757,-92.76762,38000,331,0,2026-02-25T12:34:58Z,CVG,DFW,2026-02-25T13:22:08Z,CVG_DFW_AA_2026_2_25_1113
UA1645,3.73965,-88.08113,36000,358,0,2026-02-25T12:34:57Z,CLE,IAH,2026-02-25T14:11:12Z,CLE_IAH_UA_2026_2_25_631
UA2434,4.30287,-84.68739,36000,411,-64,2026-02-25T12:34:58Z,EWR,LAX,2026-02-25T16:40:32Z,EWR_LAX_UA_2026_2_25_616
DL1201,37.64144,-82.10513,37000,446,0,2026-02-25T12:34:57Z,MCO,DTW,2026-02-25T13:28:32Z,MCO_DTW_DL_2026_2_25_619
UA887,38.57016,-76.81957,37000,579,0,2026-02-25T12:34:57Z,LIM,EWR,2026-02-25T13:07:12Z,LIM_EWR_UA_2026_2_25_113
WN1309,40.51717,-74.16248,7375,292,-1600,2026-02-25T12:34:59Z,ATL,LGA,2026-02-25T12:43:05Z,ATL_LGA_WN_2026_2_25_615
AA28,40.65287,-73.79295,0,16,0,2026-02-25T12:34:58Z,LAX,JFK,2026-02-25T12:32:37Z,
WN879,41.33685,-82.18117,38000,365,0,2026-02-25T12:34:58Z,LGA,MDW,2026-02-25T13:20:00Z,LGA_MDW_WN_2026_2_25_624
AA865,4.30215,-81.17421,38000,382,-64,2026-02-25T12:34:58Z,PVD,ORD,2026-02-25T13:32:48Z,PVD_ORD_AA_2026_2_25_619
EK203,44.65571,-75.78916,40000,436,-64,2026-02-25T12:34:57Z,DXB,JFK,2026-02-25T13:28:32Z,
AA34,32.22686,-10.02503,37600,588,-1536,2026-02-25T12:34:59Z,AKL,DFW,2026-02-25T13:02:56Z,AKL_DFW_AA_2026_2_25_21
WN1671,35.10975,-84.65109,40000,330,0,2026-02-25T12:34:57Z,DCA,HOU,2026-02-25T14:19:44Z,DCA_HOU_WN_2026_2_25_611
AA9604,31.42723,-77.28585,39000,517,0,2026-02-25T12:34:59Z,EZE,JFK,2026-02-25T13:51:35Z,EZE_JFK_AA_2026_2_25_100
WN4424,40.79629,-92.59833,40000,366,0,2026-02-25T12:34:58Z,CMH,DEN,2026-02-25T14:02:40Z,CMH_DEN_WN_2026_2_25_617
WN2747,41.11289,-86.58868,9575,291,0,2026-02-25T12:34:59Z,ATL,MDW,2026-02-25T12:44:11Z,ATL_MDW_WN_2026_2_25_621
WN933,39.63462,-85.43317,40000,348,0,2026-02-25T12:34:57Z,DCA,MCI,2026-02-25T13:45:36Z,DCA_MCI_WN_2026_2_25_622
DL925,50.84072,-126.24557,37000,503,0,2026-02-25T12:34:57Z,ANC,SEA,2026-02-25T13:15:44Z,ANC_SEA_DL_2026_2_25_122
DL2408,59.16166,-13.53761,37000,497,0,2026-02-25T12:34:57Z,FAI,SEA,2026-02-25T14:32:32Z,FAI_SEA_DL_2026_2_25_230
UA844,41.83882,-87.53488,6600,251,-448,2026-02-25T12:34:59Z,GRU,ORD,2026-02-25T12:40:09Z,GRU_ORD_UA_2026_2_25_157
WN4904,41.84771,-87.59725,2625,155,-128,2026-02-25T12:34:57Z,PHL,MDW,2026-02-25T12:36:11Z,PHL_MDW_WN_2026_2_25_544
UA2266,38.29112,-77.08814,36000,541,0,2026-02-25T12:34:58Z,SAV,EWR,2026-02-25T13:13:36Z,SAV_EWR_UA_2026_2_25_642
WN702,40.37938,-77.17377,40000,327,-64,2026-02-25T12:34:57Z,BOS,STL,2026-02-25T14:15:28Z,BOS_STL_WN_2026_2_25_1135
DL650,38.48195,-75.23294,36075,533,-960,2026-02-25T12:34:58Z,HNL,JFK,2026-02-25T12:58:40Z,
EK231,42.16171,-77.01895,28000,410,0,2026-02-25T12:34:59Z,DXB,IAD,2026-02-25T13:20:00Z,
EK243,45.65021,-73.44166,5425,147,-320,2026-02-25T12:34:58Z,DXB,YUL,2026-02-25T12:39:59Z,
AA1593,27.57368,-85.23927,37000,512,0,2026-02-25T12:39:57Z,AUS,MIA,2026-02-25T13:28:32Z,AUS_MIA_AA_2026_2_25_518
AA102,32.43956,-102.92088,35125,566,-1408,2026-02-25T12:39:57Z,HNL,DFW,2026-02-25T13:20:00Z,HNL_DFW_AA_2026_2_25_637
AA246,33.93966,-11.84048,0,8,0,2026-02-25T12:39:59Z,KOA,LAX,2026-02-25T12:34:33Z,KOA_LAX_AA_2026_2_25_748
WN2715,3.22931,-83.64845,37000,455,0,2026-02-25T12:39:58Z,MDW,MCO,2026-02-25T13:28:32Z,MDW_MCO_WN_2026_2_25_518
WN1585,36.69596,-87.08728,40000,337,0,2026-02-25T12:39:57Z,DCA,DAL,2026-02-25T14:06:56Z,DCA_DAL_WN_2026_2_25_606
WN1350,36.68316,-85.54522,22000,309,0,2026-02-25T12:39:58Z,DCA,BNA,2026-02-25T13:00:36Z,DCA_BNA_WN_2026_2_25_617
WN1167,39.68909,-85.39154,27500,360,-1024,2026-02-25T12:39:57Z,SAV,MDW,2026-02-25T13:15:44Z,SAV_MDW_WN_2026_2_25_622
WN1549,41.39942,-85.87234,22150,325,-640,2026-02-25T12:39:57Z,RDU,MDW,2026-02-25T13:01:42Z,RDU_MDW_WN_2026_2_25_617
DL68,4.88583,-125.99692,39000,536,0,2026-02-25T12:39:57Z,TPE,SEA,2026-02-25T13:07:12Z,TPE_SEA_DL_2026_2_25_1103
UA1959,42.91383,-108.68589,37000,488,0,2026-02-25T12:39:58Z,ANC,DEN,2026-02-25T13:22:08Z,
AA1868,37.07402,-83.65318,37000,596,0,2026-02-25T12:39:59Z,DFW,DCA,2026-02-25T13:28:32Z,DFW_DCA_AA_2026_2_25_1121
DL2286,36.45794,-8.10268,38000,331,0,2026-02-25T12:39:57Z,JFK,ATL,2026-02-25T13:20:00Z,JFK_ATL_DL_2026_2_25_618
DL1330,43.79292,-81.14527,36025,383,-64,2026-02-25T12:39:58Z,BDL,MSP,2026-02-25T14:11:12Z,BDL_MSP_DL_2026_2_25_1131
UA2416,40.86411,-74.67944,5025,285,-1152,2026-02-25T12:39:57Z,SFO,EWR,2026-02-25T12:44:50Z,SFO_EWR_UA_2026_2_25_3
AA1604,27.44238,-84.49522,36525,508,-960,2026-02-25T12:39:59Z,SAT,MIA,2026-02-25T13:22:08Z,SAT_MIA_AA_2026_2_25_510
WN2272,29.42207,-8.20825,25425,411,-2304,2026-02-25T12:39:58Z,IND,MCO,2026-02-25T13:05:06Z,IND_MCO_WN_2026_2_25_609
AA949,32.62446,-81.39266,38000,381,64,2026-02-25T12:39:59Z,DCA,RSW,2026-02-25T13:41:20Z,DCA_RSW_AA_2026_2_25_1120
AA1232,2.90188,-7.89455,38000,422,0,2026-02-25T12:39:57Z,DCA,MIA,2026-02-25T13:17:52Z,DCA_MIA_AA_2026_2_25_559
UA1309,34.89653,-79.92296,35000,550,0,2026-02-25T12:39:58Z,SRQ,EWR,2026-02-25T13:49:52Z,SRQ_EWR_UA_2026_2_25_637
DL2497,36.30362,-89.02496,37025,517,-64,2026-02-25T12:39:58Z,SAT,DTW,2026-02-25T13:49:52Z,SAT_DTW_DL_2026_2_25_525
AA2617,36.57535,-87.04398,38000,325,-64,2026-02-25T12:39:58Z,IAD,DFW,2026-02-25T14:04:48Z,IAD_DFW_AA_2026_2_25_1110
DL1389,39.05714,-86.89136,34975,503,-64,2026-02-25T12:39:57Z,IAH,DTW,2026-02-25T13:24:16Z,IAH_DTW_DL_2026_2_25_519
UA1488,40.36438,-89.80156,33600,479,-896,2026-02-25T12:39:59Z,IAH,ORD,2026-02-25T13:11:28Z,IAH_ORD_UA_2026_2_25_510
DL2538,41.83278,-86.40953,36000,377,-64,2026-02-25T12:39:58Z,RDU,MSP,2026-02-25T13:37:04Z,RDU_MSP_DL_2026_2_25_610
DL2752,4.47957,-91.54411,28450,343,-2304,2026-02-25T12:39:59Z,CVG,MSP,2026-02-25T13:10:16Z,CVG_MSP_DL_2026_2_25_622
DL158,45.40169,-89.97449,39000,557,0,2026-02-25T12:39:58Z,ICN,DTW,2026-02-25T13:26:24Z,ICN_DTW_DL_2026_2_25_1020
DL915,41.28955,-75.74811,28550,506,-2176,2026-02-25T12:39:59Z,LAX,JFK,2026-02-25T13:11:19Z,LAX_JFK_DL_2026_2_25_31
UA1289,40.93799,-74.19122,3650,251,0,2026-02-25T12:39:58Z,CHS,EWR,2026-02-25T12:42:50Z,CHS_EWR_UA_2026_2_25_623
UA252,31.93642,-104.79959,37000,545,0,2026-02-25T12:39:58Z,HNL,IAH,2026-02-25T13:45:36Z,
DL1073,32.91536,-85.41416,22875,541,-2752,2026-02-25T12:39:59Z,SAT,ATL,2026-02-25T13:05:19Z,SAT_ATL_DL_2026_2_25_517
AA2144,27.30391,-83.73945,33000,510,0,2026-02-25T12:39:58Z,IAH,MIA,2026-02-25T13:15:44Z,IAH_MIA_AA_2026_2_25_524
DL2127,34.35965,-83.54799,18450,348,-1024,2026-02-25T12:39:59Z,IAD,ATL,2026-02-25T12:58:18Z,IAD_ATL_DL_2026_2_25_624
AA1017,30.58431,-78.58169,36000,398,0,2026-02-25T12:39:57Z,JFK,MIA,2026-02-25T13:28:32Z,JFK_MIA_AA_2026_2_25_543
WN724,41.51854,-86.96758,8700,237,-896,2026-02-25T12:39:59Z,BUF,MDW,2026-02-25T12:48:11Z,BUF_MDW_WN_2026_2_25_631
WN2977,4.14422,-86.05693,18900,328,-2176,2026-02-25T12:39:57Z,DCA,MDW,2026-02-25T12:59:35Z,DCA_MDW_WN_2026_2_25_618
AA74,41.97945,-87.59406,3625,187,0,2026-02-25T12:39:58Z,HNL,ORD,2026-02-25T12:42:21Z,
EK221,4.52075,-96.81544,37000,527,0,2026-02-25T12:39:59Z,DXB,DFW,2026-02-25T14:17:36Z,DXB_DFW_EK_2026_2_25_2301
WN4958,38.40089,-81.63134,38000,325,64,2026-02-25T12:39:57Z,LGA,BNA,2026-02-25T13:32:48Z,LGA_BNA_WN_2026_2_25_625
WN2296,40.20433,-81.52567,40000,349,0,2026-02-25T12:39:57Z,LGA,STL,2026-02-25T13:49:52Z,LGA_STL_WN_2026_2_25_1131
UA1525,37.98332,-77.34172,35000,549,0,2026-02-25T12:39:59Z,PBI,EWR,2026-02-25T13:22:08Z,PBI_EWR_UA_2026_2_25_606
UA1105,38.25824,-77.11578,34975,544,-704,2026-02-25T12:39:58Z,MCO,EWR,2026-02-25T13:20:00Z,MCO_EWR_UA_2026_2_25_620
UA163,45.88133,-71.44912,36000,395,64,2026-02-25T12:39:57Z,DXB,EWR,2026-02-25T13:39:12Z,
AA8,28.73819,-112.00336,40000,514,-64,2026-02-25T12:39:58Z,BNE,DFW,2026-02-25T14:24:00Z,BNE_DFW_AA_2026_2_25_2353
UA2312,19.70291,-89.92864,37000,458,0,2026-02-25T12:39:58Z,SFO,SJO,2026-02-25T14:15:28Z,SFO_SJO_UA_2026_2_25_818
AA9606,32.68616,-97.05547,2550,190,-64,2026-02-25T12:39:57Z,OGG,DFW,2026-02-25T12:41:07Z,OGG_DFW_AA_2026_2_25_622
DL2555,33.21542,-82.58143,36000,438,0,2026-02-25T12:39:58Z,DTW,MCO,2026-02-25T13:32:48Z,DTW_MCO_DL_2026_2_25_618
AA716,30.86716,-7.84883,36000,389,0,2026-02-25T12:39:59Z,BWI,MIA,2026-02-25T13:37:04Z,BWI_MIA_AA_2026_2_25_610
AA1942,3.57442,-93.28714,38000,336,0,2026-02-25T12:39:57Z,CVG,DFW,2026-02-25T13:24:16Z,CVG_DFW_AA_2026_2_25_1113
UA1645,37.03384,-88.50049,36000,348,0,2026-02-25T12:39:59Z,CLE,IAH,2026-02-25T14:06:56Z,CLE_IAH_UA_2026_2_25_631
UA2434,43.11417,-8.54567,36000,409,0,2026-02-25T12:39:59Z,EWR,LAX,2026-02-25T16:42:40Z,EWR_LAX_UA_2026_2_25_616
DL1201,38.27148,-82.12639,37000,461,-64,2026-02-25T12:39:59Z,MCO,DTW,2026-02-25T13:28:32Z,MCO_DTW_DL_2026_2_25_619
UA887,39.20378,-76.16779,28350,584,-3648,2026-02-25T12:39:58Z,LIM,EWR,2026-02-25T13:13:17Z,LIM_EWR_UA_2026_2_25_113
WN879,41.38005,-82.85308,38000,368,0,2026-02-25T12:39:57Z,LGA,MDW,2026-02-25T13:20:00Z,LGA_MDW_WN_2026_2_25_624
AA865,43.00068,-81.89784,38025,388,64,2026-02-25T12:39:57Z,PVD,ORD,2026-02-25T13:32:48Z,PVD_ORD_AA_2026_2_25_619
EK203,44.07334,-76.01724,40000,436,0,2026-02-25T12:39:57Z,DXB,JFK,2026-02-25T13:26:24Z,
AA28,40.64684,-73.79324,0,0,0,2026-02-25T12:39:56Z,LAX,JFK,2026-02-25T12:32:37Z,
WN1309,40.76903,-73.80151,2700,248,128,2026-02-25T12:39:58Z,ATL,LGA,2026-02-25T12:42:11Z,ATL_LGA_WN_2026_2_25_615
AA34,32.30933,-99.31981,28025,533,-1792,2026-02-25T12:39:59Z,AKL,DFW,2026-02-25T13:09:37Z,AKL_DFW_AA_2026_2_25_21
WN1671,34.85389,-85.11674,40000,330,0,2026-02-25T12:39:58Z,DCA,HOU,2026-02-25T14:19:44Z,DCA_HOU_WN_2026_2_25_611
AA9604,32.12833,-77.13232,39000,512,0,2026-02-25T12:39:58Z,EZE,JFK,2026-02-25T13:51:53Z,EZE_JFK_AA_2026_2_25_100
WN4424,40.81686,-93.27006,40000,372,0,2026-02-25T12:39:58Z,CMH,DEN,2026-02-25T14:02:40Z,CMH_DEN_WN_2026_2_25_617
WN2747,41.37098,-86.90092,5650,236,-896,2026-02-25T12:39:58Z,ATL,MDW,2026-02-25T12:46:21Z,ATL_MDW_WN_2026_2_25_621
WN933,39.67498,-86.06421,40000,355,0,2026-02-25T12:39:57Z,DCA,MCI,2026-02-25T13:45:36Z,DCA_MCI_WN_2026_2_25_622
DL925,50.31221,-125.52407,37000,504,-64,2026-02-25T12:39:58Z,ANC,SEA,2026-02-25T13:15:44Z,ANC_SEA_DL_2026_2_25_122
DL2408,58.59232,-134.60101,37000,502,0,2026-02-25T12:39:59Z,FAI,SEA,2026-02-25T14:32:32Z,FAI_SEA_DL_2026_2_25_230
WN4904,41.78229,-87.75336,0,13,0,2026-02-25T12:39:55Z,PHL,MDW,2026-02-25T12:39:12Z,PHL_MDW_WN_2026_2_25_544
UA844,41.96596,-87.74614,2650,141,-832,2026-02-25T12:39:57Z,GRU,ORD,2026-02-25T12:42:08Z,GRU_ORD_UA_2026_2_25_157
WN702,40.36501,-77.77496,40000,332,0,2026-02-25T12:39:59Z,BOS,STL,2026-02-25T14:17:36Z,BOS_STL_WN_2026_2_25_1135
UA2266,38.89366,-76.50473,35450,550,-1664,2026-02-25T12:39:59Z,SAV,EWR,2026-02-25T13:11:28Z,SAV_EWR_UA_2026_2_25_642
DL650,39.15686,-74.73541,27425,590,-2368,2026-02-25T12:39:57Z,HNL,JFK,2026-02-25T13:10:52Z,
EK231,41.66961,-7.74091,28000,416,0,2026-02-25T12:39:58Z,DXB,IAD,2026-02-25T13:17:52Z,
EK243,45.54112,-73.66005,1775,118,-768,2026-02-25T12:39:59Z,DXB,YUL,2026-02-25T12:42:53Z,
AA1593,27.43705,-84.46685,33975,506,64,2026-02-25T12:44:59Z,AUS,MIA,2026-02-25T13:26:24Z,AUS_MIA_AA_2026_2_25_518
AA102,32.40711,-102.00307,33000,561,0,2026-02-25T12:44:57Z,HNL,DFW,2026-02-25T13:20:00Z,HNL_DFW_AA_2026_2_25_637
AA246,33.94147,-118.40649,0,0,0,2026-02-25T12:44:54Z,KOA,LAX,2026-02-25T12:34:33Z,KOA_LAX_AA_2026_2_25_748
DL1183,33.64124,-84.44115,0,0,0,2026-02-25T12:44:56Z,PHL,ATL,2026-02-25T12:34:12Z,PHL_ATL_DL_2026_2_25_540
WN2715,31.72737,-83.32317,37000,455,0,2026-02-25T12:44:57Z,MDW,MCO,2026-02-25T13:24:16Z,MDW_MCO_WN_2026_2_25_518
WN1585,36.50203,-87.61375,40000,336,0,2026-02-25T12:44:57Z,DCA,DAL,2026-02-25T14:06:56Z,DCA_DAL_WN_2026_2_25_606
WN1350,3.64726,-85.98919,14900,290,-2688,2026-02-25T12:44:58Z,DCA,BNA,2026-02-25T13:01:09Z,DCA_BNA_WN_2026_2_25_617
WN1549,41.52342,-86.38238,11050,284,-2496,2026-02-25T12:44:57Z,RDU,MDW,2026-02-25T12:56:32Z,RDU_MDW_WN_2026_2_25_617
WN1167,40.09912,-85.71465,24000,335,0,2026-02-25T12:44:57Z,SAV,MDW,2026-02-25T13:07:20Z,SAV_MDW_WN_2026_2_25_622
DL68,48.47801,-125.05679,35500,507,-1984,2026-02-25T12:44:57Z,TPE,SEA,2026-02-25T13:07:12Z,TPE_SEA_DL_2026_2_25_1103
UA1959,42.36086,-108.16914,37000,480,64,2026-02-25T12:44:57Z,ANC,DEN,2026-02-25T13:22:08Z,
DL2286,36.13538,-81.42967,38000,333,0,2026-02-25T12:44:57Z,JFK,ATL,2026-02-25T13:24:16Z,JFK_ATL_DL_2026_2_25_618
AA1868,37.35198,-82.68621,37000,591,0,2026-02-25T12:44:58Z,DFW,DCA,2026-02-25T13:28:32Z,DFW_DCA_AA_2026_2_25_1121
DL1330,43.90869,-81.86226,36025,387,0,2026-02-25T12:44:57Z,BDL,MSP,2026-02-25T14:13:20Z,BDL_MSP_DL_2026_2_25_1131
UA2416,40.93525,-74.17445,3600,263,128,2026-02-25T12:44:59Z,SFO,EWR,2026-02-25T12:47:50Z,SFO_EWR_UA_2026_2_25_3
AA1604,27.22998,-83.76609,35000,489,0,2026-02-25T12:44:59Z,SAT,MIA,2026-02-25T13:22:08Z,SAT_MIA_AA_2026_2_25_510
WN2272,28.95652,-81.77888,15400,372,-1280,2026-02-25T12:44:58Z,IND,MCO,2026-02-25T13:02:03Z,IND_MCO_WN_2026_2_25_609
AA949,32.11499,-81.57265,37975,380,0,2026-02-25T12:44:59Z,DCA,RSW,2026-02-25T13:45:36Z,DCA_RSW_AA_2026_2_25_1120
AA1232,28.43048,-79.02342,38000,421,0,2026-02-25T12:44:59Z,DCA,MIA,2026-02-25T13:15:44Z,DCA_MIA_AA_2026_2_25_559
DL2497,36.91774,-88.55547,37000,520,0,2026-02-25T12:44:58Z,SAT,DTW,2026-02-25T13:49:52Z,SAT_DTW_DL_2026_2_25_525
AA2617,3.63984,-87.56051,38000,323,0,2026-02-25T12:44:59Z,IAD,DFW,2026-02-25T14:04:48Z,IAD_DFW_AA_2026_2_25_1110
UA1488,0.40846,-89.24519,23325,426,-2112,2026-02-25T12:44:58Z,IAH,ORD,2026-02-25T13:09:42Z,IAH_ORD_UA_2026_2_25_510
DL1389,39.63167,-86.38514,35025,502,-256,2026-02-25T12:44:57Z,IAH,DTW,2026-02-25T13:26:24Z,IAH_DTW_DL_2026_2_25_519
DL2538,42.18489,-86.91188,36000,372,0,2026-02-25T12:44:57Z,RDU,MSP,2026-02-25T13:39:12Z,RDU_MSP_DL_2026_2_25_610
DL2752,4.50011,-92.06307,17950,285,-1856,2026-02-25T12:44:57Z,CVG,MSP,2026-02-25T13:03:56Z,CVG_MSP_DL_2026_2_25_622
DL158,44.99404,-89.04607,39000,561,0,2026-02-25T12:44:58Z,ICN,DTW,2026-02-25T13:24:16Z,ICN_DTW_DL_2026_2_25_1020
UA1309,35.52164,-79.40672,35000,547,0,2026-02-25T12:44:57Z,SRQ,EWR,2026-02-25T13:49:52Z,SRQ_EWR_UA_2026_2_25_637
DL915,41.01704,-74.93113,21625,469,-576,2026-02-25T12:44:58Z,LAX,JFK,2026-02-25T13:06:50Z,LAX_JFK_DL_2026_2_25_31
UA252,31.81142,-10.39188,37000,547,0,2026-02-25T12:44:59Z,HNL,IAH,2026-02-25T13:45:36Z,
DL1073,33.32926,-8.48269,11600,406,-384,2026-02-25T12:44:59Z,SAT,ATL,2026-02-25T12:57:28Z,SAT_ATL_DL_2026_2_25_517
AA2144,27.00179,-83.05485,33000,488,0,2026-02-25T12:44:58Z,IAH,MIA,2026-02-25T13:15:44Z,IAH_MIA_AA_2026_2_25_524
DL2127,34.03084,-83.89149,9950,267,-2240,2026-02-25T12:44:58Z,IAD,ATL,2026-02-25T12:54:23Z,IAD_ATL_DL_2026_2_25_624
AA1017,30.04738,-78.75743,36000,404,0,2026-02-25T12:44:58Z,JFK,MIA,2026-02-25T13:30:40Z,JFK_MIA_AA_2026_2_25_543
WN2977,41.52214,-86.56834,9600,274,0,2026-02-25T12:44:58Z,DCA,MDW,2026-02-25T12:53:32Z,DCA_MDW_WN_2026_2_25_618
AA74,41.96582,-87.84924,950,120,-640,2026-02-25T12:44:57Z,HNL,ORD,2026-02-25T12:45:40Z,
WN724,41.68011,-87.31203,3200,226,-960,2026-02-25T12:44:59Z,BUF,MDW,2026-02-25T12:47:58Z,BUF_MDW_WN_2026_2_25_631
EK221,44.48076,-96.79923,37000,524,0,2026-02-25T12:44:57Z,DXB,DFW,2026-02-25T14:17:36Z,DXB_DFW_EK_2026_2_25_2301
WN4958,38.23717,-82.17063,38000,327,0,2026-02-25T12:44:59Z,LGA,BNA,2026-02-25T13:32:48Z,LGA_BNA_WN_2026_2_25_625
WN2296,40.16496,-8.21601,40000,351,0,2026-02-25T12:44:58Z,LGA,STL,2026-02-25T13:49:52Z,LGA_STL_WN_2026_2_25_1131
UA1525,38.60161,-76.78972,34000,541,64,2026-02-25T12:44:59Z,PBI,EWR,2026-02-25T13:20:00Z,PBI_EWR_UA_2026_2_25_606
UA1105,38.87375,-76.52383,30150,549,-1920,2026-02-25T12:44:57Z,MCO,EWR,2026-02-25T13:17:52Z,MCO_EWR_UA_2026_2_25_620
UA163,45.40705,-71.84878,36000,396,0,2026-02-25T12:44:58Z,DXB,EWR,2026-02-25T13:37:04Z,
AA8,28.98477,-111.23583,40000,519,-64,2026-02-25T12:44:59Z,BNE,DFW,2026-02-25T14:21:52Z,BNE_DFW_AA_2026_2_25_2353
UA2312,1.91787,-89.56364,37000,448,-320,2026-02-25T12:44:57Z,SFO,SJO,2026-02-25T14:19:44Z,SFO_SJO_UA_2026_2_25_818
AA9606,32.89697,-97.05473,0,35,0,2026-02-25T12:44:59Z,OGG,DFW,2026-02-25T12:44:12Z,OGG_DFW_AA_2026_2_25_622
DL2555,3.26418,-82.33961,35975,440,0,2026-02-25T12:44:57Z,DTW,MCO,2026-02-25T13:32:48Z,DTW_MCO_DL_2026_2_25_618
AA716,30.34488,-78.66039,36000,396,0,2026-02-25T12:44:57Z,BWI,MIA,2026-02-25T13:37:04Z,BWI_MIA_AA_2026_2_25_610
AA1942,35.47394,-93.77186,38000,345,0,2026-02-25T12:44:57Z,CVG,DFW,2026-02-25T13:26:24Z,CVG_DFW_AA_2026_2_25_1113
UA1645,36.67868,-88.90565,36000,347,0,2026-02-25T12:44:59Z,CLE,IAH,2026-02-25T14:06:56Z,CLE_IAH_UA_2026_2_25_631
UA2434,43.19408,-86.22984,36000,414,0,2026-02-25T12:44:58Z,EWR,LAX,2026-02-25T16:40:32Z,EWR_LAX_UA_2026_2_25_616
DL1201,38.91888,-82.14866,37000,469,64,2026-02-25T12:44:58Z,MCO,DTW,2026-02-25T13:26:24Z,MCO_DTW_DL_2026_2_25_619
UA887,39.75508,-75.51429,18125,508,-2432,2026-02-25T12:44:57Z,LIM,EWR,2026-02-25T13:05:02Z,LIM_EWR_UA_2026_2_25_113
WN879,4.14196,-83.53086,38000,366,0,2026-02-25T12:44:58Z,LGA,MDW,2026-02-25T13:20:00Z,LGA_MDW_WN_2026_2_25_624
AA865,42.97586,-82.61686,37975,376,0,2026-02-25T12:44:57Z,PVD,ORD,2026-02-25T13:32:48Z,PVD_ORD_AA_2026_2_25_619
AA28,40.64684,-73.79324,0,0,0,2026-02-25T12:44:43Z,LAX,JFK,2026-02-25T12:32:37Z,
WN1309,40.81207,-73.84841,350,123,-512,2026-02-25T12:44:58Z,ATL,LGA,2026-02-25T12:45:46Z,ATL_LGA_WN_2026_2_25_615
EK203,43.45689,-76.11436,40000,485,0,2026-02-25T12:44:57Z,DXB,JFK,2026-02-25T13:24:16Z,
AA34,32.34691,-98.51204,19025,473,-2944,2026-02-25T12:44:58Z,AKL,DFW,2026-02-25T13:04:57Z,AKL_DFW_AA_2026_2_25_21
WN1671,34.59525,-85.58167,40000,336,0,2026-02-25T12:44:58Z,DCA,HOU,2026-02-25T14:19:44Z,DCA_HOU_WN_2026_2_25_611
AA9604,32.81681,-76.97913,39000,495,0,2026-02-25T12:44:59Z,EZE,JFK,2026-02-25T13:53:56Z,EZE_JFK_AA_2026_2_25_100
WN4424,40.83376,-93.95496,40000,374,0,2026-02-25T12:44:58Z,CMH,DEN,2026-02-25T14:02:40Z,CMH_DEN_WN_2026_2_25_617
WN933,39.71264,-86.70685,40000,360,0,2026-02-25T12:44:59Z,DCA,MCI,2026-02-25T13:45:36Z,DCA_MCI_WN_2026_2_25_622
DL925,49.78313,-124.82348,37000,503,-64,2026-02-25T12:44:57Z,ANC,SEA,2026-02-25T13:15:44Z,ANC_SEA_DL_2026_2_25_122
DL2408,58.02127,-133.85458,37000,504,0,2026-02-25T12:44:59Z,FAI,SEA,2026-02-25T14:32:32Z,FAI_SEA_DL_2026_2_25_230
UA844,4.19674,-87.90769,0,24,0,2026-02-25T12:44:58Z,GRU,ORD,2026-02-25T12:43:33Z,GRU_ORD_UA_2026_2_25_157
WN2747,41.59044,-87.19611,3775,232,-1600,2026-02-25T12:44:58Z,ATL,MDW,2026-02-25T12:49:08Z,ATL_MDW_WN_2026_2_25_621
UA2266,39.46717,-7.58573,23575,516,-1728,2026-02-25T12:44:58Z,SAV,EWR,2026-02-25T13:09:54Z,SAV_EWR_UA_2026_2_25_642
DL650,39.71106,-74.12976,16275,474,-2880,2026-02-25T12:44:58Z,HNL,JFK,2026-02-25T13:02:28Z,
WN702,40.34738,-78.37833,40000,338,-64,2026-02-25T12:44:59Z,BOS,STL,2026-02-25T14:15:28Z,BOS_STL_WN_2026_2_25_1135
EK231,41.18669,-77.78497,24475,380,-1024,2026-02-25T12:44:59Z,DXB,IAD,2026-02-25T13:22:08Z,
EK243,45.46132,-73.76155,0,8,0,2026-02-25T12:44:59Z,DXB,YUL,2026-02-25T12:42:40Z,
AA102,32.36014,-10.10729,33000,569,0,2026-02-25T12:49:59Z,HNL,DFW,2026-02-25T13:20:00Z,HNL_DFW_AA_2026_2_25_637
AA246,33.94147,-118.40647,0,0,0,2026-02-25T12:49:56Z,KOA,LAX,2026-02-25T12:34:33Z,KOA_LAX_AA_2026_2_25_748
DL1183,3.36409,-84.44116,0,0,0,2026-02-25T12:49:52Z,PHL,ATL,2026-02-25T12:34:12Z,PHL_ATL_DL_2026_2_25_540
AA1593,27.27249,-83.71107,33000,492,0,2026-02-25T12:49:57Z,AUS,MIA,2026-02-25T13:28:32Z,AUS_MIA_AA_2026_2_25_518
WN2715,31.15574,-83.00291,36000,448,-2560,2026-02-25T12:49:58Z,MDW,MCO,2026-02-25T13:26:24Z,MDW_MCO_WN_2026_2_25_518
WN1585,36.30574,-88.13736,40000,335,0,2026-02-25T12:49:57Z,DCA,DAL,2026-02-25T14:06:56Z,DCA_DAL_WN_2026_2_25_606
WN1350,36.33267,-86.37959,6000,219,-1600,2026-02-25T12:49:57Z,DCA,BNA,2026-02-25T12:56:12Z,DCA_BNA_WN_2026_2_25_617
WN1549,41.51971,-86.84698,9600,245,0,2026-02-25T12:49:58Z,RDU,MDW,2026-02-25T12:58:11Z,RDU_MDW_WN_2026_2_25_617
WN1167,40.50105,-86.01501,21050,331,-1024,2026-02-25T12:49:58Z,SAV,MDW,2026-02-25T13:10:36Z,SAV_MDW_WN_2026_2_25_622
DL68,48.23361,-124.15736,25750,440,-1792,2026-02-25T12:49:57Z,TPE,SEA,2026-02-25T13:17:16Z,TPE_SEA_DL_2026_2_25_1103
UA1959,41.79832,-107.66142,37000,491,0,2026-02-25T12:49:59Z,ANC,DEN,2026-02-25T13:22:08Z,
DL2286,35.81277,-81.82794,38000,322,0,2026-02-25T12:49:58Z,JFK,ATL,2026-02-25T13:24:16Z,JFK_ATL_DL_2026_2_25_618
AA1868,37.62112,-8.17142,37000,586,0,2026-02-25T12:49:57Z,DFW,DCA,2026-02-25T13:26:24Z,DFW_DCA_AA_2026_2_25_1121
DL1330,44.01956,-82.58155,35975,377,-64,2026-02-25T12:49:58Z,BDL,MSP,2026-02-25T14:13:20Z,BDL_MSP_DL_2026_2_25_1131
AA1604,26.90359,-83.10281,35000,487,0,2026-02-25T12:49:58Z,SAT,MIA,2026-02-25T13:24:16Z,SAT_MIA_AA_2026_2_25_510
WN2272,2.86239,-81.43896,8650,278,-1216,2026-02-25T12:49:57Z,IND,MCO,2026-02-25T12:58:41Z,IND_MCO_WN_2026_2_25_609
AA949,31.60874,-81.74932,38000,377,-64,2026-02-25T12:49:57Z,DCA,RSW,2026-02-25T13:43:28Z,DCA_RSW_AA_2026_2_25_1120
AA1232,27.88518,-79.20531,38000,410,0,2026-02-25T12:49:59Z,DCA,MIA,2026-02-25T13:17:52Z,DCA_MIA_AA_2026_2_25_559
AA2617,36.22388,-88.06103,38000,317,0,2026-02-25T12:49:58Z,IAD,DFW,2026-02-25T14:06:56Z,IAD_DFW_AA_2026_2_25_1110
DL2497,37.52511,-88.08217,37025,509,0,2026-02-25T12:49:59Z,SAT,DTW,2026-02-25T13:49:52Z,SAT_DTW_DL_2026_2_25_525
UA1488,41.24859,-88.76029,13675,367,-1856,2026-02-25T12:49:57Z,IAH,ORD,2026-02-25T13:04:36Z,IAH_ORD_UA_2026_2_25_510
DL1389,40.19998,-85.87402,32025,499,-960,2026-02-25T12:49:57Z,IAH,DTW,2026-02-25T13:26:24Z,IAH_DTW_DL_2026_2_25_519
DL2538,42.53739,-87.42326,36000,374,0,2026-02-25T12:49:58Z,RDU,MSP,2026-02-25T13:41:20Z,RDU_MSP_DL_2026_2_25_610
DL158,44.57544,-88.12328,39000,556,0,2026-02-25T12:49:59Z,ICN,DTW,2026-02-25T13:26:24Z,ICN_DTW_DL_2026_2_25_1020
DL2752,44.99586,-92.58232,9275,260,-1728,2026-02-25T12:49:58Z,CVG,MSP,2026-02-25T12:58:09Z,CVG_MSP_DL_2026_2_25_622
UA1309,3.61561,-78.88229,35000,553,0,2026-02-25T12:49:58Z,SRQ,EWR,2026-02-25T13:49:52Z,SRQ_EWR_UA_2026_2_25_637
DL915,40.89656,-74.10437,19025,378,0,2026-02-25T12:49:57Z,LAX,JFK,2026-02-25T13:08:17Z,LAX_JFK_DL_2026_2_25_31
UA252,31.68113,-103.04533,37000,549,0,2026-02-25T12:49:57Z,HNL,IAH,2026-02-25T13:45:36Z,
DL1073,33.53698,-84.39384,8125,270,-1792,2026-02-25T12:49:58Z,SAT,ATL,2026-02-25T12:58:13Z,SAT_ATL_DL_2026_2_25_517
AA2144,26.63063,-82.43116,33000,483,0,2026-02-25T12:49:57Z,IAH,MIA,2026-02-25T13:17:52Z,IAH_MIA_AA_2026_2_25_524
DL2127,33.73389,-8.41368,3525,244,0,2026-02-25T12:49:57Z,IAD,ATL,2026-02-25T12:53:39Z,IAD_ATL_DL_2026_2_25_624
AA1017,29.48039,-78.88374,36000,427,0,2026-02-25T12:49:59Z,JFK,MIA,2026-02-25T13:30:40Z,JFK_MIA_AA_2026_2_25_543
WN2977,41.51766,-87.02922,6200,236,-1024,2026-02-25T12:49:58Z,DCA,MDW,2026-02-25T12:55:50Z,DCA_MDW_WN_2026_2_25_618
WN724,41.84846,-87.58812,2600,147,-64,2026-02-25T12:49:58Z,BUF,MDW,2026-02-25T12:50:45Z,BUF_MDW_WN_2026_2_25_631
AA74,41.97013,-87.89439,0,18,0,2026-02-25T12:49:58Z,HNL,ORD,2026-02-25T12:46:12Z,
EK221,43.75337,-96.78336,37000,526,0,2026-02-25T12:49:58Z,DXB,DFW,2026-02-25T14:17:36Z,DXB_DFW_EK_2026_2_25_2301
WN4958,3.80714,-82.70364,38000,333,0,2026-02-25T12:49:57Z,LGA,BNA,2026-02-25T13:32:48Z,LGA_BNA_WN_2026_2_25_625
UA1525,39.14886,-76.23198,27000,482,0,2026-02-25T12:49:59Z,PBI,EWR,2026-02-25T13:16:21Z,PBI_EWR_UA_2026_2_25_606
UA1105,39.39125,-75.94727,24600,469,-1600,2026-02-25T12:49:58Z,MCO,EWR,2026-02-25T13:15:45Z,MCO_EWR_UA_2026_2_25_620
WN2296,40.11845,-82.78406,40000,346,0,2026-02-25T12:49:58Z,LGA,STL,2026-02-25T13:49:52Z,LGA_STL_WN_2026_2_25_1131
UA163,4.49365,-72.23779,36000,387,0,2026-02-25T12:49:57Z,DXB,EWR,2026-02-25T13:39:12Z,
AA8,29.22775,-11.04622,39975,520,0,2026-02-25T12:49:58Z,BNE,DFW,2026-02-25T14:21:52Z,BNE_DFW_AA_2026_2_25_2353
UA2312,18.66431,-89.20854,37000,442,0,2026-02-25T12:49:57Z,SFO,SJO,2026-02-25T14:17:36Z,SFO_SJO_UA_2026_2_25_818
AA9606,32.89593,-97.04564,0,0,0,2026-02-25T12:49:58Z,OGG,DFW,2026-02-25T12:44:12Z,OGG_DFW_AA_2026_2_25_622
DL2555,32.06765,-82.10083,36000,435,0,2026-02-25T12:49:57Z,DTW,MCO,2026-02-25T13:32:48Z,DTW_MCO_DL_2026_2_25_618
AA716,29.80889,-78.83477,36000,403,0,2026-02-25T12:49:57Z,BWI,MIA,2026-02-25T13:37:04Z,BWI_MIA_AA_2026_2_25_610
AA1942,35.19777,-94.24679,38000,342,0,2026-02-25T12:49:57Z,CVG,DFW,2026-02-25T13:26:24Z,CVG_DFW_AA_2026_2_25_1113
UA1645,36.32185,-89.30734,36000,344,0,2026-02-25T12:49:58Z,CLE,IAH,2026-02-25T14:06:56Z,CLE_IAH_UA_2026_2_25_631
UA2434,43.17236,-87.01878,35975,414,64,2026-02-25T12:49:58Z,EWR,LAX,2026-02-25T16:42:40Z,EWR_LAX_UA_2026_2_25_616
DL1201,3.95685,-82.17135,36975,464,-448,2026-02-25T12:49:59Z,MCO,DTW,2026-02-25T13:24:16Z,MCO_DTW_DL_2026_2_25_619
WN879,4.14549,-84.20153,37200,342,-2752,2026-02-25T12:49:59Z,LGA,MDW,2026-02-25T13:22:08Z,LGA_MDW_WN_2026_2_25_624
AA865,42.94652,-83.33232,38000,377,0,2026-02-25T12:49:58Z,PVD,ORD,2026-02-25T13:32:48Z,PVD_ORD_AA_2026_2_25_619
UA887,40.15508,-75.02838,10075,321,-1216,2026-02-25T12:49:59Z,LIM,EWR,2026-02-25T13:00:11Z,LIM_EWR_UA_2026_2_25_113
EK203,42.90878,-75.46042,37550,526,-1024,2026-02-25T12:49:57Z,DXB,JFK,2026-02-25T13:20:00Z,
AA28,40.64684,-73.79326,0,0,0,2026-02-25T12:49:43Z,LAX,JFK,2026-02-25T12:32:37Z,
WN1309,40.77357,-73.87096,0,16,0,2026-02-25T12:49:07Z,ATL,LGA,2026-02-25T12:46:12Z,ATL_LGA_WN_2026_2_25_615
AA34,32.37488,-97.82397,10575,340,-640,2026-02-25T12:49:57Z,AKL,DFW,2026-02-25T13:00:23Z,AKL_DFW_AA_2026_2_25_21
WN1671,34.34205,-8.60503,40000,325,0,2026-02-25T12:49:59Z,DCA,HOU,2026-02-25T14:19:44Z,DCA_HOU_WN_2026_2_25_611
AA9604,33.48573,-76.82811,39000,488,0,2026-02-25T12:49:58Z,EZE,JFK,2026-02-25T13:54:54Z,EZE_JFK_AA_2026_2_25_100
WN4424,40.84698,-9.46333,40000,368,0,2026-02-25T12:49:58Z,CMH,DEN,2026-02-25T14:02:40Z,CMH_DEN_WN_2026_2_25_617
WN933,3.97462,-87.33833,40000,348,0,2026-02-25T12:49:57Z,DCA,MCI,2026-02-25T13:47:44Z,DCA_MCI_WN_2026_2_25_622
DL925,4.92485,-124.13622,37000,501,-64,2026-02-25T12:49:58Z,ANC,SEA,2026-02-25T13:15:44Z,ANC_SEA_DL_2026_2_25_122
DL2408,57.44037,-133.12442,37000,510,0,2026-02-25T12:49:57Z,FAI,SEA,2026-02-25T14:32:32Z,FAI_SEA_DL_2026_2_25_230
WN2747,41.81406,-87.38123,2750,171,-1088,2026-02-25T12:49:59Z,ATL,MDW,2026-02-25T12:52:11Z,ATL_MDW_WN_2026_2_25_621
UA844,41.97385,-87.89198,0,1,0,2026-02-25T12:49:58Z,GRU,ORD,2026-02-25T12:43:33Z,GRU_ORD_UA_2026_2_25_157
UA2266,39.95499,-75.27195,14250,418,-1792,2026-02-25T12:49:58Z,SAV,EWR,2026-02-25T13:05:29Z,SAV_EWR_UA_2026_2_25_642
WN702,40.32634,-78.99264,40000,341,64,2026-02-25T12:49:57Z,BOS,STL,2026-02-25T14:17:36Z,BOS_STL_WN_2026_2_25_1135
EK231,40.68414,-77.92416,19575,410,-1216,2026-02-25T12:49:57Z,DXB,IAD,2026-02-25T13:10:08Z,
DL650,40.13887,-7.38335,8900,281,-1920,2026-02-25T12:49:57Z,HNL,JFK,2026-02-25T12:59:23Z,
EK243,45.45959,-73.75733,0,0,0,2026-02-25T12:49:54Z,DXB,YUL,2026-02-25T12:42:40Z,
AA102,32.29793,-0.10014,33000,574,0,2026-02-25T12:54:59Z,HNL,DFW,2026-02-25T13:20:00Z,HNL_DFW_AA_2026_2_25_637
AA246,33.94149,-118.40654,0,0,0,2026-02-25T12:54:59Z,KOA,LAX,2026-02-25T12:34:33Z,KOA_LAX_AA_2026_2_25_748
AA1593,26.92419,-83.05156,33000,483,0,2026-02-25T12:55:00Z,AUS,MIA,2026-02-25T13:28:32Z,AUS_MIA_AA_2026_2_25_518
WN2715,30.60548,-82.59898,29000,486,0,2026-02-25T12:54:59Z,MDW,MCO,2026-02-25T13:23:33Z,MDW_MCO_WN_2026_2_25_518
UA1959,41.23279,-107.16669,37000,493,64,2026-02-25T12:54:58Z,ANC,DEN,2026-02-25T13:22:08Z,
WN1585,36.10652,-88.66055,40000,333,0,2026-02-25T12:54:59Z,DCA,DAL,2026-02-25T14:09:04Z,DCA_DAL_WN_2026_2_25_606
WN1350,36.18594,-86.63835,1175,135,-832,2026-02-25T12:54:58Z,DCA,BNA,2026-02-25T12:56:30Z,DCA_BNA_WN_2026_2_25_617
WN1167,40.89967,-86.31805,15975,329,-1664,2026-02-25T12:54:58Z,SAV,MDW,2026-02-25T13:10:39Z,SAV_MDW_WN_2026_2_25_622
DL68,48.10794,-12.33021,16400,383,-1792,2026-02-25T12:54:59Z,TPE,SEA,2026-02-25T13:11:52Z,TPE_SEA_DL_2026_2_25_1103
WN1549,41.62464,-8.71822,4150,239,-1024,2026-02-25T12:54:59Z,RDU,MDW,2026-02-25T12:58:59Z,RDU_MDW_WN_2026_2_25_617
DL2286,35.49408,-82.20889,35000,320,-64,2026-02-25T12:55:00Z,JFK,ATL,2026-02-25T13:28:37Z,JFK_ATL_DL_2026_2_25_618
AA1868,37.90865,-80.75483,37000,585,0,2026-02-25T12:54:59Z,DFW,DCA,2026-02-25T13:28:32Z,DFW_DCA_AA_2026_2_25_1121
DL1330,44.12714,-83.31096,36000,390,0,2026-02-25T12:55:00Z,BDL,MSP,2026-02-25T14:11:12Z,BDL_MSP_DL_2026_2_25_1131
UA2416,4.06933,-74.17373,0,1,0,2026-02-25T12:55:00Z,SFO,EWR,2026-02-25T12:51:25Z,SFO_EWR_UA_2026_2_25_3
AA1604,26.57746,-82.45028,35000,475,0,2026-02-25T12:54:59Z,SAT,MIA,2026-02-25T13:24:16Z,SAT_MIA_AA_2026_2_25_510
WN2272,28.27476,-81.41753,3400,208,-896,2026-02-25T12:54:59Z,IND,MCO,2026-02-25T12:58:23Z,IND_MCO_WN_2026_2_25_609
AA949,31.11177,-8.19209,37975,372,0,2026-02-25T12:54:58Z,DCA,RSW,2026-02-25T13:41:20Z,DCA_RSW_AA_2026_2_25_1120
AA1232,27.32492,-79.41177,30175,426,-2560,2026-02-25T12:54:59Z,DCA,MIA,2026-02-25T13:27:34Z,DCA_MIA_AA_2026_2_25_559
AA2617,36.04414,-88.56879,38000,322,0,2026-02-25T12:55:00Z,IAD,DFW,2026-02-25T14:06:56Z,IAD_DFW_AA_2026_2_25_1110
DL2497,3.81308,-87.61948,37000,504,0,2026-02-25T12:54:58Z,SAT,DTW,2026-02-25T13:49:52Z,SAT_DTW_DL_2026_2_25_525
UA1488,41.60738,-88.32964,9775,339,-1024,2026-02-25T12:54:59Z,IAH,ORD,2026-02-25T13:04:12Z,IAH_ORD_UA_2026_2_25_510
DL2538,42.89886,-87.95772,35000,385,0,2026-02-25T12:54:59Z,RDU,MSP,2026-02-25T13:43:28Z,RDU_MSP_DL_2026_2_25_610
DL2752,44.80853,-92.95298,3700,193,-384,2026-02-25T12:55:00Z,CVG,MSP,2026-02-25T12:57:54Z,CVG_MSP_DL_2026_2_25_622
DL158,44.15222,-87.21918,38075,560,-960,2026-02-25T12:54:59Z,ICN,DTW,2026-02-25T13:24:16Z,ICN_DTW_DL_2026_2_25_1020
UA1309,36.78856,-78.34859,35000,546,0,2026-02-25T12:54:58Z,SRQ,EWR,2026-02-25T13:47:44Z,SRQ_EWR_UA_2026_2_25_637
DL1389,40.76193,-8.53579,26125,478,-2176,2026-02-25T12:54:59Z,IAH,DTW,2026-02-25T13:26:24Z,IAH_DTW_DL_2026_2_25_519
DL915,40.52348,-73.85071,10075,272,-2752,2026-02-25T12:55:00Z,LAX,JFK,2026-02-25T13:05:17Z,LAX_JFK_DL_2026_2_25_31
UA252,31.54282,-102.16214,37000,551,0,2026-02-25T12:54:58Z,HNL,IAH,2026-02-25T13:45:36Z,
AA2144,26.25577,-81.81032,28150,468,-1856,2026-02-25T12:54:59Z,IAH,MIA,2026-02-25T13:23:47Z,IAH_MIA_AA_2026_2_25_524
DL1073,33.63059,-84.24019,2550,151,0,2026-02-25T12:54:58Z,SAT,ATL,2026-02-25T12:56:28Z,SAT_ATL_DL_2026_2_25_517
DL2127,33.64948,-84.36996,1250,114,-640,2026-02-25T12:55:00Z,IAD,ATL,2026-02-25T12:55:21Z,IAD_ATL_DL_2026_2_25_624
AA1017,2.88885,-78.96302,34125,425,-960,2026-02-25T12:54:58Z,JFK,MIA,2026-02-25T13:30:40Z,JFK_MIA_AA_2026_2_25_543
EK221,4.30192,-96.67132,37000,533,0,2026-02-25T12:54:58Z,DXB,DFW,2026-02-25T14:17:36Z,DXB_DFW_EK_2026_2_25_2301
WN724,41.78197,-87.75403,0,13,0,2026-02-25T12:54:59Z,BUF,MDW,2026-02-25T12:54:39Z,BUF_MDW_WN_2026_2_25_631
WN2977,41.72388,-87.22762,4675,191,-1152,2026-02-25T12:54:58Z,DCA,MDW,2026-02-25T12:59:05Z,DCA_MDW_WN_2026_2_25_618
WN4958,37.83305,-83.20747,34925,340,-1600,2026-02-25T12:54:59Z,LGA,BNA,2026-02-25T13:30:40Z,LGA_BNA_WN_2026_2_25_625
WN2296,4.00454,-83.40858,40000,350,0,2026-02-25T12:54:58Z,LGA,STL,2026-02-25T13:52:00Z,LGA_STL_WN_2026_2_25_1131
UA1525,39.62352,-75.67245,20900,435,-1536,2026-02-25T12:54:59Z,PBI,EWR,2026-02-25T13:16:03Z,PBI_EWR_UA_2026_2_25_606
UA1105,39.84145,-75.40942,15675,401,-1344,2026-02-25T12:54:59Z,MCO,EWR,2026-02-25T13:11:05Z,MCO_EWR_UA_2026_2_25_620
UA163,44.46651,-72.61883,36000,391,0,2026-02-25T12:54:59Z,DXB,EWR,2026-02-25T13:41:20Z,
AA8,29.46747,-109.68114,40000,523,0,2026-02-25T12:54:58Z,BNE,DFW,2026-02-25T14:21:52Z,BNE_DFW_AA_2026_2_25_2353
UA2312,18.13522,-88.89313,37000,427,0,2026-02-25T12:54:59Z,SFO,SJO,2026-02-25T14:21:52Z,SFO_SJO_UA_2026_2_25_818
DL2555,31.52317,-82.11401,36025,385,0,2026-02-25T12:54:59Z,DTW,MCO,2026-02-25T13:34:56Z,DTW_MCO_DL_2026_2_25_618
AA716,29.22647,-78.91776,36000,428,0,2026-02-25T12:54:58Z,BWI,MIA,2026-02-25T13:34:56Z,BWI_MIA_AA_2026_2_25_610
AA1942,34.91528,-94.72591,34375,351,-960,2026-02-25T12:54:59Z,CVG,DFW,2026-02-25T13:28:32Z,CVG_DFW_AA_2026_2_25_1113
UA1645,35.96704,-89.70216,36000,341,0,2026-02-25T12:54:59Z,CLE,IAH,2026-02-25T14:11:12Z,CLE_IAH_UA_2026_2_25_631
UA2434,43.13945,-87.80711,35975,415,64,2026-02-25T12:55:00Z,EWR,LAX,2026-02-25T16:40:32Z,EWR_LAX_UA_2026_2_25_616
DL1201,40.17792,-82.25415,34000,438,0,2026-02-25T12:54:59Z,MCO,DTW,2026-02-25T13:28:32Z,MCO_DTW_DL_2026_2_25_619
WN879,41.48228,-84.78909,30025,331,0,2026-02-25T12:54:58Z,LGA,MDW,2026-02-25T13:24:02Z,LGA_MDW_WN_2026_2_25_624
AA865,42.91269,-8.40477,38000,377,0,2026-02-25T12:54:59Z,PVD,ORD,2026-02-25T13:30:40Z,PVD_ORD_AA_2026_2_25_619
UA887,40.45296,-74.66077,5650,259,-320,2026-02-25T12:54:59Z,LIM,EWR,2026-02-25T13:00:38Z,LIM_EWR_UA_2026_2_25_113
AA28,40.64683,-73.79324,0,0,0,2026-02-25T12:54:59Z,LAX,JFK,2026-02-25T12:32:37Z,
EK203,42.37292,-74.80569,32525,515,-1408,2026-02-25T12:54:58Z,DXB,JFK,2026-02-25T13:22:08Z,
AA34,32.49006,-97.38097,5525,285,-1152,2026-02-25T12:54:59Z,AKL,DFW,2026-02-25T13:00:02Z,AKL_DFW_AA_2026_2_25_21
WN1671,34.13301,-86.52681,40000,325,0,2026-02-25T12:54:58Z,DCA,HOU,2026-02-25T14:19:44Z,DCA_HOU_WN_2026_2_25_611
AA9604,34.15664,-76.67404,39000,492,0,2026-02-25T12:54:59Z,EZE,JFK,2026-02-25T13:55:04Z,EZE_JFK_AA_2026_2_25_100
WN4424,40.85573,-95.30614,40000,368,0,2026-02-25T12:54:58Z,CMH,DEN,2026-02-25T14:02:40Z,CMH_DEN_WN_2026_2_25_617
WN933,0.39776,-87.97168,40000,359,0,2026-02-25T12:54:58Z,DCA,MCI,2026-02-25T13:47:44Z,DCA_MCI_WN_2026_2_25_622
DL925,48.71063,-123.47027,29450,485,-2560,2026-02-25T12:54:59Z,ANC,SEA,2026-02-25T13:25:23Z,ANC_SEA_DL_2026_2_25_122
DL2408,56.84708,-132.40714,37000,512,0,2026-02-25T12:54:59Z,FAI,SEA,2026-02-25T14:32:32Z,FAI_SEA_DL_2026_2_25_230
WN2747,41.84571,-87.64356,2075,133,-640,2026-02-25T12:54:59Z,ATL,MDW,2026-02-25T12:56:38Z,ATL_MDW_WN_2026_2_25_621
WN702,40.30124,-79.62219,40000,347,0,2026-02-25T12:54:59Z,BOS,STL,2026-02-25T14:19:44Z,BOS_STL_WN_2026_2_25_1135
EK231,40.16066,-77.77155,15300,359,-1984,2026-02-25T12:54:59Z,DXB,IAD,2026-02-25T13:10:53Z,
UA2266,40.30499,-74.83453,7650,297,-256,2026-02-25T12:54:58Z,SAV,EWR,2026-02-25T13:02:45Z,SAV_EWR_UA_2026_2_25_642
DL650,40.45147,-73.61115,1675,248,64,2026-02-25T12:54:59Z,HNL,JFK,2026-02-25T12:56:35Z,
EK243,45.45958,-73.75733,0,0,0,2026-02-25T12:54:08Z,DXB,YUL,2026-02-25T12:42:40Z,
AA102,32.31368,-99.22476,27350,529,-1856,2026-02-25T12:59:57Z,HNL,DFW,2026-02-25T13:28:24Z,HNL_DFW_AA_2026_2_25_637
AA246,33.94172,-118.40637,0,0,0,2026-02-25T12:59:59Z,KOA,LAX,2026-02-25T12:34:33Z,KOA_LAX_AA_2026_2_25_748
AA1593,26.58224,-82.41399,33000,479,0,2026-02-25T12:59:58Z,AUS,MIA,2026-02-25T13:28:32Z,AUS_MIA_AA_2026_2_25_518
WN2715,30.05841,-82.20837,26000,430,0,2026-02-25T12:59:58Z,MDW,MCO,2026-02-25T13:26:22Z,MDW_MCO_WN_2026_2_25_518
UA1959,40.65509,-106.67242,35475,498,-3968,2026-02-25T12:59:58Z,ANC,DEN,2026-02-25T13:24:16Z,
WN1585,35.90849,-89.17128,40000,333,0,2026-02-25T12:59:57Z,DCA,DAL,2026-02-25T14:11:12Z,DCA_DAL_WN_2026_2_25_606
DL68,47.95683,-122.60763,9775,312,-896,2026-02-25T12:59:58Z,TPE,SEA,2026-02-25T13:09:55Z,TPE_SEA_DL_2026_2_25_1103
WN1549,41.81076,-8.73327,3125,155,-1024,2026-02-25T12:59:59Z,RDU,MDW,2026-02-25T13:02:16Z,RDU_MDW_WN_2026_2_25_617
DL2286,3.51985,-82.57178,29750,303,-1984,2026-02-25T12:59:58Z,JFK,ATL,2026-02-25T13:29:20Z,JFK_ATL_DL_2026_2_25_618
WN1350,36.12332,-86.66743,0,0,0,2026-02-25T12:59:08Z,DCA,BNA,2026-02-25T12:56:12Z,DCA_BNA_WN_2026_2_25_617
AA1868,38.22297,-79.80224,35350,587,-2944,2026-02-25T12:59:58Z,DFW,DCA,2026-02-25T13:26:24Z,DFW_DCA_AA_2026_2_25_1121
WN1167,41.21437,-86.68787,9600,293,0,2026-02-25T12:59:58Z,SAV,MDW,2026-02-25T13:08:16Z,SAV_MDW_WN_2026_2_25_622
DL1330,44.23041,-84.04521,35975,389,0,2026-02-25T12:59:58Z,BDL,MSP,2026-02-25T14:11:12Z,BDL_MSP_DL_2026_2_25_1131
UA2416,4.06933,-74.17372,0,0,0,2026-02-25T12:59:56Z,SFO,EWR,2026-02-25T12:51:25Z,SFO_EWR_UA_2026_2_25_3
AA1604,26.25307,-81.81088,28000,468,192,2026-02-25T12:59:59Z,SAT,MIA,2026-02-25T13:31:04Z,SAT_MIA_AA_2026_2_25_510
AA1232,2.67984,-79.60382,20275,364,-1792,2026-02-25T12:59:59Z,DCA,MIA,2026-02-25T13:21:09Z,DCA_MIA_AA_2026_2_25_559
AA949,30.60777,-82.09017,38000,386,0,2026-02-25T12:59:58Z,DCA,RSW,2026-02-25T13:45:36Z,DCA_RSW_AA_2026_2_25_1120
AA2617,35.86515,-89.06599,38000,320,0,2026-02-25T12:59:58Z,IAD,DFW,2026-02-25T14:09:04Z,IAD_DFW_AA_2026_2_25_1110
DL2497,38.73761,-0.87185,37025,493,64,2026-02-25T12:59:59Z,SAT,DTW,2026-02-25T13:49:52Z,SAT_DTW_DL_2026_2_25_525
DL2538,43.24498,-88.50331,35000,380,0,2026-02-25T12:59:58Z,RDU,MSP,2026-02-25T13:45:36Z,RDU_MSP_DL_2026_2_25_610
UA1488,41.88417,-87.95086,6625,290,0,2026-02-25T12:59:57Z,IAH,ORD,2026-02-25T13:05:14Z,IAH_ORD_UA_2026_2_25_510
UA1309,37.40798,-77.81574,35000,542,0,2026-02-25T12:59:58Z,SRQ,EWR,2026-02-25T13:47:44Z,SRQ_EWR_UA_2026_2_25_637
DL1389,41.20995,-84.74261,23000,462,0,2026-02-25T12:59:59Z,IAH,DTW,2026-02-25T13:21:38Z,IAH_DTW_DL_2026_2_25_519
DL158,43.74174,-86.33456,31000,529,0,2026-02-25T12:59:58Z,ICN,DTW,2026-02-25T13:29:49Z,ICN_DTW_DL_2026_2_25_1020
DL915,40.53003,-73.62982,1625,188,-320,2026-02-25T12:59:58Z,LAX,JFK,2026-02-25T13:01:08Z,LAX_JFK_DL_2026_2_25_31
UA252,31.39893,-101.28425,37000,549,0,2026-02-25T12:59:59Z,HNL,IAH,2026-02-25T13:45:36Z,
AA2144,25.99114,-81.21479,19900,403,-1664,2026-02-25T12:59:58Z,IAH,MIA,2026-02-25T13:21:12Z,IAH_MIA_AA_2026_2_25_524
DL1073,33.63359,-84.43961,0,20,0,2026-02-25T12:59:58Z,SAT,ATL,2026-02-25T12:59:17Z,SAT_ATL_DL_2026_2_25_517
AA1017,28.29548,-79.05288,32000,424,0,2026-02-25T12:59:58Z,JFK,MIA,2026-02-25T13:30:40Z,JFK_MIA_AA_2026_2_25_543
EK221,42.28647,-96.54638,37000,535,0,2026-02-25T12:59:58Z,DXB,DFW,2026-02-25T14:15:28Z,DXB_DFW_EK_2026_2_25_2301
WN2977,41.82985,-87.44237,2600,149,0,2026-02-25T12:59:59Z,DCA,MDW,2026-02-25T13:01:50Z,DCA_MDW_WN_2026_2_25_618
WN4958,37.58931,-8.37143,34000,339,0,2026-02-25T12:59:58Z,LGA,BNA,2026-02-25T13:32:48Z,LGA_BNA_WN_2026_2_25_625
WN2296,39.96844,-8.40354,40000,355,0,2026-02-25T12:59:58Z,LGA,STL,2026-02-25T13:54:08Z,LGA_STL_WN_2026_2_25_1131
UA1525,40.02333,-75.18964,12625,341,-1344,2026-02-25T12:59:58Z,PBI,EWR,2026-02-25T13:13:49Z,PBI_EWR_UA_2026_2_25_606
UA1105,40.19655,-74.97772,9475,311,-1216,2026-02-25T12:59:58Z,MCO,EWR,2026-02-25T13:10:20Z,MCO_EWR_UA_2026_2_25_620
UA163,43.98766,-72.96327,36000,388,0,2026-02-25T12:59:59Z,DXB,EWR,2026-02-25T13:41:20Z,
AA8,29.70354,-108.89298,39975,526,-64,2026-02-25T12:59:58Z,BNE,DFW,2026-02-25T14:21:52Z,BNE_DFW_AA_2026_2_25_2353
UA2312,17.59274,-88.64333,37000,426,0,2026-02-25T12:59:59Z,SFO,SJO,2026-02-25T14:21:52Z,SFO_SJO_UA_2026_2_25_818
AA1942,34.53868,-95.17108,29575,401,-960,2026-02-25T12:59:59Z,CVG,DFW,2026-02-25T13:30:40Z,CVG_DFW_AA_2026_2_25_1113
DL2555,31.00626,-82.25604,35975,387,0,2026-02-25T12:59:58Z,DTW,MCO,2026-02-25T13:37:04Z,DTW_MCO_DL_2026_2_25_618
AA716,28.63782,-78.99612,32000,426,64,2026-02-25T12:59:59Z,BWI,MIA,2026-02-25T13:34:56Z,BWI_MIA_AA_2026_2_25_610
UA1645,35.61827,-90.08485,36000,333,0,2026-02-25T12:59:58Z,CLE,IAH,2026-02-25T14:11:12Z,CLE_IAH_UA_2026_2_25_631
UA2434,43.12567,-88.57963,35975,406,0,2026-02-25T12:59:58Z,EWR,LAX,2026-02-25T16:44:48Z,EWR_LAX_UA_2026_2_25_616
DL1201,40.75951,-82.41699,29750,407,-896,2026-02-25T12:59:58Z,MCO,DTW,2026-02-25T13:26:24Z,MCO_DTW_DL_2026_2_25_619
WN879,41.50784,-85.39954,25325,326,-960,2026-02-25T12:59:59Z,LGA,MDW,2026-02-25T13:25:37Z,LGA_MDW_WN_2026_2_25_624
AA865,4.28666,-8.47537,32000,384,0,2026-02-25T12:59:57Z,PVD,ORD,2026-02-25T13:31:35Z,PVD_ORD_AA_2026_2_25_619
UA887,40.79112,-74.50435,4650,264,-64,2026-02-25T12:59:58Z,LIM,EWR,2026-02-25T13:04:56Z,LIM_EWR_UA_2026_2_25_113
AA28,40.64683,-73.79324,0,0,0,2026-02-25T12:59:33Z,LAX,JFK,2026-02-25T12:32:37Z,
EK203,41.85207,-74.27999,26625,403,-1024,2026-02-25T12:59:58Z,DXB,JFK,2026-02-25T13:27:11Z,
AA34,32.66776,-97.05575,2525,199,0,2026-02-25T12:59:59Z,AKL,DFW,2026-02-25T13:01:45Z,AKL_DFW_AA_2026_2_25_21
WN1671,33.91667,-87.01228,40000,333,0,2026-02-25T12:59:58Z,DCA,HOU,2026-02-25T14:19:44Z,DCA_HOU_WN_2026_2_25_611
WN4424,40.86072,-95.98163,40000,375,0,2026-02-25T12:59:58Z,CMH,DEN,2026-02-25T14:04:48Z,CMH_DEN_WN_2026_2_25_617
WN933,39.80338,-88.62337,40000,360,0,2026-02-25T12:59:59Z,DCA,MCI,2026-02-25T13:47:44Z,DCA_MCI_WN_2026_2_25_622
WN2747,41.78477,-87.75018,0,15,0,2026-02-25T12:59:56Z,ATL,MDW,2026-02-25T12:58:12Z,ATL_MDW_WN_2026_2_25_621
DL925,48.19307,-12.29905,17800,399,-2368,2026-02-25T12:59:59Z,ANC,SEA,2026-02-25T13:20:06Z,ANC_SEA_DL_2026_2_25_122
DL2408,56.26405,-131.67931,37000,512,-64,2026-02-25T12:59:58Z,FAI,SEA,2026-02-25T14:32:32Z,FAI_SEA_DL_2026_2_25_230
AA9604,34.82483,-76.50739,39000,496,0,2026-02-25T12:59:58Z,EZE,JFK,2026-02-25T13:54:08Z,EZE_JFK_AA_2026_2_25_100
WN702,40.27299,-80.24615,40000,345,0,2026-02-25T12:59:58Z,BOS,STL,2026-02-25T14:19:44Z,BOS_STL_WN_2026_2_25_1135
EK231,39.72945,-77.64758,9475,285,-1152,2026-02-25T12:59:58Z,DXB,IAD,2026-02-25T13:09:58Z,
UA2266,40.62621,-74.61456,5650,261,0,2026-02-25T12:59:58Z,SAV,EWR,2026-02-25T13:04:55Z,SAV_EWR_UA_2026_2_25_642
DL650,40.61901,-73.75197,325,129,-896,2026-02-25T12:59:58Z,HNL,JFK,2026-02-25T13:00:50Z,
AA102,32.35055,-98.42494,18200,457,-2304,2026-02-25T13:04:58Z,HNL,DFW,2026-02-25T13:23:36Z,HNL_DFW_AA_2026_2_25_637
AA246,33.94147,-118.40649,0,0,0,2026-02-25T13:04:59Z,KOA,LAX,2026-02-25T12:34:33Z,KOA_LAX_AA_2026_2_25_748
AA1593,26.23824,-81.78122,27975,476,-768,2026-02-25T13:04:59Z,AUS,MIA,2026-02-25T13:28:32Z,AUS_MIA_AA_2026_2_25_518
WN2715,29.46817,-82.09162,26000,435,0,2026-02-25T13:04:57Z,MDW,MCO,2026-02-25T13:30:06Z,MDW_MCO_WN_2026_2_25_518
UA1959,40.43289,-105.92389,23525,435,-2048,2026-02-25T13:04:59Z,ANC,DEN,2026-02-25T13:24:28Z,
WN1585,3.57072,-89.68291,40000,334,0,2026-02-25T13:04:57Z,DCA,DAL,2026-02-25T14:09:04Z,DCA_DAL_WN_2026_2_25_606
DL68,47.66568,-122.32037,4000,209,-1216,2026-02-25T13:04:58Z,TPE,SEA,2026-02-25T13:09:06Z,TPE_SEA_DL_2026_2_25_1103
DL2286,34.89803,-82.92881,22500,293,-1088,2026-02-25T13:04:59Z,JFK,ATL,2026-02-25T13:27:36Z,JFK_ATL_DL_2026_2_25_618
AA1868,38.49358,-78.88572,23850,501,-1792,2026-02-25T13:04:58Z,DFW,DCA,2026-02-25T13:30:29Z,DFW_DCA_AA_2026_2_25_1121
WN1167,41.46557,-87.07936,7725,242,-1856,2026-02-25T13:04:59Z,SAV,MDW,2026-02-25T13:13:11Z,SAV_MDW_WN_2026_2_25_622
WN1549,41.84771,-87.60479,2600,150,-384,2026-02-25T13:04:59Z,RDU,MDW,2026-02-25T13:06:11Z,RDU_MDW_WN_2026_2_25_617
DL1330,44.32823,-84.77626,36000,380,0,2026-02-25T13:04:59Z,BDL,MSP,2026-02-25T14:11:12Z,BDL_MSP_DL_2026_2_25_1131
AA1604,25.98546,-81.20177,19575,403,-1664,2026-02-25T13:04:58Z,SAT,MIA,2026-02-25T13:25:34Z,SAT_MIA_AA_2026_2_25_510
AA1232,26.39735,-79.79819,13675,284,-64,2026-02-25T13:04:57Z,DCA,MIA,2026-02-25T13:18:48Z,DCA_MIA_AA_2026_2_25_559
AA949,30.05013,-82.10465,38000,421,0,2026-02-25T13:04:59Z,DCA,RSW,2026-02-25T13:45:36Z,DCA_RSW_AA_2026_2_25_1120
AA2617,35.68089,-89.56953,38000,324,0,2026-02-25T13:04:57Z,IAD,DFW,2026-02-25T14:11:12Z,IAD_DFW_AA_2026_2_25_1110
DL2538,43.57839,-89.07957,34000,385,0,2026-02-25T13:04:58Z,RDU,MSP,2026-02-25T13:43:28Z,RDU_MSP_DL_2026_2_25_610
UA1309,38.03695,-77.29778,35000,542,-64,2026-02-25T13:04:57Z,SRQ,EWR,2026-02-25T13:47:44Z,SRQ_EWR_UA_2026_2_25_637
DL2497,39.32854,-86.75372,35525,484,-1472,2026-02-25T13:04:59Z,SAT,DTW,2026-02-25T13:49:52Z,SAT_DTW_DL_2026_2_25_525
DL1389,41.67242,-8.42318,17550,405,-1536,2026-02-25T13:04:58Z,IAH,DTW,2026-02-25T13:23:38Z,IAH_DTW_DL_2026_2_25_519
UA1488,41.96558,-8.76689,3600,141,64,2026-02-25T13:04:58Z,IAH,ORD,2026-02-25T13:07:59Z,IAH_ORD_UA_2026_2_25_510
DL158,43.40316,-85.46729,28625,470,-1024,2026-02-25T13:04:57Z,ICN,DTW,2026-02-25T13:33:05Z,ICN_DTW_DL_2026_2_25_1020
UA252,31.25005,-100.41476,37000,551,0,2026-02-25T13:04:58Z,HNL,IAH,2026-02-25T13:45:36Z,
AA2144,25.85721,-80.68233,12275,331,-1344,2026-02-25T13:04:58Z,IAH,MIA,2026-02-25T13:18:06Z,IAH_MIA_AA_2026_2_25_524
AA1017,2.77337,-79.26144,32000,430,0,2026-02-25T13:04:58Z,JFK,MIA,2026-02-25T13:32:48Z,JFK_MIA_AA_2026_2_25_543
DL1073,33.64257,-84.43546,0,0,0,2026-02-25T13:04:30Z,SAT,ATL,2026-02-25T12:59:17Z,SAT_ATL_DL_2026_2_25_517
EK221,41.55849,-96.42506,37000,521,0,2026-02-25T13:04:58Z,DXB,DFW,2026-02-25T14:17:36Z,DXB_DFW_EK_2026_2_25_2301
WN4958,37.34383,-84.21737,28825,333,-1216,2026-02-25T13:04:58Z,LGA,BNA,2026-02-25T13:37:04Z,LGA_BNA_WN_2026_2_25_625
WN2296,39.88759,-84.66644,40000,354,0,2026-02-25T13:04:57Z,LGA,STL,2026-02-25T13:54:08Z,LGA_STL_WN_2026_2_25_1131
WN2977,4.18284,-87.69556,1300,115,-768,2026-02-25T13:04:58Z,DCA,MDW,2026-02-25T13:06:18Z,DCA_MDW_WN_2026_2_25_618
UA1525,40.33397,-74.79401,6900,279,-1024,2026-02-25T13:04:58Z,PBI,EWR,2026-02-25T13:12:08Z,PBI_EWR_UA_2026_2_25_606
UA1105,40.41577,-74.59149,5650,254,0,2026-02-25T13:04:59Z,MCO,EWR,2026-02-25T13:10:14Z,MCO_EWR_UA_2026_2_25_620
UA163,43.50833,-73.29247,33325,379,-2752,2026-02-25T13:04:59Z,DXB,EWR,2026-02-25T13:39:12Z,
AA8,2.99376,-108.09146,39975,535,0,2026-02-25T13:04:57Z,BNE,DFW,2026-02-25T14:21:52Z,BNE_DFW_AA_2026_2_25_2353
UA2312,17.05138,-88.39575,37000,424,0,2026-02-25T13:04:59Z,SFO,SJO,2026-02-25T14:21:52Z,SFO_SJO_UA_2026_2_25_818
AA1942,34.11186,-95.60006,24575,393,-1024,2026-02-25T13:04:58Z,CVG,DFW,2026-02-25T13:29:51Z,CVG_DFW_AA_2026_2_25_1113
DL2555,30.45149,-0.82287,31325,429,-2304,2026-02-25T13:04:58Z,DTW,MCO,2026-02-25T13:37:04Z,DTW_MCO_DL_2026_2_25_618
AA716,28.05716,-79.14144,27900,419,-576,2026-02-25T13:04:58Z,BWI,MIA,2026-02-25T13:37:04Z,BWI_MIA_AA_2026_2_25_610
UA1645,35.27527,-90.45685,36000,325,0,2026-02-25T13:04:58Z,CLE,IAH,2026-02-25T14:11:12Z,CLE_IAH_UA_2026_2_25_631
UA2434,43.07795,-8.93469,36000,423,-64,2026-02-25T13:04:57Z,EWR,LAX,2026-02-25T16:40:32Z,EWR_LAX_UA_2026_2_25_616
WN879,41.52365,-85.99205,19675,315,-2432,2026-02-25T13:04:58Z,LGA,MDW,2026-02-25T13:27:00Z,LGA_MDW_WN_2026_2_25_624
AA865,42.78955,-85.47145,32000,388,0,2026-02-25T13:04:57Z,PVD,ORD,2026-02-25T13:35:32Z,PVD_ORD_AA_2026_2_25_619
DL1201,41.25404,-82.62961,25225,353,-960,2026-02-25T13:04:59Z,MCO,DTW,2026-02-25T13:28:32Z,MCO_DTW_DL_2026_2_25_619
UA887,40.89171,-74.11322,3000,234,-1152,2026-02-25T13:04:59Z,LIM,EWR,2026-02-25T13:07:50Z,LIM_EWR_UA_2026_2_25_113
AA28,40.64684,-73.79324,0,0,0,2026-02-25T13:04:04Z,LAX,JFK,2026-02-25T12:32:37Z,
EK203,41.34853,-74.10173,20025,316,-256,2026-02-25T13:04:58Z,DXB,JFK,2026-02-25T13:25:52Z,
AA34,3.28945,-97.05478,0,55,0,2026-02-25T13:04:59Z,AKL,DFW,2026-02-25T13:04:24Z,AKL_DFW_AA_2026_2_25_21
WN1671,3.36953,-87.50227,40000,334,0,2026-02-25T13:04:59Z,DCA,HOU,2026-02-25T14:19:44Z,DCA_HOU_WN_2026_2_25_611
WN4424,4.08616,-96.67769,40000,384,0,2026-02-25T13:04:58Z,CMH,DEN,2026-02-25T14:11:12Z,CMH_DEN_WN_2026_2_25_617
WN933,39.82672,-89.26821,40000,360,0,2026-02-25T13:04:59Z,DCA,MCI,2026-02-25T13:49:52Z,DCA_MCI_WN_2026_2_25_622
DL925,47.89664,-122.45945,8325,288,-1664,2026-02-25T13:04:58Z,ANC,SEA,2026-02-25T13:14:27Z,ANC_SEA_DL_2026_2_25_122
DL2408,55.69817,-130.93015,37000,512,0,2026-02-25T13:04:58Z,FAI,SEA,2026-02-25T14:30:24Z,FAI_SEA_DL_2026_2_25_230
WN702,40.24109,-80.87329,40000,346,64,2026-02-25T13:04:59Z,BOS,STL,2026-02-25T14:19:44Z,BOS_STL_WN_2026_2_25_1135
EK231,39.36834,-77.46069,5450,293,-512,2026-02-25T13:04:57Z,DXB,IAD,2026-02-25T13:10:14Z,
AA9604,35.50441,-76.31541,39000,511,0,2026-02-25T13:04:58Z,EZE,JFK,2026-02-25T13:52:57Z,EZE_JFK_AA_2026_2_25_100
DL650,40.63497,-73.78435,0,0,0,2026-02-25T13:04:58Z,HNL,JFK,2026-02-25T13:01:12Z,
UA2266,4.09183,-0.07433,3625,251,0,2026-02-25T13:04:57Z,SAV,EWR,2026-02-25T13:07:50Z,SAV_EWR_UA_2026_2_25_642
AA1593,25.97801,-81.18484,19500,400,-1600,2026-02-25T13:09:58Z,AUS,MIA,2026-02-25T13:30:17Z,AUS_MIA_AA_2026_2_25_518
WN2715,28.96308,-81.78848,15550,385,64,2026-02-25T13:09:58Z,MDW,MCO,2026-02-25T13:27:02Z,MDW_MCO_WN_2026_2_25_518
AA102,32.37722,-0.97767,10175,356,-960,2026-02-25T13:09:59Z,HNL,DFW,2026-02-25T13:20:09Z,HNL_DFW_AA_2026_2_25_637
AA246,33.94146,-118.40654,0,0,0,2026-02-25T13:09:59Z,KOA,LAX,2026-02-25T12:34:33Z,KOA_LAX_AA_2026_2_25_748
WN1585,35.50136,-90.19787,40000,336,0,2026-02-25T13:09:59Z,DCA,DAL,2026-02-25T14:11:12Z,DCA_DAL_WN_2026_2_25_606
DL2286,34.59981,-83.27254,19075,308,-640,2026-02-25T13:09:59Z,JFK,ATL,2026-02-25T13:28:21Z,JFK_ATL_DL_2026_2_25_618
UA1959,40.32639,-105.22437,15275,344,-1600,2026-02-25T13:09:59Z,ANC,DEN,2026-02-25T13:20:34Z,
AA1868,38.65014,-78.08563,14725,432,-1728,2026-02-25T13:09:58Z,DFW,DCA,2026-02-25T13:26:23Z,DFW_DCA_AA_2026_2_25_1121
DL68,47.44384,-122.30788,0,14,0,2026-02-25T13:09:59Z,TPE,SEA,2026-02-25T13:09:28Z,TPE_SEA_DL_2026_2_25_1103
WN1549,41.78294,-87.75253,0,12,0,2026-02-25T13:09:59Z,RDU,MDW,2026-02-25T13:09:12Z,RDU_MDW_WN_2026_2_25_617
WN1167,41.74656,-87.27776,3575,195,-128,2026-02-25T13:09:59Z,SAV,MDW,2026-02-25T13:12:09Z,SAV_MDW_WN_2026_2_25_622
DL1330,44.42033,-85.50298,36000,385,64,2026-02-25T13:09:58Z,BDL,MSP,2026-02-25T14:11:12Z,BDL_MSP_DL_2026_2_25_1131
AA949,29.46389,-81.98725,35450,441,-768,2026-02-25T13:09:58Z,DCA,RSW,2026-02-25T13:43:28Z,DCA_RSW_AA_2026_2_25_1120
AA2617,35.49413,-90.07205,38000,322,0,2026-02-25T13:09:59Z,IAD,DFW,2026-02-25T14:11:12Z,IAD_DFW_AA_2026_2_25_1110
AA1604,25.85767,-80.67351,12200,331,-1344,2026-02-25T13:09:58Z,SAT,MIA,2026-02-25T13:22:38Z,SAT_MIA_AA_2026_2_25_510
AA1232,26.11588,-80.01389,9125,250,-1088,2026-02-25T13:09:58Z,DCA,MIA,2026-02-25T13:20:02Z,DCA_MIA_AA_2026_2_25_559
DL2497,39.90919,-86.30829,31000,514,0,2026-02-25T13:10:00Z,SAT,DTW,2026-02-25T13:49:52Z,SAT_DTW_DL_2026_2_25_525
UA1309,38.65457,-76.73813,34000,542,0,2026-02-25T13:10:00Z,SRQ,EWR,2026-02-25T13:45:36Z,SRQ_EWR_UA_2026_2_25_637
DL2538,43.90947,-89.66328,34000,386,0,2026-02-25T13:09:58Z,RDU,MSP,2026-02-25T13:45:36Z,RDU_MSP_DL_2026_2_25_610
UA1488,41.96575,-87.90852,0,69,0,2026-02-25T13:10:00Z,IAH,ORD,2026-02-25T13:09:35Z,IAH_ORD_UA_2026_2_25_510
DL1389,42.01847,-83.77069,10450,327,-1536,2026-02-25T13:10:00Z,IAH,DTW,2026-02-25T13:21:24Z,IAH_DTW_DL_2026_2_25_519
DL158,43.07231,-8.47302,21450,428,-1600,2026-02-25T13:09:59Z,ICN,DTW,2026-02-25T13:31:23Z,ICN_DTW_DL_2026_2_25_1020
DL915,40.63709,-73.77669,0,14,0,2026-02-25T13:10:00Z,LAX,JFK,2026-02-25T13:04:12Z,LAX_JFK_DL_2026_2_25_31
UA252,31.09289,-99.53503,37000,557,0,2026-02-25T13:09:59Z,HNL,IAH,2026-02-25T13:45:36Z,
AA2144,25.70019,-80.28068,6900,235,-896,2026-02-25T13:09:59Z,IAH,MIA,2026-02-25T13:17:05Z,IAH_MIA_AA_2026_2_25_524
AA1017,2.71701,-79.46847,26625,412,-2368,2026-02-25T13:09:59Z,JFK,MIA,2026-02-25T13:37:43Z,JFK_MIA_AA_2026_2_25_543
WN4958,37.10486,-84.69968,23775,317,-1024,2026-02-25T13:09:59Z,LGA,BNA,2026-02-25T13:33:36Z,LGA_BNA_WN_2026_2_25_625
EK221,40.83935,-96.30821,37000,517,0,2026-02-25T13:09:59Z,DXB,DFW,2026-02-25T14:19:44Z,DXB_DFW_EK_2026_2_25_2301
WN2296,39.80281,-85.29779,40000,358,64,2026-02-25T13:09:58Z,LGA,STL,2026-02-25T13:52:00Z,LGA_STL_WN_2026_2_25_1131
UA1525,4.06496,-7.46089,5650,251,0,2026-02-25T13:09:59Z,PBI,EWR,2026-02-25T13:14:50Z,PBI_EWR_UA_2026_2_25_606
UA1105,40.76221,-74.50793,5100,273,-640,2026-02-25T13:09:59Z,MCO,EWR,2026-02-25T13:14:50Z,MCO_EWR_UA_2026_2_25_620
UA163,43.07623,-73.58407,23525,334,-896,2026-02-25T13:09:59Z,DXB,EWR,2026-02-25T13:34:02Z,
AA8,30.17097,-107.27148,39975,540,64,2026-02-25T13:09:58Z,BNE,DFW,2026-02-25T14:19:44Z,BNE_DFW_AA_2026_2_25_2353
UA2312,1.65103,-88.14982,37000,420,0,2026-02-25T13:09:59Z,SFO,SJO,2026-02-25T14:21:52Z,SFO_SJO_UA_2026_2_25_818
DL2555,29.83589,-8.21646,26000,463,0,2026-02-25T13:10:00Z,DTW,MCO,2026-02-25T13:35:06Z,DTW_MCO_DL_2026_2_25_618
AA1942,3.37023,-96.00632,23350,358,-896,2026-02-25T13:09:59Z,CVG,DFW,2026-02-25T13:32:34Z,CVG_DFW_AA_2026_2_25_1113
UA1645,34.93625,-90.82039,36000,324,0,2026-02-25T13:09:59Z,CLE,IAH,2026-02-25T14:11:12Z,CLE_IAH_UA_2026_2_25_631
AA716,27.50826,-79.34445,25125,402,-640,2026-02-25T13:10:00Z,BWI,MIA,2026-02-25T13:37:04Z,BWI_MIA_AA_2026_2_25_610
EK203,40.92531,-74.12614,18900,315,-512,2026-02-25T13:09:58Z,DXB,JFK,2026-02-25T13:28:11Z,
UA2434,4.29159,-90.12497,35975,425,0,2026-02-25T13:09:59Z,EWR,LAX,2026-02-25T16:40:32Z,EWR_LAX_UA_2026_2_25_616
WN879,41.52241,-86.53726,9575,243,0,2026-02-25T13:09:58Z,LGA,MDW,2026-02-25T13:19:11Z,LGA_MDW_WN_2026_2_25_624
AA865,42.66117,-86.18749,21825,377,-2944,2026-02-25T13:10:00Z,PVD,ORD,2026-02-25T13:34:51Z,PVD_ORD_AA_2026_2_25_619
DL1201,41.64867,-82.92149,20525,313,-896,2026-02-25T13:09:59Z,MCO,DTW,2026-02-25T13:28:32Z,MCO_DTW_DL_2026_2_25_619
WN1671,33.47055,-87.99275,40000,340,0,2026-02-25T13:09:59Z,DCA,HOU,2026-02-25T14:21:52Z,DCA_HOU_WN_2026_2_25_611
AA9604,36.21281,-76.11111,39000,532,0,2026-02-25T13:09:59Z,EZE,JFK,2026-02-25T13:52:07Z,EZE_JFK_AA_2026_2_25_100
WN933,39.83452,-89.92108,40000,366,0,2026-02-25T13:09:59Z,DCA,MCI,2026-02-25T13:49:52Z,DCA_MCI_WN_2026_2_25_622
WN4424,40.85838,-97.38092,40000,383,0,2026-02-25T13:10:00Z,CMH,DEN,2026-02-25T14:09:04Z,CMH_DEN_WN_2026_2_25_617
EK231,39.02763,-77.35773,3400,240,-1024,2026-02-25T13:09:59Z,DXB,IAD,2026-02-25T13:12:56Z,
WN702,40.20596,-81.49821,40000,344,0,2026-02-25T13:09:58Z,BOS,STL,2026-02-25T14:19:44Z,BOS_STL_WN_2026_2_25_1135
UA2266,40.78227,-74.10753,1750,179,-1088,2026-02-25T13:09:59Z,SAV,EWR,2026-02-25T13:11:53Z,SAV_EWR_UA_2026_2_25_642
DL925,47.58673,-12.23169,2525,198,-1088,2026-02-25T13:09:59Z,ANC,SEA,2026-02-25T13:14:19Z,ANC_SEA_DL_2026_2_25_122
DL2408,55.12218,-130.19507,37000,511,0,2026-02-25T13:09:58Z,FAI,SEA,2026-02-25T14:28:16Z,FAI_SEA_DL_2026_2_25_230
WN2715,28.62092,-81.43718,8750,291,-512,2026-02-25T13:14:59Z,MDW,MCO,2026-02-25T13:24:54Z,MDW_MCO_WN_2026_2_25_518
AA102,32.49413,-97.33365,4975,277,-1152,2026-02-25T13:14:59Z,HNL,DFW,2026-02-25T13:19:48Z,HNL_DFW_AA_2026_2_25_637
AA246,33.94149,-118.40646,0,0,0,2026-02-25T13:14:55Z,KOA,LAX,2026-02-25T12:34:33Z,KOA_LAX_AA_2026_2_25_748
WN1585,35.29358,-90.70938,40000,337,0,2026-02-25T13:14:58Z,DCA,DAL,2026-02-25T14:11:12Z,DCA_DAL_WN_2026_2_25_606
DL2286,34.26604,-83.65388,15500,325,-2368,2026-02-25T13:14:58Z,JFK,ATL,2026-02-25T13:29:55Z,JFK_ATL_DL_2026_2_25_618
AA1593,25.85953,-80.63705,11700,336,-1344,2026-02-25T13:14:59Z,AUS,MIA,2026-02-25T13:27:13Z,AUS_MIA_AA_2026_2_25_518
UA1959,40.23752,-104.70166,10025,255,-704,2026-02-25T13:14:58Z,ANC,DEN,2026-02-25T13:19:22Z,
AA1868,38.88839,-7.75152,8325,324,-1216,2026-02-25T13:14:59Z,DFW,DCA,2026-02-25T13:24:16Z,DFW_DCA_AA_2026_2_25_1121
DL68,47.43859,-122.30391,0,0,0,2026-02-25T13:14:59Z,TPE,SEA,2026-02-25T13:09:28Z,TPE_SEA_DL_2026_2_25_1103
WN1167,41.84911,-87.56704,2600,148,-64,2026-02-25T13:14:58Z,SAV,MDW,2026-02-25T13:16:11Z,SAV_MDW_WN_2026_2_25_622
DL1330,44.50938,-86.24294,36000,389,-128,2026-02-25T13:14:58Z,BDL,MSP,2026-02-25T14:11:12Z,BDL_MSP_DL_2026_2_25_1131
UA870,31.14654,-128.26404,36000,546,0,2026-02-25T13:15:00Z,SYD,SFO,2026-02-25T14:17:36Z,SYD_SFO_UA_2026_2_25_1230
AA949,28.85675,-81.86737,31850,446,-1152,2026-02-25T13:14:57Z,DCA,RSW,2026-02-25T13:47:09Z,DCA_RSW_AA_2026_2_25_1120
AA2617,35.30576,-90.57072,38000,328,64,2026-02-25T13:14:57Z,IAD,DFW,2026-02-25T14:11:12Z,IAD_DFW_AA_2026_2_25_1110
AA1604,2.56973,-80.27486,6600,230,-2112,2026-02-25T13:14:58Z,SAT,MIA,2026-02-25T13:21:46Z,SAT_MIA_AA_2026_2_25_510
AA1232,25.81326,-80.05151,3725,221,-1408,2026-02-25T13:14:58Z,DCA,MIA,2026-02-25T13:19:53Z,DCA_MIA_AA_2026_2_25_559
DL2497,40.45399,-85.72357,29325,509,-832,2026-02-25T13:14:58Z,SAT,DTW,2026-02-25T13:47:44Z,SAT_DTW_DL_2026_2_25_525
UA1309,39.24437,-76.11969,27325,555,-2496,2026-02-25T13:14:58Z,SRQ,EWR,2026-02-25T13:44:47Z,SRQ_EWR_UA_2026_2_25_637
DL2538,44.23547,-9.02342,34000,368,0,2026-02-25T13:14:59Z,RDU,MSP,2026-02-25T13:45:36Z,RDU_MSP_DL_2026_2_25_610
UA1488,41.97092,-87.89281,0,15,0,2026-02-25T13:14:59Z,IAH,ORD,2026-02-25T13:10:12Z,IAH_ORD_UA_2026_2_25_510
DL1389,42.30565,-83.45107,5525,227,-1600,2026-02-25T13:14:58Z,IAH,DTW,2026-02-25T13:21:12Z,IAH_DTW_DL_2026_2_25_519
DL158,42.77285,-84.13196,13950,354,-1344,2026-02-25T13:14:58Z,ICN,DTW,2026-02-25T13:30:44Z,ICN_DTW_DL_2026_2_25_1020
DL915,40.63851,-73.77995,0,5,0,2026-02-25T13:14:59Z,LAX,JFK,2026-02-25T13:04:12Z,LAX_JFK_DL_2026_2_25_31
UA252,30.94607,-98.64657,37000,565,0,2026-02-25T13:14:59Z,HNL,IAH,2026-02-25T13:45:36Z,
AA2144,25.73126,-80.16988,1925,198,-1152,2026-02-25T13:14:59Z,IAH,MIA,2026-02-25T13:16:52Z,IAH_MIA_AA_2026_2_25_524
AA1017,26.65993,-79.65357,17750,367,-2432,2026-02-25T13:14:59Z,JFK,MIA,2026-02-25T13:36:07Z,JFK_MIA_AA_2026_2_25_543
WN4958,36.87566,-85.15562,22000,311,0,2026-02-25T13:14:59Z,LGA,BNA,2026-02-25T13:35:36Z,LGA_BNA_WN_2026_2_25_625
EK221,40.12115,-96.19617,37000,522,0,2026-02-25T13:14:58Z,DXB,DFW,2026-02-25T14:15:28Z,DXB_DFW_EK_2026_2_25_2301
WN2296,39.71292,-85.93939,40000,366,0,2026-02-25T13:14:59Z,LGA,STL,2026-02-25T13:54:08Z,LGA_STL_WN_2026_2_25_1131
UA1105,0.40927,-7.41402,3500,231,-512,2026-02-25T13:14:59Z,MCO,EWR,2026-02-25T13:17:50Z,MCO_EWR_UA_2026_2_25_620
UA1525,40.92105,-74.31059,4650,277,-192,2026-02-25T13:14:58Z,PBI,EWR,2026-02-25T13:18:50Z,PBI_EWR_UA_2026_2_25_606
UA163,4.26633,-73.84098,19275,316,-832,2026-02-25T13:14:59Z,DXB,EWR,2026-02-25T13:34:12Z,
AA8,30.40154,-10.64389,40000,549,0,2026-02-25T13:14:58Z,BNE,DFW,2026-02-25T14:19:44Z,BNE_DFW_AA_2026_2_25_2353
UA2312,15.97939,-8.79099,37000,422,0,2026-02-25T13:14:57Z,SFO,SJO,2026-02-25T14:24:00Z,SFO_SJO_UA_2026_2_25_818
DL2555,29.22816,-82.00993,20200,418,-1984,2026-02-25T13:14:58Z,DTW,MCO,2026-02-25T13:36:33Z,DTW_MCO_DL_2026_2_25_618
AA1942,33.35065,-96.38987,17700,319,-1600,2026-02-25T13:14:58Z,CVG,DFW,2026-02-25T13:33:43Z,CVG_DFW_AA_2026_2_25_1113
UA1645,34.59516,-91.18195,36000,326,0,2026-02-25T13:14:58Z,CLE,IAH,2026-02-25T14:13:20Z,CLE_IAH_UA_2026_2_25_631
AA716,2.69859,-79.53547,23225,391,-1280,2026-02-25T13:14:59Z,BWI,MIA,2026-02-25T13:34:56Z,BWI_MIA_AA_2026_2_25_610
UA2434,42.75702,-90.89366,36000,424,0,2026-02-25T13:14:58Z,EWR,LAX,2026-02-25T16:38:24Z,EWR_LAX_UA_2026_2_25_616
WN879,41.51825,-86.97994,9100,238,-1664,2026-02-25T13:14:59Z,LGA,MDW,2026-02-25T13:23:11Z,LGA_MDW_WN_2026_2_25_624
AA865,42.54451,-0.86783,16275,288,-1024,2026-02-25T13:14:58Z,PVD,ORD,2026-02-25T13:30:12Z,PVD_ORD_AA_2026_2_25_619
DL1201,41.96791,-83.27649,12650,281,-1024,2026-02-25T13:14:59Z,MCO,DTW,2026-02-25T13:27:27Z,MCO_DTW_DL_2026_2_25_619
EK203,40.55001,-73.86543,12550,286,-1408,2026-02-25T13:14:58Z,DXB,JFK,2026-02-25T13:28:08Z,
AA28,40.64683,-73.79324,0,0,0,2026-02-25T13:14:26Z,LAX,JFK,2026-02-25T12:32:37Z,
WN1671,33.24091,-88.48714,40000,343,0,2026-02-25T13:14:59Z,DCA,HOU,2026-02-25T14:24:00Z,DCA_HOU_WN_2026_2_25_611
WN4424,40.85078,-98.07959,40000,385,0,2026-02-25T13:14:57Z,CMH,DEN,2026-02-25T14:11:12Z,CMH_DEN_WN_2026_2_25_617
WN933,39.81729,-90.56998,38000,361,0,2026-02-25T13:14:57Z,DCA,MCI,2026-02-25T13:49:52Z,DCA_MCI_WN_2026_2_25_622
AA9604,36.94006,-75.89747,39000,542,0,2026-02-25T13:14:59Z,EZE,JFK,2026-02-25T13:53:27Z,EZE_JFK_AA_2026_2_25_100
EK231,38.80756,-77.42078,1600,133,64,2026-02-25T13:14:59Z,DXB,IAD,2026-02-25T13:15:59Z,
WN702,40.16779,-0.82118,40000,345,0,2026-02-25T13:14:58Z,BOS,STL,2026-02-25T14:19:44Z,BOS_STL_WN_2026_2_25_1135
DL2408,54.54071,-129.47993,37000,514,0,2026-02-25T13:14:59Z,FAI,SEA,2026-02-25T14:28:16Z,FAI_SEA_DL_2026_2_25_230
DL925,47.43977,-122.30943,0,2,0,2026-02-25T13:14:59Z,ANC,SEA,2026-02-25T13:13:12Z,ANC_SEA_DL_2026_2_25_122
WN2715,2.82654,-8.14144,3025,234,-1216,2026-02-25T13:20:00Z,MDW,MCO,2026-02-25T13:23:39Z,MDW_MCO_WN_2026_2_25_518
AA102,32.62604,-97.05592,2550,201,0,2026-02-25T13:20:00Z,HNL,DFW,2026-02-25T13:21:10Z,HNL_DFW_AA_2026_2_25_637
AA246,33.94147,-118.40649,0,0,0,2026-02-25T13:19:58Z,KOA,LAX,2026-02-25T12:34:33Z,KOA_LAX_AA_2026_2_25_748
WN1585,35.08218,-91.22143,40000,340,0,2026-02-25T13:19:58Z,DCA,DAL,2026-02-25T14:13:20Z,DCA_DAL_WN_2026_2_25_606
DL2286,33.96777,-83.96427,8600,276,-320,2026-02-25T13:20:00Z,JFK,ATL,2026-02-25T13:28:49Z,JFK_ATL_DL_2026_2_25_618
AA1593,2.56845,-80.24865,5100,233,-2176,2026-02-25T13:19:59Z,AUS,MIA,2026-02-25T13:26:16Z,AUS_MIA_AA_2026_2_25_518
UA1959,39.95375,-104.68604,6375,175,-768,2026-02-25T13:19:59Z,ANC,DEN,2026-02-25T13:21:07Z,
AA1868,38.71912,-77.11145,3275,188,-896,2026-02-25T13:19:58Z,DFW,DCA,2026-02-25T13:22:56Z,DFW_DCA_AA_2026_2_25_1121
DL68,47.43859,-122.30392,0,0,0,2026-02-25T13:19:57Z,TPE,SEA,2026-02-25T13:09:28Z,TPE_SEA_DL_2026_2_25_1103
WN1167,41.78237,-87.75508,0,11,0,2026-02-25T13:19:57Z,SAV,MDW,2026-02-25T13:19:12Z,SAV_MDW_WN_2026_2_25_622
DL1330,44.59397,-86.99075,35975,388,0,2026-02-25T13:19:59Z,BDL,MSP,2026-02-25T14:11:12Z,BDL_MSP_DL_2026_2_25_1131
AA949,28.24143,-8.17183,25575,450,-2688,2026-02-25T13:19:58Z,DCA,RSW,2026-02-25T13:46:46Z,DCA_RSW_AA_2026_2_25_1120
AA2617,35.11121,-91.07812,38000,330,64,2026-02-25T13:19:59Z,IAD,DFW,2026-02-25T14:11:12Z,IAD_DFW_AA_2026_2_25_1110
AA1232,25.80275,-80.29469,0,19,0,2026-02-25T13:19:56Z,DCA,MIA,2026-02-25T13:19:24Z,DCA_MIA_AA_2026_2_25_559
AA1604,25.75145,-8.02091,1125,154,-896,2026-02-25T13:19:59Z,SAT,MIA,2026-02-25T13:21:39Z,SAT_MIA_AA_2026_2_25_510
UA1488,41.97559,-87.90984,0,12,0,2026-02-25T13:19:58Z,IAH,ORD,2026-02-25T13:10:12Z,IAH_ORD_UA_2026_2_25_510
DL2497,40.95987,-85.11969,23000,468,0,2026-02-25T13:19:59Z,SAT,DTW,2026-02-25T13:43:51Z,SAT_DTW_DL_2026_2_25_525
DL158,42.58379,-83.57125,7700,307,-1216,2026-02-25T13:20:00Z,ICN,DTW,2026-02-25T13:28:30Z,ICN_DTW_DL_2026_2_25_1020
DL1389,42.31352,-83.30183,2500,169,-1024,2026-02-25T13:19:59Z,IAH,DTW,2026-02-25T13:21:14Z,IAH_DTW_DL_2026_2_25_519
DL2538,44.47389,-90.85503,32250,385,-1024,2026-02-25T13:20:00Z,RDU,MSP,2026-02-25T13:45:36Z,RDU_MSP_DL_2026_2_25_610
UA1309,39.77563,-75.49023,18125,481,-1856,2026-02-25T13:20:00Z,SRQ,EWR,2026-02-25T13:39:23Z,SRQ_EWR_UA_2026_2_25_637
UA252,30.85594,-97.73454,36850,572,-1152,2026-02-25T13:19:59Z,HNL,IAH,2026-02-25T13:45:36Z,
AA2144,25.79916,-80.29247,0,19,0,2026-02-25T13:19:57Z,IAH,MIA,2026-02-25T13:18:12Z,IAH_MIA_AA_2026_2_25_524
AA1017,26.32338,-79.91164,12250,280,-1024,2026-02-25T13:19:58Z,JFK,MIA,2026-02-25T13:32:52Z,JFK_MIA_AA_2026_2_25_543
EK221,39.48179,-96.41656,37000,475,0,2026-02-25T13:19:59Z,DXB,DFW,2026-02-25T14:21:52Z,DXB_DFW_EK_2026_2_25_2301
WN2296,39.61968,-86.57733,37775,354,-960,2026-02-25T13:19:59Z,LGA,STL,2026-02-25T13:54:08Z,LGA_STL_WN_2026_2_25_1131
WN4958,36.65071,-85.61388,21000,306,-2560,2026-02-25T13:19:58Z,LGA,BNA,2026-02-25T13:40:36Z,LGA_BNA_WN_2026_2_25_625
UA1105,40.71854,-74.14813,200,142,-960,2026-02-25T13:19:45Z,MCO,EWR,2026-02-25T13:20:19Z,MCO_EWR_UA_2026_2_25_620
UA1525,40.76701,-7.41172,1225,156,-1088,2026-02-25T13:19:58Z,PBI,EWR,2026-02-25T13:21:55Z,PBI_EWR_UA_2026_2_25_606
UA163,42.25337,-74.02383,15725,309,128,2026-02-25T13:19:59Z,DXB,EWR,2026-02-25T13:34:56Z,
AA8,30.79518,-105.69682,39975,547,-64,2026-02-25T13:19:59Z,BNE,DFW,2026-02-25T14:19:44Z,BNE_DFW_AA_2026_2_25_2353
UA2312,15.43291,-87.66447,37000,422,0,2026-02-25T13:20:00Z,SFO,SJO,2026-02-25T14:24:00Z,SFO_SJO_UA_2026_2_25_818
DL2555,28.84048,-81.60719,12850,335,-1280,2026-02-25T13:19:59Z,DTW,MCO,2026-02-25T13:33:15Z,DTW_MCO_DL_2026_2_25_618
AA1942,33.06801,-96.77408,12550,272,0,2026-02-25T13:19:59Z,CVG,DFW,2026-02-25T13:32:04Z,CVG_DFW_AA_2026_2_25_1113
UA1645,34.25226,-91.54117,36000,328,0,2026-02-25T13:19:59Z,CLE,IAH,2026-02-25T14:15:28Z,CLE_IAH_UA_2026_2_25_631
AA716,26.51173,-7.97057,14700,317,-1600,2026-02-25T13:19:59Z,BWI,MIA,2026-02-25T13:36:37Z,BWI_MIA_AA_2026_2_25_610
UA2434,42.59297,-91.66047,36000,430,0,2026-02-25T13:19:59Z,EWR,LAX,2026-02-25T16:40:32Z,EWR_LAX_UA_2026_2_25_616
WN879,41.70624,-87.32138,3925,226,-1024,2026-02-25T13:19:59Z,LGA,MDW,2026-02-25T13:23:42Z,LGA_MDW_WN_2026_2_25_624
AA865,4.24042,-87.29672,8625,248,-2048,2026-02-25T13:19:59Z,PVD,ORD,2026-02-25T13:28:59Z,PVD_ORD_AA_2026_2_25_619
DL1201,42.28582,-83.14351,3700,240,-640,2026-02-25T13:19:58Z,MCO,DTW,2026-02-25T13:23:18Z,MCO_DTW_DL_2026_2_25_619
EK203,40.24333,-7.36636,7100,298,-576,2026-02-25T13:19:59Z,DXB,JFK,2026-02-25T13:26:52Z,
AA28,40.64683,-73.79323,0,0,0,2026-02-25T13:19:30Z,LAX,JFK,2026-02-25T12:32:37Z,
WN1671,33.00568,-88.98673,40000,350,0,2026-02-25T13:19:59Z,DCA,HOU,2026-02-25T14:24:00Z,DCA_HOU_WN_2026_2_25_611
WN933,39.79686,-91.22107,38000,360,0,2026-02-25T13:19:59Z,DCA,MCI,2026-02-25T13:49:52Z,DCA_MCI_WN_2026_2_25_622
WN4424,40.83912,-98.77171,40000,370,0,2026-02-25T13:19:59Z,CMH,DEN,2026-02-25T14:06:56Z,CMH_DEN_WN_2026_2_25_617
WN702,40.12542,-82.74796,40000,352,0,2026-02-25T13:19:59Z,BOS,STL,2026-02-25T14:19:44Z,BOS_STL_WN_2026_2_25_1135
DL925,0.47439,-122.30424,0,0,0,2026-02-25T13:20:00Z,ANC,SEA,2026-02-25T13:13:12Z,ANC_SEA_DL_2026_2_25_122
DL2408,53.95775,-128.78825,37000,512,0,2026-02-25T13:19:58Z,FAI,SEA,2026-02-25T14:28:16Z,FAI_SEA_DL_2026_2_25_230
AA9604,37.67463,-75.67723,39000,545,64,2026-02-25T13:19:59Z,EZE,JFK,2026-02-25T13:53:18Z,EZE_JFK_AA_2026_2_25_100
UA2266,40.68481,-74.18329,0,0,0,2026-02-25T13:19:36Z,SAV,EWR,2026-02-25T13:13:12Z,SAV_EWR_UA_2026_2_25_642
AA102,32.86341,-9.70549,475,140,-832,2026-02-25T13:24:57Z,HNL,DFW,2026-02-25T13:25:04Z,HNL_DFW_AA_2026_2_25_637
AA246,33.94148,-118.40648,0,0,0,2026-02-25T13:24:57Z,KOA,LAX,2026-02-25T12:34:33Z,KOA_LAX_AA_2026_2_25_748
DL2286,33.63194,-84.03797,6050,189,-1024,2026-02-25T13:24:59Z,JFK,ATL,2026-02-25T13:30:06Z,JFK_ATL_DL_2026_2_25_618
WN1585,34.86874,-91.73103,40000,338,0,2026-02-25T13:24:58Z,DCA,DAL,2026-02-25T14:15:28Z,DCA_DAL_WN_2026_2_25_606
AA1593,25.69588,-80.10178,2675,225,0,2026-02-25T13:24:58Z,AUS,MIA,2026-02-25T13:25:52Z,AUS_MIA_AA_2026_2_25_518
UA1959,39.86128,-104.68203,0,15,0,2026-02-25T13:24:59Z,ANC,DEN,2026-02-25T13:22:12Z,
DL68,47.43859,-122.30391,0,0,0,2026-02-25T13:24:57Z,TPE,SEA,2026-02-25T13:09:28Z,TPE_SEA_DL_2026_2_25_1103
DL1330,44.67375,-8.77378,36000,388,-64,2026-02-25T13:24:58Z,BDL,MSP,2026-02-25T14:11:12Z,BDL_MSP_DL_2026_2_25_1131
AA1868,38.80737,-77.03267,350,123,-704,2026-02-25T13:24:58Z,DFW,DCA,2026-02-25T13:25:47Z,DFW_DCA_AA_2026_2_25_1121
AA949,27.70379,-81.76443,18950,359,-960,2026-02-25T13:24:58Z,DCA,RSW,2026-02-25T13:45:10Z,DCA_RSW_AA_2026_2_25_1120
AA2617,34.91588,-91.57923,38000,330,0,2026-02-25T13:24:58Z,IAD,DFW,2026-02-25T14:13:20Z,IAD_DFW_AA_2026_2_25_1110
AA1604,25.79521,-80.28803,0,6,0,2026-02-25T13:24:59Z,SAT,MIA,2026-02-25T13:22:26Z,SAT_MIA_AA_2026_2_25_510
AA1232,2.57963,-80.28474,0,10,0,2026-02-25T13:24:58Z,DCA,MIA,2026-02-25T13:19:24Z,DCA_MIA_AA_2026_2_25_559
DL2497,41.37744,-8.45127,19475,430,-640,2026-02-25T13:24:59Z,SAT,DTW,2026-02-25T13:44:06Z,SAT_DTW_DL_2026_2_25_525
DL1389,42.21336,-83.37325,0,22,0,2026-02-25T13:24:57Z,IAH,DTW,2026-02-25T13:23:12Z,IAH_DTW_DL_2026_2_25_519
DL158,42.33647,-83.28735,2625,163,64,2026-02-25T13:24:57Z,ICN,DTW,2026-02-25T13:27:09Z,ICN_DTW_DL_2026_2_25_1020
DL2538,44.67572,-91.43862,27300,302,-1024,2026-02-25T13:24:58Z,RDU,MSP,2026-02-25T13:45:36Z,RDU_MSP_DL_2026_2_25_610
UA1309,40.18515,-74.99139,9750,327,-1024,2026-02-25T13:24:57Z,SRQ,EWR,2026-02-25T13:34:51Z,SRQ_EWR_UA_2026_2_25_637
UA252,30.75599,-96.87068,29225,533,-3520,2026-02-25T13:24:59Z,HNL,IAH,2026-02-25T13:55:44Z,
AA2144,25.79907,-80.27178,0,0,0,2026-02-25T13:24:58Z,IAH,MIA,2026-02-25T13:18:12Z,IAH_MIA_AA_2026_2_25_524
AA1017,25.98416,-79.99621,6900,260,-1024,2026-02-25T13:24:57Z,JFK,MIA,2026-02-25T13:32:51Z,JFK_MIA_AA_2026_2_25_543
EK221,38.90291,-96.81256,36025,470,-320,2026-02-25T13:24:58Z,DXB,DFW,2026-02-25T14:24:00Z,DXB_DFW_EK_2026_2_25_2301
WN2296,3.95262,-87.19633,34100,349,-960,2026-02-25T13:24:57Z,LGA,STL,2026-02-25T13:54:08Z,LGA_STL_WN_2026_2_25_1131
WN4958,3.64481,-86.04057,9775,269,-448,2026-02-25T13:24:57Z,LGA,BNA,2026-02-25T13:35:20Z,LGA_BNA_WN_2026_2_25_625
UA163,41.84422,-74.20353,12475,313,-896,2026-02-25T13:24:58Z,DXB,EWR,2026-02-25T13:38:15Z,
UA2312,14.89943,-87.42626,37000,419,0,2026-02-25T13:24:58Z,SFO,SJO,2026-02-25T14:21:52Z,SFO_SJO_UA_2026_2_25_818
DL2555,28.50082,-81.42431,6750,258,-1152,2026-02-25T13:24:57Z,DTW,MCO,2026-02-25T13:32:39Z,DTW_MCO_DL_2026_2_25_618
AA8,31.11301,-104.89864,40000,556,-64,2026-02-25T13:24:58Z,BNE,DFW,2026-02-25T14:19:44Z,BNE_DFW_AA_2026_2_25_2353
AA1942,32.78027,-96.91573,6575,223,-1408,2026-02-25T13:24:59Z,CVG,DFW,2026-02-25T13:32:06Z,CVG_DFW_AA_2026_2_25_1113
UA1645,33.90372,-91.90235,36000,333,0,2026-02-25T13:24:59Z,CLE,IAH,2026-02-25T14:15:28Z,CLE_IAH_UA_2026_2_25_631
AA716,26.24648,-80.01846,10925,270,-640,2026-02-25T13:24:58Z,BWI,MIA,2026-02-25T13:36:00Z,BWI_MIA_AA_2026_2_25_610
UA2434,42.42265,-9.24281,35975,428,0,2026-02-25T13:24:57Z,EWR,LAX,2026-02-25T16:40:32Z,EWR_LAX_UA_2026_2_25_616
WN879,41.84665,-87.62766,2275,163,-640,2026-02-25T13:24:58Z,LGA,MDW,2026-02-25T13:26:09Z,LGA_MDW_WN_2026_2_25_624
AA865,42.13964,-87.42926,3650,203,-256,2026-02-25T13:24:59Z,PVD,ORD,2026-02-25T13:27:54Z,PVD_ORD_AA_2026_2_25_619
DL1201,42.23854,-83.32031,825,128,-704,2026-02-25T13:24:58Z,MCO,DTW,2026-02-25T13:25:29Z,MCO_DTW_DL_2026_2_25_619
AA28,40.64684,-73.79324,0,0,0,2026-02-25T13:24:51Z,LAX,JFK,2026-02-25T12:32:37Z,
EK203,40.58458,-73.46138,4100,256,-576,2026-02-25T13:24:58Z,DXB,JFK,2026-02-25T13:28:50Z,
WN1671,32.76696,-89.48622,40000,347,0,2026-02-25T13:24:57Z,DCA,HOU,2026-02-25T14:24:00Z,DCA_HOU_WN_2026_2_25_611
WN4424,4.08238,-99.44793,38725,375,-896,2026-02-25T13:24:58Z,CMH,DEN,2026-02-25T14:06:56Z,CMH_DEN_WN_2026_2_25_617
WN933,39.77316,-91.86039,38000,351,0,2026-02-25T13:24:59Z,DCA,MCI,2026-02-25T13:58:24Z,DCA_MCI_WN_2026_2_25_622
WN702,40.07899,-83.38776,40000,358,-64,2026-02-25T13:24:58Z,BOS,STL,2026-02-25T14:21:52Z,BOS_STL_WN_2026_2_25_1135
DL2408,53.37053,-128.11494,37000,514,0,2026-02-25T13:24:58Z,FAI,SEA,2026-02-25T14:28:16Z,FAI_SEA_DL_2026_2_25_230
DL925,0.47439,-122.30425,0,0,0,2026-02-25T13:24:55Z,ANC,SEA,2026-02-25T13:13:12Z,ANC_SEA_DL_2026_2_25_122
EK231,38.94834,-77.44568,0,0,0,2026-02-25T13:24:56Z,DXB,IAD,2026-02-25T13:19:12Z,
AA9604,38.40619,-7.53298,38125,563,-832,2026-02-25T13:24:58Z,EZE,JFK,2026-02-25T13:52:02Z,EZE_JFK_AA_2026_2_25_100
AA102,32.90117,-97.04795,0,8,0,2026-02-25T13:29:57Z,HNL,DFW,2026-02-25T13:25:12Z,HNL_DFW_AA_2026_2_25_637
AA246,33.94147,-118.40648,0,0,0,2026-02-25T13:29:54Z,KOA,LAX,2026-02-25T12:34:33Z,KOA_LAX_AA_2026_2_25_748
WN1585,34.65874,-92.23812,40000,336,0,2026-02-25T13:29:58Z,DCA,DAL,2026-02-25T14:13:20Z,DCA_DAL_WN_2026_2_25_606
DL2286,33.63204,-84.29615,2550,155,-832,2026-02-25T13:29:57Z,JFK,ATL,2026-02-25T13:32:44Z,JFK_ATL_DL_2026_2_25_618
AA1593,25.79672,-80.29452,0,3,0,2026-02-25T13:29:58Z,AUS,MIA,2026-02-25T13:28:49Z,AUS_MIA_AA_2026_2_25_518
DL68,47.43859,-122.30391,0,0,0,2026-02-25T13:29:56Z,TPE,SEA,2026-02-25T13:09:28Z,TPE_SEA_DL_2026_2_25_1103
DL1330,44.74878,-88.49088,36000,389,-64,2026-02-25T13:29:59Z,BDL,MSP,2026-02-25T14:11:12Z,BDL_MSP_DL_2026_2_25_1131
AA1868,38.85662,-77.04224,0,1,0,2026-02-25T13:29:31Z,DFW,DCA,2026-02-25T13:26:12Z,DFW_DCA_AA_2026_2_25_1121
AA949,27.22831,-81.58722,13400,344,-1280,2026-02-25T13:29:58Z,DCA,RSW,2026-02-25T13:44:21Z,DCA_RSW_AA_2026_2_25_1120
UA870,33.19442,-127.14339,36000,535,0,2026-02-25T13:29:58Z,SYD,SFO,2026-02-25T14:17:36Z,SYD_SFO_UA_2026_2_25_1230
AA2617,34.71666,-92.08282,38000,335,0,2026-02-25T13:29:57Z,IAD,DFW,2026-02-25T14:15:28Z,IAD_DFW_AA_2026_2_25_1110
DL2497,41.81141,-84.06866,15050,352,-1536,2026-02-25T13:29:57Z,SAT,DTW,2026-02-25T13:45:15Z,SAT_DTW_DL_2026_2_25_525
DL1389,42.21333,-83.35242,0,11,0,2026-02-25T13:29:58Z,IAH,DTW,2026-02-25T13:23:12Z,IAH_DTW_DL_2026_2_25_519
DL2538,44.81639,-91.96008,20500,277,-2112,2026-02-25T13:29:58Z,RDU,MSP,2026-02-25T13:50:58Z,RDU_MSP_DL_2026_2_25_610
UA1309,40.48834,-74.65198,5650,258,0,2026-02-25T13:29:59Z,SRQ,EWR,2026-02-25T13:35:03Z,SRQ_EWR_UA_2026_2_25_637
UA252,30.55256,-96.09456,18600,458,-1728,2026-02-25T13:29:58Z,HNL,IAH,2026-02-25T13:50:14Z,
AA1017,25.80666,-80.21067,850,180,-768,2026-02-25T13:29:57Z,JFK,MIA,2026-02-25T13:31:10Z,JFK_MIA_AA_2026_2_25_543
EK221,38.26208,-97.05865,36000,506,64,2026-02-25T13:29:58Z,DXB,DFW,2026-02-25T14:21:52Z,DXB_DFW_EK_2026_2_25_2301
WN4958,36.37848,-86.40649,3625,228,-768,2026-02-25T13:29:58Z,LGA,BNA,2026-02-25T13:32:56Z,LGA_BNA_WN_2026_2_25_625
WN2296,39.43314,-87.78729,34000,336,0,2026-02-25T13:29:58Z,LGA,STL,2026-02-25T14:00:32Z,LGA_STL_WN_2026_2_25_1131
UA163,41.48122,-74.36115,8475,240,-704,2026-02-25T13:29:57Z,DXB,EWR,2026-02-25T13:38:10Z,
UA2312,14.36211,-87.18764,37000,420,0,2026-02-25T13:29:58Z,SFO,SJO,2026-02-25T14:24:00Z,SFO_SJO_UA_2026_2_25_818
DL2555,28.26361,-81.35069,2100,156,-448,2026-02-25T13:29:57Z,DTW,MCO,2026-02-25T13:31:41Z,DTW_MCO_DL_2026_2_25_618
AA8,31.32989,-104.03613,40000,559,-64,2026-02-25T13:29:58Z,BNE,DFW,2026-02-25T14:17:36Z,BNE_DFW_AA_2026_2_25_2353
AA1942,32.78462,-97.02675,2050,179,-768,2026-02-25T13:29:58Z,CVG,DFW,2026-02-25T13:31:07Z,CVG_DFW_AA_2026_2_25_1113
UA1645,33.54694,-92.26788,36000,344,0,2026-02-25T13:29:57Z,CLE,IAH,2026-02-25T14:15:28Z,CLE_IAH_UA_2026_2_25_631
AA716,25.89817,-79.99774,5700,216,-1088,2026-02-25T13:29:59Z,BWI,MIA,2026-02-25T13:36:11Z,BWI_MIA_AA_2026_2_25_610
UA2434,42.24733,-93.19122,35975,426,0,2026-02-25T13:29:57Z,EWR,LAX,2026-02-25T16:40:32Z,EWR_LAX_UA_2026_2_25_616
WN879,41.78548,-87.74931,0,17,0,2026-02-25T13:29:59Z,LGA,MDW,2026-02-25T13:28:33Z,LGA_MDW_WN_2026_2_25_624
AA865,42.00146,-87.39318,3600,155,0,2026-02-25T13:29:59Z,PVD,ORD,2026-02-25T13:32:08Z,PVD_ORD_AA_2026_2_25_619
DL1201,42.20301,-83.36387,0,8,0,2026-02-25T13:29:59Z,MCO,DTW,2026-02-25T13:25:27Z,MCO_DTW_DL_2026_2_25_619
EK203,40.79113,-73.57433,2675,153,192,2026-02-25T13:29:58Z,DXB,JFK,2026-02-25T13:31:50Z,
WN1671,32.52745,-89.98089,40000,346,0,2026-02-25T13:29:58Z,DCA,HOU,2026-02-25T14:24:00Z,DCA_HOU_WN_2026_2_25_611
WN4424,40.80455,-10.01178,38000,366,0,2026-02-25T13:29:57Z,CMH,DEN,2026-02-25T14:09:04Z,CMH_DEN_WN_2026_2_25_617
WN933,39.74524,-92.51348,33250,363,-1024,2026-02-25T13:29:59Z,DCA,MCI,2026-02-25T13:56:16Z,DCA_MCI_WN_2026_2_25_622
WN702,40.02859,-84.02997,40000,354,0,2026-02-25T13:29:58Z,BOS,STL,2026-02-25T14:19:44Z,BOS_STL_WN_2026_2_25_1135
DL925,47.43901,-122.30424,0,0,0,2026-02-25T13:29:56Z,ANC,SEA,2026-02-25T13:13:12Z,ANC_SEA_DL_2026_2_25_122
DL2408,52.79324,-127.47513,37000,502,64,2026-02-25T13:29:57Z,FAI,SEA,2026-02-25T14:28:16Z,FAI_SEA_DL_2026_2_25_230
AA9604,39.09564,-74.79993,26450,576,-4032,2026-02-25T13:29:59Z,EZE,JFK,2026-02-25T13:51:01Z,EZE_JFK_AA_2026_2_25_100
AA102,32.89764,-97.04559,0,0,0,2026-02-25T13:34:36Z,HNL,DFW,2026-02-25T13:25:12Z,HNL_DFW_AA_2026_2_25_637
AA246,33.94147,-118.40649,0,0,0,2026-02-25T13:34:57Z,KOA,LAX,2026-02-25T12:34:33Z,KOA_LAX_AA_2026_2_25_748
WN1585,34.48297,-92.76525,40000,338,0,2026-02-25T13:34:57Z,DCA,DAL,2026-02-25T14:15:28Z,DCA_DAL_WN_2026_2_25_606
AA1593,25.79636,-80.28206,0,4,0,2026-02-25T13:34:58Z,AUS,MIA,2026-02-25T13:28:49Z,AUS_MIA_AA_2026_2_25_518
DL68,47.43859,-122.30392,0,0,0,2026-02-25T13:34:57Z,TPE,SEA,2026-02-25T13:09:28Z,TPE_SEA_DL_2026_2_25_1103
DL1330,44.81799,-89.23671,35975,381,0,2026-02-25T13:34:59Z,BDL,MSP,2026-02-25T14:11:12Z,BDL_MSP_DL_2026_2_25_1131
AA949,26.84411,-81.39929,8650,286,-128,2026-02-25T13:34:59Z,DCA,RSW,2026-02-25T13:43:48Z,DCA_RSW_AA_2026_2_25_1120
AA2617,34.56042,-92.60931,38000,327,0,2026-02-25T13:34:57Z,IAD,DFW,2026-02-25T14:17:36Z,IAD_DFW_AA_2026_2_25_1110
DL2497,42.12293,-83.62308,8950,289,-1344,2026-02-25T13:34:59Z,SAT,DTW,2026-02-25T13:43:24Z,SAT_DTW_DL_2026_2_25_525
DL158,42.20393,-83.36424,0,3,0,2026-02-25T13:34:58Z,ICN,DTW,2026-02-25T13:28:33Z,ICN_DTW_DL_2026_2_25_1020
DL1389,42.21227,-83.35313,0,0,0,2026-02-25T13:34:53Z,IAH,DTW,2026-02-25T13:23:12Z,IAH_DTW_DL_2026_2_25_519
DL2538,44.80119,-92.47689,10250,275,-1600,2026-02-25T13:34:59Z,RDU,MSP,2026-02-25T13:45:05Z,RDU_MSP_DL_2026_2_25_610
UA1309,40.83786,-74.55822,5650,257,-64,2026-02-25T13:34:58Z,SRQ,EWR,2026-02-25T13:39:50Z,SRQ_EWR_UA_2026_2_25_637
UA252,30.21094,-95.59732,10200,337,-1344,2026-02-25T13:34:57Z,HNL,IAH,2026-02-25T13:46:11Z,
EK221,3.75825,-9.71555,36000,484,64,2026-02-25T13:34:57Z,DXB,DFW,2026-02-25T14:24:00Z,DXB_DFW_EK_2026_2_25_2301
WN4958,36.17728,-86.64187,975,139,-896,2026-02-25T13:34:58Z,LGA,BNA,2026-02-25T13:35:27Z,LGA_BNA_WN_2026_2_25_625
WN2296,39.30946,-88.36536,30000,334,0,2026-02-25T13:34:57Z,LGA,STL,2026-02-25T14:00:32Z,LGA_STL_WN_2026_2_25_1131
UA163,41.17094,-74.29291,5150,273,-640,2026-02-25T13:34:58Z,DXB,EWR,2026-02-25T13:40:50Z,
UA2312,13.82732,-86.95134,37000,413,0,2026-02-25T13:34:59Z,SFO,SJO,2026-02-25T14:26:08Z,SFO_SJO_UA_2026_2_25_818
AA8,31.54701,-103.14394,39000,573,0,2026-02-25T13:34:59Z,BNE,DFW,2026-02-25T14:17:36Z,BNE_DFW_AA_2026_2_25_2353
AA1942,32.91361,-97.02795,0,21,0,2026-02-25T13:34:57Z,CVG,DFW,2026-02-25T13:32:12Z,CVG_DFW_AA_2026_2_25_1113
UA1645,33.03496,-92.43168,36000,389,0,2026-02-25T13:34:59Z,CLE,IAH,2026-02-25T14:19:44Z,CLE_IAH_UA_2026_2_25_631
AA716,25.80492,-80.24088,375,156,-1088,2026-02-25T13:34:58Z,BWI,MIA,2026-02-25T13:35:33Z,BWI_MIA_AA_2026_2_25_610
UA2434,42.06604,-93.95412,36000,424,0,2026-02-25T13:34:58Z,EWR,LAX,2026-02-25T16:40:32Z,EWR_LAX_UA_2026_2_25_616
AA865,42.00252,-87.67908,3600,145,0,2026-02-25T13:34:59Z,PVD,ORD,2026-02-25T13:37:08Z,PVD_ORD_AA_2026_2_25_619
DL1201,42.21215,-83.35608,0,3,0,2026-02-25T13:34:59Z,MCO,DTW,2026-02-25T13:25:27Z,MCO_DTW_DL_2026_2_25_619
EK203,40.65867,-73.74437,50,123,-576,2026-02-25T13:34:53Z,DXB,JFK,2026-02-25T13:35:00Z,
WN1671,32.28374,-90.47774,40000,352,0,2026-02-25T13:34:58Z,DCA,HOU,2026-02-25T14:24:00Z,DCA_HOU_WN_2026_2_25_611
WN933,39.69737,-93.14856,28175,343,-1024,2026-02-25T13:34:59Z,DCA,MCI,2026-02-25T14:02:30Z,DCA_MCI_WN_2026_2_25_622
WN702,39.97495,-8.46673,40000,355,0,2026-02-25T13:34:59Z,BOS,STL,2026-02-25T14:24:00Z,BOS_STL_WN_2026_2_25_1135
WN4424,40.76431,-100.78931,38000,379,0,2026-02-25T13:34:58Z,CMH,DEN,2026-02-25T14:11:12Z,CMH_DEN_WN_2026_2_25_617
DL2408,52.21169,-126.85065,37000,500,0,2026-02-25T13:34:57Z,FAI,SEA,2026-02-25T14:28:16Z,FAI_SEA_DL_2026_2_25_230
AA9604,39.64229,-74.20518,17100,477,-1984,2026-02-25T13:34:59Z,EZE,JFK,2026-02-25T13:53:40Z,EZE_JFK_AA_2026_2_25_100
AA246,33.94149,-118.40649,0,0,0,2026-02-25T13:39:59Z,KOA,LAX,2026-02-25T12:34:33Z,KOA_LAX_AA_2026_2_25_748
WN1585,3.43027,-93.29814,40000,343,0,2026-02-25T13:39:59Z,DCA,DAL,2026-02-25T14:15:28Z,DCA_DAL_WN_2026_2_25_606
DL2286,33.64138,-84.43702,0,5,0,2026-02-25T13:39:55Z,JFK,ATL,2026-02-25T13:33:12Z,JFK_ATL_DL_2026_2_25_618
DL68,47.43859,-122.30391,0,0,0,2026-02-25T13:39:56Z,TPE,SEA,2026-02-25T13:09:28Z,TPE_SEA_DL_2026_2_25_1103
DL1330,44.88213,-89.97776,36025,386,0,2026-02-25T13:39:58Z,BDL,MSP,2026-02-25T14:11:12Z,BDL_MSP_DL_2026_2_25_1131
AA949,26.53848,-81.59256,4475,274,-960,2026-02-25T13:39:58Z,DCA,RSW,2026-02-25T13:45:09Z,DCA_RSW_AA_2026_2_25_1120
AA2617,34.41504,-93.13172,38000,329,0,2026-02-25T13:39:58Z,IAD,DFW,2026-02-25T14:19:44Z,IAD_DFW_AA_2026_2_25_1110
DL1389,42.21173,-83.35451,0,5,0,2026-02-25T13:39:58Z,IAH,DTW,2026-02-25T13:23:12Z,IAH_DTW_DL_2026_2_25_519
DL2538,44.75048,-92.91794,4775,202,-576,2026-02-25T13:39:58Z,RDU,MSP,2026-02-25T13:44:02Z,RDU_MSP_DL_2026_2_25_610
DL2497,42.38791,-83.37256,4125,225,-1472,2026-02-25T13:39:58Z,SAT,DTW,2026-02-25T13:44:23Z,SAT_DTW_DL_2026_2_25_525
UA1309,40.95282,-74.13696,2675,247,192,2026-02-25T13:39:58Z,SRQ,EWR,2026-02-25T13:42:38Z,SRQ_EWR_UA_2026_2_25_637
UA252,29.92955,-95.32131,5600,231,0,2026-02-25T13:39:59Z,HNL,IAH,2026-02-25T13:44:51Z,
AA1017,25.79995,-80.27114,0,6,0,2026-02-25T13:39:59Z,JFK,MIA,2026-02-25T13:32:12Z,JFK_MIA_AA_2026_2_25_543
EK221,36.92305,-97.24728,36000,472,-64,2026-02-25T13:39:57Z,DXB,DFW,2026-02-25T14:26:08Z,DXB_DFW_EK_2026_2_25_2301
WN2296,39.15374,-88.94318,30000,345,0,2026-02-25T13:39:59Z,LGA,STL,2026-02-25T14:00:32Z,LGA_STL_WN_2026_2_25_1131
UA163,40.84181,-74.07971,2650,235,0,2026-02-25T13:39:58Z,DXB,EWR,2026-02-25T13:43:36Z,
UA2312,13.29977,-86.71944,37000,412,0,2026-02-25T13:39:59Z,SFO,SJO,2026-02-25T14:24:00Z,SFO_SJO_UA_2026_2_25_818
AA8,31.75914,-102.24211,39000,580,-64,2026-02-25T13:39:58Z,BNE,DFW,2026-02-25T14:17:36Z,BNE_DFW_AA_2026_2_25_2353
UA1645,3.25015,-9.25558,36000,396,0,2026-02-25T13:39:59Z,CLE,IAH,2026-02-25T14:19:44Z,CLE_IAH_UA_2026_2_25_631
AA1942,32.91292,-97.03274,0,20,0,2026-02-25T13:39:58Z,CVG,DFW,2026-02-25T13:32:12Z,CVG_DFW_AA_2026_2_25_1113
AA716,25.80047,-80.28033,0,21,0,2026-02-25T13:39:59Z,BWI,MIA,2026-02-25T13:36:12Z,BWI_MIA_AA_2026_2_25_610
UA2434,41.88258,-9.47004,36000,415,0,2026-02-25T13:39:59Z,EWR,LAX,2026-02-25T16:40:32Z,EWR_LAX_UA_2026_2_25_616
AA865,42.00284,-87.91424,0,67,0,2026-02-25T13:39:58Z,PVD,ORD,2026-02-25T13:38:59Z,PVD_ORD_AA_2026_2_25_619
AA28,40.64683,-73.79324,0,0,0,2026-02-25T13:39:37Z,LAX,JFK,2026-02-25T12:32:37Z,
WN1671,32.03705,-90.97344,40000,349,0,2026-02-25T13:39:58Z,DCA,HOU,2026-02-25T14:26:08Z,DCA_HOU_WN_2026_2_25_611
WN4424,40.64494,-101.47591,38000,386,0,2026-02-25T13:39:58Z,CMH,DEN,2026-02-25T14:11:12Z,CMH_DEN_WN_2026_2_25_617
WN933,39.64649,-93.70758,15650,302,-2752,2026-02-25T13:39:57Z,DCA,MCI,2026-02-25T13:56:33Z,DCA_MCI_WN_2026_2_25_622
WN702,39.89529,-85.30317,40000,363,0,2026-02-25T13:39:59Z,BOS,STL,2026-02-25T14:24:00Z,BOS_STL_WN_2026_2_25_1135
DL2408,51.62604,-126.24271,37000,500,0,2026-02-25T13:39:58Z,FAI,SEA,2026-02-25T14:28:16Z,FAI_SEA_DL_2026_2_25_230
DL925,0.47439,-122.30424,0,0,0,2026-02-25T13:39:58Z,ANC,SEA,2026-02-25T13:13:12Z,ANC_SEA_DL_2026_2_25_122
AA9604,40.08476,-73.81378,10650,317,0,2026-02-25T13:39:59Z,EZE,JFK,2026-02-25T13:50:11Z,EZE_JFK_AA_2026_2_25_100
AA246,33.94185,-118.40656,0,0,0,2026-02-25T13:44:58Z,KOA,LAX,2026-02-25T12:34:33Z,KOA_LAX_AA_2026_2_25_748
WN1585,34.12074,-93.82868,40000,346,0,2026-02-25T13:44:57Z,DCA,DAL,2026-02-25T14:15:28Z,DCA_DAL_WN_2026_2_25_606
DL68,47.43859,-122.30392,0,0,0,2026-02-25T13:44:59Z,TPE,SEA,2026-02-25T13:09:28Z,TPE_SEA_DL_2026_2_25_1103
DL1330,44.94608,-9.07264,36000,388,0,2026-02-25T13:44:59Z,BDL,MSP,2026-02-25T14:11:12Z,BDL_MSP_DL_2026_2_25_1131
AA949,26.45494,-81.86323,2025,168,-768,2026-02-25T13:44:58Z,DCA,RSW,2026-02-25T13:47:28Z,DCA_RSW_AA_2026_2_25_1120
AA2617,34.26649,-93.65609,38000,330,0,2026-02-25T13:44:58Z,IAD,DFW,2026-02-25T14:19:44Z,IAD_DFW_AA_2026_2_25_1110
UA870,3.52852,-126.09375,36000,532,0,2026-02-25T13:44:59Z,SYD,SFO,2026-02-25T14:21:52Z,SYD_SFO_UA_2026_2_25_1230
DL158,42.20801,-83.36021,0,1,0,2026-02-25T13:44:58Z,ICN,DTW,2026-02-25T13:28:33Z,ICN_DTW_DL_2026_2_25_1020
DL2497,42.25333,-83.34637,1000,105,-704,2026-02-25T13:44:59Z,SAT,DTW,2026-02-25T13:45:38Z,SAT_DTW_DL_2026_2_25_525
DL2538,4.48636,-93.17826,975,121,-704,2026-02-25T13:44:58Z,RDU,MSP,2026-02-25T13:46:14Z,RDU_MSP_DL_2026_2_25_610
UA252,29.93829,-95.03777,1600,199,0,2026-02-25T13:44:59Z,HNL,IAH,2026-02-25T13:47:33Z,
EK221,36.27081,-97.33658,36000,464,0,2026-02-25T13:44:59Z,DXB,DFW,2026-02-25T14:30:24Z,DXB_DFW_EK_2026_2_25_2301
WN2296,3.90146,-89.51356,19650,321,-2752,2026-02-25T13:44:58Z,LGA,STL,2026-02-25T14:05:53Z,LGA_STL_WN_2026_2_25_1131
UA2312,12.77147,-86.48835,37000,412,0,2026-02-25T13:44:59Z,SFO,SJO,2026-02-25T14:26:08Z,SFO_SJO_UA_2026_2_25_818
AA8,31.96658,-101.32881,38975,585,0,2026-02-25T13:44:58Z,BNE,DFW,2026-02-25T14:17:36Z,BNE_DFW_AA_2026_2_25_2353
AA1942,32.89675,-97.04766,0,23,0,2026-02-25T13:44:59Z,CVG,DFW,2026-02-25T13:32:12Z,CVG_DFW_AA_2026_2_25_1113
UA1645,31.96477,-92.69266,36000,365,0,2026-02-25T13:44:58Z,CLE,IAH,2026-02-25T14:19:44Z,CLE_IAH_UA_2026_2_25_631
AA716,25.79834,-80.27477,0,4,0,2026-02-25T13:44:56Z,BWI,MIA,2026-02-25T13:36:12Z,BWI_MIA_AA_2026_2_25_610
UA2434,41.69605,-95.43619,35975,421,0,2026-02-25T13:44:59Z,EWR,LAX,2026-02-25T16:42:40Z,EWR_LAX_UA_2026_2_25_616
AA865,41.98033,-87.93147,0,19,0,2026-02-25T13:44:59Z,PVD,ORD,2026-02-25T13:40:12Z,PVD_ORD_AA_2026_2_25_619
WN1671,31.79276,-91.45905,38600,329,-960,2026-02-25T13:44:59Z,DCA,HOU,2026-02-25T14:28:16Z,DCA_HOU_WN_2026_2_25_611
WN4424,40.51996,-102.16626,38000,394,0,2026-02-25T13:44:58Z,CMH,DEN,2026-02-25T14:11:12Z,CMH_DEN_WN_2026_2_25_617
WN933,39.53078,-94.18298,8300,240,-1088,2026-02-25T13:44:58Z,DCA,MCI,2026-02-25T13:52:21Z,DCA_MCI_WN_2026_2_25_622
WN702,39.78268,-85.95094,40000,370,0,2026-02-25T13:44:59Z,BOS,STL,2026-02-25T14:24:00Z,BOS_STL_WN_2026_2_25_1135
DL925,47.43901,-122.30423,0,0,0,2026-02-25T13:44:53Z,ANC,SEA,2026-02-25T13:13:12Z,ANC_SEA_DL_2026_2_25_122
DL2408,51.04225,-12.56543,37000,488,64,2026-02-25T13:44:58Z,FAI,SEA,2026-02-25T14:28:16Z,FAI_SEA_DL_2026_2_25_230
AA9604,40.42479,-73.51544,4400,271,-1216,2026-02-25T13:44:59Z,EZE,JFK,2026-02-25T13:49:56Z,EZE_JFK_AA_2026_2_25_100
AA246,33.94184,-118.40657,0,0,0,2026-02-25T13:49:52Z,KOA,LAX,2026-02-25T12:34:33Z,KOA_LAX_AA_2026_2_25_748
WN1585,33.94529,-94.35991,37425,317,-960,2026-02-25T13:49:59Z,DCA,DAL,2026-02-25T14:24:00Z,DCA_DAL_WN_2026_2_25_606
DL68,47.43859,-122.30391,0,0,0,2026-02-25T13:49:59Z,TPE,SEA,2026-02-25T13:09:28Z,TPE_SEA_DL_2026_2_25_1103
DL1330,45.00642,-91.47713,31375,385,-3520,2026-02-25T13:49:58Z,BDL,MSP,2026-02-25T14:09:04Z,BDL_MSP_DL_2026_2_25_1131
AA949,26.53339,-81.75778,0,0,0,2026-02-25T13:49:39Z,DCA,RSW,2026-02-25T13:48:15Z,DCA_RSW_AA_2026_2_25_1120
AA2617,34.11159,-94.17598,38000,331,0,2026-02-25T13:49:57Z,IAD,DFW,2026-02-25T14:24:00Z,IAD_DFW_AA_2026_2_25_1110
UA870,35.94317,-125.68091,36000,529,0,2026-02-25T13:49:59Z,SYD,SFO,2026-02-25T14:21:52Z,SYD_SFO_UA_2026_2_25_1230
DL2497,42.19609,-83.37259,0,24,0,2026-02-25T13:49:58Z,SAT,DTW,2026-02-25T13:46:12Z,SAT_DTW_DL_2026_2_25_525
DL158,42.20871,-8.33597,0,0,0,2026-02-25T13:49:54Z,ICN,DTW,2026-02-25T13:28:33Z,ICN_DTW_DL_2026_2_25_1020
DL2538,44.87939,-93.20757,0,0,0,2026-02-25T13:49:58Z,RDU,MSP,2026-02-25T13:46:12Z,RDU_MSP_DL_2026_2_25_610
UA252,29.97759,-95.29887,0,150,-832,2026-02-25T13:49:58Z,HNL,IAH,2026-02-25T13:49:46Z,
EK221,35.63453,-97.42232,36000,465,0,2026-02-25T13:49:58Z,DXB,DFW,2026-02-25T14:32:32Z,DXB_DFW_EK_2026_2_25_2301
WN2296,38.86862,-89.99875,10750,283,-1600,2026-02-25T13:49:58Z,LGA,STL,2026-02-25T14:01:35Z,LGA_STL_WN_2026_2_25_1131
UA2312,12.24422,-86.25868,37000,416,0,2026-02-25T13:49:58Z,SFO,SJO,2026-02-25T14:24:00Z,SFO_SJO_UA_2026_2_25_818
AA8,32.16902,-100.40361,38975,586,-64,2026-02-25T13:49:58Z,BNE,DFW,2026-02-25T14:17:36Z,BNE_DFW_AA_2026_2_25_2353
AA1942,32.89302,-97.04265,0,0,0,2026-02-25T13:49:20Z,CVG,DFW,2026-02-25T13:32:12Z,CVG_DFW_AA_2026_2_25_1113
UA1645,31.63531,-93.11452,36000,348,0,2026-02-25T13:49:58Z,CLE,IAH,2026-02-25T14:24:00Z,CLE_IAH_UA_2026_2_25_631
UA2434,41.50461,-96.16851,36000,420,0,2026-02-25T13:49:58Z,EWR,LAX,2026-02-25T16:42:40Z,EWR_LAX_UA_2026_2_25_616
AA865,41.97157,-87.91555,0,20,0,2026-02-25T13:49:59Z,PVD,ORD,2026-02-25T13:40:12Z,PVD_ORD_AA_2026_2_25_619
WN1671,31.55357,-91.92717,38000,338,0,2026-02-25T13:49:58Z,DCA,HOU,2026-02-25T14:28:16Z,DCA_HOU_WN_2026_2_25_611
WN4424,40.38672,-10.28683,32000,413,0,2026-02-25T13:49:57Z,CMH,DEN,2026-02-25T14:16:52Z,CMH_DEN_WN_2026_2_25_617
WN933,39.41867,-94.57933,2350,200,0,2026-02-25T13:49:59Z,DCA,MCI,2026-02-25T13:51:51Z,DCA_MCI_WN_2026_2_25_622
WN702,39.66866,-86.58653,37000,361,-960,2026-02-25T13:49:59Z,BOS,STL,2026-02-25T14:24:00Z,BOS_STL_WN_2026_2_25_1135
DL925,47.43901,-122.30423,0,0,0,2026-02-25T13:49:57Z,ANC,SEA,2026-02-25T13:13:12Z,ANC_SEA_DL_2026_2_25_122
DL2408,50.47152,-12.50956,37000,482,0,2026-02-25T13:49:59Z,FAI,SEA,2026-02-25T14:28:16Z,FAI_SEA_DL_2026_2_25_230
AA9604,40.73561,-73.52783,2800,183,-960,2026-02-25T13:49:58Z,EZE,JFK,2026-02-25T13:54:00Z,EZE_JFK_AA_2026_2_25_100
AA246,33.94172,-118.40648,0,0,0,2026-02-25T13:54:59Z,KOA,LAX,2026-02-25T12:34:33Z,KOA_LAX_AA_2026_2_25_748
WN1585,33.78771,-94.82918,32300,301,-1024,2026-02-25T13:54:59Z,DCA,DAL,2026-02-25T14:27:05Z,DCA_DAL_WN_2026_2_25_606
DL68,47.43859,-122.30391,0,0,0,2026-02-25T13:54:59Z,TPE,SEA,2026-02-25T13:09:28Z,TPE_SEA_DL_2026_2_25_1103
DL1330,45.05667,-92.15652,16725,330,-2368,2026-02-25T13:54:59Z,BDL,MSP,2026-02-25T14:13:29Z,BDL_MSP_DL_2026_2_25_1131
AA2617,33.95539,-94.67966,34475,323,-960,2026-02-25T13:54:59Z,IAD,DFW,2026-02-25T14:30:24Z,IAD_DFW_AA_2026_2_25_1110
UA870,36.52456,-125.16338,36000,533,0,2026-02-25T13:54:59Z,SYD,SFO,2026-02-25T14:21:52Z,SYD_SFO_UA_2026_2_25_1230
DL158,42.20871,-8.33597,0,0,0,2026-02-25T13:54:59Z,ICN,DTW,2026-02-25T13:28:33Z,ICN_DTW_DL_2026_2_25_1020
UA252,2.99839,-95.33475,0,0,0,2026-02-25T13:54:18Z,HNL,IAH,2026-02-25T13:50:12Z,
EK221,35.00058,-97.50607,36000,452,-64,2026-02-25T13:54:58Z,DXB,DFW,2026-02-25T14:32:32Z,DXB_DFW_EK_2026_2_25_2301
WN2296,38.87183,-9.03838,5200,198,-2816,2026-02-25T13:54:59Z,LGA,STL,2026-02-25T14:00:36Z,LGA_STL_WN_2026_2_25_1131
UA805,53.69234,169.56451,36975,498,0,2026-02-25T13:54:54Z,SFO,ICN,2026-02-25T19:05:36Z,SFO_ICN_UA_2026_2_25_2
UA2312,11.70625,-86.02546,37000,414,0,2026-02-25T13:55:00Z,SFO,SJO,2026-02-25T14:26:08Z,SFO_SJO_UA_2026_2_25_818
AA8,3.23015,-99.45928,29425,582,-2560,2026-02-25T13:55:00Z,BNE,DFW,2026-02-25T14:27:42Z,BNE_DFW_AA_2026_2_25_2353
UA1645,31.31039,-93.53043,35900,346,-1024,2026-02-25T13:54:58Z,CLE,IAH,2026-02-25T14:24:00Z,CLE_IAH_UA_2026_2_25_631
UA2434,41.30645,-96.90385,35975,419,64,2026-02-25T13:54:59Z,EWR,LAX,2026-02-25T16:42:40Z,EWR_LAX_UA_2026_2_25_616
AA865,41.97509,-87.89767,0,0,0,2026-02-25T13:54:57Z,PVD,ORD,2026-02-25T13:40:12Z,PVD_ORD_AA_2026_2_25_619
WN1671,31.30952,-92.39938,38000,340,0,2026-02-25T13:55:00Z,DCA,HOU,2026-02-25T14:30:24Z,DCA_HOU_WN_2026_2_25_611
WN933,39.29145,-94.70836,0,23,0,2026-02-25T13:55:00Z,DCA,MCI,2026-02-25T13:54:14Z,DCA_MCI_WN_2026_2_25_622
WN4424,40.25223,-103.55083,21625,351,-2176,2026-02-25T13:55:00Z,CMH,DEN,2026-02-25T14:14:28Z,CMH_DEN_WN_2026_2_25_617
WN702,39.55307,-87.20804,35900,355,-960,2026-02-25T13:54:59Z,BOS,STL,2026-02-25T14:26:08Z,BOS_STL_WN_2026_2_25_1135
DL925,0.47439,-122.30424,0,0,0,2026-02-25T13:54:56Z,ANC,SEA,2026-02-25T13:13:12Z,ANC_SEA_DL_2026_2_25_122
DL2408,49.89972,-124.55244,37000,488,0,2026-02-25T13:54:58Z,FAI,SEA,2026-02-25T14:26:08Z,FAI_SEA_DL_2026_2_25_230
AA9604,40.66818,-73.73688,250,126,-640,2026-02-25T13:55:00Z,EZE,JFK,2026-02-25T13:55:38Z,EZE_JFK_AA_2026_2_25_100
AA246,33.94171,-118.40659,0,0,0,2026-02-25T13:59:58Z,KOA,LAX,2026-02-25T12:34:33Z,KOA_LAX_AA_2026_2_25_748
WN1585,33.62242,-95.30903,27475,327,-960,2026-02-25T13:59:58Z,DCA,DAL,2026-02-25T14:27:04Z,DCA_DAL_WN_2026_2_25_606
DL68,47.43859,-122.30391,0,0,0,2026-02-25T13:59:55Z,TPE,SEA,2026-02-25T13:09:28Z,TPE_SEA_DL_2026_2_25_1103
DL1330,44.92077,-92.68736,7950,252,-2240,2026-02-25T13:59:59Z,BDL,MSP,2026-02-25T14:08:08Z,BDL_MSP_DL_2026_2_25_1131
AA2617,33.78305,-9.52248,29750,377,-960,2026-02-25T13:59:57Z,IAD,DFW,2026-02-25T14:28:16Z,IAD_DFW_AA_2026_2_25_1110
AA949,26.52901,-81.75708,0,0,0,2026-02-25T13:59:58Z,DCA,RSW,2026-02-25T13:48:15Z,DCA_RSW_AA_2026_2_25_1120
UA870,36.80008,-124.31946,30475,510,-2368,2026-02-25T13:59:59Z,SYD,SFO,2026-02-25T14:31:44Z,SYD_SFO_UA_2026_2_25_1230
DL158,42.20871,-8.33597,0,0,0,2026-02-25T13:59:58Z,ICN,DTW,2026-02-25T13:28:33Z,ICN_DTW_DL_2026_2_25_1020
EK221,34.36835,-9.75591,33075,452,-2240,2026-02-25T13:59:58Z,DXB,DFW,2026-02-25T14:21:52Z,DXB_DFW_EK_2026_2_25_2301
WN2296,38.76901,-90.40124,750,137,-832,2026-02-25T13:59:59Z,LGA,STL,2026-02-25T14:00:44Z,LGA_STL_WN_2026_2_25_1131
UA805,53.36466,168.51926,36975,492,0,2026-02-25T13:59:58Z,SFO,ICN,2026-02-25T19:01:20Z,SFO_ICN_UA_2026_2_25_2
UA1645,30.97111,-9.39598,26800,355,-2304,2026-02-25T13:59:58Z,CLE,IAH,2026-02-25T14:24:00Z,CLE_IAH_UA_2026_2_25_631
UA2312,11.18082,-8.57986,37000,410,-64,2026-02-25T13:59:58Z,SFO,SJO,2026-02-25T14:28:16Z,SFO_SJO_UA_2026_2_25_818
AA8,32.34306,-98.59367,20425,489,-1920,2026-02-25T13:59:58Z,BNE,DFW,2026-02-25T14:20:51Z,BNE_DFW_AA_2026_2_25_2353
UA2434,41.10847,-97.61758,36000,414,0,2026-02-25T13:59:58Z,EWR,LAX,2026-02-25T16:44:48Z,EWR_LAX_UA_2026_2_25_616
WN1671,31.05725,-92.86393,38000,343,0,2026-02-25T13:59:57Z,DCA,HOU,2026-02-25T14:30:24Z,DCA_HOU_WN_2026_2_25_611
WN4424,40.20866,-104.08298,13075,260,-1536,2026-02-25T13:59:57Z,CMH,DEN,2026-02-25T14:09:26Z,CMH_DEN_WN_2026_2_25_617
WN702,39.43694,-87.81414,31025,335,-1024,2026-02-25T13:59:58Z,BOS,STL,2026-02-25T14:30:24Z,BOS_STL_WN_2026_2_25_1135
DL925,0.47439,-122.30425,0,0,0,2026-02-25T13:59:56Z,ANC,SEA,2026-02-25T13:13:12Z,ANC_SEA_DL_2026_2_25_122
DL2408,49.32391,-124.02083,35500,478,-896,2026-02-25T13:59:57Z,FAI,SEA,2026-02-25T14:28:16Z,FAI_SEA_DL_2026_2_25_230
AA246,33.94164,-118.40658,0,0,0,2026-02-25T14:04:57Z,KOA,LAX,2026-02-25T12:34:33Z,KOA_LAX_AA_2026_2_25_748
WN1585,33.45309,-95.79771,20400,305,-2304,2026-02-25T14:04:59Z,DCA,DAL,2026-02-25T14:26:04Z,DCA_DAL_WN_2026_2_25_606
DL68,47.43859,-122.30391,0,0,0,2026-02-25T14:04:56Z,TPE,SEA,2026-02-25T13:09:28Z,TPE_SEA_DL_2026_2_25_1103
DL1330,44.80724,-93.04845,3375,165,-1024,2026-02-25T14:04:59Z,BDL,MSP,2026-02-25T14:07:02Z,BDL_MSP_DL_2026_2_25_1131
AA2617,33.56497,-9.58047,24675,372,-1024,2026-02-25T14:04:58Z,IAD,DFW,2026-02-25T14:29:25Z,IAD_DFW_AA_2026_2_25_1110
UA870,37.04096,-123.56239,19725,432,-2240,2026-02-25T14:04:59Z,SYD,SFO,2026-02-25T14:26:04Z,SYD_SFO_UA_2026_2_25_1230
DL158,42.20864,-83.35822,0,0,0,2026-02-25T14:04:58Z,ICN,DTW,2026-02-25T13:28:33Z,ICN_DTW_DL_2026_2_25_1020
EK221,33.77831,-97.60895,22750,397,-1920,2026-02-25T14:05:00Z,DXB,DFW,2026-02-25T14:28:57Z,DXB_DFW_EK_2026_2_25_2301
UA1645,30.65018,-94.36185,16550,326,-2112,2026-02-25T14:04:58Z,CLE,IAH,2026-02-25T14:23:47Z,CLE_IAH_UA_2026_2_25_631
UA2312,10.65148,-85.57072,31950,429,-3392,2026-02-25T14:05:00Z,SFO,SJO,2026-02-25T14:28:16Z,SFO_SJO_UA_2026_2_25_818
AA8,32.37354,-97.86201,11275,372,-1600,2026-02-25T14:05:00Z,BNE,DFW,2026-02-25T14:15:51Z,BNE_DFW_AA_2026_2_25_2353
UA2434,40.91217,-98.33575,36000,413,64,2026-02-25T14:04:59Z,EWR,LAX,2026-02-25T16:44:48Z,EWR_LAX_UA_2026_2_25_616
WN1671,30.79655,-93.33311,38000,347,0,2026-02-25T14:04:58Z,DCA,HOU,2026-02-25T14:36:48Z,DCA_HOU_WN_2026_2_25_611
WN4424,4.02412,-104.48385,10800,224,-960,2026-02-25T14:05:00Z,CMH,DEN,2026-02-25T14:09:39Z,CMH_DEN_WN_2026_2_25_617
WN702,39.30267,-88.39063,30000,339,0,2026-02-25T14:04:58Z,BOS,STL,2026-02-25T14:33:35Z,BOS_STL_WN_2026_2_25_1135
DL925,0.47439,-122.30426,0,0,0,2026-02-25T14:04:53Z,ANC,SEA,2026-02-25T13:13:12Z,ANC_SEA_DL_2026_2_25_122
DL2408,48.75366,-123.50795,25825,460,-2112,2026-02-25T14:04:59Z,FAI,SEA,2026-02-25T14:33:19Z,FAI_SEA_DL_2026_2_25_230
AA9604,40.64803,-73.79266,0,1,0,2026-02-25T14:04:59Z,EZE,JFK,2026-02-25T13:56:12Z,EZE_JFK_AA_2026_2_25_100
AA246,33.94177,-118.40661,0,0,0,2026-02-25T14:09:57Z,KOA,LAX,2026-02-25T12:34:33Z,KOA_LAX_AA_2026_2_25_748
WN1585,33.29095,-96.25604,9625,291,-1024,2026-02-25T14:09:59Z,DCA,DAL,2026-02-25T14:21:00Z,DCA_DAL_WN_2026_2_25_606
DL68,47.43859,-122.30392,0,0,0,2026-02-25T14:09:57Z,TPE,SEA,2026-02-25T13:09:28Z,TPE_SEA_DL_2026_2_25_1103
AA2617,33.35358,-96.35361,17375,353,-1920,2026-02-25T14:09:59Z,IAD,DFW,2026-02-25T14:28:48Z,IAD_DFW_AA_2026_2_25_1110
UA870,37.24232,-122.91328,9800,368,128,2026-02-25T14:09:59Z,SYD,SFO,2026-02-25T14:19:43Z,SYD_SFO_UA_2026_2_25_1230
DL158,42.20864,-83.35822,0,0,0,2026-02-25T14:09:55Z,ICN,DTW,2026-02-25T13:28:33Z,ICN_DTW_DL_2026_2_25_1020
EK221,33.28258,-97.52278,13950,353,-512,2026-02-25T14:09:59Z,DXB,DFW,2026-02-25T14:23:52Z,DXB_DFW_EK_2026_2_25_2301
UA2312,10.35077,-85.04405,20400,406,-2048,2026-02-25T14:09:58Z,SFO,SJO,2026-02-25T14:29:25Z,SFO_SJO_UA_2026_2_25_818
UA1645,30.33213,-94.64359,8900,278,-1344,2026-02-25T14:09:59Z,CLE,IAH,2026-02-25T14:19:20Z,CLE_IAH_UA_2026_2_25_631
AA8,32.48854,-97.39632,5750,277,-1152,2026-02-25T14:09:58Z,BNE,DFW,2026-02-25T14:15:16Z,BNE_DFW_AA_2026_2_25_2353
UA2434,40.72055,-99.05142,36000,419,0,2026-02-25T14:09:58Z,EWR,LAX,2026-02-25T16:42:40Z,EWR_LAX_UA_2026_2_25_616
AA865,41.97505,-87.89767,0,0,0,2026-02-25T14:09:54Z,PVD,ORD,2026-02-25T13:40:12Z,PVD_ORD_AA_2026_2_25_619
WN1671,30.53064,-93.80606,38000,350,0,2026-02-25T14:09:59Z,DCA,HOU,2026-02-25T14:36:48Z,DCA_HOU_WN_2026_2_25_611
WN4424,39.97711,-104.68578,6850,180,-1024,2026-02-25T14:10:00Z,CMH,DEN,2026-02-25T14:12:21Z,CMH_DEN_WN_2026_2_25_617
WN702,3.91469,-88.96812,30000,343,0,2026-02-25T14:10:00Z,BOS,STL,2026-02-25T14:37:41Z,BOS_STL_WN_2026_2_25_1135
DL925,0.47439,-122.30425,0,0,0,2026-02-25T14:09:58Z,ANC,SEA,2026-02-25T13:13:12Z,ANC_SEA_DL_2026_2_25_122
DL2408,48.26207,-12.30537,16375,382,-1792,2026-02-25T14:09:59Z,FAI,SEA,2026-02-25T14:28:13Z,FAI_SEA_DL_2026_2_25_230
AA246,33.94165,-118.40661,0,0,0,2026-02-25T14:14:59Z,KOA,LAX,2026-02-25T12:34:33Z,KOA_LAX_AA_2026_2_25_748
WN1585,33.02541,-96.51759,5750,253,-1024,2026-02-25T14:14:57Z,DCA,DAL,2026-02-25T14:21:07Z,DCA_DAL_WN_2026_2_25_606
DL68,4.74386,-122.30391,0,0,0,2026-02-25T14:14:57Z,TPE,SEA,2026-02-25T13:09:28Z,TPE_SEA_DL_2026_2_25_1103
DL1330,44.88425,-93.20549,0,0,0,2026-02-25T14:14:58Z,BDL,MSP,2026-02-25T14:08:27Z,BDL_MSP_DL_2026_2_25_1131
AA2617,33.08185,-96.75533,12575,272,-640,2026-02-25T14:14:57Z,IAD,DFW,2026-02-25T14:26:54Z,IAD_DFW_AA_2026_2_25_1110
UA870,37.36578,-122.39845,7825,287,64,2026-02-25T14:14:57Z,SYD,SFO,2026-02-25T14:22:35Z,SYD_SFO_UA_2026_2_25_1230
DL158,42.20864,-83.35823,0,0,0,2026-02-25T14:14:59Z,ICN,DTW,2026-02-25T13:28:33Z,ICN_DTW_DL_2026_2_25_1020
EK221,32.95862,-97.16978,11150,239,-640,2026-02-25T14:14:58Z,DXB,DFW,2026-02-25T14:25:09Z,DXB_DFW_EK_2026_2_25_2301
UA2312,10.11659,-8.46076,11600,308,-1728,2026-02-25T14:14:58Z,SFO,SJO,2026-02-25T14:24:53Z,SFO_SJO_UA_2026_2_25_818
UA1645,30.00948,-94.67358,3625,210,-960,2026-02-25T14:14:57Z,CLE,IAH,2026-02-25T14:19:17Z,CLE_IAH_UA_2026_2_25_631
AA8,32.64066,-97.05894,3400,232,-64,2026-02-25T14:14:59Z,BNE,DFW,2026-02-25T14:17:06Z,BNE_DFW_AA_2026_2_25_2353
UA2434,40.52209,-99.77184,36000,424,0,2026-02-25T14:14:58Z,EWR,LAX,2026-02-25T16:40:32Z,EWR_LAX_UA_2026_2_25_616
WN1671,30.25172,-94.29587,26975,384,-128,2026-02-25T14:14:59Z,DCA,HOU,2026-02-25T14:43:51Z,DCA_HOU_WN_2026_2_25_611
WN4424,39.86503,-104.68384,0,13,0,2026-02-25T14:14:58Z,CMH,DEN,2026-02-25T14:12:24Z,CMH_DEN_WN_2026_2_25_617
WN702,39.01176,-89.52579,19225,312,-2112,2026-02-25T14:14:57Z,BOS,STL,2026-02-25T14:36:53Z,BOS_STL_WN_2026_2_25_1135
DL925,0.47439,-122.30424,0,0,0,2026-02-25T14:14:52Z,ANC,SEA,2026-02-25T13:13:12Z,ANC_SEA_DL_2026_2_25_122
DL2408,47.94536,-122.55975,9000,280,-1664,2026-02-25T14:14:58Z,FAI,SEA,2026-02-25T14:24:32Z,FAI_SEA_DL_2026_2_25_230
AA246,33.94167,-118.40652,0,0,0,2026-02-25T14:19:59Z,KOA,LAX,2026-02-25T12:34:33Z,KOA_LAX_AA_2026_2_25_748
WN1585,32.72063,-9.66559,2550,197,-576,2026-02-25T14:19:58Z,DCA,DAL,2026-02-25T14:22:14Z,DCA_DAL_WN_2026_2_25_606
DL68,47.43859,-122.30391,0,0,0,2026-02-25T14:19:56Z,TPE,SEA,2026-02-25T13:09:28Z,TPE_SEA_DL_2026_2_25_1103
AA2617,32.79904,-9.69154,7325,227,-2048,2026-02-25T14:19:58Z,IAD,DFW,2026-02-25T14:27:28Z,IAD_DFW_AA_2026_2_25_1110
UA870,37.51405,-122.12046,4375,209,-832,2026-02-25T14:19:59Z,SYD,SFO,2026-02-25T14:24:58Z,SYD_SFO_UA_2026_2_25_1230
DL158,42.20864,-83.35822,0,0,0,2026-02-25T14:19:58Z,ICN,DTW,2026-02-25T13:28:33Z,ICN_DTW_DL_2026_2_25_1020
EK221,32.67595,-97.10915,4025,220,-1600,2026-02-25T14:19:57Z,DXB,DFW,2026-02-25T14:24:21Z,DXB_DFW_EK_2026_2_25_2301
UA2312,9.92149,-84.40275,6450,169,-1216,2026-02-25T14:19:57Z,SFO,SJO,2026-02-25T14:24:21Z,SFO_SJO_UA_2026_2_25_818
UA1645,29.97736,-9.49812,3025,197,-256,2026-02-25T14:19:58Z,CLE,IAH,2026-02-25T14:22:41Z,CLE_IAH_UA_2026_2_25_631
AA8,32.89221,-97.05477,0,86,0,2026-02-25T14:19:58Z,BNE,DFW,2026-02-25T14:20:00Z,BNE_DFW_AA_2026_2_25_2353
UA2434,40.31526,-100.50162,35975,427,64,2026-02-25T14:19:58Z,EWR,LAX,2026-02-25T16:40:32Z,EWR_LAX_UA_2026_2_25_616
WN1671,30.09247,-94.85009,15625,356,-2880,2026-02-25T14:19:57Z,DCA,HOU,2026-02-25T14:37:48Z,DCA_HOU_WN_2026_2_25_611
WN702,38.86469,-90.01074,10575,283,-448,2026-02-25T14:19:57Z,BOS,STL,2026-02-25T14:32:53Z,BOS_STL_WN_2026_2_25_1135
DL925,47.43901,-122.30425,0,0,0,2026-02-25T14:19:56Z,ANC,SEA,2026-02-25T13:13:12Z,ANC_SEA_DL_2026_2_25_122
DL2408,47.65439,-122.32068,3800,228,-832,2026-02-25T14:19:58Z,FAI,SEA,2026-02-25T14:24:01Z,FAI_SEA_DL_2026_2_25_230
AA246,33.94148,-118.40648,0,0,0,2026-02-25T14:24:54Z,KOA,LAX,2026-02-25T12:34:33Z,KOA_LAX_AA_2026_2_25_748
WN1585,32.84496,-96.85522,0,10,0,2026-02-25T14:24:56Z,DCA,DAL,2026-02-25T14:24:13Z,DCA_DAL_WN_2026_2_25_606
DL68,47.43859,-122.30391,0,0,0,2026-02-25T14:24:58Z,TPE,SEA,2026-02-25T13:09:28Z,TPE_SEA_DL_2026_2_25_1103
AA2617,32.71733,-9.70201,3225,200,-896,2026-02-25T14:24:58Z,IAD,DFW,2026-02-25T14:26:07Z,IAD_DFW_AA_2026_2_25_1110
UA870,37.62176,-122.37675,0,64,0,2026-02-25T14:24:59Z,SYD,SFO,2026-02-25T14:25:02Z,SYD_SFO_UA_2026_2_25_1230
DL158,42.20864,-83.35822,0,0,0,2026-02-25T14:24:55Z,ICN,DTW,2026-02-25T13:28:33Z,ICN_DTW_DL_2026_2_25_1020
EK221,32.89146,-97.05477,0,86,0,2026-02-25T14:24:58Z,DXB,DFW,2026-02-25T14:24:52Z,DXB_DFW_EK_2026_2_25_2301
UA1645,2.99775,-9.52814,75,165,-832,2026-02-25T14:24:58Z,CLE,IAH,2026-02-25T14:25:53Z,CLE_IAH_UA_2026_2_25_631
AA8,32.89996,-97.04362,0,0,0,2026-02-25T14:24:59Z,BNE,DFW,2026-02-25T14:20:12Z,BNE_DFW_AA_2026_2_25_2353
UA2312,9.99248,-84.21272,2800,119,0,2026-02-25T14:24:58Z,SFO,SJO,2026-02-25T14:25:16Z,SFO_SJO_UA_2026_2_25_818
UA2434,40.08757,-101.22173,35975,428,64,2026-02-25T14:24:59Z,EWR,LAX,2026-02-25T16:40:32Z,EWR_LAX_UA_2026_2_25_616
WN1671,29.86844,-95.22675,5650,243,-448,2026-02-25T14:24:58Z,DCA,HOU,2026-02-25T14:31:42Z,DCA_HOU_WN_2026_2_25_611
WN702,38.87096,-90.38219,5175,184,-1600,2026-02-25T14:24:58Z,BOS,STL,2026-02-25T14:30:35Z,BOS_STL_WN_2026_2_25_1135
DL2408,47.44611,-122.31361,0,12,0,2026-02-25T14:24:59Z,FAI,SEA,2026-02-25T14:24:12Z,FAI_SEA_DL_2026_2_25_230
DL925,0.47439,-122.30424,0,0,0,2026-02-25T14:24:55Z,ANC,SEA,2026-02-25T13:13:12Z,ANC_SEA_DL_2026_2_25_122
AA246,33.94146,-118.40648,0,0,0,2026-02-25T14:29:58Z,KOA,LAX,2026-02-25T12:34:33Z,KOA_LAX_AA_2026_2_25_748
WN1585,32.84675,-96.85184,0,9,0,2026-02-25T14:29:52Z,DCA,DAL,2026-02-25T14:24:13Z,DCA_DAL_WN_2026_2_25_606
DL68,47.43859,-122.30391,0,0,0,2026-02-25T14:29:55Z,TPE,SEA,2026-02-25T13:09:28Z,TPE_SEA_DL_2026_2_25_1103
AA2617,32.90218,-97.02802,0,28,0,2026-02-25T14:29:59Z,IAD,DFW,2026-02-25T14:28:43Z,IAD_DFW_AA_2026_2_25_1110
UA870,37.61896,-122.39252,0,0,0,2026-02-25T14:29:59Z,SYD,SFO,2026-02-25T14:25:12Z,SYD_SFO_UA_2026_2_25_1230
DL158,42.20864,-83.35822,0,0,0,2026-02-25T14:29:57Z,ICN,DTW,2026-02-25T13:28:33Z,ICN_DTW_DL_2026_2_25_1020
EK221,32.89613,-97.04768,0,13,0,2026-02-25T14:29:57Z,DXB,DFW,2026-02-25T14:25:12Z,DXB_DFW_EK_2026_2_25_2301
UA805,51.30185,162.93221,37625,477,0,2026-02-25T14:29:58Z,SFO,ICN,2026-02-25T19:05:36Z,SFO_ICN_UA_2026_2_25_2
UA1645,29.98444,-95.33969,0,5,0,2026-02-25T14:29:59Z,CLE,IAH,2026-02-25T14:26:14Z,CLE_IAH_UA_2026_2_25_631
UA2312,9.99849,-84.20086,0,0,0,2026-02-25T14:29:55Z,SFO,SJO,2026-02-25T14:25:14Z,SFO_SJO_UA_2026_2_25_818
UA2434,39.82544,-101.91557,36000,436,0,2026-02-25T14:29:58Z,EWR,LAX,2026-02-25T16:40:32Z,EWR_LAX_UA_2026_2_25_616
WN1671,29.66816,-95.30608,225,112,-640,2026-02-25T14:29:51Z,DCA,HOU,2026-02-25T14:30:28Z,DCA_HOU_WN_2026_2_25_611
WN702,38.76357,-90.39031,575,140,-768,2026-02-25T14:29:58Z,BOS,STL,2026-02-25T14:30:11Z,BOS_STL_WN_2026_2_25_1135
DL925,0.47439,-122.30424,0,0,0,2026-02-25T14:29:58Z,ANC,SEA,2026-02-25T13:13:12Z,ANC_SEA_DL_2026_2_25_122
AA246,33.94138,-118.40646,0,0,0,2026-02-25T14:34:59Z,KOA,LAX,2026-02-25T12:34:33Z,KOA_LAX_AA_2026_2_25_748
DL68,47.43859,-122.30391,0,0,0,2026-02-25T14:34:58Z,TPE,SEA,2026-02-25T13:09:28Z,TPE_SEA_DL_2026_2_25_1103
AA2617,32.91432,-97.03194,0,22,0,2026-02-25T14:34:59Z,IAD,DFW,2026-02-25T14:28:43Z,IAD_DFW_AA_2026_2_25_1110
DL158,42.20864,-83.35822,0,0,0,2026-02-25T14:34:57Z,ICN,DTW,2026-02-25T13:28:33Z,ICN_DTW_DL_2026_2_25_1020
EK221,32.89523,-97.04287,0,0,0,2026-02-25T14:34:57Z,DXB,DFW,2026-02-25T14:25:12Z,DXB_DFW_EK_2026_2_25_2301
UA2434,39.54943,-102.62878,35975,444,0,2026-02-25T14:35:00Z,EWR,LAX,2026-02-25T16:40:32Z,EWR_LAX_UA_2026_2_25_616
DL925,0.47439,-122.30424,0,0,0,2026-02-25T14:34:56Z,ANC,SEA,2026-02-25T13:13:12Z,ANC_SEA_DL_2026_2_25_122
DL2408,47.43995,-122.30051,0,6,0,2026-02-25T14:35:00Z,FAI,SEA,2026-02-25T14:24:12Z,FAI_SEA_DL_2026_2_25_230
AA246,33.94147,-118.40648,0,0,0,2026-02-25T14:39:50Z,KOA,LAX,2026-02-25T12:34:33Z,KOA_LAX_AA_2026_2_25_748
DL68,47.43858,-122.30391,0,0,0,2026-02-25T14:39:55Z,TPE,SEA,2026-02-25T13:09:28Z,TPE_SEA_DL_2026_2_25_1103
AA2617,3.28995,-9.70351,0,0,0,2026-02-25T14:39:17Z,IAD,DFW,2026-02-25T14:28:43Z,IAD_DFW_AA_2026_2_25_1110
DL158,42.20864,-83.35824,0,0,0,2026-02-25T14:39:57Z,ICN,DTW,2026-02-25T13:28:33Z,ICN_DTW_DL_2026_2_25_1020
UA805,50.56915,161.20792,37975,477,0,2026-02-25T14:39:56Z,SFO,ICN,2026-02-25T19:05:36Z,SFO_ICN_UA_2026_2_25_2
UA2434,39.27122,-103.33077,36000,440,0,2026-02-25T14:39:58Z,EWR,LAX,2026-02-25T16:40:32Z,EWR_LAX_UA_2026_2_25_616
DL925,47.43901,-122.30424,0,0,0,2026-02-25T14:39:56Z,ANC,SEA,2026-02-25T13:13:12Z,ANC_SEA_DL_2026_2_25_122
AA246,33.94132,-118.40644,0,0,0,2026-02-25T14:45:00Z,KOA,LAX,2026-02-25T12:34:33Z,KOA_LAX_AA_2026_2_25_748
DL68,47.43859,-122.30391,0,0,0,2026-02-25T14:44:57Z,TPE,SEA,2026-02-25T13:09:28Z,TPE_SEA_DL_2026_2_25_1103
DL158,42.20864,-83.35823,0,0,0,2026-02-25T14:44:59Z,ICN,DTW,2026-02-25T13:28:33Z,ICN_DTW_DL_2026_2_25_1020
UA805,50.18344,160.34155,38000,464,0,2026-02-25T14:44:53Z,SFO,ICN,2026-02-25T19:05:36Z,SFO_ICN_UA_2026_2_25_2
UA2434,38.99109,-104.03821,35950,435,64,2026-02-25T14:44:59Z,EWR,LAX,2026-02-25T16:36:16Z,EWR_LAX_UA_2026_2_25_616
DL925,0.47439,-122.30424,0,0,0,2026-02-25T14:44:56Z,ANC,SEA,2026-02-25T13:13:12Z,ANC_SEA_DL_2026_2_25_122
AA246,33.94148,-118.40646,0,0,0,2026-02-25T14:49:58Z,KOA,LAX,2026-02-25T12:34:33Z,KOA_LAX_AA_2026_2_25_748
DL68,47.43859,-122.30391,0,0,0,2026-02-25T14:49:57Z,TPE,SEA,2026-02-25T13:09:28Z,TPE_SEA_DL_2026_2_25_1103
DL158,42.20864,-83.35822,0,0,0,2026-02-25T14:49:58Z,ICN,DTW,2026-02-25T13:28:33Z,ICN_DTW_DL_2026_2_25_1020
UA805,49.82118,159.57159,38000,463,0,2026-02-25T14:49:56Z,SFO,ICN,2026-02-25T19:07:44Z,SFO_ICN_UA_2026_2_25_2
UA2434,3.88131,-104.76748,35975,438,128,2026-02-25T14:49:57Z,EWR,LAX,2026-02-25T16:40:32Z,EWR_LAX_UA_2026_2_25_616
DL925,0.47439,-122.30424,0,0,0,2026-02-25T14:49:55Z,ANC,SEA,2026-02-25T13:13:12Z,ANC_SEA_DL_2026_2_25_122
AA246,33.94146,-118.40648,0,0,0,2026-02-25T14:54:58Z,KOA,LAX,2026-02-25T12:34:33Z,KOA_LAX_AA_2026_2_25_748
DL68,47.43859,-122.30391,0,0,0,2026-02-25T14:54:59Z,TPE,SEA,2026-02-25T13:09:28Z,TPE_SEA_DL_2026_2_25_1103
DL158,42.20863,-83.35822,0,0,0,2026-02-25T14:54:57Z,ICN,DTW,2026-02-25T13:28:33Z,ICN_DTW_DL_2026_2_25_1020
UA2434,38.62981,-105.49664,35975,431,128,2026-02-25T14:54:59Z,EWR,LAX,2026-02-25T16:40:32Z,EWR_LAX_UA_2026_2_25_616
DL925,0.47439,-122.30423,0,0,0,2026-02-25T14:54:52Z,ANC,SEA,2026-02-25T13:13:12Z,ANC_SEA_DL_2026_2_25_122
AA246,33.94147,-118.40648,0,0,0,2026-02-25T14:59:59Z,KOA,LAX,2026-02-25T12:34:33Z,KOA_LAX_AA_2026_2_25_748
DL68,47.43858,-122.30391,0,0,0,2026-02-25T14:59:56Z,TPE,SEA,2026-02-25T13:09:28Z,TPE_SEA_DL_2026_2_25_1103
DL158,42.20864,-83.35824,0,0,0,2026-02-25T14:59:56Z,ICN,DTW,2026-02-25T13:28:33Z,ICN_DTW_DL_2026_2_25_1020
UA2434,38.41676,-106.21803,35975,440,64,2026-02-25T14:59:58Z,EWR,LAX,2026-02-25T16:38:24Z,EWR_LAX_UA_2026_2_25_616
DL925,0.47439,-122.30423,0,0,0,2026-02-25T14:59:56Z,ANC,SEA,2026-02-25T13:13:12Z,ANC_SEA_DL_2026_2_25_122
AA246,33.94148,-118.40646,0,0,0,2026-02-25T15:04:55Z,KOA,LAX,2026-02-25T12:34:33Z,KOA_LAX_AA_2026_2_25_748
DL68,47.43858,-122.30391,0,0,0,2026-02-25T15:04:57Z,TPE,SEA,2026-02-25T13:09:28Z,TPE_SEA_DL_2026_2_25_1103
DL158,42.20864,-83.35823,0,0,0,2026-02-25T15:04:55Z,ICN,DTW,2026-02-25T13:28:33Z,ICN_DTW_DL_2026_2_25_1020
UA2434,38.14334,-106.92362,36000,446,-64,2026-02-25T15:04:58Z,EWR,LAX,2026-02-25T16:36:16Z,EWR_LAX_UA_2026_2_25_616
DL925,0.47439,-122.30424,0,0,0,2026-02-25T15:04:57Z,ANC,SEA,2026-02-25T13:13:12Z,ANC_SEA_DL_2026_2_25_122
AA246,33.94147,-118.40648,0,0,0,2026-02-25T15:09:57Z,KOA,LAX,2026-02-25T12:34:33Z,KOA_LAX_AA_2026_2_25_748
DL68,47.43858,-122.30391,0,0,0,2026-02-25T15:09:56Z,TPE,SEA,2026-02-25T13:09:28Z,TPE_SEA_DL_2026_2_25_1103
DL158,42.20864,-83.35822,0,0,0,2026-02-25T15:09:59Z,ICN,DTW,2026-02-25T13:28:33Z,ICN_DTW_DL_2026_2_25_1020
UA2434,3.78628,-107.63115,36000,451,0,2026-02-25T15:09:59Z,EWR,LAX,2026-02-25T16:34:08Z,EWR_LAX_UA_2026_2_25_616
DL925,0.47439,-122.30424,0,0,0,2026-02-25T15:09:57Z,ANC,SEA,2026-02-25T13:13:12Z,ANC_SEA_DL_2026_2_25_122
AA246,33.94146,-118.40648,0,0,0,2026-02-25T15:14:56Z,KOA,LAX,2026-02-25T12:34:33Z,KOA_LAX_AA_2026_2_25_748
DL68,47.43859,-122.30391,0,0,0,2026-02-25T15:14:57Z,TPE,SEA,2026-02-25T13:09:28Z,TPE_SEA_DL_2026_2_25_1103
DL158,42.20865,-83.35823,0,0,0,2026-02-25T15:14:57Z,ICN,DTW,2026-02-25T13:28:33Z,ICN_DTW_DL_2026_2_25_1020
UA805,47.83278,155.70515,38000,465,0,2026-02-25T15:14:59Z,SFO,ICN,2026-02-25T19:05:36Z,SFO_ICN_UA_2026_2_25_2
UA2434,37.57677,-108.33642,35975,453,0,2026-02-25T15:14:59Z,EWR,LAX,2026-02-25T16:34:08Z,EWR_LAX_UA_2026_2_25_616
DL925,0.47439,-122.30423,0,0,0,2026-02-25T15:14:56Z,ANC,SEA,2026-02-25T13:13:12Z,ANC_SEA_DL_2026_2_25_122
DL68,47.43859,-122.30391,0,0,0,2026-02-25T15:19:54Z,TPE,SEA,2026-02-25T13:09:28Z,TPE_SEA_DL_2026_2_25_1103
DL158,42.20863,-83.35824,0,0,0,2026-02-25T15:19:55Z,ICN,DTW,2026-02-25T13:28:33Z,ICN_DTW_DL_2026_2_25_1020
UA805,47.64241,154.80574,38000,465,0,2026-02-25T15:19:54Z,SFO,ICN,2026-02-25T19:05:36Z,SFO_ICN_UA_2026_2_25_2
UA2434,37.28732,-10.90344,35975,451,0,2026-02-25T15:19:58Z,EWR,LAX,2026-02-25T16:34:08Z,EWR_LAX_UA_2026_2_25_616
DL925,0.47439,-122.30425,0,0,0,2026-02-25T15:19:56Z,ANC,SEA,2026-02-25T13:13:12Z,ANC_SEA_DL_2026_2_25_122
DL68,47.43859,-122.30391,0,0,0,2026-02-25T15:24:58Z,TPE,SEA,2026-02-25T13:09:28Z,TPE_SEA_DL_2026_2_25_1103
DL158,42.20864,-83.35823,0,0,0,2026-02-25T15:24:59Z,ICN,DTW,2026-02-25T13:28:33Z,ICN_DTW_DL_2026_2_25_1020
UA805,47.46796,153.87962,38000,465,0,2026-02-25T15:24:55Z,SFO,ICN,2026-02-25T19:05:36Z,SFO_ICN_UA_2026_2_25_2
UA2434,36.99092,-109.73355,35975,452,-64,2026-02-25T15:25:00Z,EWR,LAX,2026-02-25T16:36:16Z,EWR_LAX_UA_2026_2_25_616
DL925,0.47439,-122.30424,0,0,0,2026-02-25T15:24:56Z,ANC,SEA,2026-02-25T13:13:12Z,ANC_SEA_DL_2026_2_25_122
DL68,47.43859,-122.30391,0,0,0,2026-02-25T15:29:56Z,TPE,SEA,2026-02-25T13:09:28Z,TPE_SEA_DL_2026_2_25_1103
UA805,46.59056,153.56653,38000,459,0,2026-02-25T15:29:54Z,SFO,ICN,2026-02-25T19:05:36Z,SFO_ICN_UA_2026_2_25_2
UA2434,36.69443,-110.41821,36000,451,-64,2026-02-25T15:29:59Z,EWR,LAX,2026-02-25T16:36:16Z,EWR_LAX_UA_2026_2_25_616
DL925,0.47439,-122.30424,0,0,0,2026-02-25T15:29:56Z,ANC,SEA,2026-02-25T13:13:12Z,ANC_SEA_DL_2026_2_25_122
DL68,47.43858,-122.30391,0,0,0,2026-02-25T15:34:55Z,TPE,SEA,2026-02-25T13:09:28Z,TPE_SEA_DL_2026_2_25_1103
UA2434,36.33607,-111.05547,35975,474,0,2026-02-25T15:34:58Z,EWR,LAX,2026-02-25T16:36:16Z,EWR_LAX_UA_2026_2_25_616
DL68,47.43859,-122.30391,0,0,0,2026-02-25T15:39:54Z,TPE,SEA,2026-02-25T13:09:28Z,TPE_SEA_DL_2026_2_25_1103
UA2434,3.59268,-111.64375,35975,448,0,2026-02-25T15:39:58Z,EWR,LAX,2026-02-25T16:36:16Z,EWR_LAX_UA_2026_2_25_616
DL68,47.43858,-122.30391,0,0,0,2026-02-25T15:44:57Z,TPE,SEA,2026-02-25T13:09:28Z,TPE_SEA_DL_2026_2_25_1103
UA2434,35.91353,-11.23886,35975,441,0,2026-02-25T15:44:59Z,EWR,LAX,2026-02-25T16:38:24Z,EWR_LAX_UA_2026_2_25_616
DL68,47.43858,-122.30391,0,0,0,2026-02-25T15:49:56Z,TPE,SEA,2026-02-25T13:09:28Z,TPE_SEA_DL_2026_2_25_1103
UA2434,3.59518,-113.14316,35975,443,0,2026-02-25T15:50:00Z,EWR,LAX,2026-02-25T16:38:24Z,EWR_LAX_UA_2026_2_25_616
DL68,47.43859,-122.30391,0,0,0,2026-02-25T15:54:57Z,TPE,SEA,2026-02-25T13:09:28Z,TPE_SEA_DL_2026_2_25_1103
UA2434,35.63197,-113.80731,35975,460,0,2026-02-25T15:54:57Z,EWR,LAX,2026-02-25T16:36:16Z,EWR_LAX_UA_2026_2_25_616
DL68,47.43858,-122.30391,0,0,0,2026-02-25T15:59:51Z,TPE,SEA,2026-02-25T13:09:28Z,TPE_SEA_DL_2026_2_25_1103
UA805,44.03222,149.70009,38000,442,0,2026-02-25T15:59:56Z,SFO,ICN,2026-02-25T19:05:36Z,SFO_ICN_UA_2026_2_25_2
UA2434,35.19923,-114.30871,36000,449,0,2026-02-25T15:59:57Z,EWR,LAX,2026-02-25T16:40:32Z,EWR_LAX_UA_2026_2_25_616
