ORIGIN_AIRPORT,DESTINATION_AIRPORT,num_voli,mean_scheduled_time
ABE,ATL,892,130.92937219730942
ABE,DTW,702,104.48575498575498
ABE,ORD,655,131.2
ABI,DFW,2265,56.38896247240618
ABQ,ATL,801,182.4956304619226
ABQ,BWI,505,222.13861386138615
ABQ,CLT,95,205.0
ABQ,DAL,1572,96.96564885496183
ABQ,DEN,1582,80.26991150442478
ABQ,DFW,1767,104.61290322580645
ABQ,HOU,930,118.72043010752688
ABQ,IAH,845,127.58816568047337
ABQ,JFK,271,238.1180811808118
ABQ,LAS,1261,93.34655035685964
ABQ,LAX,1812,122.5126931567329
ABQ,MCI,315,110.84126984126983
ABQ,MCO,99,219.54545454545453
ABQ,MDW,649,163.43605546995377
ABQ,MSP,215,150.87906976744185
ABQ,OAK,795,149.38993710691824
ABQ,ORD,540,169.74444444444444
ABQ,PDX,229,172.86026200873363
ABQ,PHX,2457,77.88848188848189
ABQ,SAN,613,111.5905383360522
ABQ,SEA,407,189.9017199017199
ABQ,SFO,331,162.98791540785498
ABQ,SLC,948,101.14451476793249
ABR,MSP,666,69.76726726726727
ABY,ATL,872,55.512614678899084
ACK,BOS,116,49.741379310344826
ACK,JFK,331,72.43202416918429
ACT,DFW,1563,49.61996161228407
ACV,SFO,1281,73.75409836065573
ACY,ATL,178,123.71348314606742
ACY,BOS,182,70.8076923076923
ACY,DTW,146,109.42465753424658
ACY,FLL,813,155.69864698646987
ACY,MCO,788,142.58375634517768
ACY,MYR,331,89.20845921450152
ACY,ORD,144,148.0
ACY,PBI,153,153.11764705882354
ACY,RSW,480,160.64583333333334
ACY,TPA,330,147.25454545454545
ADK,ANC,90,163.42222222222222
ADQ,ANC,441,50.034013605442176
AEX,ATL,1221,97.51515151515152
AEX,DFW,954,77.39412997903564
AEX,IAH,912,61.93311403508772
AGS,ATL,2347,58.53387302939923
AKL,DFW,1,763.0
AKN,ANC,63,55.0
ALB,ATL,932,164.02682403433477
ALB,BWI,1671,80.79293836026332
ALB,CLT,702,139.73646723646723
ALB,DTW,492,110.14634146341463
ALB,EWR,163,68.50306748466258
ALB,FLL,343,197.8396501457726
ALB,LAS,273,333.93772893772893
ALB,MCO,685,184.5109489051095
ALB,MDW,655,143.1145038167939
ALB,MSP,201,166.7860696517413
ALB,ORD,858,146.4965034965035
ALB,TPA,379,191.93931398416888
ALO,ORD,593,78.73018549747049
AMA,DAL,1199,66.94745621351126
AMA,DEN,557,81.2818671454219
AMA,DFW,1140,73.35
AMA,IAH,885,100.74463276836158
AMA,LAS,331,132.97583081570997
AMS,ATL,1,531.0
AMS,CUN,1,648.0
AMS,IAH,1,603.0
AMS,LAX,1,595.0
AMS,SFO,1,572.0
AMS,SLC,1,587.0
ANC,ADK,91,188.12087912087912
ANC,ADQ,446,57.02466367713004
ANC,AKN,63,59.44444444444444
ANC,ATL,102,419.6764705882353
ANC,BET,885,74.35593220338983
ANC,BRW,186,115.20967741935483
ANC,CDV,330,47.56969696969697
ANC,DEN,407,310.1818181818182
ANC,DFW,118,381.0
ANC,DLG,77,65.0
ANC,FAI,333,55.57957957957958
ANC,HNL,275,371.86545454545455
ANC,IAH,83,407.93975903614455
ANC,JNU,1028,97.30155642023347
ANC,LAS,84,307.29761904761904
ANC,LAX,382,319.9738219895288
ANC,LGB,118,312.4237288135593
ANC,MSP,575,316.0417391304348
ANC,OGG,67,384.35820895522386
ANC,OME,369,92.29810298102981
ANC,ORD,635,365.3842519685039
ANC,OTZ,604,93.19536423841059
ANC,PDX,913,214.03943044906902
ANC,PHX,390,329.5948717948718
ANC,SCC,663,102.77073906485671
ANC,SEA,6362,202.16331342345174
ANC,SFO,171,281.12280701754383
ANC,SLC,98,275.2959183673469
APN,DTW,558,66.38709677419355
ASE,ATL,95,186.38947368421051
ASE,DEN,1044,54.64176245210728
ASE,DFW,299,120.91638795986623
ASE,IAH,394,147.06345177664974
ASE,LAX,734,131.59809264305176
ASE,ORD,590,162.51016949152543
ASE,SFO,196,146.23469387755102
ATL,ABE,897,121.17502787068004
ATL,ABQ,802,207.68952618453866
ATL,ABY,872,51.825688073394495
ATL,ACY,177,113.75141242937853
ATL,AEX,1222,101.62520458265139
ATL,AGS,2351,52.7043811144194
ATL,ALB,932,138.33476394849785
ATL,ANC,102,466.921568627451
ATL,ASE,94,230.14893617021278
ATL,ATW,413,132.57627118644066
ATL,AUS,3147,148.55068319034
ATL,AVL,1845,55.797289972899726
ATL,AVP,323,117.55417956656346
ATL,BDL,2324,142.21342512908777
ATL,BHM,3201,54.78787878787879
ATL,BMI,871,100.4316877152698
ATL,BNA,3213,67.75038904450669
ATL,BOS,4629,155.89328148628212
ATL,BQK,875,66.00114285714285
ATL,BTR,2494,94.61267040898156
ATL,BTV,299,146.91973244147158
ATL,BUF,1564,122.62531969309462
ATL,BWI,5787,112.13374805598755
ATL,BZN,97,256.2886597938144
ATL,CAE,2679,59.497946995147444
ATL,CAK,2036,101.21365422396856
ATL,CHA,2725,47.0645871559633
ATL,CHO,930,90.79569892473118
ATL,CHS,3184,71.11494974874371
ATL,CID,878,129.00341685649204
ATL,CLE,2837,108.08917870990483
ATL,CLT,6278,75.22809812042051
ATL,CMH,3269,94.27286631997553
ATL,COS,305,195.63934426229508
ATL,CRW,1302,80.86482334869432
ATL,CSG,1063,42.681091251175914
ATL,CVG,2372,85.51475548060708
ATL,DAB,1485,79.92929292929293
ATL,DAL,2835,140.5901234567901
ATL,DAY,1301,91.60030745580323
ATL,DCA,6402,105.6098094345517
ATL,DEN,4970,203.38732394366198
ATL,DFW,6993,146.16588016588017
ATL,DHN,1252,57.13658146964856
ATL,DSM,924,136.1060606060606
ATL,DTW,4843,118.62254800743341
ATL,ECP,2015,67.10967741935484
ATL,EGE,100,219.36
ATL,ELP,699,204.79685264663806
ATL,EVV,954,82.06184486373165
ATL,EWN,568,83.59683098591549
ATL,EWR,5020,137.90557768924302
ATL,EYW,1419,111.6229739252995
ATL,FAY,1622,76.3138101109741
ATL,FLL,7400,112.03121621621622
ATL,FNT,951,117.6235541535226
ATL,FSD,330,158.88181818181818
ATL,FSM,667,113.11544227886057
ATL,FWA,1062,101.80508474576271
ATL,GNV,2081,71.0778471888515
ATL,GPT,1407,82.90120824449183
ATL,GRB,405,135.07654320987655
ATL,GRK,591,141.9746192893401
ATL,GRR,1287,116.09401709401709
ATL,GSO,2660,76.24323308270677
ATL,GSP,2458,56.248576078112286
ATL,GTR,918,67.99782135076252
ATL,HDN,95,227.14736842105262
ATL,HNL,333,585.3873873873874
ATL,HOU,4039,136.31146323347363
ATL,HPN,1840,135.53152173913043
ATL,HSV,2450,57.683673469387756
ATL,IAD,2615,107.4508604206501
ATL,IAH,3783,136.05656886069258
ATL,ICT,966,140.564182194617
ATL,ILM,1605,80.64797507788163
ATL,IND,3798,93.22116903633491
ATL,JAC,103,247.48543689320388
ATL,JAN,2285,81.10940919037199
ATL,JAX,5099,69.59913708570308
ATL,JFK,1898,143.40885142255004
ATL,LAS,4091,268.8450256660963
ATL,LAX,5651,297.31481153778094
ATL,LEX,2264,73.72349823321555
ATL,LFT,1192,104.76006711409396
ATL,LGA,8062,136.5930290250558
ATL,LIT,1970,97.12893401015228
ATL,LNK,320,150.0625
ATL,MCI,3467,133.19411595038937
ATL,MCO,8176,89.05980919765166
ATL,MDT,951,114.13459516298633
ATL,MDW,4485,119.12084726867336
ATL,MEM,3099,83.86156824782188
ATL,MGM,2191,53.50707439525331
ATL,MHT,331,155.01510574018127
ATL,MIA,5129,116.28114642230454
ATL,MKE,3148,124.9374205844981
ATL,MLB,1328,90.13328313253012
ATL,MLI,757,115.23910171730515
ATL,MLU,1197,94.3984962406015
ATL,MOB,2244,76.25445632798574
ATL,MSN,893,128.3684210526316
ATL,MSP,4706,161.11347216319592
ATL,MSY,5558,95.38377114069809
ATL,MYR,1414,74.2963224893918
ATL,OAJ,1125,80.14933333333333
ATL,OAK,64,334.359375
ATL,OKC,1964,138.0
ATL,OMA,1612,147.75496277915633
ATL,ORD,6417,127.08290478416706
ATL,ORF,2660,97.5748120300752
ATL,PBI,4189,110.40988302697541
ATL,PDX,1087,321.5722171113155
ATL,PHF,1247,98.24218123496391
ATL,PHL,6561,124.6064624295077
ATL,PHX,3646,250.97613823368076
ATL,PIA,891,108.75196408529742
ATL,PIT,3249,102.25700215450908
ATL,PNS,2261,74.23971693940734
ATL,PVD,941,146.2518597236982
ATL,PWM,608,159.8453947368421
ATL,RDU,4694,83.24392841925862
ATL,RIC,3553,94.5054883197298
ATL,ROA,1477,83.17806364251862
ATL,ROC,969,128.30959752321982
ATL,RST,316,147.6993670886076
ATL,RSW,3911,102.22833035029404
ATL,SAN,2045,283.9349633251834
ATL,SAT,2856,155.47934173669466
ATL,SAV,3129,64.54426334292106
ATL,SBN,1110,111.41531531531531
ATL,SDF,2728,81.50586510263929
ATL,SEA,2670,327.3501872659176
ATL,SFO,3121,320.6404998397949
ATL,SGF,1288,112.78183229813665
ATL,SHV,2017,109.69013386217154
ATL,SJC,275,314.0109090909091
ATL,SJU,1418,212.7990126939351
ATL,SLC,2543,249.30633110499411
ATL,SMF,555,308.772972972973
ATL,SNA,965,290.1139896373057
ATL,SRQ,1929,91.50336962156558
ATL,STL,3516,103.03270762229806
ATL,STT,632,218.9509493670886
ATL,SYR,962,131.97401247401248
ATL,TLH,2094,66.14278892072588
ATL,TPA,7054,86.14077119364899
ATL,TRI,1918,64.11105318039624
ATL,TTN,322,118.3416149068323
ATL,TUL,1514,126.17173051519154
ATL,TUS,617,240.86223662884927
ATL,TYS,1704,54.02582159624413
ATL,VLD,928,61.0948275862069
ATL,VPS,2194,73.02278942570648
ATL,XNA,1568,115.44770408163265
ATW,ATL,415,134.92530120481928
ATW,DTW,474,79.32911392405063
ATW,MSP,518,69.72200772200772
ATW,ORD,1373,61.674435542607426
AUS,ATL,3155,130.58700475435816
AUS,BNA,626,117.66773162939297
AUS,BOS,397,225.05037783375315
AUS,BWI,633,189.46287519747236
AUS,CLT,421,155.41567695961996
AUS,DAL,3842,56.13092139510672
AUS,DCA,331,183.71601208459214
AUS,DEN,2841,135.89545934530096
AUS,DFW,4578,67.33988641328091
AUS,DTW,317,174.8832807570978
AUS,ELP,862,96.14269141531322
AUS,EWR,932,220.84442060085837
AUS,FLL,787,156.2287166454892
AUS,HOU,1305,51.019157088122604
AUS,HRL,325,62.0
AUS,IAD,109,190.88990825688074
AUS,IAH,2054,59.024829600778965
AUS,JFK,1564,219.9309462915601
AUS,LAS,1182,177.43147208121826
AUS,LAX,2577,200.47458284827317
AUS,LBB,314,70.0
AUS,LGB,473,185.46723044397464
AUS,MCO,995,148.32060301507536
AUS,MDW,872,153.85321100917432
AUS,MIA,206,163.54368932038835
AUS,MSP,124,165.2016129032258
AUS,MSY,341,79.48680351906158
AUS,OAK,334,236.03293413173654
AUS,ORD,2245,163.09977728285077
AUS,PDX,99,258.24242424242425
AUS,PHL,266,203.68045112781954
AUS,PHX,1574,149.3831003811944
AUS,SAN,627,182.82296650717703
AUS,SEA,459,261.34204793028323
AUS,SFO,2040,235.6156862745098
AUS,SJC,601,232.45424292845257
AUS,SLC,586,176.8532423208191
AUS,SNA,156,187.6602564102564
AUS,STL,156,118.0448717948718
AUS,TPA,337,134.2433234421365
AVL,ATL,1838,63.27856365614799
AVL,EWR,165,113.18787878787879
AVL,ORD,698,115.30945558739255
AVP,ATL,326,133.27914110429447
AVP,DTW,468,100.28632478632478
AVP,EWR,53,57.35849056603774
AVP,ORD,490,130.77142857142857
AZO,DTW,371,58.24797843665768
AZO,MSP,115,102.05217391304348
AZO,ORD,1268,61.3801261829653
BDL,ATL,2318,160.31147540983608
BDL,BWI,2177,76.93385392742306
BDL,CLE,130,98.65384615384616
BDL,CLT,1605,130.1183800623053
BDL,DCA,653,87.85604900459418
BDL,DEN,344,268.4593023255814
BDL,DFW,623,246.2263242375602
BDL,DTW,1355,117.65830258302583
BDL,EWR,463,66.37365010799137
BDL,FLL,933,192.18220793140406
BDL,IAD,163,87.43558282208589
BDL,LAS,267,339.2696629213483
BDL,MCO,1650,177.3309090909091
BDL,MDW,862,150.28422273781902
BDL,MIA,372,195.51075268817203
BDL,MSP,845,178.6094674556213
BDL,ORD,1451,159.03376981392142
BDL,PBI,337,179.88427299703264
BDL,RDU,177,107.62711864406779
BDL,RSW,389,200.62210796915167
BDL,SJU,453,229.7086092715232
BDL,TPA,949,184.82929399367757
BET,ANC,886,66.43453724604966
BFL,DEN,606,147.33168316831683
BFL,IAH,481,205.16008316008316
BFL,PHX,870,92.72528735632184
BFL,SFO,647,77.82843894899537
BGM,DTW,260,92.78461538461538
BGR,DTW,313,137.4664536741214
BGR,LGA,53,101.15094339622641
BHM,ATL,3200,65.816875
BHM,BWI,584,117.00342465753425
BHM,DAL,681,111.76945668135096
BHM,DEN,328,183.5640243902439
BHM,DFW,601,129.24792013311148
BHM,DTW,581,125.00344234079174
BHM,HOU,609,113.28407224958949
BHM,IAH,1567,116.36375239310784
BHM,LAS,334,249.46107784431138
BHM,LGA,459,149.02832244008715
BHM,MCO,660,89.6969696969697
BHM,MDW,620,110.80645161290323
BHM,MIA,539,115.91465677179963
BHM,ORD,993,126.75528700906344
BHM,TPA,625,83.064
BIL,DEN,1098,91.99180327868852
BIL,MSP,643,117.3452566096423
BIL,SLC,1057,83.34247871333964
BIS,DEN,1264,104.03955696202532
BIS,DFW,325,172.52
BIS,MSP,1490,82.70604026845638
BIS,ORD,325,135.96
BJI,MSP,666,64.506006006006
BLI,HNL,156,380.93589743589746
BLI,LAS,217,149.963133640553
BLI,OGG,89,389.40449438202245
BLI,SEA,246,40.959349593495936
BMI,ATL,867,96.45444059976931
BMI,DFW,638,136.93260188087774
BMI,DTW,136,84.30882352941177
BMI,MSP,69,95.1304347826087
BMI,ORD,910,58.12197802197802
BNA,ATL,3214,72.411947728687
BNA,AUS,619,134.1437802907916
BNA,BOS,633,145.2527646129542
BNA,BWI,1849,102.06327744726879
BNA,CHS,346,83.121387283237
BNA,CLE,790,84.04430379746836
BNA,CLT,1280,80.403125
BNA,CMH,633,70.35545023696683
BNA,CVG,306,70.7843137254902
BNA,DAL,894,118.50111856823266
BNA,DCA,965,100.90777202072539
BNA,DEN,1991,175.93269713711703
BNA,DFW,2696,126.13501483679525
BNA,DTW,2033,96.29316281357599
BNA,ECP,591,75.93908629441624
BNA,EWR,1781,132.16956765861875
BNA,FLL,773,130.96377749029753
BNA,HOU,1206,126.84494195688225
BNA,IAH,1287,135.01709401709402
BNA,JAX,896,85.3515625
BNA,JFK,317,146.30283911671924
BNA,LAS,888,246.90315315315314
BNA,LAX,1628,274.73341523341526
BNA,LGA,2351,130.19778817524457
BNA,MCI,1071,97.6937441643324
BNA,MCO,1415,106.80565371024736
BNA,MDW,2025,89.1037037037037
BNA,MIA,52,136.90384615384616
BNA,MSP,985,135.98172588832486
BNA,MSY,1025,91.46829268292683
BNA,OAK,177,286.7231638418079
BNA,ORD,3386,105.98168930891907
BNA,PHL,616,114.35064935064935
BNA,PHX,729,228.15500685871055
BNA,PIT,332,82.68072289156626
BNA,PNS,596,75.53691275167785
BNA,RDU,983,83.44862665310275
BNA,RSW,101,118.41584158415841
BNA,SAN,386,260.71243523316065
BNA,SAT,569,145.00878734622145
BNA,SEA,184,296.9021739130435
BNA,SLC,343,230.25655976676384
BNA,STL,622,67.28295819935691
BNA,TPA,1214,101.88220757825371
BNE,DFW,1,866.0
BOI,DEN,1908,111.14203354297693
BOI,GEG,589,63.20033955857385
BOI,IAH,333,209.93693693693695
BOI,LAS,653,100.260336906585
BOI,LAX,679,135.76288659793815
BOI,MDW,62,195.0
BOI,MSP,702,163.7108262108262
BOI,OAK,659,105.12898330804249
BOI,ORD,529,209.34971644612477
BOI,PDX,61,77.01639344262296
BOI,PHX,1084,120.55535055350553
BOI,SAN,331,130.5226586102719
BOI,SEA,1033,89.01742497579865
BOI,SFO,1380,112.88913043478261
BOI,SLC,1576,67.93083756345177
BOS,ACK,117,46.914529914529915
BOS,ACY,181,73.83977900552486
BOS,ATL,4620,177.5512987012987
BOS,AUS,399,276.09774436090225
BOS,BNA,623,175.52969502407706
BOS,BUF,1227,90.65688671556642
BOS,BWI,4345,95.13026467203683
BOS,CAK,294,113.91156462585035
BOS,CHS,334,147.04790419161677
BOS,CLE,1807,125.03431101272828
BOS,CLT,3536,144.48246606334843
BOS,CMH,215,139.37209302325581
BOS,CVG,276,145.81159420289856
BOS,DAL,114,265.35087719298247
BOS,DCA,7504,96.6741737739872
BOS,DEN,2374,282.0804549283909
BOS,DFW,3017,260.12993039443154
BOS,DTW,3380,134.1423076923077
BOS,EWR,4379,88.18565882621603
BOS,FLL,2159,206.00138953219084
BOS,HOU,911,268.52360043907794
BOS,IAD,2000,101.3005
BOS,IAH,1654,259.60399032648127
BOS,IND,298,165.0503355704698
BOS,JAX,676,173.4689349112426
BOS,JFK,4933,80.05230083113725
BOS,LAS,1015,354.9408866995074
BOS,LAX,4015,388.4876712328767
BOS,LGA,6757,79.49889003995857
BOS,LGB,274,381.7664233576642
BOS,MCI,596,218.3976510067114
BOS,MCO,2827,191.14892111779272
BOS,MDW,1361,167.8802351212344
BOS,MIA,2289,212.64700742682393
BOS,MKE,590,162.83898305084745
BOS,MSP,1798,195.86484983314793
BOS,MSY,330,222.7
BOS,MVY,84,50.833333333333336
BOS,MYR,328,129.1981707317073
BOS,OAK,102,391.3529411764706
BOS,ORD,6431,171.60239465090964
BOS,PBI,1581,195.6495888678052
BOS,PDX,489,378.25562372188136
BOS,PHL,5180,95.89189189189189
BOS,PHX,1413,349.7508846426044
BOS,PIT,1140,107.53684210526316
BOS,RDU,1512,121.80952380952381
BOS,RIC,2247,106.5692033822875
BOS,RSW,1606,213.20610211706102
BOS,SAN,953,384.93704092339976
BOS,SAV,332,157.00301204819277
BOS,SEA,1481,374.5995948683322
BOS,SFO,3837,399.1782642689601
BOS,SJC,206,391.5485436893204
BOS,SJU,1017,237.10914454277287
BOS,SLC,573,330.3752181500873
BOS,SRQ,176,208.76704545454547
BOS,STL,665,190.78195488721803
BOS,STT,203,241.66502463054186
BOS,TPA,1090,200.4348623853211
BPT,DFW,932,76.24678111587983
BQK,ATL,872,70.69495412844037
BQN,EWR,289,237.2491349480969
BQN,FLL,163,151.58282208588957
BQN,JFK,445,232.81348314606743
BQN,MCO,441,172.66666666666666
BRD,MSP,581,52.795180722891565
BRO,DFW,1023,103.31671554252199
BRO,IAH,1279,77.4917904612979
BRW,ANC,325,109.64615384615385
BRW,FAI,326,79.5521472392638
BRW,SCC,180,44.388888888888886
BTM,SLC,654,82.0
BTR,ATL,2494,89.4907778668805
BTR,DFW,2263,90.50861688024746
BTR,IAH,2291,71.71890004364906
BTV,ATL,301,173.18936877076413
BTV,DTW,516,119.10271317829458
BTV,EWR,513,81.30799220272904
BTV,JFK,1004,84.23107569721115
BTV,ORD,525,150.03809523809525
BUF,ATL,1567,133.8691767708998
BUF,BOS,1224,79.88888888888889
BUF,BWI,1784,73.24831838565022
BUF,CLT,1195,115.54225941422594
BUF,DTW,826,75.56658595641646
BUF,EWR,517,84.04448742746615
BUF,FLL,583,189.3327615780446
BUF,JFK,2413,86.42809780356403
BUF,LAS,544,298.85110294117646
BUF,LGA,340,86.10588235294118
BUF,MCO,1518,162.08827404479578
BUF,MDW,946,105.65856236786469
BUF,MSP,197,135.72081218274113
BUF,ORD,1949,110.95741405849154
BUF,PHX,331,295.9214501510574
BUF,RSW,77,183.24675324675326
BUF,TPA,556,168.79496402877697
BUR,DEN,1235,139.2485829959514
BUR,JFK,332,313.3644578313253
BUR,LAS,3034,61.08108108108108
BUR,OAK,3670,70.89373297002724
BUR,PDX,954,134.25262054507337
BUR,PHX,1881,80.99149388623073
BUR,SEA,1011,149.59940652818992
BUR,SFO,1555,84.49967845659164
BUR,SJC,2078,64.65591915303176
BUR,SLC,828,112.0036231884058
BUR,SMF,2086,74.43432406519655
BWI,ABQ,505,260.2772277227723
BWI,ALB,1671,71.3734290843806
BWI,ATL,5790,119.36977547495682
BWI,AUS,622,220.89228295819936
BWI,BDL,2162,69.11655874190565
BWI,BHM,580,127.26724137931035
BWI,BNA,1855,115.91374663072776
BWI,BOS,4339,82.58239225628024
BWI,BUF,1779,67.98201236649803
BWI,CHS,1015,99.70443349753694
BWI,CLE,1177,74.66015293118097
BWI,CLT,3334,88.72735452909419
BWI,CMH,1400,79.75357142857143
BWI,DAL,1078,203.28849721706865
BWI,DAY,687,89.32314410480349
BWI,DEN,1891,245.10787942887362
BWI,DFW,1754,208.31527936145952
BWI,DTW,2401,94.73635985006247
BWI,ECP,209,138.34928229665073
BWI,EWR,236,68.36864406779661
BWI,FLL,3947,156.8249303268305
BWI,FNT,532,93.82518796992481
BWI,GRR,640,105.2421875
BWI,GSP,372,91.46505376344086
BWI,HOU,1049,209.77121067683507
BWI,IAH,988,203.51518218623482
BWI,IND,1012,105.43972332015811
BWI,ISP,1506,63.223771580345286
BWI,JAX,1098,122.75956284153006
BWI,JFK,319,71.25705329153605
BWI,LAS,1708,316.7874707259953
BWI,LAX,1106,346.55786618444847
BWI,LIT,309,157.92880258899677
BWI,MCI,770,169.53896103896105
BWI,MCO,3072,141.33268229166666
BWI,MDW,1918,124.7497393117831
BWI,MEM,387,146.9638242894057
BWI,MHT,2176,79.61626838235294
BWI,MIA,1090,163.74128440366974
BWI,MKE,849,122.87396937573617
BWI,MSP,1035,161.3951690821256
BWI,MSY,822,173.58880778588806
BWI,MYR,201,80.44776119402985
BWI,OAK,322,365.7142857142857
BWI,OKC,329,198.72340425531914
BWI,ORD,2403,133.1960049937578
BWI,ORF,1134,54.060846560846564
BWI,PBI,967,151.48914167528437
BWI,PDX,62,340.0
BWI,PHX,1596,306.9486215538847
BWI,PIT,949,59.13593256059009
BWI,PVD,2460,72.0060975609756
BWI,PWM,983,84.9643947100712
BWI,RDU,1923,68.22932917316693
BWI,ROC,708,70.11299435028249
BWI,RSW,1213,162.62572135201978
BWI,SAN,708,338.09322033898303
BWI,SAT,786,228.03435114503816
BWI,SDF,1115,105.92825112107623
BWI,SEA,694,351.1152737752161
BWI,SFO,291,361.1408934707904
BWI,SJU,621,244.12238325281803
BWI,SLC,989,288.30637007077854
BWI,STL,1200,136.94166666666666
BWI,TPA,2154,147.669452181987
BZN,ATL,97,228.50515463917526
BZN,DEN,856,100.39018691588785
BZN,LAX,140,160.53571428571428
BZN,MSP,688,134.50726744186048
BZN,ORD,245,179.28163265306122
BZN,PDX,115,111.2695652173913
BZN,SEA,115,117.05217391304348
BZN,SFO,182,152.55494505494505
BZN,SLC,1059,77.8356940509915
CAE,ATL,2677,67.25140082181547
CAE,DFW,941,172.82890541976622
CAE,IAD,186,86.89784946236558
CAE,IAH,285,163.2280701754386
CAE,LGA,406,119.1871921182266
CAE,ORD,582,130.4982817869416
CAK,ATL,2032,110.97588582677166
CAK,BOS,295,98.83050847457628
CAK,DCA,269,70.78066914498142
CAK,DEN,271,203.76383763837637
CAK,DTW,188,60.670212765957444
CAK,EWR,117,90.32478632478633
CAK,LGA,491,88.78818737270876
CAK,MCO,544,145.7996323529412
CAK,ORD,1211,87.75557390586292
CAK,RSW,195,162.74358974358975
CAK,TPA,373,147.03753351206436
CDC,SLC,572,59.94580419580419
CDG,DFW,1,591.0
CDG,IAH,1,603.0
CDG,SEA,1,527.0
CDG,SFO,1,623.0
CDV,ANC,326,44.938650306748464
CDV,YAK,327,46.29051987767584
CEC,SFO,176,98.82954545454545
CHA,ATL,2693,53.23579650946899
CHA,DFW,620,137.98870967741937
CHA,DTW,469,107.52025586353945
CHA,ORD,369,112.3360433604336
CHO,ATL,925,99.11243243243243
CHO,LGA,370,77.08108108108108
CHO,ORD,846,122.71394799054373
CHS,ATL,3184,78.01790201005025
CHS,BNA,345,89.8695652173913
CHS,BOS,336,128.35714285714286
CHS,BWI,1010,93.39603960396039
CHS,CLT,195,67.34358974358975
CHS,DAL,132,179.0909090909091
CHS,DCA,640,83.209375
CHS,DFW,241,192.08713692946057
CHS,DTW,282,131.43971631205673
CHS,EWR,1227,120.35452322738386
CHS,HOU,338,163.34319526627218
CHS,IAH,574,166.8170731707317
CHS,JFK,1187,118.9469250210615
CHS,LGA,141,117.53191489361703
CHS,MDW,538,132.35130111524163
CHS,MIA,251,101.28286852589642
CHS,ORD,938,140.3582089552239
CID,ATL,876,120.19406392694064
CID,DEN,801,131.99500624219726
CID,DFW,994,130.30885311871228
CID,DTW,687,95.33333333333333
CID,MSP,710,66.89295774647887
CID,ORD,2600,71.21653846153846
CIU,DTW,600,78.85833333333333
CLD,LAX,637,46.218210361067506
CLE,ATL,2841,113.26469552974305
CLE,BDL,129,87.7984496124031
CLE,BNA,790,97.11392405063292
CLE,BOS,1798,106.00667408231368
CLE,BWI,1168,77.32876712328768
CLE,CLT,1150,99.26782608695652
CLE,DCA,1368,80.44371345029239
CLE,DEN,1236,202.09546925566343
CLE,DFW,1543,179.2696046662346
CLE,DTW,617,57.71312803889789
CLE,EWR,1514,97.32760898282694
CLE,FLL,826,173.10532687651332
CLE,IAD,353,78.86968838526913
CLE,IAH,1145,189.0349344978166
CLE,JFK,290,99.96206896551725
CLE,LAS,1375,274.432
CLE,LAX,803,306.83686176836864
CLE,LGA,2530,97.61620553359684
CLE,MCO,1380,145.73333333333332
CLE,MDW,1790,79.39944134078212
CLE,MIA,254,174.72834645669292
CLE,MKE,756,83.92328042328042
CLE,MSP,747,124.42436412315931
CLE,MYR,169,102.62721893491124
CLE,ORD,4015,90.67696139476962
CLE,PHL,103,84.86407766990291
CLE,PHX,725,271.8151724137931
CLE,RDU,382,86.18586387434554
CLE,RSW,619,167.50242326332796
CLE,SEA,151,292.21854304635764
CLE,SFO,442,325.3868778280543
CLE,STL,481,102.04365904365905
CLE,TPA,534,151.85767790262173
CLL,DFW,1537,60.70917371502928
CLL,IAH,692,42.164739884393065
CLT,ABQ,95,222.76842105263157
CLT,ALB,701,117.87589158345222
CLT,ATL,6279,78.26532887402453
CLT,AUS,422,176.01184834123222
CLT,BDL,1605,114.97009345794393
CLT,BNA,1282,81.9188767550702
CLT,BOS,3534,127.98019241652518
CLT,BUF,1199,99.57714762301919
CLT,BWI,3349,86.7258883248731
CLT,CHS,195,55.728205128205126
CLT,CLE,1152,94.77256944444444
CLT,CVG,83,88.32530120481928
CLT,DAL,114,172.67543859649123
CLT,DCA,2435,79.7305954825462
CLT,DEN,1893,218.6608557844691
CLT,DFW,3995,170.75193992490614
CLT,DTW,3077,108.98537536561587
CLT,EWR,4034,109.762270699058
CLT,FLL,2423,119.01073049938093
CLT,GSO,143,48.13286713286713
CLT,HOU,378,166.52116402116403
CLT,IAH,3569,164.9677780891006
CLT,ILM,162,54.49382716049383
CLT,IND,534,99.4119850187266
CLT,JAX,2080,79.10576923076923
CLT,JFK,2527,109.8781163434903
CLT,LAS,1549,289.91994835377665
CLT,LAX,1955,321.1309462915601
CLT,LGA,3529,108.85548313969963
CLT,MCI,1240,149.4524193548387
CLT,MCO,2950,97.8657627118644
CLT,MDT,123,84.21138211382114
CLT,MDW,625,121.568
CLT,MEM,684,105.7719298245614
CLT,MIA,2965,122.67183811129848
CLT,MSP,2128,165.4765037593985
CLT,MSY,1514,119.46961690885072
CLT,ORD,4573,129.09599825060135
CLT,ORF,599,65.17696160267111
CLT,PBI,1609,110.02548166563082
CLT,PDX,254,337.2244094488189
CLT,PHL,3363,96.40826642878382
CLT,PHX,2838,270.9492600422833
CLT,PIT,2454,83.71067644661777
CLT,PVD,1038,115.60982658959537
CLT,PWM,329,127.98176291793312
CLT,RDU,2111,52.47939365229749
CLT,RIC,1340,63.97910447761194
CLT,ROC,308,103.52922077922078
CLT,RSW,1723,114.93615786419036
CLT,SAN,714,308.1652661064426
CLT,SAT,358,183.1145251396648
CLT,SEA,836,338.78468899521533
CLT,SFO,1815,337.2694214876033
CLT,SGF,113,141.0
CLT,SJU,709,222.75881523272216
CLT,SLC,617,273.1507293354943
CLT,SMF,195,324.65641025641025
CLT,STL,940,118.82978723404256
CLT,STT,362,219.20165745856355
CLT,SYR,591,105.46531302876481
CLT,TPA,2849,100.41874341874342
CLT,TTN,293,97.71672354948805
CMH,ATL,3258,100.02547575199509
CMH,BNA,614,79.89413680781759
CMH,BOS,215,117.46511627906976
CMH,BWI,1406,75.70768136557611
CMH,DAL,237,158.45991561181435
CMH,DCA,292,76.07876712328768
CMH,DEN,884,195.54298642533936
CMH,DFW,1486,169.47375504710632
CMH,DTW,154,68.46103896103897
CMH,EWR,865,106.77225433526011
CMH,FLL,310,165.11290322580646
CMH,IAH,926,176.06695464362852
CMH,JFK,550,109.74
CMH,LAS,621,267.76972624798714
CMH,LAX,585,299.37264957264955
CMH,LGA,1341,101.23564504101417
CMH,MCO,1048,134.83396946564886
CMH,MDW,1814,72.97133406835722
CMH,MIA,586,165.14163822525597
CMH,MSP,469,123.03837953091684
CMH,OAK,114,315.17543859649123
CMH,ORD,3169,88.06153360681603
CMH,PHX,1051,260.2987630827783
CMH,RSW,480,152.75
CMH,STL,589,87.01188455008489
CMH,TPA,674,136.06824925816025
CMI,DFW,326,140.71472392638037
CMI,ORD,1709,66.57811585722645
CMX,ORD,634,91.81072555205047
CNY,SLC,205,69.0
COD,DEN,310,91.37096774193549
COD,SLC,338,75.0
COS,ATL,305,172.92459016393443
COS,DEN,2055,49.194647201946474
COS,DFW,1064,113.19360902255639
COS,IAH,887,137.3675310033822
COS,LAX,642,158.72429906542055
COS,ORD,926,155.93952483801297
COS,SEA,329,183.33434650455928
COS,SLC,593,106.25969645868466
COU,DFW,638,110.02978056426332
COU,ORD,622,84.41157556270096
CPR,DEN,940,67.1404255319149
CPR,SLC,817,84.65483476132191
CRP,DFW,1438,84.3191933240612
CRP,HOU,1240,52.54032258064516
CRP,IAH,2102,62.42959086584206
CRW,ATL,1298,85.93605546995377
CRW,DFW,141,170.05673758865248
CRW,IAH,277,169.985559566787
CRW,MYR,64,69.46875
CRW,ORD,561,94.46167557932264
CSG,ATL,1063,45.444967074317965
CVG,ATL,2368,95.2795608108108
CVG,BNA,348,68.14367816091954
CVG,BOS,280,127.17142857142858
CVG,CLT,85,87.63529411764706
CVG,DEN,871,183.49827784156142
CVG,DFW,2049,158.55148853099072
CVG,DTW,442,70.47511312217195
CVG,EWR,1398,118.00929899856939
CVG,FLL,491,151.06720977596743
CVG,GRR,168,67.79761904761905
CVG,IAD,72,89.16666666666667
CVG,IAH,1080,157.575
CVG,JFK,315,124.02222222222223
CVG,LAS,644,250.43944099378882
CVG,LAX,533,289.17636022514074
CVG,LGA,100,118.23
CVG,MCI,72,109.22222222222223
CVG,MCO,889,127.533183352081
CVG,MEM,107,92.26168224299066
CVG,MIA,605,155.9702479338843
CVG,MKE,348,80.07183908045977
CVG,MSP,381,121.19160104986877
CVG,ORD,3964,81.42381432896065
CVG,PHX,98,244.07142857142858
CVG,RSW,420,141.87857142857143
CVG,SEA,132,286.9469696969697
CVG,SFO,231,299.14285714285717
CVG,SLC,521,231.05374280230328
CVG,TPA,314,126.93630573248407
CVG,XNA,185,111.27027027027027
CWA,ORD,1352,73.79955621301775
DAB,ATL,1486,89.00336473755047
DAL,ABQ,1562,106.75416133162612
DAL,AMA,1201,70.70774354704413
DAL,ATL,2853,126.2429022082019
DAL,AUS,3851,52.18254998701636
DAL,BHM,680,92.78676470588235
DAL,BNA,893,101.494960806271
DAL,BOS,114,209.64912280701753
DAL,BWI,1082,173.71072088724583
DAL,CHS,131,150.0763358778626
DAL,CLT,114,147.14912280701753
DAL,CMH,237,138.83966244725738
DAL,DCA,2476,165.9903069466882
DAL,DEN,1489,124.24110141034251
DAL,DTW,113,155.0
DAL,ECP,152,112.59868421052632
DAL,ELP,1274,102.43720565149137
DAL,FLL,858,160.36713286713288
DAL,HOU,6111,63.514972999509084
DAL,IAH,468,66.60042735042735
DAL,ICT,590,70.33050847457628
DAL,IND,237,122.44725738396625
DAL,LAS,1425,174.23157894736843
DAL,LAX,2465,196.4766734279919
DAL,LBB,1548,64.99354005167959
DAL,LGA,2504,196.2523961661342
DAL,LIT,1009,62.254707631318134
DAL,MAF,1488,69.22379032258064
DAL,MCI,2151,85.63458856345886
DAL,MCO,1010,149.46039603960395
DAL,MDW,1952,131.62909836065575
DAL,MEM,464,83.51293103448276
DAL,MKE,238,137.62605042016807
DAL,MSY,2385,79.25157232704403
DAL,OAK,591,228.57021996615904
DAL,OKC,934,50.0
DAL,OMA,114,105.0
DAL,PDX,237,241.47679324894514
DAL,PHL,114,187.32456140350877
DAL,PHX,1456,153.91826923076923
DAL,PIT,113,155.0
DAL,RDU,114,152.32456140350877
DAL,SAN,718,185.96100278551532
DAL,SAT,3011,61.92128860843574
DAL,SEA,343,252.5801749271137
DAL,SFO,1314,226.6704718417047
DAL,SJC,295,222.88135593220338
DAL,SLC,114,167.67543859649123
DAL,SMF,237,219.873417721519
DAL,SNA,534,190.42134831460675
DAL,STL,2088,95.45498084291188
DAL,TPA,670,137.6865671641791
DAL,TUL,936,56.89636752136752
DAY,ATL,1302,104.54377880184332
DAY,BWI,687,83.36972343522562
DAY,DEN,428,183.59579439252337
DAY,DFW,919,161.56692056583242
DAY,DTW,382,67.18586387434554
DAY,EWR,725,108.28965517241379
DAY,LGA,378,114.19047619047619
DAY,MCO,345,137.44927536231884
DAY,MSP,599,119.64106844741235
DAY,ORD,2599,75.92651019622932
DAY,TPA,117,131.53846153846155
DBQ,ORD,894,63.56711409395973
DCA,ATL,6392,117.9037859824781
DCA,AUS,330,219.78787878787878
DCA,BDL,653,80.06278713629403
DCA,BNA,962,113.34511434511434
DCA,BOS,7506,86.83639754862776
DCA,CAK,263,74.50570342205323
DCA,CHS,645,98.57984496124031
DCA,CLE,1366,83.20497803806735
DCA,CLT,2473,89.38536190861302
DCA,CMH,290,82.03448275862068
DCA,DAL,2464,201.50243506493507
DCA,DEN,1313,237.4889565879665
DCA,DFW,3130,208.38019169329073
DCA,DTW,1701,94.79482657260435
DCA,EWR,1415,73.77879858657244
DCA,FLL,2451,157.62872297021624
DCA,HOU,1230,208.46260162601627
DCA,IAH,2010,204.99900497512436
DCA,IND,702,106.26780626780626
DCA,JAX,666,122.91591591591592
DCA,JFK,919,81.16322089227421
DCA,LAS,325,321.1723076923077
DCA,LAX,995,355.8140703517588
DCA,LGA,4058,82.01256776737308
DCA,MCI,633,170.32069510268562
DCA,MCO,3321,143.02288467329117
DCA,MDW,2775,125.2190990990991
DCA,MIA,2946,164.0600814663951
DCA,MKE,955,124.52879581151832
DCA,MSP,1649,163.98544572468163
DCA,MSY,701,170.25249643366618
DCA,ORD,5775,130.8687445887446
DCA,PBI,967,153.48914167528437
DCA,PDX,334,355.3502994011976
DCA,PHL,101,67.07920792079207
DCA,PHX,970,304.1556701030928
DCA,RSW,804,158.82089552238807
DCA,SEA,657,352.81430745814305
DCA,SFO,659,367.32928679817906
DCA,SJU,333,225.87087087087087
DCA,SLC,629,285.29888712241655
DCA,STL,960,134.35104166666667
DCA,TPA,2666,145.01012753188297
DEN,ABQ,1645,76.92036474164134
DEN,AMA,555,74.33513513513513
DEN,ANC,418,341.94736842105266
DEN,ASE,1041,47.886647454370795
DEN,ATL,5068,174.48145224940805
DEN,AUS,2936,125.64611716621253
DEN,BDL,340,217.96470588235294
DEN,BFL,601,153.49251247920134
DEN,BHM,330,158.13939393939393
DEN,BIL,1100,92.85727272727273
DEN,BIS,1267,97.96606156274665
DEN,BNA,2058,149.13751214771622
DEN,BOI,1939,120.78133058277463
DEN,BOS,2381,233.81310373792525
DEN,BUR,1247,149.40497193263832
DEN,BWI,1885,202.69761273209548
DEN,BZN,856,105.08644859813084
DEN,CAK,272,168.69485294117646
DEN,CID,666,114.35135135135135
DEN,CLE,1363,173.0300807043287
DEN,CLT,1888,192.19385593220338
DEN,CMH,694,165.9092219020173
DEN,COD,306,87.66339869281046
DEN,COS,2036,41.07514734774067
DEN,CPR,939,64.3929712460064
DEN,CUN,1,191.0
DEN,CVG,966,156.23498964803312
DEN,DAL,1469,114.00272294077604
DEN,DAY,485,153.7958762886598
DEN,DCA,1315,197.8403041825095
DEN,DFW,6069,117.00790904597133
DEN,DIK,332,98.73795180722891
DEN,DRO,562,68.81138790035587
DEN,DSM,965,100.72124352331606
DEN,DTW,2663,167.41945174615097
DEN,ELP,916,108.08187772925764
DEN,EUG,624,173.50641025641025
DEN,EWR,2566,224.3597038191738
DEN,FAR,1217,113.14543960558751
DEN,FAT,1002,144.8243512974052
DEN,FCA,769,137.32899869960988
DEN,FLL,1211,227.53509496284062
DEN,FSD,1304,92.49156441717791
DEN,GCC,630,81.24126984126984
DEN,GEG,1330,142.65714285714284
DEN,GJT,451,61.3059866962306
DEN,GRR,693,149.03896103896105
DEN,GSO,133,188.18045112781954
DEN,GTF,762,117.99475065616798
DEN,GUC,265,57.50188679245283
DEN,HDN,92,54.43478260869565
DEN,HLN,331,112.5558912386707
DEN,HNL,333,445.9009009009009
DEN,HOU,1754,140.55302166476625
DEN,HSV,145,151.4896551724138
DEN,HYS,564,74.59042553191489
DEN,IAD,3148,198.84116899618806
DEN,IAH,4801,140.90147885857112
DEN,ICT,831,83.51744885679904
DEN,IDA,897,99.07803790412486
DEN,IND,1882,142.7221041445271
DEN,ISN,1140,109.63245614035088
DEN,JAC,938,88.51599147121536
DEN,JAX,338,191.92307692307693
DEN,JFK,815,225.54233128834355
DEN,JMS,515,112.26601941747573
DEN,KOA,86,457.43023255813955
DEN,LAR,564,53.086879432624116
DEN,LAS,6234,114.38787295476419
DEN,LAX,5658,149.9245316366207
DEN,LBB,595,87.37983193277311
DEN,LFT,180,164.60555555555555
DEN,LGA,3233,227.04701515620167
DEN,LIT,617,126.15072933549433
DEN,LNK,757,83.73844121532365
DEN,MAF,1072,103.38432835820896
DEN,MCI,2090,93.83014354066985
DEN,MCO,2894,210.67484450587423
DEN,MDW,2674,138.9973821989529
DEN,MEM,689,137.38171262699564
DEN,MFR,518,166.55405405405406
DEN,MIA,1338,228.93273542600897
DEN,MKE,2028,138.10059171597632
DEN,MLI,186,122.41935483870968
DEN,MOT,1011,111.9297725024728
DEN,MSN,712,128.0884831460674
DEN,MSO,561,127.32442067736186
DEN,MSP,5481,116.12461229702609
DEN,MSY,1549,153.770819883796
DEN,MTJ,452,58.5929203539823
DEN,OAK,1232,159.46428571428572
DEN,OGG,172,452.22093023255815
DEN,OKC,1780,92.16292134831461
DEN,OMA,2034,84.97443461160276
DEN,ONT,1152,139.4609375
DEN,ORD,5516,147.252538071066
DEN,PBI,74,219.22972972972974
DEN,PDX,3428,166.44515752625438
DEN,PHL,2108,213.06451612903226
DEN,PHX,7177,114.35404765222238
DEN,PIT,997,178.70812437311935
DEN,PSC,696,151.8117816091954
DEN,PSP,983,138.95422177009155
DEN,PUB,256,49.1484375
DEN,RAP,582,71.55326460481099
DEN,RDM,472,159.38771186440678
DEN,RDU,900,195.38
DEN,RKS,620,72.48064516129033
DEN,RNO,1366,139.89385065885799
DEN,RSW,383,214.2140992167102
DEN,SAF,289,68.83737024221453
DEN,SAN,3900,142.08897435897435
DEN,SAT,1720,127.72209302325581
DEN,SBA,645,158.14263565891474
DEN,SDF,589,150.40067911714772
DEN,SEA,5117,173.23509869063903
DEN,SFO,5331,162.71862689926843
DEN,SGF,601,109.12479201331115
DEN,SGU,582,104.48969072164948
DEN,SHV,314,130.30254777070064
DEN,SJC,2106,159.0118708452042
DEN,SLC,5833,89.97925595748329
DEN,SMF,2387,155.95224130708002
DEN,SNA,3330,143.43483483483485
DEN,STL,1830,118.09945355191257
DEN,SUN,110,110.9
DEN,TPA,1578,201.7591888466413
DEN,TUL,1474,95.34667571234735
DEN,TUS,1850,120.73351351351351
DEN,TYS,279,163.74551971326164
DEN,XNA,361,110.55124653739612
DFW,ABI,2258,52.979185119574844
DFW,ABQ,1769,113.04070096099491
DFW,ACT,1565,43.73929712460064
DFW,AEX,956,68.42991631799163
DFW,AMA,1150,72.74695652173914
DFW,ANC,119,412.890756302521
DFW,ASE,309,131.0032362459547
DFW,ATL,7008,128.15182648401827
DFW,AUS,4576,60.09222027972028
DFW,BDL,631,207.72900158478606
DFW,BHM,604,102.15728476821192
DFW,BIS,331,165.0453172205438
DFW,BMI,637,119.2072213500785
DFW,BNA,2702,108.04922279792746
DFW,BOS,3008,218.34640957446808
DFW,BPT,937,70.34685165421558
DFW,BRO,1031,97.46459747817653
DFW,BTR,2273,80.95864496260448
DFW,BWI,1758,178.99829351535837
DFW,CAE,944,142.88771186440678
DFW,CHA,625,119.224
DFW,CHS,243,146.6008230452675
DFW,CID,992,120.68548387096774
DFW,CLE,1544,157.64378238341968
DFW,CLL,1544,55.487046632124354
DFW,CLT,3981,150.16679226325044
DFW,CMH,1486,148.2900403768506
DFW,CMI,326,122.08895705521472
DFW,COS,1064,117.96710526315789
DFW,COU,644,97.86645962732919
DFW,CRP,1434,80.9602510460251
DFW,CRW,141,137.79432624113474
DFW,CVG,2055,135.5493917274939
DFW,DAY,920,138.71521739130435
DFW,DCA,3121,174.58186478692727
DFW,DEN,5993,126.04555314533623
DFW,DRO,790,127.87594936708861
DFW,DSM,833,112.30372148859544
DFW,DTW,2618,159.78456837280368
DFW,EGE,423,139.91016548463358
DFW,ELP,1342,106.57377049180327
DFW,EVV,354,114.68079096045197
DFW,EWR,2450,204.49591836734695
DFW,FAR,363,164.08264462809916
DFW,FAT,610,214.37377049180327
DFW,FLL,2668,166.64992503748127
DFW,FSD,339,126.89085545722713
DFW,FSM,1265,62.094861660079054
DFW,FWA,637,140.1177394034537
DFW,GCK,646,89.00773993808049
DFW,GGG,624,52.34134615384615
DFW,GJT,840,140.7
DFW,GPT,915,96.38360655737705
DFW,GRI,620,112.18548387096774
DFW,GRK,2540,52.144488188976375
DFW,GRR,741,148.25371120107962
DFW,GSO,506,150.28458498023716
DFW,GSP,472,138.72033898305085
DFW,GUC,125,128.664
DFW,HDN,134,141.41044776119404
DFW,HNL,696,510.2557471264368
DFW,HOU,1530,71.78692810457517
DFW,HSV,278,107.28776978417267
DFW,IAD,1286,174.6936236391913
DFW,IAH,3930,70.46972010178116
DFW,ICT,784,81.34566326530613
DFW,IND,1571,128.31126670910248
DFW,JAC,367,172.5558583106267
DFW,JAN,2230,83.20089686098655
DFW,JAX,1243,142.0901045856798
DFW,JFK,554,221.65162454873646
DFW,JLN,651,78.53917050691244
DFW,LAS,4248,178.14218455743878
DFW,LAW,1268,53.37854889589905
DFW,LAX,6564,204.47699573430836
DFW,LBB,688,69.74854651162791
DFW,LCH,758,74.61477572559367
DFW,LEX,751,131.67376830892144
DFW,LFT,1573,79.51875397329943
DFW,LGA,4396,203.25341219290263
DFW,LIT,1280,71.75234375
DFW,LRD,1252,85.13019169329074
DFW,MAF,1107,73.06142728093947
DFW,MCI,2524,95.19492868462757
DFW,MCO,3785,153.20501981505944
DFW,MEI,568,94.45422535211267
DFW,MEM,851,92.21269095182139
DFW,MFE,1423,95.73576950105411
DFW,MGM,953,107.22560335781742
DFW,MHK,968,90.75
DFW,MIA,3641,168.21532546003846
DFW,MKE,991,143.9364278506559
DFW,MLI,911,120.18002195389681
DFW,MLU,936,70.3707264957265
DFW,MOB,936,99.5844017094017
DFW,MSN,906,135.47240618101546
DFW,MSP,2543,145.22178529296107
DFW,MSY,2598,87.89799846035412
DFW,MTJ,94,135.0531914893617
DFW,MYR,62,156.1290322580645
DFW,OAK,333,226.64264264264264
DFW,OGG,499,497.5490981963928
DFW,OKC,2650,60.345283018867924
DFW,OMA,1339,108.32337565347274
DFW,ONT,1421,192.11330049261085
DFW,ORD,7731,144.57599275643514
DFW,ORF,624,174.64743589743588
DFW,PBI,837,162.59378733572282
DFW,PDX,1816,245.70374449339207
DFW,PHL,3564,193.5266554433221
DFW,PHX,4107,157.72266861456052
DFW,PIA,912,117.4484649122807
DFW,PIT,1410,161.9241134751773
DFW,PNS,1130,106.17079646017699
DFW,PSP,712,186.85533707865167
DFW,RAP,505,147.74851485148514
DFW,RDU,1587,159.63768115942028
DFW,RIC,793,169.43505674653215
DFW,RNO,737,213.27951153324287
DFW,ROW,936,93.44123931623932
DFW,RSW,1147,151.56059285091544
DFW,SAF,953,111.26442812172088
DFW,SAN,3259,186.96379257440933
DFW,SAT,4637,69.08798792322622
DFW,SAV,706,144.5155807365439
DFW,SDF,291,121.68384879725086
DFW,SEA,3513,259.40307429547397
DFW,SFO,4498,234.6140506891952
DFW,SGF,2172,80.71086556169429
DFW,SHV,2210,59.56923076923077
DFW,SJC,1496,227.5922459893048
DFW,SJT,1579,62.068397720076
DFW,SJU,585,279.95726495726495
DFW,SLC,2955,169.34822335025382
DFW,SMF,1311,229.09992372234936
DFW,SNA,2841,195.6237240408307
DFW,SPI,570,112.30526315789474
DFW,SPS,1197,52.514619883040936
DFW,STL,2501,101.71291483406637
DFW,TLH,645,128.0046511627907
DFW,TPA,2477,143.25433992733144
DFW,TUL,2594,67.3384734001542
DFW,TUS,2162,144.29324699352452
DFW,TXK,941,55.278427205100954
DFW,TYR,1562,47.738156209987196
DFW,TYS,1598,122.79474342928661
DFW,VPS,1706,115.36928487690504
DFW,XNA,2162,68.2377428307123
DHN,ATL,1246,57.35553772070626
DIK,DEN,335,108.63582089552239
DIK,MSP,590,97.88983050847457
DLG,ANC,77,70.0
DLH,MSP,610,60.12786885245902
DLH,ORD,1070,96.24485981308412
DRO,DEN,560,69.62857142857143
DRO,DFW,788,120.07868020304568
DRO,PHX,687,80.69723435225619
DSM,ATL,925,127.54486486486486
DSM,DEN,1142,118.23292469352015
DSM,DFW,837,124.4599761051374
DSM,DTW,186,106.59139784946237
DSM,EWR,186,157.247311827957
DSM,IAH,503,148.93836978131213
DSM,LAS,333,193.16816816816817
DSM,MDW,633,74.6998420221169
DSM,MSP,238,64.73109243697479
DSM,ORD,2948,83.39145183175035
DSM,PHX,203,185.935960591133
DSM,SLC,74,164.05405405405406
DTW,ABE,697,88.04017216642755
DTW,ACY,145,88.63448275862069
DTW,ALB,495,93.49292929292929
DTW,APN,557,70.245960502693
DTW,ATL,4842,121.91036761668732
DTW,ATW,487,83.8870636550308
DTW,AUS,247,194.76113360323887
DTW,AVP,467,83.20985010706639
DTW,AZO,366,53.486338797814206
DTW,BDL,1347,101.29101707498144
DTW,BGM,260,81.66923076923077
DTW,BGR,310,120.91290322580645
DTW,BHM,584,119.35616438356165
DTW,BMI,136,82.1470588235294
DTW,BNA,1979,98.69429004547752
DTW,BOS,3391,113.3370687112946
DTW,BTV,519,102.89210019267823
DTW,BUF,794,68.64609571788414
DTW,BWI,2399,94.05794080867028
DTW,CAK,189,57.73015873015873
DTW,CHA,438,105.72602739726027
DTW,CHS,282,131.71985815602838
DTW,CID,724,100.48895027624309
DTW,CIU,599,76.72954924874792
DTW,CLE,674,54.602373887240354
DTW,CLT,3073,109.82850634559063
DTW,CMH,160,60.43125
DTW,CVG,391,70.32480818414322
DTW,DAL,115,177.69565217391303
DTW,DAY,413,62.27845036319613
DTW,DCA,1691,90.74039030159669
DTW,DEN,2679,192.6334453154162
DTW,DFW,2609,178.50134151015715
DTW,DSM,218,117.30733944954129
DTW,ELM,1421,71.100633356791
DTW,ERI,101,62.07920792079208
DTW,ESC,559,82.59928443649373
DTW,EVV,767,86.42894393741851
DTW,EWR,2113,105.95314718409844
DTW,FLL,2619,181.10652920962198
DTW,FWA,996,55.60341365461847
DTW,GRB,653,79.48085758039817
DTW,GRR,1341,52.7158836689038
DTW,GSO,404,100.33910891089108
DTW,GSP,222,105.5945945945946
DTW,HPN,139,105.99280575539568
DTW,HSV,89,113.11235955056179
DTW,IAD,693,91.04040404040404
DTW,IAH,1992,187.3870481927711
DTW,IND,803,70.39227895392278
DTW,JAX,233,139.16309012875536
DTW,JFK,300,115.98
DTW,LAN,432,47.807870370370374
DTW,LAS,2929,266.2164561283715
DTW,LAX,2000,304.6065
DTW,LEX,496,77.8225806451613
DTW,LGA,4308,105.67246982358402
DTW,LIT,277,133.0072202166065
DTW,MBS,432,51.6087962962963
DTW,MCI,1419,125.65468639887244
DTW,MCO,2632,156.75493920972644
DTW,MDT,524,84.05343511450381
DTW,MDW,2760,73.59492753623188
DTW,MEM,443,120.30699774266365
DTW,MHT,372,108.04838709677419
DTW,MIA,1197,187.8421052631579
DTW,MKE,1720,74.23023255813953
DTW,MLI,215,94.43255813953489
DTW,MSN,1419,77.02607470049331
DTW,MSP,2643,114.65418085508891
DTW,MSY,980,158.0734693877551
DTW,MYR,384,112.2578125
DTW,OKC,324,159.53086419753086
DTW,OMA,648,127.71296296296296
DTW,ORD,4166,82.18963034085454
DTW,ORF,533,109.33395872420263
DTW,PBI,363,176.27548209366392
DTW,PDX,223,292.0269058295964
DTW,PHL,1974,102.39057750759878
DTW,PHX,2707,261.05578130772074
DTW,PIA,366,84.72677595628416
DTW,PIT,623,64.92616372391653
DTW,PLN,738,71.0
DTW,PVD,790,110.27341772151898
DTW,PWM,517,112.5009671179884
DTW,RDU,926,102.40820734341253
DTW,RIC,871,97.02985074626865
DTW,ROC,302,76.33774834437087
DTW,RSW,1610,173.63726708074535
DTW,SAN,707,291.83026874115984
DTW,SAT,456,203.23684210526315
DTW,SAV,158,125.30379746835443
DTW,SBN,1294,60.26816074188562
DTW,SCE,210,75.94761904761904
DTW,SDF,77,82.7012987012987
DTW,SEA,1894,294.08922914466734
DTW,SFO,1307,313.14307574598314
DTW,SLC,1386,237.44805194805195
DTW,SRQ,75,176.12
DTW,STL,1330,100.46691729323308
DTW,SYR,257,82.1284046692607
DTW,TPA,2127,158.9106723084156
DTW,TTN,217,93.49308755760369
DTW,TUL,225,146.3022222222222
DTW,TVC,754,68.01193633952255
DTW,TYS,66,94.78787878787878
DVL,DEN,228,121.44736842105263
DVL,JMS,256,41.7421875
DXB,DFW,1,923.0
DXB,EWR,1,894.0
DXB,IAD,1,848.0
DXB,YUL,1,804.0
EAU,ORD,645,78.9984496124031
ECP,ATL,2017,72.73326722855727
ECP,BNA,590,79.54237288135593
ECP,BWI,208,130.96153846153845
ECP,DAL,152,127.36842105263158
ECP,HOU,490,114.18367346938776
ECP,IAH,532,117.87406015037594
ECP,STL,164,105.97560975609755
EGE,ATL,97,183.24742268041237
EGE,DFW,423,127.39243498817967
EGE,EWR,107,243.15887850467288
EGE,IAH,133,153.28571428571428
EGE,JFK,107,250.8785046728972
EGE,LAX,105,133.52380952380952
EGE,MIA,124,244.33064516129033
EGE,ORD,103,158.83495145631068
EKO,SLC,522,54.23371647509578
ELM,DTW,1416,82.47810734463278
ELM,ORD,591,123.31302876480541
ELP,ATL,698,183.56876790830947
ELP,AUS,860,88.84302325581395
ELP,DAL,1264,95.99287974683544
ELP,DEN,866,113.78175519630484
ELP,DFW,1339,105.66392830470501
ELP,HOU,915,108.53551912568307
ELP,IAH,1583,117.14276689829438
ELP,LAS,650,107.79230769230769
ELP,LAX,911,128.36772777167948
ELP,ORD,559,184.80858676207512
ELP,PHX,1447,77.9239806496199
ELP,SAT,786,83.74045801526718
ERI,DTW,101,69.03960396039604
ERI,ORD,619,95.61873990306947
ESC,DTW,557,76.99640933572711
EUG,DEN,622,158.40836012861737
EUG,LAX,509,135.37524557956777
EUG,SFO,1831,96.29382850901148
EUG,SLC,624,110.53365384615384
EVV,ATL,952,84.38025210084034
EVV,DFW,350,132.5742857142857
EVV,DTW,767,86.63494132985659
EVV,ORD,1678,86.25625744934446
EWN,ATL,570,93.26140350877193
EWR,ALB,164,64.98780487804878
EWR,AMA,1,239.0
EWR,ATL,5025,152.59661691542289
EWR,AUS,914,250.60722100656454
EWR,AVL,169,116.42603550295858
EWR,AVP,52,54.26923076923077
EWR,BDL,428,56.27803738317757
EWR,BNA,1873,150.42445274959957
EWR,BOS,4363,72.62846665138666
EWR,BQN,288,232.22569444444446
EWR,BTV,542,75.54981549815498
EWR,BUF,511,82.9706457925636
EWR,BWI,236,67.52118644067797
EWR,BZN,1,269.0
EWR,CAK,114,99.82456140350877
EWR,CHS,1226,127.56769983686786
EWR,CLE,1562,102.09282970550576
EWR,CLT,4059,117.53239714215324
EWR,CMH,881,110.02043132803632
EWR,CVG,1455,131.34639175257732
EWR,DAY,719,120.67454798331015
EWR,DCA,1413,75.95470629865534
EWR,DEN,2607,266.777138473341
EWR,DFW,2542,237.70535011801732
EWR,DSM,203,183.01477832512316
EWR,DTW,2101,120.70061875297478
EWR,EGE,110,287.1636363636364
EWR,FLL,3399,184.93174463077375
EWR,GRR,340,128.50588235294117
EWR,GSO,829,101.72858866103739
EWR,GSP,657,122.97260273972603
EWR,HNL,328,666.0701219512196
EWR,HOU,848,243.30778301886792
EWR,IAD,707,79.5007072135785
EWR,IAH,3304,233.8226392251816
EWR,IND,1183,135.69991546914625
EWR,JAX,998,154.06212424849699
EWR,LAS,1692,342.8238770685579
EWR,LAX,4563,371.6329169406092
EWR,MCI,637,198.98587127158555
EWR,MCO,4728,169.01269035532994
EWR,MDW,1737,148.00230282095566
EWR,MEM,984,178.84451219512195
EWR,MHT,689,69.8432510885341
EWR,MIA,2688,189.82552083333334
EWR,MKE,1053,146.12345679012347
EWR,MSN,315,153.84761904761905
EWR,MSP,1271,187.36034618410702
EWR,MSY,1077,202.31012070566388
EWR,OKC,151,225.24503311258277
EWR,OMA,558,198.71505376344086
EWR,ORD,3634,155.90341221794165
EWR,ORF,651,82.08602150537635
EWR,PBI,2533,175.94315041452822
EWR,PDX,319,373.3636363636364
EWR,PHX,2079,327.07744107744105
EWR,PIT,412,88.79854368932038
EWR,PVD,382,62.24083769633508
EWR,PWM,574,76.85714285714286
EWR,RDU,881,100.32236095346198
EWR,RIC,926,84.08855291576674
EWR,ROC,730,81.07534246575342
EWR,RSW,1366,189.83162518301611
EWR,SAN,978,367.84560327198363
EWR,SAT,253,261.29249011857706
EWR,SAV,635,142.3527559055118
EWR,SBN,308,132.61363636363637
EWR,SDF,599,138.80133555926545
EWR,SEA,1484,373.010781671159
EWR,SFO,4976,384.3745980707395
EWR,SJU,1185,236.50379746835443
EWR,SLC,291,314.3024054982818
EWR,SNA,719,371.6119610570236
EWR,SRQ,97,182.340206185567
EWR,STL,1764,168.22052154195012
EWR,STT,238,250.95378151260505
EWR,SYR,482,72.14730290456431
EWR,TPA,2090,177.82631578947368
EWR,TYS,282,132.86524822695034
EWR,XNA,220,202.09545454545454
EYW,ATL,1419,120.66737138830162
EYW,MIA,539,44.26159554730983
EZE,JFK,1,596.0
FAI,ANC,664,61.50903614457831
FAI,MSP,124,312.69354838709677
FAI,ORD,74,351.0
FAI,SEA,1315,212.66692015209125
FAR,DEN,1214,123.43986820428336
FAR,DFW,360,167.01388888888889
FAR,MSP,1710,65.94970760233919
FAR,ORD,2042,116.26542605288932
FAR,SLC,242,153.94214876033058
FAT,DEN,1004,140.13844621513945
FAT,DFW,609,194.2807881773399
FAT,LAX,1682,72.79548156956005
FAT,PDX,99,116.46464646464646
FAT,PHX,468,103.59188034188034
FAT,SAN,195,69.76410256410256
FAT,SEA,880,128.975
FAT,SFO,1177,59.82667799490229
FAT,SLC,855,98.93684210526315
FAY,ATL,1623,86.39248305606901
FCA,DEN,767,132.36114732724903
FCA,MSP,203,150.7192118226601
FCA,ORD,129,203.66666666666666
FCA,SLC,883,101.20271800679502
FLG,PHX,1627,50.829748002458516
FLL,ACY,809,147.8689740420272
FLL,ALB,345,183.31014492753624
FLL,ATL,7391,117.10729265322689
FLL,AUS,786,185.67175572519085
FLL,BDL,935,177.61711229946525
FLL,BNA,772,141.50259067357513
FLL,BOS,2155,187.19118329466357
FLL,BQN,164,142.21341463414635
FLL,BUF,583,181.20411663807892
FLL,BWI,3919,154.28221485072723
FLL,CLE,828,171.9951690821256
FLL,CLT,2420,120.78140495867768
FLL,CMH,312,162.08333333333334
FLL,CVG,492,153.4390243902439
FLL,DAL,859,190.33178114086147
FLL,DCA,2449,146.6243364638628
FLL,DEN,1205,267.7609958506224
FLL,DFW,2684,193.9735469448584
FLL,DTW,2620,180.44045801526718
FLL,EWR,3388,179.03394332939789
FLL,HOU,678,172.3377581120944
FLL,HPN,660,174.9257575757576
FLL,IAD,81,146.91358024691357
FLL,IAG,199,175.51256281407035
FLL,IAH,1844,170.48969631236443
FLL,IND,307,171.31921824104234
FLL,ISP,550,169.76363636363635
FLL,JAX,724,76.8011049723757
FLL,JFK,4355,173.56716417910448
FLL,LAS,1033,321.3436592449177
FLL,LAX,1747,341.43331425300516
FLL,LBE,272,155.0735294117647
FLL,LGA,5209,173.4256095219812
FLL,MCI,327,202.9051987767584
FLL,MCO,667,57.976011994002995
FLL,MDW,1143,196.11111111111111
FLL,MKE,367,204.4822888283379
FLL,MSP,609,232.08045977011494
FLL,MSY,933,127.14790996784566
FLL,MYR,371,101.17250673854447
FLL,ORD,2515,199.75506958250497
FLL,ORH,321,177.09968847352025
FLL,PBG,231,187.5151515151515
FLL,PHL,1889,162.40179989412388
FLL,PHX,673,310.3105497771174
FLL,PIT,765,161.8418300653595
FLL,PVD,778,181.20694087403598
FLL,RDU,624,124.76602564102564
FLL,RIC,330,130.43333333333334
FLL,SEA,334,393.25748502994014
FLL,SFO,1243,379.42960579243766
FLL,SJU,2785,153.7770197486535
FLL,STL,488,176.80532786885246
FLL,STT,310,156.68387096774194
FLL,SWF,333,179.35735735735736
FLL,TPA,1920,62.553125
FLL,TTN,228,167.76754385964912
FNT,ATL,950,132.48526315789474
FNT,BWI,531,94.59510357815442
FNT,LAS,334,264.4760479041916
FNT,MCO,338,166.44970414201183
FNT,MSP,440,99.07272727272728
FNT,ORD,1803,73.71602884082085
FNT,TPA,231,169.45887445887445
FRA,LAX,1,629.0
FRA,SFO,1,606.0
FSD,ATL,328,148.21036585365854
FSD,DEN,1315,102.12167300380229
FSD,DFW,342,137.093567251462
FSD,MSP,1270,61.966929133858265
FSD,ORD,1966,99.99796541200406
FSM,ATL,670,103.5179104477612
FSM,DFW,1261,67.36320380650278
FWA,ATL,1100,110.07636363636364
FWA,DFW,633,163.15165876777252
FWA,DTW,956,58.83472803347281
FWA,MSP,273,108.34432234432235
FWA,ORD,2186,62.43092406221409
GCC,DEN,630,83.29523809523809
GCC,SLC,331,93.24773413897282
GCK,DFW,650,86.94923076923077
GEG,BOI,574,61.30662020905923
GEG,DEN,1336,133.65419161676647
GEG,LAS,648,135.03086419753086
GEG,LAX,158,170.29113924050634
GEG,MDW,62,205.0
GEG,MSP,769,167.7334200260078
GEG,OAK,642,128.06853582554518
GEG,PHX,920,154.9163043478261
GEG,SEA,3161,64.7013603290098
GEG,SLC,1198,99.45492487479132
GFK,MSP,716,72.3659217877095
GGG,DFW,622,57.27009646302251
GJT,DEN,451,66.21286031042129
GJT,DFW,836,134.05502392344496
GJT,IAH,253,151.97628458498025
GJT,PHX,992,104.2429435483871
GJT,SLC,618,65.20226537216828
GNV,ATL,2077,77.12758786711603
GNV,MIA,580,69.81551724137931
GPT,ATL,1406,81.81792318634425
GPT,DFW,902,111.91019955654102
GPT,IAH,1237,89.34761519805983
GRB,ATL,400,134.87
GRB,DTW,648,76.68518518518519
GRB,MSP,1054,71.27324478178367
GRB,ORD,2672,63.9562125748503
GRI,DFW,616,111.90259740259741
GRK,ATL,592,128.15033783783784
GRK,DFW,2551,54.479811838494705
GRK,IAH,794,58.6272040302267
GRR,ATL,1287,126.6930846930847
GRR,BWI,643,101.60964230171074
GRR,CVG,169,73.44970414201184
GRR,DEN,765,176.48888888888888
GRR,DFW,738,173.3821138211382
GRR,DTW,1394,57.97632711621234
GRR,EWR,458,113.5589519650655
GRR,IAH,287,179.9651567944251
GRR,LGA,210,116.84761904761905
GRR,MCO,307,168.41368078175896
GRR,MSP,1074,93.76722532588454
GRR,ORD,2729,62.53242946134115
GRR,RSW,100,184.6
GRR,STL,322,86.2888198757764
GRR,TPA,158,164.30379746835442
GRU,ORD,1,645.0
GSO,ATL,2656,84.69088855421687
GSO,CLT,142,65.45070422535211
GSO,DEN,133,217.82706766917292
GSO,DFW,499,190.0821643286573
GSO,DTW,405,104.26666666666667
GSO,EWR,830,99.43614457831325
GSO,IAD,59,68.96610169491525
GSO,LGA,1214,96.7495881383855
GSO,MIA,148,131.72972972972974
GSO,ORD,489,120.29447852760737
GSP,ATL,2462,62.22542648253452
GSP,BWI,373,85.87131367292226
GSP,DFW,466,169.4892703862661
GSP,DTW,216,111.72685185185185
GSP,EWR,669,114.68908819133034
GSP,HOU,318,149.30817610062894
GSP,IAH,492,158.14634146341464
GSP,MDW,621,108.18840579710145
GSP,ORD,803,119.6450809464508
GST,JNU,76,24.0
GTF,DEN,766,113.04308093994779
GTF,MSP,304,136.9440789473684
GTF,SLC,886,90.84085778781038
GTR,ATL,919,68.4189336235038
GUC,DEN,270,59.44074074074074
GUC,DFW,123,115.66666666666667
GUC,IAH,70,146.81428571428572
GUM,HNL,333,432.02702702702703
HDN,ATL,95,189.38947368421051
HDN,DEN,93,64.13978494623656
HDN,DFW,134,129.66417910447763
HDN,IAH,194,161.06701030927834
HDN,LAX,61,136.88524590163934
HIB,INL,327,47.80428134556575
HIB,MSP,557,62.08078994614004
HLN,DEN,331,111.8036253776435
HLN,MSP,230,148.05652173913043
HLN,SLC,868,85.05990783410138
HND,DTW,2,667.0
HND,MSP,1,615.0
HND,SEA,1,505.0
HNL,ANC,275,371.6909090909091
HNL,ATL,332,510.3042168674699
HNL,BLI,156,353.93589743589746
HNL,DEN,332,404.40361445783134
HNL,DFW,694,452.01729106628244
HNL,EWR,325,581.3384615384615
HNL,GUM,331,468.6858006042296
HNL,IAD,166,557.9457831325301
HNL,IAH,332,458.73493975903614
HNL,ITO,4791,51.197453558756
HNL,JFK,315,574.1714285714286
HNL,KOA,6382,44.31385145722344
HNL,LAS,811,339.18002466091247
HNL,LAX,5211,328.1205142966801
HNL,LIH,5854,38.48018448923813
HNL,OAK,520,314.77884615384613
HNL,OGG,8261,38.23144897712142
HNL,ORD,331,492.98489425981876
HNL,PDX,714,331.53361344537814
HNL,PHX,1124,355.6334519572954
HNL,PPG,107,342.196261682243
HNL,SAN,638,326.58620689655174
HNL,SEA,1739,345.08338125359404
HNL,SFO,2043,308.4977973568282
HNL,SJC,558,310.1326164874552
HNL,SLC,323,371.0495356037152
HNL,SMF,334,313.65269461077844
HOB,IAH,553,98.98915009041592
HOU,ABQ,942,130.79087048832272
HOU,ATL,4038,118.25705794947994
HOU,AUS,1299,47.21709006928406
HOU,BHM,607,92.7512355848435
HOU,BNA,1222,106.759410801964
HOU,BOS,912,219.71600877192984
HOU,BWI,1036,176.53957528957528
HOU,CHS,340,136.25
HOU,CLT,376,140.1595744680851
HOU,CRP,1243,50.75221238938053
HOU,DAL,6137,59.305849763728204
HOU,DCA,1222,173.72340425531914
HOU,DEN,1764,149.65136054421768
HOU,DFW,1523,73.06040709126724
HOU,ECP,489,93.0879345603272
HOU,ELP,898,115.87416481069042
HOU,EWR,848,204.60495283018867
HOU,FLL,678,139.65339233038347
HOU,GSP,319,124.60815047021944
HOU,HRL,1542,60.17833981841764
HOU,IND,539,131.7996289424861
HOU,JAX,370,118.55405405405405
HOU,JFK,338,210.28994082840237
HOU,LAS,1418,196.64668547249647
HOU,LAX,1536,217.85807291666666
HOU,LGA,911,202.77167947310647
HOU,MAF,1114,83.52333931777379
HOU,MCI,617,114.43273905996759
HOU,MCO,1393,132.5592246949031
HOU,MDW,2053,145.5918168533853
HOU,MEM,621,84.99194847020934
HOU,MSY,3015,62.208955223880594
HOU,OAK,631,250.42789223454832
HOU,OKC,1186,78.83220910623946
HOU,PDX,63,265.0
HOU,PHX,1382,168.7988422575977
HOU,PIT,330,160.1818181818182
HOU,PNS,334,82.55988023952096
HOU,RDU,502,150.6175298804781
HOU,SAN,683,202.00585651537335
HOU,SAT,1292,54.0092879256966
HOU,SEA,147,271.3265306122449
HOU,SNA,386,208.96373056994818
HOU,STL,1206,114.59369817578772
HOU,TPA,965,117.89637305699482
HOU,TUL,916,84.30131004366812
HPN,ATL,1838,139.9695321001088
HPN,DTW,136,117.45588235294117
HPN,FLL,662,180.2416918429003
HPN,MCO,1217,163.6516023007395
HPN,ORD,1718,156.5605355064028
HPN,PBI,1024,170.5068359375
HPN,RSW,324,183.80555555555554
HPN,TPA,328,170.28048780487805
HRL,AUS,324,63.04012345679013
HRL,HOU,1537,61.909564085881584
HRL,IAH,1184,74.67820945945945
HSV,ATL,2451,61.647490820073436
HSV,DEN,167,186.68263473053892
HSV,DFW,274,131.36861313868613
HSV,DTW,90,118.83333333333333
HSV,IAH,882,120.93310657596372
HSV,ORD,565,120.71504424778762
HYA,JFK,82,71.97560975609755
HYS,DEN,560,74.79821428571428
IAD,ATL,2625,115.86247619047619
IAD,AUS,153,212.71241830065358
IAD,BDL,167,79.437125748503
IAD,BOS,1999,91.19059529764883
IAD,CAE,188,90.28191489361703
IAD,CLE,330,79.66363636363636
IAD,CVG,75,93.84
IAD,DEN,3076,238.11866059817945
IAD,DFW,1328,202.9375
IAD,DTW,686,96.399416909621
IAD,EWR,695,76.60863309352519
IAD,FLL,84,165.92857142857142
IAD,GSO,62,67.87096774193549
IAD,HNL,166,625.2831325301205
IAD,IAH,1382,201.21852387843705
IAD,JFK,922,80.22776572668113
IAD,LAS,1172,312.17747440273035
IAD,LAX,3588,342.9211259754738
IAD,LGA,184,80.77173913043478
IAD,MCO,1655,138.66586102719035
IAD,MDW,668,121.5494011976048
IAD,MEM,71,137.95774647887325
IAD,MIA,804,164.54850746268656
IAD,MSP,585,160.57094017094016
IAD,MSY,188,163.67021276595744
IAD,ORD,1711,125.38807714786674
IAD,ORF,80,61.225
IAD,PBI,57,157.98245614035088
IAD,PDX,241,345.9336099585062
IAD,PHX,331,305.607250755287
IAD,PIT,219,61.662100456621005
IAD,PVD,58,82.58620689655173
IAD,RDU,400,68.635
IAD,ROC,112,77.53571428571429
IAD,RSW,85,167.95294117647057
IAD,SAN,1127,331.99733806566104
IAD,SAV,86,105.17441860465117
IAD,SEA,1069,352.0243217960711
IAD,SFO,3595,356.08956884561894
IAD,SJU,171,226.58479532163742
IAD,SMF,236,346.135593220339
IAD,STT,151,236.01986754966887
IAD,TPA,984,142.34146341463415
IAG,FLL,200,178.07
IAG,MYR,115,108.24347826086957
IAH,ABQ,787,138.2604828462516
IAH,AEX,908,58.179515418502206
IAH,AMA,886,104.83069977426636
IAH,ANC,82,439.2073170731707
IAH,ASE,392,167.0076530612245
IAH,ATL,3924,123.08409785932722
IAH,AUS,2011,57.27747389358528
IAH,BFL,485,227.09072164948455
IAH,BHM,1576,102.88895939086295
IAH,BNA,1033,116.61568247821879
IAH,BOI,327,232.78593272171253
IAH,BOS,1649,229.26197695573074
IAH,BRO,1274,74.14521193092622
IAH,BTR,2286,63.89195100612424
IAH,BWI,984,185.4461382113821
IAH,CAE,283,137.8374558303887
IAH,CHS,573,141.88307155322863
IAH,CLE,1161,167.37812230835488
IAH,CLL,687,44.99272197962154
IAH,CLT,3432,146.5506993006993
IAH,CMH,941,158.24548352816154
IAH,COS,904,145.3683628318584
IAH,CRP,2105,61.52589073634204
IAH,CRW,284,147.33098591549296
IAH,CVG,1069,143.3246024321796
IAH,DAL,468,65.53205128205128
IAH,DCA,2007,182.5799701046338
IAH,DEN,4483,153.11777827347757
IAH,DFW,3878,75.22485817431665
IAH,DSM,436,136.795871559633
IAH,DTW,1896,166.5996835443038
IAH,ECP,537,112.22346368715084
IAH,EGE,135,173.76296296296297
IAH,ELP,1531,121.86414108425865
IAH,EWR,3183,212.35155513666353
IAH,FLL,1844,148.12960954446854
IAH,GJT,259,168.64864864864865
IAH,GPT,1238,77.12520193861066
IAH,GRK,796,59.00251256281407
IAH,GRR,320,159.490625
IAH,GSP,499,133.76152304609218
IAH,GUC,68,153.51470588235293
IAH,HDN,193,175.01554404145077
IAH,HNL,334,506.57185628742513
IAH,HOB,550,101.57272727272728
IAH,HRL,1179,70.9058524173028
IAH,HSV,875,108.26514285714286
IAH,IAD,1301,182.39508070714834
IAH,ICT,1044,105.33620689655173
IAH,IND,974,142.44250513347023
IAH,ISN,319,217.60188087774296
IAH,JAC,100,203.09
IAH,JAN,1913,78.37114479874542
IAH,JAX,623,126.29695024077047
IAH,LAS,2759,202.67017035157667
IAH,LAX,4408,219.56238656987296
IAH,LBB,1050,95.72380952380952
IAH,LCH,1059,51.73465533522191
IAH,LEX,309,133.33333333333334
IAH,LFT,2118,58.28328611898017
IAH,LGA,2280,212.25701754385966
IAH,LIT,1758,83.2571103526735
IAH,LRD,909,73.6050605060506
IAH,MAF,2026,90.80750246791708
IAH,MCI,1615,122.16408668730651
IAH,MCO,2600,139.2403846153846
IAH,MEM,1710,95.8046783625731
IAH,MFE,1915,76.85691906005222
IAH,MIA,2864,146.4308659217877
IAH,MKE,854,159.43793911007026
IAH,MLU,778,67.24293059125964
IAH,MOB,1494,82.47054886211512
IAH,MSP,1660,168.3831325301205
IAH,MSY,2740,70.39525547445255
IAH,MTJ,171,162.00584795321637
IAH,OAK,177,237.1129943502825
IAH,OKC,986,89.15618661257606
IAH,OMA,1198,134.6744574290484
IAH,ONT,467,206.35974304068523
IAH,ORD,4251,161.61750176429075
IAH,ORF,275,172.42545454545456
IAH,PBI,375,149.816
IAH,PDX,766,275.9921671018277
IAH,PHL,2153,200.27775197398978
IAH,PHX,3262,172.89914163090128
IAH,PIA,258,141.6782945736434
IAH,PIT,763,171.28440366972478
IAH,PNS,1402,92.28815977175464
IAH,PSP,290,212.03793103448277
IAH,RDU,489,158.9836400817996
IAH,RIC,512,169.19140625
IAH,RSW,614,137.60097719869708
IAH,SAN,2015,204.29975186104218
IAH,SAT,2291,64.26320384111742
IAH,SAV,452,134.45575221238937
IAH,SDF,721,134.34257975034674
IAH,SEA,2199,285.8544793087767
IAH,SFO,3410,255.35542521994134
IAH,SHV,1450,61.27862068965517
IAH,SJC,458,248.65938864628822
IAH,SJU,526,263.4885931558935
IAH,SLC,2025,196.6879012345679
IAH,SMF,644,250.85714285714286
IAH,SNA,1492,214.42158176943698
IAH,STL,860,124.56860465116279
IAH,TPA,1745,127.60802292263611
IAH,TUL,1786,90.29619260918253
IAH,TUS,1144,161.51573426573427
IAH,TYR,671,56.967213114754095
IAH,TYS,771,126.18806744487678
IAH,VPS,885,98.4135593220339
IAH,XNA,1067,92.23805060918463
ICN,ATL,1,758.0
ICN,DTW,1,728.0
ICT,ATL,964,129.4232365145228
ICT,DAL,590,74.83898305084746
ICT,DEN,878,93.61958997722095
ICT,DFW,781,82.65556978233035
ICT,IAH,1082,107.40757855822551
ICT,LAS,334,162.44011976047904
ICT,LAX,57,211.140350877193
ICT,MDW,601,104.0099833610649
ICT,MSP,629,109.26073131955485
ICT,ORD,2042,116.40450538687561
IDA,DEN,896,94.75892857142857
IDA,SLC,1320,59.85378787878788
ILG,MCO,64,154.4375
ILM,ATL,1603,90.0361821584529
ILM,CLT,161,69.4968944099379
ILM,LGA,85,97.01176470588236
IMT,MSP,332,73.83734939759036
IMT,RHI,280,46.71785714285714
IND,ATL,3803,97.9339994740994
IND,BOS,297,131.3973063973064
IND,BWI,998,96.42785571142285
IND,CLT,814,98.68058968058968
IND,DAL,237,133.88185654008439
IND,DCA,707,94.57001414427157
IND,DEN,1838,170.72361262241566
IND,DFW,1569,145.2836201402167
IND,DTW,672,71.61607142857143
IND,EWR,1232,121.63798701298701
IND,FLL,303,163.7128712871287
IND,HOU,533,152.4671669793621
IND,IAH,898,155.52338530066814
IND,JFK,146,126.91095890410959
IND,LAS,859,245.66356228172293
IND,LAX,784,277.44897959183675
IND,LGA,156,129.98076923076923
IND,MCI,612,93.34967320261438
IND,MCO,1286,137.0614307931571
IND,MIA,1,136.0
IND,MSP,969,108.74716202270382
IND,ORD,2949,72.0016954899966
IND,PHL,131,111.30534351145039
IND,PHX,1300,233.04
IND,RDU,65,95.36923076923077
IND,RSW,750,149.43333333333334
IND,SFO,314,298.0191082802548
IND,SLC,86,218.2093023255814
IND,TPA,903,133.1672203765227
INL,HIB,318,46.399371069182386
INL,MSP,242,69.14049586776859
ISN,DEN,1141,118.47326906222612
ISN,IAH,319,215.60815047021944
ISN,MSP,1060,109.21037735849056
ISP,BWI,1504,73.48404255319149
ISP,FLL,555,184.18018018018017
ISP,MCO,1045,167.95215311004785
ISP,PBI,684,173.75730994152048
ISP,TPA,481,179.86486486486487
ITO,HNL,4786,50.9594651065608
ITO,LAX,259,305.81081081081084
ITO,OGG,668,38.956586826347305
JAC,ATL,102,217.2058823529412
JAC,DEN,1071,90.25957049486462
JAC,DFW,367,170.95095367847412
JAC,IAH,100,190.96
JAC,LAX,249,146.87951807228916
JAC,MSP,134,136.58955223880596
JAC,ORD,256,179.4453125
JAC,SFO,165,148.0909090909091
JAC,SLC,945,65.18835978835979
JAN,ATL,2286,85.6732283464567
JAN,DFW,2218,96.38954012623985
JAN,IAH,1916,83.59864300626305
JAN,ORD,549,136.80327868852459
JAX,ATL,5085,77.1748279252704
JAX,BNA,906,91.30794701986756
JAX,BOS,677,151.22895125553913
JAX,BWI,1098,115.66029143897997
JAX,CLT,2076,83.8140655105973
JAX,DCA,665,108.98045112781955
JAX,DEN,339,231.32743362831857
JAX,DFW,1239,166.29378531073445
JAX,DTW,230,143.76956521739132
JAX,EWR,886,143.59367945823928
JAX,FLL,725,74.40137931034482
JAX,HOU,369,147.81842818428186
JAX,IAH,608,151.99506578947367
JAX,JFK,944,139.66949152542372
JAX,LAS,123,284.8780487804878
JAX,LGA,95,140.96842105263158
JAX,MDW,331,144.0785498489426
JAX,MIA,331,75.99697885196375
JAX,MSP,181,194.02209944751382
JAX,ORD,576,158.94965277777777
JAX,PHL,380,125.85
JFK,ABQ,272,304.2352941176471
JFK,ACK,332,73.71385542168674
JFK,ATL,1898,163.69072708113805
JFK,AUS,1572,257.602417302799
JFK,BNA,314,162.46815286624204
JFK,BOS,4934,76.14856100526956
JFK,BQN,445,222.81573033707866
JFK,BTV,1009,77.22001982160555
JFK,BUF,2421,90.20322180916976
JFK,BUR,333,380.66966966966964
JFK,BWI,311,79.07717041800643
JFK,CHS,1184,133.3716216216216
JFK,CLE,285,123.59649122807018
JFK,CLT,2524,127.1311410459588
JFK,CMH,544,121.18382352941177
JFK,CVG,312,144.02564102564102
JFK,DCA,921,87.47448425624322
JFK,DEN,809,280.6538936959209
JFK,DFW,553,244.27848101265823
JFK,DTW,278,134.9748201438849
JFK,EGE,108,295.18518518518516
JFK,FLL,4363,192.31996332798533
JFK,HNL,314,662.2452229299363
JFK,HOU,336,244.7827380952381
JFK,HYA,82,65.95121951219512
JFK,IAD,929,82.95263724434876
JFK,IND,145,151.68965517241378
JFK,JAX,945,159.36719576719577
JFK,LAS,3672,349.13289760348584
JFK,LAX,11914,379.76598959207655
JFK,LGB,608,373.3388157894737
JFK,LHR,1,352.0
JFK,MCO,5294,177.20986021911597
JFK,MIA,3551,195.50999718389187
JFK,MSP,840,197.64642857142857
JFK,MSY,1097,208.4922515952598
JFK,MVY,121,70.04132231404958
JFK,OAK,284,389.556338028169
JFK,ORD,1550,167.78645161290322
JFK,ORF,113,94.69026548672566
JFK,PBI,1878,179.1059637912673
JFK,PDX,851,378.1327849588719
JFK,PHX,2296,337.7317073170732
JFK,PIT,158,115.18354430379746
JFK,PSE,328,230.1128048780488
JFK,PWM,1152,78.078125
JFK,RDU,1523,107.44648719632305
JFK,RNO,168,380.05357142857144
JFK,ROC,1082,83.12199630314232
JFK,RSW,1205,195.62074688796682
JFK,SAN,1687,372.9377593360996
JFK,SAT,261,270.3448275862069
JFK,SAV,660,144.52575757575758
JFK,SEA,2085,379.35107913669066
JFK,SFO,8364,395.2678144428503
JFK,SJC,293,395.36860068259386
JFK,SJU,4419,236.62615976465264
JFK,SLC,1831,323.02949208083015
JFK,SMF,280,380.7
JFK,SRQ,330,185.11212121212122
JFK,STT,546,244.3846153846154
JFK,SYR,993,76.4441087613293
JFK,TPA,2516,184.36009538950717
JLN,DFW,641,84.3619344773791
JMS,DEN,276,109.8840579710145
JMS,DVL,490,41.083673469387755
JNU,ANC,1023,102.76539589442815
JNU,GST,76,29.55263157894737
JNU,KTN,330,60.10909090909091
JNU,PSG,330,44.17878787878788
JNU,SEA,1220,138.4434426229508
JNU,SIT,750,39.16
JNU,YAK,328,55.40548780487805
KOA,DEN,85,406.94117647058823
KOA,HNL,6335,43.80284135753749
KOA,LAX,1379,316.06018854242205
KOA,OAK,334,305.90419161676647
KOA,OGG,857,33.48074679113186
KOA,PDX,177,332.64406779661016
KOA,PHX,284,343.33098591549293
KOA,SAN,117,327.5726495726496
KOA,SEA,591,349.9137055837563
KOA,SFO,686,305.50145772594755
KOA,SJC,193,303.1243523316062
KTN,JNU,332,58.30120481927711
KTN,SEA,1307,109.90130068859985
KTN,SIT,332,52.153614457831324
KTN,WRG,328,41.6280487804878
LAN,DTW,433,50.90993071593533
LAN,MSP,515,101.05242718446603
LAN,ORD,854,63.733021077283375
LAR,DEN,564,55.60992907801418
LAS,ABQ,1261,85.03568596352102
LAS,ALB,274,280.85766423357666
LAS,AMA,331,117.25075528700906
LAS,ANC,84,337.8095238095238
LAS,ATL,4103,234.04387033877651
LAS,AUS,1196,156.8252508361204
LAS,BDL,268,290.39179104477614
LAS,BHM,334,210.9131736526946
LAS,BLI,218,164.8394495412844
LAS,BNA,880,212.3409090909091
LAS,BOI,655,103.30534351145039
LAS,BOS,1011,300.5776458951533
LAS,BUF,544,255.74448529411765
LAS,BUR,3064,63.17232375979112
LAS,BWI,1703,270.4415736934821
LAS,CLE,1375,240.0741818181818
LAS,CLT,1543,251.93259883344135
LAS,CMH,619,232.4232633279483
LAS,CVG,641,221.0468018720749
LAS,DAL,1426,158.38709677419354
LAS,DCA,330,269.1878787878788
LAS,DEN,6224,110.63817480719794
LAS,DFW,4237,161.39863110691527
LAS,DSM,332,169.6987951807229
LAS,DTW,2929,235.2485489928303
LAS,ELP,651,97.11981566820276
LAS,EWR,1702,294.4083431257344
LAS,FLL,1028,273.4445525291829
LAS,FNT,334,225.31437125748502
LAS,GEG,647,142.65842349304484
LAS,HNL,811,375.6905055487053
LAS,HOU,1398,176.09084406294707
LAS,IAD,1166,270.5025728987993
LAS,IAH,2774,178.5302811824081
LAS,ICT,333,142.68768768768768
LAS,IND,850,211.34117647058824
LAS,JAX,123,257.5609756097561
LAS,JFK,3667,297.1516225797655
LAS,LAX,9667,71.82310954794663
LAS,LBB,333,116.5915915915916
LAS,LBE,175,257.28
LAS,LGB,1132,65.14575971731449
LAS,LIT,332,176.8222891566265
LAS,MAF,555,120.38738738738739
LAS,MCI,1606,161.44769613947696
LAS,MCO,942,265.45541401273886
LAS,MDW,2696,208.82047477744808
LAS,MIA,1391,278.6412652767793
LAS,MKE,1094,205.5073126142596
LAS,MSP,2535,182.50611439842208
LAS,MSY,703,200.41963015647227
LAS,OAK,3438,89.40023269342642
LAS,OKC,659,141.2215477996965
LAS,OMA,837,156.15890083632019
LAS,ONT,1370,53.846715328467155
LAS,ORD,4214,217.19008068343618
LAS,PDX,2579,135.64908879410623
LAS,PHL,2123,279.35986811116345
LAS,PHX,5446,67.74660301138451
LAS,PIT,598,246.37959866220737
LAS,RDU,332,262.21385542168673
LAS,RNO,3204,77.86985018726591
LAS,SAN,4074,65.09180166912125
LAS,SAT,1275,152.2078431372549
LAS,SDF,340,215.47058823529412
LAS,SEA,5013,155.56153999601037
LAS,SFO,7839,96.78390100778161
LAS,SJC,2781,83.89608054656598
LAS,SLC,3738,78.45639379347244
LAS,SMF,2482,88.22119258662369
LAS,SNA,2406,61.71654197838736
LAS,STL,1422,184.98101265822785
LAS,TPA,572,256.5034965034965
LAS,TUL,333,153.66366366366367
LAS,TUS,1099,73.07552320291174
LAW,DFW,1260,51.448412698412696
LAX,ABQ,1817,110.05008255365988
LAX,ANC,382,333.0104712041885
LAX,ASE,716,122.95810055865921
LAX,ATL,5653,258.9244648859013
LAX,AUS,2590,177.47335907335906
LAX,BNA,1635,236.89908256880733
LAX,BOI,669,127.74439461883408
LAX,BOS,4025,329.68124223602484
LAX,BWI,1114,302.99012567324957
LAX,BZN,141,156.39716312056737
LAX,CLD,630,46.55873015873016
LAX,CLE,804,271.13557213930346
LAX,CLT,1952,284.2735655737705
LAX,CMH,587,261.5059625212947
LAX,COS,643,140.14152410575429
LAX,CVG,533,248.5046904315197
LAX,DAL,2461,178.51889475822836
LAX,DCA,994,302.953722334004
LAX,DEN,5717,139.2590519503236
LAX,DFW,6581,183.6457985108646
LAX,DTW,1999,264.31015507753875
LAX,EGE,110,139.34545454545454
LAX,ELP,911,113.26454445664105
LAX,EUG,509,129.87819253438113
LAX,EWR,4567,320.2664768994964
LAX,FAT,2006,63.58474576271186
LAX,FLL,1742,290.77898966704936
LAX,GEG,157,163.4968152866242
LAX,HDN,63,126.61904761904762
LAX,HNL,5219,352.9750910136041
LAX,HOU,1540,189.12012987012986
LAX,IAD,3506,296.71762692527096
LAX,IAH,4200,195.12238095238095
LAX,ICT,57,166.4561403508772
LAX,IND,786,241.6704834605598
LAX,ITO,260,340.4230769230769
LAX,JAC,251,139.3585657370518
LAX,JFK,11912,327.7224647414372
LAX,KOA,1384,347.46098265895955
LAX,LAS,9542,69.19681408509746
LAX,LIH,1298,363.64098613251156
LAX,MCI,996,188.6475903614458
LAX,MCO,2411,287.15927001244296
LAX,MDW,1850,235.7864864864865
LAX,MEM,255,219.2941176470588
LAX,MIA,3014,297.7501658925017
LAX,MKE,378,233.4920634920635
LAX,MRY,1487,71.81842636180228
LAX,MSP,3084,214.44195849546045
LAX,MSY,1857,221.44964997307486
LAX,OAK,6118,78.08385093167702
LAX,OGG,2699,346.7521304186736
LAX,OKC,311,173.69774919614147
LAX,OMA,63,185.0
LAX,ORD,8179,246.146472673921
LAX,PBI,77,282.61038961038963
LAX,PDX,3273,143.18209593644974
LAX,PHL,1872,314.65544871794873
LAX,PHX,7282,84.4809118374073
LAX,PIT,251,276.14741035856576
LAX,PSP,719,55.887343532684284
LAX,RDM,238,128.07563025210084
LAX,RDU,804,290.9639303482587
LAX,RNO,1902,82.89432176656152
LAX,SAF,225,118.18666666666667
LAX,SAN,4564,53.07383873794917
LAX,SAT,1536,171.234375
LAX,SBA,1444,48.439750692520775
LAX,SBP,1354,59.69276218611522
LAX,SEA,7713,161.8314533903799
LAX,SFO,13223,82.10103607350828
LAX,SJC,6241,71.75773113283128
LAX,SLC,5524,109.58653149891383
LAX,SMF,5503,83.38106487370526
LAX,SMX,247,56.54655870445344
LAX,STL,1462,215.74008207934335
LAX,TPA,604,274.86423841059604
LAX,TUS,2624,85.06364329268293
LBB,AUS,313,67.1405750798722
LBB,DAL,1549,65.29696578437702
LBB,DEN,600,96.05333333333333
LBB,DFW,682,70.96480938416423
LBB,IAH,1047,94.65711556829035
LBB,LAS,330,132.46969696969697
LBE,FLL,273,165.99267399267399
LBE,LAS,178,282.6685393258427
LBE,MCO,313,137.67731629392972
LBE,MYR,194,86.94845360824742
LBE,ORD,153,97.30065359477125
LBE,RSW,65,156.06153846153848
LBE,TPA,88,144.9090909090909
LCH,DFW,759,78.87220026350461
LCH,IAH,1059,52.30972615675165
LEX,ATL,2264,85.84540636042402
LEX,DFW,750,151.80266666666665
LEX,DTW,491,82.20773930753565
LEX,IAH,307,151.82410423452768
LEX,MSP,54,127.81481481481481
LEX,ORD,1950,91.21538461538462
LFT,ATL,1188,99.3493265993266
LFT,DEN,161,175.90062111801242
LFT,DFW,1565,89.15846645367412
LFT,IAH,2133,65.3258321612752
LGA,ATL,8048,162.43290258449304
LGA,BGR,54,85.55555555555556
LGA,BHM,452,163.63716814159292
LGA,BNA,2288,153.67132867132867
LGA,BOS,6798,74.71815239776404
LGA,BUF,368,96.41304347826087
LGA,CAE,404,142.35148514851485
LGA,CAK,488,103.54508196721312
LGA,CHO,365,89.12054794520547
LGA,CHS,142,143.51408450704224
LGA,CLE,2543,112.59418010224145
LGA,CLT,3594,127.71424596549805
LGA,CMH,1355,114.78154981549815
LGA,CVG,103,140.4271844660194
LGA,DAL,2499,240.47699079631852
LGA,DAY,370,119.53243243243243
LGA,DCA,4059,80.62576989406257
LGA,DEN,3231,272.4317548746518
LGA,DFW,4400,244.9075
LGA,DTW,4303,123.82547060190565
LGA,FLL,5217,189.73375503162737
LGA,GRR,209,132.57894736842104
LGA,GSO,1197,111.531328320802
LGA,HOU,894,249.43512304250558
LGA,IAD,182,83.96153846153847
LGA,IAH,2242,244.71944692239072
LGA,ILM,77,105.9090909090909
LGA,IND,151,141.18543046357615
LGA,JAX,92,164.15217391304347
LGA,LIT,69,163.94202898550725
LGA,MCI,683,208.3601756954612
LGA,MCO,3858,176.42068429237946
LGA,MDW,2138,154.56688493919552
LGA,MHT,126,72.57142857142857
LGA,MIA,6197,199.3403259641762
LGA,MKE,1171,152.36464560204954
LGA,MSN,141,161.0921985815603
LGA,MSP,2123,191.68535091851155
LGA,MSY,454,213.45374449339207
LGA,MYR,631,114.25198098256736
LGA,OMA,127,205.83464566929135
LGA,ORD,9343,161.8619287166863
LGA,ORF,470,93.16382978723404
LGA,PBI,2865,185.648167539267
LGA,PHL,178,68.30898876404494
LGA,PIT,171,103.57894736842105
LGA,PWM,54,86.88888888888889
LGA,RDU,1827,104.84510125889436
LGA,RIC,1315,97.86235741444867
LGA,ROC,172,89.72093023255815
LGA,RSW,754,201.3633952254642
LGA,SAV,422,150.718009478673
LGA,SDF,273,138.02197802197801
LGA,SRQ,425,190.82588235294116
LGA,STL,1555,171.76012861736334
LGA,SYR,69,76.52173913043478
LGA,TPA,1913,187.15995818086773
LGA,TYS,65,122.6923076923077
LGA,XNA,492,200.1361788617886
LGB,ANC,118,314.1864406779661
LGB,AUS,474,167.72151898734177
LGB,BOS,273,316.94871794871796
LGB,JFK,603,315.2752902155887
LGB,LAS,1135,66.79735682819383
LGB,OAK,994,77.56136820925553
LGB,PDX,749,137.5754339118825
LGB,SEA,787,157.1715374841169
LGB,SFO,992,82.27318548387096
LGB,SLC,1949,106.2267829656234
LGB,SMF,657,81.1400304414003
LHR,ATL,1,552.0
LHR,EWR,1,465.0
LHR,IAH,1,585.0
LHR,JFK,2,452.5
LHR,SEA,1,512.0
LIH,HNL,5848,33.04599863201094
LIH,LAX,1295,329.45714285714286
LIH,OAK,191,312.39267015706804
LIH,OGG,1321,45.43906131718395
LIH,PDX,101,329.2970297029703
LIH,PHX,337,357.59643916913944
LIH,SAN,199,329.41206030150755
LIH,SEA,560,343.42857142857144
LIH,SFO,431,311.42227378190256
LIH,SJC,190,310.0842105263158
LIM,EWR,1,416.0
LIT,ATL,1968,95.53201219512195
LIT,BWI,314,137.10191082802547
LIT,DAL,1005,66.86069651741293
LIT,DEN,596,146.31040268456377
LIT,DFW,1279,81.40813135261924
LIT,DTW,274,127.0948905109489
LIT,IAH,1767,91.26485568760611
LIT,LAS,333,204.6096096096096
LIT,LGA,70,151.84285714285716
LIT,MDW,325,98.07692307692308
LIT,ORD,1976,114.23582995951416
LIT,PHX,333,187.987987987988
LNK,ATL,321,136.26791277258567
LNK,DEN,755,93.28476821192054
LNK,MSP,381,79.58792650918635
LNK,ORD,1133,100.33539276257723
LRD,DFW,1249,86.39311449159328
LRD,IAH,905,75.58674033149171
LSE,MSP,484,58.71280991735537
LSE,ORD,1116,73.81989247311827
LWS,SLC,588,87.9625850340136
MAF,DAL,1498,66.29172229639519
MAF,DEN,1063,113.41580432737535
MAF,DFW,1106,73.14195298372513
MAF,HOU,1101,81.21707538601271
MAF,IAH,2030,88.18128078817735
MAF,LAS,556,136.91546762589928
MBS,DTW,440,52.29772727272727
MBS,MSP,74,99.41891891891892
MBS,ORD,1150,75.25391304347826
MCI,ABQ,315,126.2063492063492
MCI,ATL,3481,120.56621660442401
MCI,BNA,1090,87.14678899082568
MCI,BOS,587,175.1022146507666
MCI,BWI,793,144.96847414880202
MCI,CLT,1235,132.3684210526316
MCI,CVG,75,102.24
MCI,DAL,2145,89.96736596736596
MCI,DCA,633,139.53080568720378
MCI,DEN,2110,108.24691943127962
MCI,DFW,2522,101.30729579698652
MCI,DTW,1415,112.40636042402826
MCI,EWR,607,170.09719934102142
MCI,FLL,326,180.33742331288343
MCI,HOU,599,124.3906510851419
MCI,IAH,1681,124.99167162403332
MCI,IND,602,80.0
MCI,LAS,1604,184.59725685785537
MCI,LAX,975,214.62051282051283
MCI,LGA,678,169.51917404129793
MCI,MCO,902,160.78381374722838
MCI,MDW,2415,82.81159420289855
MCI,MIA,204,189.1764705882353
MCI,MKE,611,84.14893617021276
MCI,MSP,1900,82.72736842105263
MCI,MSY,331,113.98791540785498
MCI,OAK,296,228.17567567567568
MCI,ORD,2081,93.77847188851514
MCI,PDX,334,230.83832335329342
MCI,PHX,1820,171.28956043956043
MCI,SAN,481,205.50935550935552
MCI,SEA,488,228.25204918032787
MCI,SFO,574,242.36759581881532
MCI,SLC,611,160.93453355155484
MCI,STL,1203,56.63341645885287
MCI,TPA,490,152.4591836734694
MCO,ABQ,99,229.54545454545453
MCO,ACY,789,129.7401774397972
MCO,ALB,671,159.97764530551416
MCO,ATL,8172,96.09336759667156
MCO,AUS,997,166.63991975927783
MCO,BDL,1658,158.37756332931244
MCO,BHM,657,93.11263318112633
MCO,BNA,1399,114.44460328806291
MCO,BOS,2811,171.30771967271434
MCO,BQN,440,161.55
MCO,BUF,1515,154.37689768976898
MCO,BWI,3073,131.3875691506671
MCO,CAK,542,137.33394833948338
MCO,CLE,1379,145.97679477882522
MCO,CLT,2943,100.93374108053007
MCO,CMH,1044,132.41283524904213
MCO,CVG,887,128.23562570462232
MCO,DAL,1015,169.3793103448276
MCO,DAY,346,136.19942196531792
MCO,DCA,3320,127.18734939759037
MCO,DEN,2869,244.2561868246776
MCO,DFW,3774,174.59220985691573
MCO,DTW,2628,156.73249619482496
MCO,EWR,4728,160.2599407783418
MCO,FLL,666,62.288288288288285
MCO,FNT,336,161.07142857142858
MCO,GRR,305,161.7672131147541
MCO,HOU,1416,152.07627118644066
MCO,HPN,1217,159.10188989317996
MCO,IAD,1645,130.86200607902737
MCO,IAH,2601,152.62014609765475
MCO,ILG,61,137.91803278688525
MCO,IND,1280,142.41796875
MCO,ISP,1052,148.72623574144487
MCO,JFK,5282,157.89473684210526
MCO,LAS,940,304.67021276595744
MCO,LAX,2413,327.5503522585993
MCO,LBE,312,136.73397435897436
MCO,LGA,3857,155.8047705470573
MCO,MCI,905,175.060773480663
MCO,MDT,85,140.38823529411764
MCO,MDW,2537,168.6933385888845
MCO,MEM,381,127.18110236220473
MCO,MHT,692,168.4898843930636
MCO,MIA,3018,65.88734261100066
MCO,MKE,1251,172.8017585931255
MCO,MSP,1585,206.78422712933755
MCO,MSY,1148,107.38675958188153
MCO,OMA,132,193.6439393939394
MCO,ORD,4383,178.1679215149441
MCO,ORF,430,109.98837209302326
MCO,ORH,321,161.55140186915887
MCO,PHL,4820,144.003112033195
MCO,PHX,1284,283.7359813084112
MCO,PIT,1453,135.22023399862354
MCO,PSE,415,171.23614457831326
MCO,PVD,2005,159.34763092269327
MCO,RDU,975,98.70358974358975
MCO,RIC,683,112.45095168374817
MCO,ROC,394,157.89340101522842
MCO,SAN,505,316.9940594059406
MCO,SAT,495,172.57575757575756
MCO,SDF,367,124.40054495912807
MCO,SEA,438,372.93835616438355
MCO,SFO,796,356.9861809045226
MCO,SJU,3540,165.76468926553673
MCO,SLC,1238,286.49273021001613
MCO,STL,1524,148.4468503937008
MCO,SWF,331,162.82175226586102
MCO,SYR,335,159.63880597014926
MCO,TTN,477,144.34171907756814
MDE,EWR,1,309.0
MDT,ATL,953,126.77124868835257
MDT,CLT,124,100.56451612903226
MDT,DTW,519,94.6840077071291
MDT,MCO,85,143.9294117647059
MDT,ORD,1550,126.32
MDW,ABQ,654,186.8119266055046
MDW,ALB,661,111.3464447806354
MDW,ATL,4482,113.77487728692547
MDW,AUS,867,160.69780853517878
MDW,BDL,870,120.22988505747126
MDW,BHM,623,99.15730337078652
MDW,BNA,2039,81.04708190289358
MDW,BOI,63,220.0
MDW,BOS,1352,132.98076923076923
MDW,BUF,954,86.40985324947589
MDW,BWI,1918,107.93534932221064
MDW,CHS,542,120.59040590405904
MDW,CLE,1779,69.67116357504216
MDW,CLT,626,105.15974440894568
MDW,CMH,1790,66.42458100558659
MDW,DAL,1964,142.0061099796334
MDW,DCA,2777,105.91825711199135
MDW,DEN,2676,159.36883408071748
MDW,DSM,636,71.68238993710692
MDW,DTW,2767,68.90856523310444
MDW,EWR,1726,122.25376593279259
MDW,FLL,1145,177.24454148471617
MDW,GEG,62,230.0
MDW,GSP,618,95.21844660194175
MDW,HOU,2043,162.18306412139012
MDW,IAD,662,100.41540785498489
MDW,ICT,607,111.57331136738055
MDW,JAX,330,131.96969696969697
MDW,LAS,2719,235.3383596910629
MDW,LAX,1847,269.7509474824039
MDW,LGA,2117,124.52999527633443
MDW,LIT,323,101.84210526315789
MDW,MCI,2430,86.60905349794238
MDW,MCO,2557,155.37622213531483
MDW,MEM,615,99.15447154471545
MDW,MHT,863,123.99188876013905
MDW,MSP,2934,86.71608725289707
MDW,MSY,865,136.04046242774567
MDW,OAK,984,281.4786585365854
MDW,OKC,336,126.875
MDW,OMA,1671,85.70317175344105
MDW,ONT,323,259.953560371517
MDW,ORF,529,118.69565217391305
MDW,PDX,644,267.83385093167703
MDW,PHL,1838,114.30087051142546
MDW,PHX,2236,227.6319320214669
MDW,PIT,1721,78.15804764671702
MDW,PVD,870,127.34482758620689
MDW,RDU,1044,107.78256704980843
MDW,RNO,216,252.47685185185185
MDW,ROC,507,91.21301775147928
MDW,RSW,1167,167.22365038560412
MDW,SAN,1174,261.06899488926746
MDW,SAT,687,168.3697234352256
MDW,SDF,1138,65.7469244288225
MDW,SEA,1024,270.6640625
MDW,SFO,759,285.74440052700925
MDW,SJC,329,282.67477203647417
MDW,SLC,765,209.2562091503268
MDW,SMF,414,270.32608695652175
MDW,SNA,155,259.741935483871
MDW,STL,2105,64.87410926365796
MDW,TPA,1431,152.5017470300489
MDW,TUL,328,111.52439024390245
MDW,TUS,496,224.77822580645162
MEI,DFW,331,107.67673716012085
MEI,PIB,566,31.819787985865723
MEM,ATL,3094,84.0016160310278
MEM,BWI,382,124.75130890052355
MEM,CLT,678,100.1165191740413
MEM,CVG,106,83.17924528301887
MEM,DAL,467,87.77301927194861
MEM,DEN,746,156.7520107238606
MEM,DFW,853,100.10082063305978
MEM,DTW,400,115.15
MEM,EWR,956,162.52824267782427
MEM,HOU,619,101.38933764135703
MEM,IAD,71,125.33802816901408
MEM,IAH,1673,108.15421398684997
MEM,LAX,257,253.93385214007782
MEM,MCO,382,114.78795811518324
MEM,MDW,609,98.80131362889983
MEM,MIA,146,142.64383561643837
MEM,MSP,465,128.68172043010753
MEM,ORD,2141,114.04483886034564
MEM,SLC,55,197.01818181818183
MEM,TPA,333,106.53153153153153
MFE,DFW,1419,99.61804087385482
MFE,IAH,1914,75.59717868338558
MFR,DEN,519,158.3757225433526
MFR,SFO,1277,83.28034455755677
MFR,SLC,653,105.07350689127105
MGM,ATL,2189,56.39698492462311
MGM,DFW,936,128.86111111111111
MHK,DFW,966,93.64389233954451
MHK,ORD,631,107.46117274167987
MHT,ATL,329,182.80851063829786
MHT,BWI,2182,95.84784601283226
MHT,DTW,378,130.74338624338625
MHT,EWR,678,81.73451327433628
MHT,LGA,124,82.0241935483871
MHT,MCO,696,200.45258620689654
MHT,MDW,854,155.84894613583137
MHT,ORD,481,165.1995841995842
MHT,TPA,443,203.58916478555304
MIA,ATL,5138,121.6058777734527
MIA,AUS,207,193.28019323671498
MIA,BDL,373,184.1608579088472
MIA,BHM,544,121.93198529411765
MIA,BOS,2292,193.17670157068062
MIA,BWI,1091,155.52978918423466
MIA,CHS,250,105.048
MIA,CLE,256,177.04296875
MIA,CLT,2957,129.61109232330065
MIA,CMH,589,166.72156196943973
MIA,CVG,605,162.78842975206612
MIA,DCA,2948,152.90400271370422
MIA,DEN,1338,267.5276532137519
MIA,DFW,3641,196.26805822576216
MIA,DTW,1198,188.62687813021702
MIA,EGE,125,287.224
MIA,EWR,2677,180.32536421367203
MIA,EYW,538,50.778810408921935
MIA,GNV,580,72.43793103448276
MIA,GSO,146,126.78767123287672
MIA,IAD,806,150.8138957816377
MIA,IAH,2863,172.434858539993
MIA,JAX,334,78.47904191616766
MIA,JFK,3548,180.82046223224353
MIA,LAS,1393,326.2196697774587
MIA,LAX,3015,346.0354892205639
MIA,LGA,6192,178.43556201550388
MIA,MCI,204,200.5049019607843
MIA,MCO,3024,66.28174603174604
MIA,MEM,149,161.53691275167785
MIA,MSP,845,236.44733727810652
MIA,MSY,621,125.5426731078905
MIA,ORD,4117,203.0415350983726
MIA,ORF,237,143.26582278481013
MIA,PHL,2638,168.04435178165278
MIA,PHX,618,311.584142394822
MIA,PNS,486,109.48559670781893
MIA,RDU,1014,128.2938856015779
MIA,SAN,386,327.9119170984456
MIA,SAT,207,194.30917874396135
MIA,SEA,344,403.9186046511628
MIA,SFO,1019,374.03925417075567
MIA,SJU,2432,156.0949835526316
MIA,SLC,162,318.22222222222223
MIA,STL,599,173.45575959933223
MIA,STT,932,159.76931330472104
MIA,STX,535,161.12897196261682
MIA,TLH,422,92.72274881516587
MIA,TPA,1991,65.66901054746359
MKE,ATL,3144,124.83587786259542
MKE,BOS,598,130.7859531772575
MKE,BWI,867,115.70934256055364
MKE,CLE,750,75.188
MKE,CVG,351,77.54985754985755
MKE,DAL,236,155.40254237288136
MKE,DCA,952,111.0031512605042
MKE,DEN,1999,160.16008004002
MKE,DFW,986,162.8580121703854
MKE,DTW,1720,72.03197674418605
MKE,EWR,1036,131.80984555984557
MKE,FLL,377,195.3315649867374
MKE,IAH,854,174.9215456674473
MKE,LAS,1089,236.6161616161616
MKE,LAX,380,267.8421052631579
MKE,LGA,1176,129.80527210884352
MKE,MCI,607,93.14662273476112
MKE,MCO,1250,166.2928
MKE,MSP,2231,76.5280143433438
MKE,MSY,108,148.75
MKE,ORD,4658,52.70223271790468
MKE,PHX,1404,232.8497150997151
MKE,RSW,515,178.53398058252426
MKE,SEA,540,263.10185185185185
MKE,SFO,380,278.5657894736842
MKE,STL,588,78.32482993197279
MKE,TPA,607,164.14332784184515
MKG,ORD,629,60.047694753577105
MLB,ATL,1327,99.06254709871891
MLI,ATL,756,107.60978835978835
MLI,DEN,182,144.43406593406593
MLI,DFW,914,138.02297592997812
MLI,DTW,206,91.65533980582525
MLI,MSP,64,76.109375
MLI,ORD,1549,61.87992253066494
MLU,ATL,1197,90.6015037593985
MLU,DFW,935,80.1711229946524
MLU,IAH,780,71.74102564102564
MMH,SFO,136,69.22058823529412
MOB,ATL,2242,72.21052631578948
MOB,DFW,932,115.28755364806867
MOB,IAH,1495,95.01739130434783
MOB,ORD,284,145.91901408450704
MOT,DEN,1010,117.96534653465346
MOT,MSP,823,91.78371810449575
MQT,ORD,280,98.13928571428572
MRY,LAX,1492,77.68364611260054
MRY,PHX,615,109.64390243902439
MRY,SFO,770,43.628571428571426
MSN,ATL,891,126.80920314253648
MSN,DEN,717,148.94281729428172
MSN,DFW,905,154.03204419889502
MSN,DTW,1371,77.48431801604669
MSN,EWR,310,133.09032258064516
MSN,LGA,151,138.1523178807947
MSN,MSP,1275,67.9043137254902
MSN,ORD,3059,56.71886237332462
MSN,SLC,204,194.4607843137255
MSO,DEN,559,121.2772808586762
MSO,MSP,428,155.35981308411215
MSO,SLC,1000,88.581
MSP,ABQ,213,161.52582159624413
MSP,ABR,665,76.26466165413534
MSP,ALB,201,147.86567164179104
MSP,ANC,575,350.63304347826084
MSP,ATL,4706,149.90076498087546
MSP,ATW,508,67.13188976377953
MSP,AUS,194,167.70618556701032
MSP,AZO,118,89.09322033898304
MSP,BDL,851,155.20329024676852
MSP,BIL,644,131.76863354037266
MSP,BIS,1495,88.90702341137124
MSP,BJI,666,67.40090090090091
MSP,BMI,70,87.31428571428572
MSP,BNA,1071,129.85807656395892
MSP,BOI,702,185.96438746438747
MSP,BOS,1799,166.51806559199557
MSP,BRD,582,56.422680412371136
MSP,BUF,195,118.92820512820512
MSP,BWI,1030,147.29417475728155
MSP,BZN,688,150.63808139534885
MSP,CID,682,68.1099706744868
MSP,CLE,683,113.04099560761347
MSP,CLT,2123,151.68629298162978
MSP,CMH,465,112.98064516129033
MSP,CVG,458,115.59825327510917
MSP,DAY,569,109.92970123022847
MSP,DCA,1650,143.31939393939393
MSP,DEN,5491,129.69003824439991
MSP,DFW,2546,154.12018853102907
MSP,DIK,594,111.18350168350169
MSP,DLH,612,57.833333333333336
MSP,DSM,209,72.48803827751196
MSP,DTW,2644,100.12708018154312
MSP,EWR,1318,164.6464339908953
MSP,FAI,124,340.75
MSP,FAR,1715,66.78192419825074
MSP,FCA,203,170.69458128078819
MSP,FLL,608,212.82894736842104
MSP,FNT,440,95.34545454545454
MSP,FSD,1269,64.31205673758865
MSP,FWA,273,94.28937728937728
MSP,GEG,770,188.6103896103896
MSP,GFK,717,78.2649930264993
MSP,GRB,1051,67.58991436726927
MSP,GRR,1127,84.22005323868677
MSP,GTF,304,156.6578947368421
MSP,HIB,566,63.35689045936396
MSP,HLN,229,159.1048034934498
MSP,IAD,585,143.6957264957265
MSP,IAH,1730,176.02774566473988
MSP,ICT,633,116.78830963665087
MSP,IMT,332,73.26204819277109
MSP,IND,900,94.90333333333334
MSP,INL,243,75.3045267489712
MSP,ISN,1062,118.58380414312617
MSP,JAC,133,148.82706766917292
MSP,JAX,183,176.72677595628414
MSP,JFK,816,168.78186274509804
MSP,LAN,517,95.68858800773694
MSP,LAS,2537,203.27788726842726
MSP,LAX,3082,242.18040233614536
MSP,LEX,54,113.51851851851852
MSP,LGA,2121,161.002828854314
MSP,LNK,381,84.79265091863518
MSP,LSE,488,55.24590163934426
MSP,MBS,79,94.65822784810126
MSP,MCI,1892,86.61575052854123
MSP,MCO,1587,191.89540012602396
MSP,MDW,2977,91.92307692307692
MSP,MEM,428,125.6355140186916
MSP,MIA,846,219.70212765957447
MSP,MKE,2200,70.83
MSP,MLI,57,77.10526315789474
MSP,MOT,822,97.60705596107056
MSP,MSN,1231,61.796100731112915
MSP,MSO,430,174.9860465116279
MSP,MSY,330,162.23333333333332
MSP,OKC,369,132.42547425474254
MSP,OMA,1282,73.81825273010921
MSP,ORD,6208,90.125
MSP,ORF,92,163.43478260869566
MSP,PDX,1292,219.94582043343652
MSP,PHL,2352,154.24277210884352
MSP,PHX,4043,203.32698491219392
MSP,PIT,479,119.93945720250522
MSP,PSC,258,203.3372093023256
MSP,PSP,155,226.2516129032258
MSP,RAP,1321,105.06737320211961
MSP,RDU,422,149.718009478673
MSP,RHI,665,65.68571428571428
MSP,RIC,322,150.49068322981367
MSP,ROC,123,126.15447154471545
MSP,RST,397,46.977329974811084
MSP,RSW,915,203.1846994535519
MSP,SAN,1071,232.16153127917835
MSP,SAT,236,179.25
MSP,SBN,552,91.33514492753623
MSP,SDF,99,122.63636363636364
MSP,SEA,2547,220.30349430702788
MSP,SFO,2444,252.36252045826515
MSP,SJC,458,241.8013100436681
MSP,SLC,1850,169.8864864864865
MSP,SMF,541,230.6728280961183
MSP,SNA,916,236.87227074235807
MSP,STL,2266,89.216240070609
MSP,SYR,172,131.50581395348837
MSP,TPA,1071,188.62371615312793
MSP,TTN,154,148.8181818181818
MSP,TUL,434,120.35023041474655
MSP,TUS,179,207.27374301675977
MSP,TVC,110,76.0
MSP,XNA,463,119.60043196544277
MSY,ATL,5574,88.1681019016864
MSY,AUS,342,87.32456140350877
MSY,BNA,1039,85.85178055822907
MSY,BOS,329,194.74164133738603
MSY,BWI,808,150.38366336633663
MSY,CLT,1463,111.49213943950787
MSY,DAL,2392,85.90091973244147
MSY,DCA,744,144.88575268817203
MSY,DEN,1580,173.5746835443038
MSY,DFW,2599,100.42439399769142
MSY,DTW,973,148.92394655704007
MSY,EWR,1076,177.02695167286245
MSY,FLL,923,107.3076923076923
MSY,HOU,3020,73.51655629139073
MSY,IAD,274,148.12408759124088
MSY,IAH,2660,77.02368421052631
MSY,JFK,1100,178.0609090909091
MSY,LAS,704,231.63636363636363
MSY,LAX,1847,257.36978884677853
MSY,LGA,449,173.87305122494433
MSY,MCI,331,116.72205438066466
MSY,MCO,1135,100.16740088105728
MSY,MDW,852,135.66901408450704
MSY,MIA,621,112.06441223832527
MSY,MKE,109,139.63302752293578
MSY,MSP,329,164.20060790273556
MSY,OAK,177,278.3898305084746
MSY,ORD,1345,150.94275092936803
MSY,PHL,357,164.5546218487395
MSY,PHX,393,208.9058524173028
MSY,SAN,333,241.06606606606607
MSY,SAT,240,100.04166666666667
MSY,SEA,334,309.0179640718563
MSY,SFO,214,293.01869158878503
MSY,SLC,303,224.67986798679868
MSY,STL,568,102.40316901408451
MSY,TPA,978,85.4959100204499
MTJ,DEN,448,64.98883928571429
MTJ,DFW,91,125.3956043956044
MTJ,IAH,171,149.49122807017545
MTJ,ORD,114,165.2017543859649
MVY,BOS,84,44.464285714285715
MVY,JFK,121,71.40495867768595
MYR,ACY,326,78.94171779141104
MYR,ATL,1410,82.6354609929078
MYR,BOS,321,115.05295950155764
MYR,BWI,199,84.03015075376885
MYR,CLE,168,105.36904761904762
MYR,CRW,64,71.34375
MYR,DFW,62,167.06451612903226
MYR,DTW,384,119.4140625
MYR,FLL,375,101.66666666666667
MYR,IAG,115,109.0695652173913
MYR,LBE,195,88.27692307692308
MYR,LGA,648,110.6604938271605
MYR,ORD,237,140.9367088607595
MYR,PHL,191,91.17277486910994
NRT,IAH,1,682.0
NRT,SFO,1,558.0
OAJ,ATL,1124,92.11654804270462
OAK,ABQ,793,133.10214375788146
OAK,ATL,64,269.6875
OAK,AUS,335,202.7462686567164
OAK,BNA,177,247.7683615819209
OAK,BOI,658,87.53039513677811
OAK,BOS,102,329.3137254901961
OAK,BUR,3665,65.05457025920873
OAK,BWI,322,306.07142857142856
OAK,CMH,114,265.0
OAK,DAL,592,202.1875
OAK,DEN,1244,144.61012861736336
OAK,DFW,330,196.51818181818183
OAK,GEG,633,115.87677725118483
OAK,HNL,521,331.7236084452975
OAK,HOU,628,223.68630573248407
OAK,IAH,176,221.01136363636363
OAK,JFK,284,320.59154929577466
OAK,KOA,335,325.0805970149254
OAK,LAS,3469,85.04496973191121
OAK,LAX,6129,79.53075542502856
OAK,LGB,998,77.22044088176352
OAK,LIH,191,337.13612565445027
OAK,MCI,296,198.98648648648648
OAK,MDW,992,245.8266129032258
OAK,MSY,177,242.93785310734464
OAK,OGG,666,323.4114114114114
OAK,ONT,2138,73.73947614593078
OAK,ORD,330,245.28181818181818
OAK,PDX,1777,97.33821046707935
OAK,PHX,2515,112.3037773359841
OAK,SAN,3477,84.74259419039402
OAK,SEA,3214,116.46546359676415
OAK,SLC,2114,101.82166508987702
OAK,SNA,2465,82.20689655172414
OGG,ANC,67,364.44776119402985
OGG,BLI,88,348.82954545454544
OGG,DEN,170,399.2529411764706
OGG,DFW,498,434.82730923694777
OGG,HNL,8279,35.57676047831864
OGG,ITO,667,37.365817091454275
OGG,KOA,814,32.6007371007371
OGG,LAX,2698,314.7887323943662
OGG,LIH,1321,45.45647236941711
OGG,OAK,667,300.12743628185905
OGG,ORD,113,473.2300884955752
OGG,PDX,578,323.5553633217993
OGG,PHX,545,340.4275229357798
OGG,SAN,379,316.3509234828496
OGG,SEA,1241,333.361804995971
OGG,SFO,1411,296.3805811481219
OGG,SJC,667,296.7991004497751
OGG,SMF,334,300.9311377245509
OKC,ATL,1965,124.31552162849873
OKC,BWI,331,166.75226586102718
OKC,DAL,913,54.68236582694414
OKC,DEN,1732,101.4728637413395
OKC,DFW,2646,64.31216931216932
OKC,DTW,323,143.58204334365325
OKC,EWR,153,197.8954248366013
OKC,HOU,1217,82.75267050123254
OKC,IAH,1041,87.69164265129683
OKC,LAS,664,162.80873493975903
OKC,LAX,315,194.68253968253967
OKC,MDW,332,115.15060240963855
OKC,MSP,367,126.66212534059946
OKC,ORD,1757,126.00967558338077
OKC,PHX,653,144.80091883614088
OKC,SEA,152,255.77631578947367
OKC,SFO,329,221.70212765957447
OKC,SLC,602,151.09966777408638
OKC,STL,413,80.84745762711864
OMA,ATL,1549,134.88056810845706
OMA,DAL,114,117.67543859649123
OMA,DEN,2071,100.04442298406566
OMA,DFW,1340,116.34925373134328
OMA,DTW,715,117.87692307692308
OMA,EWR,592,170.01013513513513
OMA,IAH,1154,139.01473136915078
OMA,LAS,833,175.90036014405763
OMA,LAX,63,205.0
OMA,LGA,131,172.5114503816794
OMA,MCO,133,178.5639097744361
OMA,MDW,1649,87.61673741661613
OMA,MSP,1265,72.29169960474309
OMA,ORD,1940,97.98144329896907
OMA,PHX,1244,170.42202572347267
OMA,SEA,333,216.32732732732734
OMA,SLC,486,157.06378600823047
OMA,STL,938,70.6183368869936
OME,ANC,598,83.92976588628763
ONT,DEN,1166,137.3319039451115
ONT,DFW,1423,180.96697118763177
ONT,IAH,467,194.3918629550321
ONT,LAS,1370,58.660583941605836
ONT,MDW,323,233.40557275541795
ONT,OAK,2119,74.78055686644643
ONT,PDX,717,137.2887029288703
ONT,PHX,2963,71.05433682078974
ONT,SEA,895,158.468156424581
ONT,SFO,2140,87.44953271028038
ONT,SJC,1319,68.06292645943897
ONT,SLC,940,106.10425531914893
ONT,SMF,2009,77.27725236436038
ORD,ABE,649,113.03081664098613
ORD,ABQ,538,185.8903345724907
ORD,ACY,147,114.0
ORD,ALB,860,119.23488372093023
ORD,ALO,598,71.87123745819397
ORD,ANC,636,404.00471698113205
ORD,ASE,591,174.62267343485618
ORD,ATL,6325,120.67415019762846
ORD,ATW,1382,57.9247467438495
ORD,AUS,2203,168.64911484339538
ORD,AVL,701,106.17118402282453
ORD,AVP,494,108.73684210526316
ORD,AZO,1272,54.077044025157235
ORD,BDL,1489,129.35594358629953
ORD,BHM,992,110.70060483870968
ORD,BIS,327,142.67584097859327
ORD,BMI,913,55.75684556407448
ORD,BNA,3489,91.92290054456865
ORD,BOI,530,234.7811320754717
ORD,BOS,6432,140.8339552238806
ORD,BTV,509,127.78388998035363
ORD,BUF,1954,94.38741044012282
ORD,BWI,2419,115.88383629599008
ORD,BZN,246,203.79674796747966
ORD,CAE,585,116.22393162393162
ORD,CAK,1215,80.29300411522634
ORD,CHA,369,104.19783197831978
ORD,CHO,849,112.34275618374558
ORD,CHS,953,131.9517313746065
ORD,CID,2740,65.33540145985401
ORD,CLE,3847,79.14686768910839
ORD,CLT,4679,119.37251549476383
ORD,CMH,3365,79.35601783060922
ORD,CMI,1721,55.57815223707147
ORD,CMX,631,85.32963549920761
ORD,COS,913,162.9682365826944
ORD,COU,627,81.5933014354067
ORD,CRW,554,90.5956678700361
ORD,CVG,3883,75.1488539788823
ORD,CWA,1354,67.0324963072378
ORD,DAY,2556,72.05359937402191
ORD,DBQ,893,57.28443449048152
ORD,DCA,5794,114.15705902657922
ORD,DEN,5558,160.12234616768623
ORD,DFW,7542,153.63908777512597
ORD,DLH,1068,95.66385767790263
ORD,DSM,3184,79.93153266331659
ORD,DTW,4192,81.53625954198473
ORD,EAU,646,77.70897832817337
ORD,EGE,104,170.82692307692307
ORD,ELM,584,101.28767123287672
ORD,ELP,567,193.89594356261023
ORD,ERI,620,86.08548387096774
ORD,EVV,1671,75.21783363255535
ORD,EWR,3797,132.76402422965498
ORD,FAI,74,387.0
ORD,FAR,2053,116.55528494885533
ORD,FCA,130,229.5
ORD,FLL,2507,185.73952931790984
ORD,FNT,1792,66.55133928571429
ORD,FSD,1996,102.30761523046093
ORD,FWA,2180,60.03623853211009
ORD,GRB,2679,59.63195222097798
ORD,GRR,2901,56.011720096518445
ORD,GSO,485,109.52371134020619
ORD,GSP,821,108.36784409257004
ORD,HNL,330,550.2
ORD,HPN,1723,132.7225769007545
ORD,HSV,606,103.64356435643565
ORD,IAD,1917,112.43348982785602
ORD,IAH,4137,167.56804447667392
ORD,ICT,2134,119.25257731958763
ORD,IND,2924,62.43331053351573
ORD,JAC,387,191.8733850129199
ORD,JAN,564,130.52304964539007
ORD,JAX,458,144.53056768558952
ORD,JFK,1553,139.0302640051513
ORD,LAN,852,58.97300469483568
ORD,LAS,4237,239.12650460231296
ORD,LAX,7870,272.1161372299873
ORD,LBE,153,90.83660130718954
ORD,LEX,1951,79.58175294720657
ORD,LGA,9269,129.8706440824253
ORD,LIT,1982,112.72754793138245
ORD,LNK,1135,99.61321585903083
ORD,LSE,1118,71.34347048300536
ORD,MBS,1156,69.26038062283737
ORD,MCI,2164,94.53096118299446
ORD,MCO,4380,161.82305936073058
ORD,MDT,1563,107.3486884197057
ORD,MEM,2155,110.02088167053364
ORD,MEX,1,249.0
ORD,MHK,628,107.04617834394904
ORD,MHT,477,135.40880503144655
ORD,MIA,4120,188.26868932038835
ORD,MKE,4674,49.76829268292683
ORD,MKG,636,55.91509433962264
ORD,MLI,1556,56.84768637532134
ORD,MOB,277,136.13718411552347
ORD,MQT,281,78.88612099644128
ORD,MSN,3075,55.02439024390244
ORD,MSP,6280,90.1891719745223
ORD,MSY,1378,144.35486211901306
ORD,MTJ,116,186.6293103448276
ORD,MYR,239,118.06276150627615
ORD,OAK,331,277.57703927492446
ORD,OGG,114,545.7631578947369
ORD,OKC,1797,132.37451307735114
ORD,OMA,1990,95.45175879396984
ORD,ORF,777,129.1994851994852
ORD,PAH,637,80.85557299843015
ORD,PBI,575,178.13739130434783
ORD,PDX,2126,268.91157102539984
ORD,PHL,4651,125.42076972694045
ORD,PHX,4380,231.95913242009132
ORD,PIA,2108,56.87618595825427
ORD,PIT,1882,89.68969181721573
ORD,PNS,218,137.61467889908258
ORD,PSP,344,256.8546511627907
ORD,PVD,490,138.07142857142858
ORD,PWM,328,141.22865853658536
ORD,RAP,367,143.59945504087193
ORD,RDU,1873,118.02669514148425
ORD,RIC,2077,120.29658160808859
ORD,RNO,373,262.79624664879356
ORD,ROA,758,105.12796833773088
ORD,ROC,1620,102.96913580246914
ORD,RST,1280,77.5265625
ORD,RSW,1809,173.0906578220011
ORD,SAN,2653,262.2906143987938
ORD,SAT,1025,179.78341463414634
ORD,SAV,852,131.31103286384976
ORD,SBN,1111,47.21782178217822
ORD,SCE,649,99.9537750385208
ORD,SDF,989,79.9757330637007
ORD,SEA,3912,273.33052147239266
ORD,SFO,7313,283.87282920825925
ORD,SGF,1946,98.93165467625899
ORD,SJC,656,278.7560975609756
ORD,SJU,1019,281.61236506378805
ORD,SLC,2572,213.3125972006221
ORD,SMF,529,271.0586011342155
ORD,SNA,2120,265.16084905660375
ORD,SPI,971,59.29969104016478
ORD,SRQ,313,165.51757188498402
ORD,STC,80,90.8875
ORD,STL,2518,75.58538522637014
ORD,STT,1,246.0
ORD,SUX,597,99.19932998324958
ORD,SYR,1597,108.50156543519098
ORD,TOL,926,62.69762419006479
ORD,TPA,2413,160.32242022378782
ORD,TTN,221,118.710407239819
ORD,TUL,2024,119.03853754940711
ORD,TUS,602,228.53488372093022
ORD,TVC,1723,67.8282066163668
ORD,TYS,2041,95.82116609505144
ORD,XNA,2531,108.01224812327143
ORF,ATL,2658,113.48457486832204
ORF,BWI,1128,62.526595744680854
ORF,CLT,597,83.38358458961474
ORF,DFW,622,211.08842443729904
ORF,DTW,642,116.99376947040498
ORF,EWR,607,87.1334431630972
ORF,IAD,75,62.49333333333333
ORF,IAH,297,204.32996632996634
ORF,JFK,112,83.60714285714286
ORF,LGA,360,84.83888888888889
ORF,MCO,426,120.12910798122066
ORF,MDW,529,131.78638941398864
ORF,MIA,226,152.7787610619469
ORF,MSP,93,177.36559139784947
ORF,ORD,807,138.10656753407682
ORH,FLL,323,192.1671826625387
ORH,MCO,323,178.71517027863777
OTH,SFO,241,91.31120331950207
OTZ,ANC,369,86.75067750677506
OTZ,OME,276,41.53623188405797
PAH,ORD,640,93.3703125
PBG,FLL,229,200.5764192139738
PBI,ACY,153,137.49019607843138
PBI,ATL,4190,111.58520286396181
PBI,BDL,336,166.5922619047619
PBI,BOS,1578,177.7230671736375
PBI,BWI,962,143.6850311850312
PBI,CLT,1608,113.01803482587064
PBI,DCA,966,137.9855072463768
PBI,DEN,73,269.82191780821915
PBI,DFW,834,191.70023980815347
PBI,DTW,363,176.21763085399448
PBI,EWR,2530,169.43122529644268
PBI,HPN,1023,164.81133919843597
PBI,IAD,56,140.0
PBI,IAH,373,173.05630026809652
PBI,ISP,687,159.09752547307133
PBI,JFK,1877,163.11454448588174
PBI,LAX,77,352.02597402597405
PBI,LGA,2860,168.09055944055945
PBI,ORD,575,195.36695652173913
PBI,PHL,1093,155.11985361390668
PBI,TTN,55,154.45454545454547
PDX,ABQ,228,158.68421052631578
PDX,ANC,913,227.52683461117195
PDX,ATL,1089,276.7245179063361
PDX,AUS,99,231.15151515151516
PDX,BOI,60,66.0
PDX,BOS,489,317.71370143149284
PDX,BUR,955,129.2670157068063
PDX,BWI,62,305.0
PDX,BZN,116,108.55172413793103
PDX,CLT,256,285.03125
PDX,DAL,236,218.70762711864407
PDX,DCA,334,298.1167664670659
PDX,DEN,3405,148.96651982378856
PDX,DFW,1817,223.7138139790864
PDX,DTW,223,247.83856502242153
PDX,EWR,334,314.05389221556885
PDX,FAT,100,114.0
PDX,HNL,714,362.4047619047619
PDX,HOU,63,249.28571428571428
PDX,IAD,239,295.98744769874475
PDX,IAH,773,242.9353169469599
PDX,JFK,851,315.18918918918916
PDX,KOA,177,384.774011299435
PDX,LAS,2558,126.15949960906958
PDX,LAX,3277,143.85016783643576
PDX,LGB,750,137.52133333333333
PDX,LIH,101,382.3267326732673
PDX,MCI,333,199.6846846846847
PDX,MDW,642,238.91744548286604
PDX,MSP,1290,193.43410852713177
PDX,OAK,1792,101.47042410714286
PDX,OGG,580,364.0241379310345
PDX,ONT,720,133.77083333333334
PDX,ORD,2145,236.2983682983683
PDX,PHL,145,306.4689655172414
PDX,PHX,3089,151.87018452573648
PDX,PSP,278,134.71223021582733
PDX,SAN,1687,143.2993479549496
PDX,SBA,333,126.31831831831832
PDX,SEA,1837,52.39793140990746
PDX,SFO,4162,111.40509370494955
PDX,SJC,2245,103.14654788418709
PDX,SLC,2336,105.37114726027397
PDX,SMF,1593,85.41745134965474
PDX,SNA,1142,140.99036777583188
PDX,STL,153,233.281045751634
PDX,TUS,217,164.8709677419355
PHF,ATL,1238,109.27221324717286
PHL,ATL,6561,139.75903063557385
PHL,AUS,267,235.02621722846442
PHL,BNA,616,132.54058441558442
PHL,BOS,5188,79.03662297609868
PHL,CLE,102,93.8529411764706
PHL,CLT,3071,109.04949527841094
PHL,DAL,114,225.35087719298247
PHL,DCA,106,59.54716981132076
PHL,DEN,2119,260.36479471448797
PHL,DFW,3574,224.73978735310575
PHL,DTW,1986,104.56042296072508
PHL,FLL,1888,173.7552966101695
PHL,IAH,2160,223.3523148148148
PHL,IND,413,124.58837772397095
PHL,JAX,382,144.92931937172776
PHL,LAS,2127,328.44757874941234
PHL,LAX,1875,361.3109333333333
PHL,LGA,218,60.27522935779817
PHL,MCO,4826,156.27683381682553
PHL,MDW,1844,136.64533622559654
PHL,MIA,2638,173.79757391963608
PHL,MSP,2350,174.47148936170214
PHL,MSY,356,184.65168539325842
PHL,MYR,190,94.2
PHL,ORD,4664,143.21976843910807
PHL,PBI,1093,170.2662397072278
PHL,PDX,146,360.2054794520548
PHL,PHX,2397,316.2511472674176
PHL,PIT,876,77.26027397260275
PHL,PVD,283,67.9434628975265
PHL,RDU,837,84.59856630824373
PHL,RSW,950,180.09894736842105
PHL,SAN,787,351.90597204574334
PHL,SAT,229,243.94323144104803
PHL,SEA,988,363.45344129554655
PHL,SFO,2056,377.7203307392996
PHL,SJU,1025,242.20975609756098
PHL,SLC,608,305.6381578947368
PHL,SMF,75,358.0
PHL,STL,607,158.73970345963755
PHL,STT,227,237.97356828193833
PHL,TPA,2403,164.8942987931752
PHX,ABQ,2441,66.89840229414175
PHX,ANC,392,352.4719387755102
PHX,ATL,3638,216.96811434854317
PHX,AUS,1576,132.15418781725887
PHX,BFL,873,91.18671248568155
PHX,BNA,728,193.49587912087912
PHX,BOI,1088,126.96875
PHX,BOS,1410,292.59858156028366
PHX,BUF,333,243.22822822822823
PHX,BUR,1875,85.34986666666667
PHX,BWI,1594,258.79422835633625
PHX,CLE,726,228.5922865013774
PHX,CLT,2804,236.57417974322397
PHX,CMH,1052,221.63212927756655
PHX,CVG,96,204.36458333333334
PHX,DAL,1449,136.20772946859904
PHX,DCA,969,256.4406604747162
PHX,DEN,7166,106.99148758024002
PHX,DFW,4106,139.5728202630297
PHX,DRO,685,81.85985401459854
PHX,DSM,204,169.11764705882354
PHX,DTW,2717,228.28376886271624
PHX,ELP,1445,70.06782006920415
PHX,EWR,2086,282.10690316395016
PHX,FAT,469,101.58422174840085
PHX,FLG,1625,49.88
PHX,FLL,671,258.6274217585693
PHX,GEG,921,162.68729641693812
PHX,GJT,991,91.27245206861755
PHX,HNL,1128,403.00975177304963
PHX,HOU,1391,147.61682242990653
PHX,IAD,334,258.34131736526945
PHX,IAH,3264,155.3232230392157
PHX,IND,1303,202.5909439754413
PHX,JFK,2306,288.1422376409367
PHX,KOA,288,394.91319444444446
PHX,LAS,5466,66.91346505671423
PHX,LAX,7330,88.575034106412
PHX,LIH,340,411.4294117647059
PHX,LIT,333,159.2192192192192
PHX,MCI,1824,151.96162280701753
PHX,MCO,1284,247.31152647975077
PHX,MDW,2234,198.29453894359892
PHX,MIA,618,252.9126213592233
PHX,MKE,1404,198.82692307692307
PHX,MRY,617,115.14424635332253
PHX,MSP,4052,184.50814412635737
PHX,MSY,398,180.11306532663318
PHX,OAK,2499,119.58663465386155
PHX,OGG,554,394.98375451263536
PHX,OKC,655,123.04580152671755
PHX,OMA,1258,154.4960254372019
PHX,ONT,2971,70.33221137664086
PHX,ORD,4376,208.8180987202925
PHX,PDX,3096,165.40665374677002
PHX,PHL,2427,269.28718582612277
PHX,PIT,977,237.6704196519959
PHX,PSP,1708,68.72599531615926
PHX,RDU,259,251.71814671814673
PHX,RNO,1714,108.69136522753793
PHX,SAN,5078,69.64493895234344
PHX,SAT,1544,129.20790155440415
PHX,SBA,1018,96.66011787819254
PHX,SBP,711,103.32208157524613
PHX,SDF,334,203.59281437125748
PHX,SEA,5764,181.65943789035393
PHX,SFO,4843,126.05347924839975
PHX,SJC,3093,113.26802457161332
PHX,SLC,5474,97.13975155279503
PHX,SMF,3153,118.77196320964161
PHX,SNA,3827,76.5265220799582
PHX,STL,2120,173.4566037735849
PHX,TPA,998,234.89579158316633
PHX,TUL,588,134.0391156462585
PHX,TUS,1149,49.89120974760662
PHX,YUM,1864,56.89592274678112
PIA,ATL,888,108.17905405405405
PIA,DFW,909,135.77887788778878
PIA,DTW,368,88.73097826086956
PIA,IAH,260,148.06153846153848
PIA,ORD,2099,59.736064792758455
PIB,DFW,237,101.78902953586498
PIB,MEI,330,32.90909090909091
PIH,SLC,652,45.20245398773006
PIT,ATL,3242,111.23904996915485
PIT,BNA,332,101.15963855421687
PIT,BOS,1141,92.19719544259422
PIT,BWI,935,68.27272727272727
PIT,CLT,2402,91.50707743547044
PIT,DAL,114,190.35087719298247
PIT,DEN,1004,215.1284860557769
PIT,DFW,1406,189.17211948790896
PIT,DTW,432,72.52546296296296
PIT,EWR,407,88.78132678132678
PIT,FLL,766,165.34464751958225
PIT,HOU,330,194.65151515151516
PIT,IAD,217,67.11059907834101
PIT,IAH,892,193.10874439461884
PIT,JFK,161,98.28571428571429
PIT,LAS,598,288.1354515050167
PIT,LAX,254,324.1968503937008
PIT,LGA,275,90.49090909090908
PIT,MCO,1463,141.6097060833903
PIT,MDW,1741,91.79781734635267
PIT,MSP,545,135.5926605504587
PIT,ORD,1738,99.96317606444188
PIT,PHL,914,85.93326039387308
PIT,PHX,975,280.73128205128205
PIT,RSW,441,162.00680272108843
PIT,SFO,266,334.687969924812
PIT,TPA,844,144.5734597156398
PLN,DTW,738,73.41327913279133
PNS,ATL,2262,77.52431476569407
PNS,BNA,597,78.76884422110552
PNS,DFW,1128,125.99911347517731
PNS,HOU,334,100.74850299401197
PNS,IAH,1397,105.06299212598425
PNS,MIA,485,104.01237113402063
PNS,ORD,219,151.63013698630138
PPG,HNL,107,320.8878504672897
PSC,DEN,695,137.83453237410072
PSC,MSP,259,175.5057915057915
PSC,SEA,174,60.98275862068966
PSC,SFO,359,123.18384401114206
PSC,SLC,930,95.59032258064516
PSE,JFK,328,241.3140243902439
PSE,MCO,414,182.34541062801932
PSG,JNU,327,38.19266055045872
PSG,WRG,327,22.95718654434251
PSP,DEN,974,130.92505133470226
PSP,DFW,714,170.72268907563026
PSP,IAH,285,179.96140350877192
PSP,LAX,726,54.85950413223141
PSP,MSP,155,203.29032258064515
PSP,ORD,342,232.38888888888889
PSP,PDX,277,144.33212996389892
PSP,PHX,1707,70.63678968951376
PSP,SEA,837,164.22461170848268
PSP,SFO,2123,93.73198304286387
PSP,SLC,743,104.68775235531629
PUB,DEN,258,49.32945736434109
PVD,ATL,939,168.81363152289669
PVD,BWI,2470,82.89473684210526
PVD,CLT,1033,137.01742497579863
PVD,DTW,791,127.26675094816687
PVD,EWR,334,70.82934131736526
PVD,FLL,776,196.21262886597938
PVD,IAD,59,98.33898305084746
PVD,MCO,1997,180.80520781171757
PVD,MDW,872,157.93577981651376
PVD,ORD,525,164.58095238095237
PVD,PHL,281,79.45551601423487
PVD,TPA,668,192.7245508982036
PWM,ATL,611,182.18330605564648
PWM,BWI,980,99.34183673469387
PWM,CLT,325,153.52307692307693
PWM,DTW,508,132.13385826771653
PWM,EWR,627,89.55821371610845
PWM,JFK,1152,80.48958333333333
PWM,LGA,59,81.30508474576271
PWM,ORD,259,166.62934362934362
RAP,DEN,553,78.87703435804701
RAP,DFW,506,142.52371541501975
RAP,MSP,1315,97.59543726235741
RAP,ORD,391,134.96163682864452
RAP,SLC,419,109.71837708830549
RDD,SFO,711,72.44585091420535
RDM,DEN,474,144.6223628691983
RDM,LAX,239,131.89539748953976
RDM,SFO,820,98.30243902439024
RDM,SLC,596,96.63926174496645
RDU,ATL,4691,90.61607333191218
RDU,BDL,185,100.9027027027027
RDU,BNA,989,93.48331648129424
RDU,BOS,1504,109.31582446808511
RDU,BWI,1925,66.7974025974026
RDU,CLE,383,92.78590078328982
RDU,CLT,2108,60.98007590132827
RDU,DAL,113,187.65486725663717
RDU,DEN,896,232.51227678571428
RDU,DFW,1587,187.12098298676747
RDU,DTW,991,108.06760847628658
RDU,EWR,836,98.29425837320574
RDU,FLL,624,124.36378205128206
RDU,HOU,509,178.2121807465619
RDU,IAD,375,69.59466666666667
RDU,IAH,500,183.422
RDU,JFK,1521,97.39842209072978
RDU,LAS,333,306.4264264264264
RDU,LAX,803,335.9551681195517
RDU,LGA,1744,96.98509174311927
RDU,MCO,969,102.60268317853458
RDU,MDW,1052,120.67585551330798
RDU,MIA,1010,128.4257425742574
RDU,MSP,499,169.91382765531063
RDU,ORD,1924,134.34823284823284
RDU,PHL,834,86.73501199040767
RDU,PHX,258,288.54651162790697
RDU,SEA,61,340.0
RDU,SFO,508,355.998031496063
RDU,STL,483,128.9648033126294
RDU,TPA,865,108.33526011560694
RDU,TTN,274,80.43065693430657
RHI,IMT,281,40.12811387900356
RHI,MSP,663,59.77677224736048
RIC,ATL,3553,107.82127779341401
RIC,BOS,2255,92.34722838137472
RIC,CLT,1339,76.20238984316654
RIC,DFW,792,201.33080808080808
RIC,DTW,867,109.08650519031141
RIC,EWR,984,80.41260162601625
RIC,FLL,334,140.64670658682635
RIC,IAH,520,199.80576923076924
RIC,LGA,1308,81.56651376146789
RIC,MCO,683,122.11273792093704
RIC,MSP,325,170.46461538461537
RIC,ORD,2010,135.76069651741292
RKS,DEN,628,74.1687898089172
RNO,DEN,1359,130.48565121412804
RNO,DFW,738,193.91463414634146
RNO,JFK,168,309.7261904761905
RNO,LAS,3197,74.47137941820456
RNO,LAX,1887,89.76046634870164
RNO,MDW,215,225.8372093023256
RNO,ORD,371,235.21832884097034
RNO,PHX,1708,102.75
RNO,SAN,668,87.32035928143712
RNO,SFO,1589,72.34990560100692
RNO,SLC,953,84.53830010493179
ROA,ATL,1479,87.71670047329276
ROA,ORD,759,114.64822134387352
ROC,ATL,971,140.37899073120494
ROC,BWI,713,78.21178120617111
ROC,CLT,308,128.6590909090909
ROC,DTW,298,86.93624161073825
ROC,EWR,700,79.04571428571428
ROC,IAD,110,79.73636363636363
ROC,JFK,1082,81.94362292051756
ROC,LGA,176,79.96022727272727
ROC,MCO,392,170.42091836734693
ROC,MDW,495,114.92929292929293
ROC,MSP,123,140.16260162601625
ROC,ORD,1634,120.20685434516524
ROC,TPA,312,175.44871794871796
ROW,DFW,936,91.9369658119658
RST,ATL,313,135.78274760383385
RST,MSP,401,48.7930174563591
RST,ORD,1273,81.12568735271013
RSW,ACY,481,138.03742203742203
RSW,ATL,3907,108.95546455080624
RSW,BDL,393,171.68447837150129
RSW,BNA,104,130.0
RSW,BOS,1609,180.94717215661902
RSW,BUF,77,176.36363636363637
RSW,BWI,1207,145.70422535211267
RSW,CAK,195,154.15384615384616
RSW,CLE,618,158.3106796116505
RSW,CLT,1715,113.91137026239068
RSW,CMH,488,147.65368852459017
RSW,CVG,419,142.04773269689738
RSW,DCA,802,140.7568578553616
RSW,DEN,386,252.22797927461139
RSW,DFW,1151,177.8992180712424
RSW,DTW,1611,171.23836126629422
RSW,EWR,1355,172.40442804428045
RSW,GRR,100,177.0
RSW,HPN,328,169.46341463414635
RSW,IAD,85,140.23529411764707
RSW,IAH,617,158.57374392220422
RSW,IND,744,153.36021505376345
RSW,JFK,1208,166.9271523178808
RSW,LBE,65,148.35384615384615
RSW,LGA,757,170.24174372523117
RSW,MDW,1166,177.25557461406518
RSW,MKE,522,183.6494252873563
RSW,MSP,913,217.7196056955093
RSW,ORD,1811,186.5494202098288
RSW,PHL,950,158.85894736842104
RSW,PIT,448,150.3125
RSW,STL,544,157.72058823529412
RSW,TTN,163,156.4723926380368
SAF,DEN,292,80.11643835616438
SAF,DFW,946,104.10253699788584
SAF,LAX,223,128.5605381165919
SAN,ABQ,614,100.15472312703584
SAN,ATL,2044,252.43835616438355
SAN,AUS,635,165.14173228346456
SAN,BNA,386,232.73316062176167
SAN,BOI,330,129.16666666666666
SAN,BOS,955,326.6942408376963
SAN,BWI,698,297.9083094555874
SAN,CLT,712,271.00280898876406
SAN,DAL,712,171.69241573033707
SAN,DEN,4165,139.73685474189676
SAN,DFW,3263,178.61599754826847
SAN,DTW,709,260.9337094499295
SAN,EWR,971,318.9196704428424
SAN,FAT,196,71.48979591836735
SAN,HNL,639,365.810641627543
SAN,HOU,685,182.05109489051094
SAN,IAD,1146,291.85078534031413
SAN,IAH,1691,188.8929627439385
SAN,JFK,1692,323.0224586288416
SAN,KOA,115,367.67826086956524
SAN,LAS,4066,71.25922282341368
SAN,LAX,4564,52.08041191936898
SAN,LIH,199,376.88442211055275
SAN,MCI,479,184.80167014613778
SAN,MCO,505,278.82772277227724
SAN,MDW,1160,237.10344827586206
SAN,MIA,387,281.22739018087856
SAN,MSP,1067,217.95595126522963
SAN,MSY,332,209.93975903614458
SAN,OAK,3488,88.48767201834862
SAN,OGG,381,358.40157480314963
SAN,ORD,2653,245.06257067470787
SAN,PDX,1691,150.91780011827322
SAN,PHL,780,308.4423076923077
SAN,PHX,5090,73.61925343811394
SAN,RNO,661,90.45385779122542
SAN,SAT,625,156.888
SAN,SEA,3183,171.229657555765
SAN,SFO,6822,93.265757842275
SAN,SJC,2990,80.38127090301003
SAN,SLC,2262,112.05702917771883
SAN,SMF,2782,91.47555715312724
SAN,STL,184,211.05978260869566
SAN,TUS,918,71.10566448801742
SAT,ATL,2859,140.54249737670514
SAT,BNA,564,127.20744680851064
SAT,BWI,783,196.9029374201788
SAT,CLT,354,164.15254237288136
SAT,DAL,3035,60.74299835255354
SAT,DEN,1703,138.31826189078097
SAT,DFW,4619,72.45745832431263
SAT,DTW,511,182.56360078277888
SAT,ELP,803,91.62515566625156
SAT,EWR,251,234.44621513944224
SAT,HOU,1277,54.36961628817541
SAT,IAH,2282,62.84618755477651
SAT,JFK,263,231.5551330798479
SAT,LAS,1270,173.43307086614172
SAT,LAX,1547,198.4266321913381
SAT,MCO,492,155.5081300813008
SAT,MDW,684,157.94590643274853
SAT,MIA,207,166.45410628019323
SAT,MSP,174,167.68965517241378
SAT,MSY,239,88.7866108786611
SAT,ORD,1055,169.78009478672985
SAT,PHL,226,211.55309734513276
SAT,PHX,1532,145.41710182767625
SAT,SAN,627,178.1738437001595
SAT,SEA,334,264.30838323353294
SAT,SFO,363,242.5151515151515
SAT,SLC,557,176.786355475763
SAT,STL,610,123.91803278688525
SAT,TPA,325,139.72307692307692
SAV,ATL,3130,73.04217252396167
SAV,BOS,329,138.86018237082067
SAV,DFW,709,175.3018335684062
SAV,DTW,174,129.00574712643677
SAV,EWR,639,129.83881064162753
SAV,IAD,86,100.63953488372093
SAV,IAH,441,157.94331065759638
SAV,JFK,661,128.22239031770044
SAV,LGA,411,129.45498783454988
SAV,MDW,1,116.0
SAV,ORD,862,145.93503480278423
SBA,DEN,643,151.8646967340591
SBA,LAX,1434,55.850069735006976
SBA,PDX,334,129.57185628742516
SBA,PHX,1017,91.09144542772862
SBA,SEA,448,146.46205357142858
SBA,SFO,2054,71.87536514118793
SBN,ATL,1123,117.13446126447018
SBN,DTW,1290,65.42945736434109
SBN,EWR,315,123.62539682539682
SBN,MSP,550,98.74545454545455
SBN,ORD,1103,49.98821396192203
SBP,LAX,1358,66.639911634757
SBP,PHX,711,101.69479606188467
SBP,SFO,1022,65.4041095890411
SCC,ANC,183,96.37704918032787
SCC,BRW,649,46.71648690292758
SCE,DTW,210,77.42857142857143
SCE,ORD,648,115.76851851851852
SDF,ATL,2730,90.40293040293041
SDF,BWI,1114,93.28994614003591
SDF,DEN,517,182.0870406189555
SDF,DFW,293,140.5665529010239
SDF,DTW,78,85.21794871794872
SDF,EWR,695,124.94676258992806
SDF,IAH,408,151.00980392156862
SDF,LAS,342,250.19005847953215
SDF,LGA,271,139.61623616236162
SDF,MCO,365,123.93150684931507
SDF,MDW,1143,72.18722659667542
SDF,MSP,97,125.20618556701031
SDF,ORD,1248,88.0625
SDF,PHX,330,240.03030303030303
SDF,TPA,373,124.59785522788204
SEA,ABQ,407,183.8181818181818
SEA,ANC,6366,216.31605403707195
SEA,ATL,2672,283.5430389221557
SEA,AUS,461,235.04989154013015
SEA,BLI,248,42.67741935483871
SEA,BNA,185,260.5405405405405
SEA,BOI,1030,85.65825242718446
SEA,BOS,1484,315.04514824797843
SEA,BUR,1011,141.30860534124628
SEA,BWI,694,305.5778097982709
SEA,BZN,114,101.24561403508773
SEA,CLE,150,261.56
SEA,CLT,833,295.2472989195678
SEA,COS,330,155.65454545454546
SEA,CVG,131,251.99236641221373
SEA,DAL,345,225.92753623188406
SEA,DCA,657,298.1689497716895
SEA,DEN,5078,154.8343836155967
SEA,DFW,3518,229.3845935190449
SEA,DTW,1892,251.31871035940804
SEA,EWR,1509,311.7833001988072
SEA,FAI,1315,224.30570342205323
SEA,FAT,881,121.1861520998865
SEA,FLL,334,346.8023952095808
SEA,GEG,3164,60.18552465233881
SEA,HNL,1743,369.51577739529546
SEA,HOU,146,258.56164383561645
SEA,IAD,1124,299.19128113879003
SEA,IAH,2190,255.18812785388127
SEA,JFK,2082,318.2228626320845
SEA,JNU,1318,151.26251896813355
SEA,KOA,592,379.72972972972974
SEA,KTN,1315,122.10266159695817
SEA,LAS,5001,143.42951409718057
SEA,LAX,7751,160.61501741710748
SEA,LGB,787,152.284625158831
SEA,LIH,562,384.48042704626334
SEA,MCI,489,201.8077709611452
SEA,MCO,439,330.57858769931664
SEA,MDW,1016,240.10826771653544
SEA,MIA,344,339.6424418604651
SEA,MKE,539,226.50463821892393
SEA,MSP,2546,192.19992144540456
SEA,MSY,333,275.1951951951952
SEA,OAK,3230,122.58544891640867
SEA,OGG,1240,367.53145161290325
SEA,OKC,153,234.30718954248366
SEA,OMA,334,184.63473053892216
SEA,ONT,895,153.92290502793296
SEA,ORD,3925,237.01732484076433
SEA,PDX,1844,52.528199566160524
SEA,PHL,986,307.8874239350913
SEA,PHX,5754,167.69586374695865
SEA,PSC,176,59.90909090909091
SEA,PSP,839,156.54946364719905
SEA,RDU,61,314.0
SEA,SAN,3183,160.58341187558906
SEA,SAT,334,235.72754491017963
SEA,SBA,450,143.62444444444444
SEA,SFO,6808,130.69168625146887
SEA,SIT,250,144.96
SEA,SJC,4025,124.45068322981366
SEA,SLC,3457,116.74197280879375
SEA,SMF,3437,105.71923188827466
SEA,SNA,2752,157.11773255813952
SEA,STL,483,225.16977225672878
SEA,TPA,334,325.7634730538922
SEA,TUS,372,175.502688172043
SFO,ABQ,333,144.86186186186185
SFO,ACV,1287,75.17715617715618
SFO,ANC,161,286.6149068322981
SFO,ASE,185,135.55675675675676
SFO,ATL,3123,279.3852065321806
SFO,AUS,2025,212.03259259259258
SFO,BFL,651,75.43932411674348
SFO,BOI,1393,101.59870782483848
SFO,BOS,3846,339.7321892875715
SFO,BUR,1559,78.03078896728672
SFO,BWI,292,313.4109589041096
SFO,BZN,181,136.6353591160221
SFO,CEC,182,96.85164835164835
SFO,CLE,445,283.48089887640447
SFO,CLT,1814,297.42006615214996
SFO,CVG,230,267.3304347826087
SFO,DAL,1317,203.51860288534547
SFO,DCA,658,309.07142857142856
SFO,DEN,5038,151.97022628026994
SFO,DFW,4505,210.5857935627081
SFO,DTW,1308,273.68272171253824
SFO,EUG,1831,97.17149098853086
SFO,EWR,4977,328.55213984327906
SFO,FAT,855,62.370760233918126
SFO,FLL,1242,324.2850241545894
SFO,HNL,2050,331.8770731707317
SFO,IAD,3458,308.08126084441875
SFO,IAH,3406,227.83323546682325
SFO,ICN,1,684.0
SFO,IND,313,256.2300319488818
SFO,JAC,165,124.7030303030303
SFO,JFK,8355,336.40011968880907
SFO,KOA,692,329.07369942196533
SFO,LAS,7964,93.45554997488699
SFO,LAX,13505,87.38519067012217
SFO,LGB,991,82.31281533804238
SFO,LIH,435,341.416091954023
SFO,MCI,571,219.51313485113835
SFO,MCO,794,316.36146095717885
SFO,MDW,763,252.09043250327653
SFO,MFR,1274,82.20251177394034
SFO,MIA,1019,327.21393523061823
SFO,MKE,379,243.45646437994722
SFO,MMH,133,63.909774436090224
SFO,MRY,769,48.40182054616385
SFO,MSP,2443,220.53336062218582
SFO,MSY,212,246.94811320754718
SFO,OGG,1422,328.10618846694797
SFO,OKC,333,197.85585585585585
SFO,ONT,2139,85.50537634408602
SFO,ORD,7305,254.01054072553046
SFO,OTH,242,94.01652892561984
SFO,PDX,4175,105.26754491017964
SFO,PHL,2076,322.5717726396917
SFO,PHX,4830,118.39482401656315
SFO,PIT,266,293.0187969924812
SFO,PSC,359,112.31197771587743
SFO,PSP,2125,88.85694117647058
SFO,RDD,712,63.901685393258425
SFO,RDM,816,95.72671568627452
SFO,RDU,517,309.18955512572535
SFO,RNO,1576,62.486040609137056
SFO,SAN,6803,91.73952667940614
SFO,SAT,357,215.69467787114846
SFO,SBA,2055,75.25985401459855
SFO,SBP,1027,65.83641674780915
SFO,SEA,6897,124.70015948963318
SFO,SJO,1,366.0
SFO,SLC,3235,110.92395672333849
SFO,SMF,1566,49.04661558109834
SFO,SMX,406,71.50985221674877
SFO,SNA,4242,89.74587458745874
SFO,STL,882,235.14965986394557
SFO,SUN,159,110.35220125786164
SFO,TUS,648,126.41358024691358
SGF,ATL,1289,105.51124903025601
SGF,CLT,113,123.97345132743362
SGF,DEN,562,127.86298932384342
SGF,DFW,2164,91.1561922365989
SGF,ORD,1972,100.0025354969574
SGU,DEN,584,99.13869863013699
SGU,SLC,1190,67.99915966386554
SHV,ATL,2017,100.9048091224591
SHV,DEN,311,142.43408360128618
SHV,DFW,2218,65.30793507664562
SHV,IAH,1454,63.101788170563964
SIT,JNU,654,38.03211009174312
SIT,KTN,332,47.933734939759034
SIT,SEA,342,135.8216374269006
SJC,ATL,274,267.84671532846716
SJC,AUS,611,197.75777414075287
SJC,BOS,206,329.126213592233
SJC,BUR,2095,60.3054892601432
SJC,DAL,298,203.13758389261744
SJC,DEN,2086,150.51006711409397
SJC,DFW,1489,211.38280725319007
SJC,HNL,555,333.45765765765765
SJC,IAH,458,228.96069868995633
SJC,JFK,291,326.65635738831617
SJC,KOA,193,329.13471502590676
SJC,LAS,2790,80.69534050179212
SJC,LAX,6240,78.53092948717949
SJC,LIH,190,341.66315789473686
SJC,MDW,331,250.01510574018127
SJC,MSP,458,223.02183406113537
SJC,OGG,667,326.71664167916043
SJC,ONT,1298,69.36440677966101
SJC,ORD,655,256.55572519083967
SJC,PDX,2247,102.0231419670672
SJC,PHX,3100,108.04387096774194
SJC,SAN,2984,77.74631367292226
SJC,SEA,4017,123.13592233009709
SJC,SLC,1672,112.36602870813397
SJC,SNA,2687,74.95720133978415
SJO,ATL,1,207.0
SJT,DFW,1570,64.35477707006369
SJU,ATL,1419,238.1663143058492
SJU,BDL,452,236.08849557522123
SJU,BOS,1082,243.54158964879852
SJU,BWI,621,258.30917874396135
SJU,CLT,711,229.33614627285513
SJU,DCA,333,232.03603603603602
SJU,DFW,586,319.4658703071672
SJU,EWR,1184,251.2339527027027
SJU,FLL,2776,167.23955331412103
SJU,IAD,168,243.03571428571428
SJU,IAH,521,294.3493282149712
SJU,JFK,4418,242.1880941602535
SJU,MCO,3544,186.58069977426638
SJU,MIA,2430,169.89711934156378
SJU,ORD,1019,312.34543670264964
SJU,PHL,1020,242.68725490196078
SJU,STT,663,35.09803921568628
SJU,STX,334,40.58982035928144
SJU,TPA,1088,187.0808823529412
SLC,ABQ,949,98.70600632244468
SLC,ANC,98,288.5612244897959
SLC,ATL,2547,218.43894778170397
SLC,AUS,587,165.72402044293014
SLC,BIL,1060,83.81320754716981
SLC,BNA,344,200.4331395348837
SLC,BOI,1578,72.87389100126742
SLC,BOS,572,273.65384615384613
SLC,BTM,652,82.02760736196319
SLC,BUR,827,121.73639661426844
SLC,BWI,990,247.7141414141414
SLC,BZN,1063,82.01222953904045
SLC,CDC,573,50.0
SLC,CLT,615,232.28455284552845
SLC,CNY,206,63.0
SLC,COD,339,75.0
SLC,COS,594,97.01515151515152
SLC,CPR,816,77.7720588235294
SLC,CVG,522,200.61494252873564
SLC,DAL,114,157.67543859649123
SLC,DCA,628,240.12579617834396
SLC,DEN,6150,87.66617886178862
SLC,DFW,2959,157.6799594457587
SLC,DSM,75,150.36
SLC,DTW,1388,208.8306916426513
SLC,EKO,521,52.19193857965451
SLC,EUG,623,120.86195826645265
SLC,EWR,291,267.9037800687285
SLC,FAR,241,136.4356846473029
SLC,FAT,856,103.38668224299066
SLC,FCA,886,107.77426636568849
SLC,GCC,332,87.14759036144578
SLC,GEG,1203,105.66666666666667
SLC,GJT,616,63.05357142857143
SLC,GTF,887,94.32243517474633
SLC,HLN,869,89.9608745684695
SLC,HNL,324,406.462962962963
SLC,IAH,1993,181.26392373306572
SLC,IDA,1322,61.187594553706504
SLC,IND,86,192.2906976744186
SLC,JAC,946,62.97568710359408
SLC,JFK,1828,267.1225382932166
SLC,LAS,3725,81.66120805369127
SLC,LAX,5536,119.85765895953757
SLC,LGB,1945,115.69203084832905
SLC,LWS,587,95.05451448040886
SLC,MCI,610,144.90327868852458
SLC,MCO,1238,255.65428109854605
SLC,MDW,772,185.9365284974093
SLC,MEM,56,184.39285714285714
SLC,MFR,653,115.18529862174579
SLC,MIA,161,280.9192546583851
SLC,MSN,205,169.09756097560975
SLC,MSO,1001,94.55944055944056
SLC,MSP,1854,151.05339805825244
SLC,MSY,305,198.25573770491803
SLC,OAK,2104,113.96958174904942
SLC,OKC,607,137.56177924217462
SLC,OMA,480,133.22916666666666
SLC,ONT,940,109.11702127659575
SLC,ORD,2621,189.7626859977108
SLC,PDX,2337,114.86692340607617
SLC,PHL,605,253.28925619834712
SLC,PHX,5463,98.42302764049057
SLC,PIH,653,51.11638591117917
SLC,PSC,931,104.48335123523094
SLC,PSP,746,107.22386058981233
SLC,RAP,419,102.6491646778043
SLC,RDM,595,105.70420168067227
SLC,RNO,953,88.80167890870933
SLC,SAN,2262,112.56454465075154
SLC,SAT,556,164.3021582733813
SLC,SEA,3454,125.8370005790388
SLC,SFO,2928,129.20355191256832
SLC,SGU,1192,62.0
SLC,SJC,1667,121.75644871025794
SLC,SMF,1479,107.24137931034483
SLC,SNA,1567,116.56349712827058
SLC,STL,476,169.2058823529412
SLC,SUN,625,62.6368
SLC,TUL,288,143.68402777777777
SLC,TUS,939,114.56656017039404
SLC,TWF,807,47.0
SLC,VEL,200,50.1
SLC,WYS,208,62.41346153846154
SMF,ATL,555,263.5189189189189
SMF,BUR,2069,68.895601739971
SMF,CLT,192,283.0833333333333
SMF,DAL,237,197.29957805907173
SMF,DEN,2374,140.69629317607414
SMF,DFW,1311,203.8512585812357
SMF,HNL,334,339.19161676646706
SMF,IAD,236,297.06779661016947
SMF,IAH,643,218.94867807153966
SMF,JFK,280,315.87142857142857
SMF,LAS,2503,80.23172193367958
SMF,LAX,5520,86.84438405797101
SMF,LGB,657,78.47945205479452
SMF,MDW,413,238.51089588377724
SMF,MSP,541,203.81515711645102
SMF,OGG,334,333.73353293413174
SMF,ONT,2036,75.04666011787819
SMF,ORD,527,242.426944971537
SMF,PDX,1577,87.65060240963855
SMF,PHL,75,302.0
SMF,PHX,3154,107.31166772352569
SMF,SAN,2778,85.59935205183585
SMF,SEA,3420,108.56695906432749
SMF,SFO,1564,52.98657289002558
SMF,SLC,1474,96.11533242876527
SMF,SNA,2111,83.43439128375178
SMX,LAX,247,63.550607287449395
SMX,SFO,410,65.50487804878048
SNA,ATL,968,259.2262396694215
SNA,AUS,156,170.76923076923077
SNA,DAL,529,176.39886578449907
SNA,DEN,3312,136.1159420289855
SNA,DFW,2838,175.77167019027485
SNA,EWR,769,317.36150845253576
SNA,HOU,386,184.46891191709844
SNA,IAH,1455,194.81993127147766
SNA,LAS,2399,63.830762817840764
SNA,MDW,156,237.24358974358975
SNA,MSP,915,215.9049180327869
SNA,OAK,2473,82.78204609785685
SNA,ORD,2145,242.16456876456877
SNA,PDX,1141,139.57756354075372
SNA,PHX,3821,74.71133211201256
SNA,SEA,2755,162.81887477313975
SNA,SFO,4241,86.86253242159869
SNA,SJC,2684,73.84687034277198
SNA,SLC,1567,109.86407147415443
SNA,SMF,2124,84.31261770244821
SPI,DFW,575,127.92521739130434
SPI,ORD,970,63.5659793814433
SPS,DFW,1187,50.360572872788545
SRQ,ATL,1928,98.9304979253112
SRQ,BOS,175,179.01714285714286
SRQ,DTW,75,165.88
SRQ,EWR,99,159.31313131313132
SRQ,JFK,328,164.60670731707316
SRQ,LGA,424,163.69811320754718
SRQ,ORD,312,175.95833333333334
STC,ORD,81,90.20987654320987
STL,ATL,3514,95.56886738759249
STL,AUS,156,127.8525641025641
STL,BNA,620,62.13709677419355
STL,BOS,676,153.01775147928993
STL,BWI,1174,119.39948892674617
STL,CLE,478,93.9163179916318
STL,CLT,936,109.45833333333333
STL,CMH,590,76.83050847457628
STL,DAL,2100,101.46190476190476
STL,DCA,957,113.0909090909091
STL,DEN,1863,142.92216854535695
STL,DFW,2499,114.11484593837535
STL,DTW,1315,90.48897338403042
STL,ECP,164,102.34756097560975
STL,EWR,1813,144.64258135686708
STL,FLL,491,159.60285132382893
STL,GRR,323,73.11145510835914
STL,HOU,1217,125.37797863599015
STL,IAH,586,132.80546075085323
STL,LAS,1427,214.4323756131745
STL,LAX,1454,248.05433287482805
STL,LGA,1551,141.11992263056092
STL,MCI,1192,61.8498322147651
STL,MCO,1527,137.98821218074656
STL,MDW,2082,64.66618635926993
STL,MIA,600,166.39166666666668
STL,MKE,594,68.62794612794613
STL,MSP,2247,91.12772585669782
STL,MSY,568,103.26584507042253
STL,OKC,421,91.3895486935867
STL,OMA,919,73.35146898803046
STL,ORD,2736,79.57565789473684
STL,PDX,152,265.74342105263156
STL,PHL,622,125.38745980707395
STL,PHX,2118,204.78847969782814
STL,RDU,483,105.95238095238095
STL,RSW,543,147.67034990791896
STL,SAN,184,234.4836956521739
STL,SAT,618,133.24433656957927
STL,SEA,482,259.8298755186722
STL,SFO,878,270.03302961275625
STL,SLC,477,191.35429769392033
STL,TPA,727,132.3796423658872
STL,TUL,332,74.0512048192771
STT,ATL,629,245.05087440381558
STT,BOS,140,266.1142857142857
STT,CLT,358,233.91899441340783
STT,EWR,233,270.9957081545064
STT,FLL,308,180.03246753246754
STT,IAD,148,256.2837837837838
STT,JFK,544,258.39889705882354
STT,MIA,932,180.6920600858369
STT,PHL,225,250.5911111111111
STT,SJU,724,39.50276243093923
STX,MIA,536,184.54664179104478
STX,SJU,334,43.23053892215569
SUN,DEN,109,104.19266055045871
SUN,SFO,157,123.96178343949045
SUN,SLC,624,57.80128205128205
SUX,ORD,601,103.35607321131448
SWF,FLL,329,192.0790273556231
SWF,MCO,330,173.4030303030303
SYD,LAX,1,811.0
SYD,SFO,2,779.5
SYR,ATL,962,148.6195426195426
SYR,CLT,593,131.32377740303542
SYR,DTW,255,99.62352941176471
SYR,EWR,502,75.15139442231076
SYR,JFK,990,77.52727272727273
SYR,LGA,74,80.43243243243244
SYR,MCO,333,168.6096096096096
SYR,MSP,172,150.80232558139534
SYR,ORD,1573,133.40050858232675
TLH,ATL,2097,69.38960419647115
TLH,DFW,641,151.07020280811233
TLH,MIA,426,82.38028169014085
TOL,ORD,912,77.75219298245614
TPA,ACY,334,137.80838323353294
TPA,ALB,382,166.53141361256544
TPA,ATL,7058,94.40266364409182
TPA,AUS,334,159.0119760479042
TPA,BDL,947,164.13727560718058
TPA,BHM,628,86.80732484076434
TPA,BNA,1203,108.47464671654198
TPA,BOS,1090,175.52385321100917
TPA,BUF,557,159.10233393177737
TPA,BWI,2161,136.7144840351689
TPA,CAK,370,137.77027027027026
TPA,CLE,534,147.34831460674158
TPA,CLT,2880,101.76944444444445
TPA,CMH,677,133.14623338257016
TPA,CVG,313,127.18210862619809
TPA,DAL,671,160.3725782414307
TPA,DAY,117,133.54700854700855
TPA,DCA,2661,131.82299887260427
TPA,DEN,1579,238.6770107663078
TPA,DFW,2474,166.10630557801133
TPA,DTW,2131,157.93993430314407
TPA,EWR,2075,163.26457831325303
TPA,FLL,1892,59.798097251585624
TPA,FNT,231,160.06493506493507
TPA,GRR,161,162.29813664596273
TPA,HOU,959,141.57977059436914
TPA,HPN,327,165.217125382263
TPA,IAD,986,135.0233265720081
TPA,IAH,1759,141.87777146105742
TPA,IND,906,137.24061810154527
TPA,ISP,482,156.54564315352698
TPA,JFK,2513,164.08953442101074
TPA,LAS,573,297.26003490401393
TPA,LAX,603,317.74626865671644
TPA,LBE,87,137.8505747126437
TPA,LGA,1917,160.71048513302034
TPA,MCI,492,169.10569105691056
TPA,MDW,1446,163.25380359612726
TPA,MEM,334,120.58383233532935
TPA,MHT,441,173.65079365079364
TPA,MIA,1990,65.06532663316582
TPA,MKE,618,168.18770226537217
TPA,MSP,1067,203.26616682286786
TPA,MSY,968,97.52582644628099
TPA,ORD,2404,173.9351081530782
TPA,PHL,2354,148.87595581988106
TPA,PHX,992,276.82459677419354
TPA,PIT,843,137.91814946619218
TPA,PVD,675,165.56296296296296
TPA,RDU,862,101.67053364269141
TPA,ROC,311,162.23472668810288
TPA,SAT,325,164.26153846153846
TPA,SDF,374,123.31550802139037
TPA,SEA,334,370.6047904191617
TPA,SJU,1089,172.07621671258036
TPA,STL,726,142.7410468319559
TPA,TTN,180,147.0611111111111
TPE,SEA,1,606.0
TRI,ATL,1910,67.29581151832461
TTN,ATL,323,133.65325077399382
TTN,CLT,295,104.2813559322034
TTN,DTW,217,103.52534562211981
TTN,FLL,226,178.0796460176991
TTN,MCO,478,156.87029288702928
TTN,MSP,154,164.5909090909091
TTN,ORD,221,134.25339366515837
TTN,PBI,55,176.8181818181818
TTN,RDU,277,83.34296028880867
TTN,RSW,161,177.11801242236024
TTN,TPA,181,164.0110497237569
TTN,UST,146,146.8972602739726
TUL,ATL,1514,114.32959048877147
TUL,DAL,925,61.637837837837836
TUL,DEN,1442,111.26490984743413
TUL,DFW,2584,74.6219040247678
TUL,DTW,222,131.54954954954954
TUL,HOU,921,92.63843648208469
TUL,IAH,1771,96.84415584415585
TUL,LAS,334,176.91616766467067
TUL,MDW,329,100.71428571428571
TUL,MSP,431,118.69605568445476
TUL,ORD,2066,116.57260406582769
TUL,PHX,587,159.59114139693355
TUL,SLC,289,160.77162629757785
TUL,STL,334,70.82335329341318
TUS,ATL,614,212.4299674267101
TUS,DEN,1870,117.13903743315508
TUS,DFW,2155,134.015313225058
TUS,IAH,1141,144.7581069237511
TUS,LAS,1102,75.6442831215971
TUS,LAX,2621,96.27203357497139
TUS,MDW,497,199.04426559356136
TUS,MSP,178,191.17415730337078
TUS,ORD,601,209.00499168053244
TUS,PDX,215,182.1953488372093
TUS,PHX,1146,52.032286212914485
TUS,SAN,916,74.16484716157206
TUS,SEA,372,186.34677419354838
TUS,SFO,633,141.51816745655609
TUS,SLC,938,114.93070362473348
TVC,DTW,756,65.82804232804233
TVC,MSP,109,83.79816513761467
TVC,ORD,1717,77.11822947000583
TWF,SLC,810,52.0
TXK,DFW,942,60.80467091295117
TYR,DFW,1560,52.297435897435896
TYR,IAH,674,60.997032640949556
TYS,ATL,1701,65.16460905349794
TYS,DEN,283,204.113074204947
TYS,DFW,1583,148.17624763108023
TYS,DTW,66,106.24242424242425
TYS,EWR,299,120.6086956521739
TYS,IAH,767,143.72620599739244
TYS,LGA,66,111.87878787878788
TYS,ORD,2043,107.15418502202643
UST,TTN,145,130.97931034482758
VEL,SLC,201,51.995024875621894
VLD,ATL,928,64.00646551724138
VPS,ATL,2195,76.43416856492027
VPS,DFW,1713,134.4559252772913
VPS,IAH,886,114.91873589164786
WRG,KTN,328,31.26219512195122
WRG,PSG,327,21.623853211009173
WYS,SLC,208,68.1826923076923
XNA,ATL,1565,105.01725239616613
XNA,CVG,187,99.92513368983957
XNA,DEN,364,123.37362637362638
XNA,DFW,2168,78.36070110701107
XNA,EWR,216,172.03703703703704
XNA,IAH,1062,103.30225988700565
XNA,LGA,491,171.15071283095722
XNA,MSP,459,115.2483660130719
XNA,ORD,2523,108.80420134760206
XNA,SFO,51,243.1764705882353
YAK,CDV,327,48.042813455657495
YAK,JNU,327,45.391437308868504
YUM,PHX,1862,56.33190118152524
